Grid ID 2019,Accidental Fires,Agriculture,Aviation,Biomass,Commercial Cooking,Construction,Forestry,Gas Leakage,Heat and Power Generation,Industrial Processes,Machinery,Rail,Resuspension,River,Road Transport,Waste,nox,nox_hotspot
1,0.0,0.240798369353985,0.0,0.0,0.0,0.0,0.0,0.0,0.8200867553937239,0.000938866,0.0086399389363055,0.0,0.0,0.0,0.27021885617952257,0.0001407965173502,1.3408235823808872,0
2,0.0,0.383900421010819,0.0,0.0,0.0,0.0,0.0,0.0,0.6127556721264914,0.17949134,0.0009599954930224,0.0,0.0,0.0,44.488207271811724,0.0001640187127292,45.66547871915479,1
3,0.0,0.384228285151728,0.0,0.0,0.0,0.0,0.0,0.0,0.6882265922597264,0.148771178,0.0028799454772738,0.0,0.0,0.0,18.617165994072344,0.000450544257359,19.84172253921843,0
4,0.0,0.249758573550498,0.0,0.0,0.0,0.0,0.0,0.0,1.037451633330387,0.120266271,0.0143998982271758,3.996681171,0.0,0.0,0.312075271598957,0.0021774160926711,5.732810234799689,0
5,0.0,0.393380994070199,0.0,0.0,0.0,0.0,0.0,0.0,1.145997980622181,0.004622536,0.0143997273863694,2.5430373630000003,0.0,0.0,0.3246340292260018,0.0002513485544207,4.426323978859172,0
6,0.0,0.157522035915399,0.0,0.0,0.0,0.0,0.0,0.0,1.221597529584102,0.002595717,0.0355197444046122,0.0,0.0,0.0,0.7221459300222365,0.0006338863161581,2.1400148432425077,0
7,0.0,0.1211033877244,0.0,0.0,0.0,0.0,0.0,0.0,1.5084239854856465,0.044048234,0.0307197806067644,0.0,0.0,0.0,16.644226041400977,0.0034754578521836,18.35199688706997,0
8,0.0,0.456207192976645,0.0,0.0,0.0,0.0,0.0,0.0,1.6852357877415942,0.0,0.0,0.0,0.0,0.0,24.59565358754853,0.0,26.737096568266768,0
9,0.0,0.377079470215363,0.0,0.0,0.0,0.0,0.0,0.0,0.9467394534902207,0.018387106,0.0076798546060636,0.39229617699999997,0.0,0.0,26.645558496200447,0.0001202482204152,28.387860805732508,1
10,0.0,0.204047285658864,0.0,0.0,0.0,0.0,0.0,0.0,1.225143443024647,0.0,0.0412797036954825,0.0,0.0,0.0,28.379483677951132,0.0006463419407578,29.850600452270886,1
11,0.0,0.436192008028478,0.0,0.0,0.0,0.0,0.0,0.0,1.111365482472036,0.0,0.0009599954930224,0.0,0.0,0.0,24.847503408976767,1.50312079246017e-05,26.39603592617823,0
12,0.0,0.442150968732088,0.0,0.0,0.0,0.0,0.0,0.0,0.979387247989826,0.0,0.0028799796454351,0.0,0.0,0.0,22.286410956542255,4.50936237738052e-05,23.71087424653338,0
13,0.0,0.120437088780278,0.0,0.0,0.0,0.0,0.0,0.0,1.4972688476630605,0.008821535,0.0662387323100348,0.0,0.0,0.0,16.238675359141613,0.0042836191433961,17.935725182038382,0
14,0.0,0.102657933358936,0.0,0.0,0.0,0.0,0.0,0.0,1.060562759318068,0.012328226,0.0460796674933304,0.006912265,0.0,0.0,24.02296088025012,0.0019753301845054,25.25347706160496,0
15,0.0,0.251569874140522,0.0,0.0,0.0,0.0,0.0,0.0,0.7037772765143306,0.000618997,0.0038399751384576,0.002251039,0.0,0.0,22.336100992408088,6.31808789175935e-05,23.298221335080317,0
16,0.0,0.162002131533106,0.0,0.0,0.0,0.0,0.0,0.0,0.6397234239335363,0.79564344,0.0115199185817407,6.533926988,0.0,0.0,25.11873116205641,0.003296933893892,33.26484399799868,1
17,0.0,0.324167156227408,0.0,0.0,0.0,0.0,0.0,0.0,0.6921053009258694,0.0,0.0009599818257579,0.0,0.0,0.0,22.464884063240675,1.50310275519104e-05,23.482131533247262,0
18,0.0,0.238462009830424,0.0,0.0,0.0,0.0,0.0,0.0,1.069543437970062,0.06240423,0.017279877872611,0.0,0.0,0.0,23.837074635151474,0.0008606961747777,25.22562488699935,0
19,0.0,0.254571117633426,0.0,0.0,0.0,0.0,0.0,0.0,1.6661122123977519,0.0,0.0038399751384576,0.0,0.0,0.0,14.597423074338709,6.0124831698407e-05,16.522006504340045,0
20,0.0,0.381891961326917,0.0,0.0,0.0,0.0,0.0,0.0,1.6914797514439317,0.0,0.0047999091287898,0.0,0.0,0.0,3.033071583324534,7.51551377595519e-05,5.111318360361932,0
21,0.0,0.348671722026329,0.0,0.0,0.0,0.0,0.0,0.0,1.6805490172434085,0.0,0.0038399751384576,0.0,0.0,0.0,32.600946834743866,6.0124831698407e-05,34.63406767398376,1
22,0.0,0.265199115121164,0.0,0.0,0.0,0.0,0.0,0.0,0.71971494300083,0.0,0.0038399204693995,0.0,0.0,0.05069,23.533850563289725,6.01239899591806e-05,24.573354665871076,0
23,0.0,0.0712429493892155,0.0,0.0,0.0,0.0,0.0,0.0,1.894621087933517,0.028269643,0.0729578738916891,3.613705126,0.0,0.01739,9.934476858708642,0.0049912592378378,15.6376547981609,0
24,0.0,0.0793460836143182,0.0,0.0,0.0,0.0,0.0,0.0,2.406403253432462,0.128448626,0.065278620645264,0.0,0.0,0.0,2.0638825123551032,0.0067114626462208,4.750070558693368,0
25,0.0,0.10766162002949,0.0,0.0,0.0,0.0,0.0,0.0,3.205454063362094,0.106197073,0.0681585592889056,0.0,0.0,0.0,3.2759993616514445,0.0049127416974401,6.768383419029374,0
26,0.0,0.262390507507487,0.0,0.0,0.0,0.0,0.0,0.0,2.2643570324630833,0.019362801,0.023999490974891,0.0,0.0,0.0,9.80018125510165,0.0009556574884573,12.371246744535568,0
27,0.0,0.0649516803810655,0.0,0.0,0.0,0.0,0.0,0.0,1.1391337984539986,0.123501509,0.040318826663899,0.003346309,0.0,0.0,15.931014894651137,0.0027942755217301,17.30506129367183,0
28,0.0,0.17177393622355,0.0,0.0,0.0,0.0,0.0,0.0,0.873704581656533,0.000632201,0.0086398159309248,0.005800331,0.0,0.0,0.43700646502682,0.0001352789774081,1.4976926098152359,0
29,0.0,0.216005748730661,0.0,0.0,0.0,0.0,0.0,0.0,1.0368145709261987,0.0,0.0067198591130412,0.0,0.0,0.0,0.3942816382452912,0.0001052169824285,1.6539270339976206,0
30,0.0,0.317350139997597,0.0,0.0,0.0,0.0,0.0,0.0,1.494610786957839,0.0,0.0095997977566828,6.607751543,0.0,0.0,2.6823697401442086,0.0022382592080168,11.113920267064344,0
31,0.0,0.254093312363451,0.0,0.0,0.0,0.0,0.0,0.0,0.7469394847547821,0.022170972,0.0143995770464598,0.0,0.0,0.0,2.3024000734222407,0.0007552518642069,3.3407586714511406,0
32,0.0,0.341518077212454,0.0,0.0,0.0,0.0,0.0,0.0,1.3219967074742103,0.0,0.0201595705054914,0.0,0.0,0.0,0.6208128060394179,0.0003156509472856,2.3048028121788593,0
33,0.0,0.233217485788995,0.0,0.0,0.0,0.0,0.0,0.0,1.9795699705394885,0.044909393,0.0259194546264069,0.0,0.0,0.0,1.7438283187581813,0.0040453963095028,4.031490019022574,0
34,0.0,0.240600534382852,0.0,0.0,0.0,0.0,0.0,0.0,1.7100391616041606,0.0,0.0028799181427448,0.0,0.0,0.0,0.2596669579282337,4.50926317240027e-05,2.213231664689715,0
35,0.0,0.279260572963933,0.0,0.0,0.0,0.0,0.0,0.0,1.6844553272342848,0.0,0.0038399204693995,0.0,0.0,0.0,0.4708661433930655,6.01239899591806e-05,2.438482088050642,0
36,0.0,0.489001866019143,0.0,0.0,0.0,0.0,0.0,0.0,1.7355382809680509,0.0,0.0019199568178836,0.0,0.0,0.0,29.186502846568306,3.00619949795903e-05,31.412993012368364,1
37,0.0,0.245082473045436,0.0,0.0,0.0,0.0,0.0,0.0,1.6104509912449185,0.0,0.0047998954615252,0.0,0.0,0.0,0.22923310286226062,7.51549874489758e-05,2.0896416176015893,0
38,0.0,0.273065567364481,0.0,0.0,0.0,0.0,0.0,0.0,1.6404493357245582,0.047666082,0.0124797364003245,0.0,0.0,0.0,20.00483509133609,0.0001954029673673,21.97869121579282,0
39,0.0,0.0780592574239597,0.0,0.0,0.0,0.0,0.0,0.0,1.8988987536772426,0.019084066,0.0623981831464676,0.0,0.0,0.0,3.0499769736543687,0.0015830082664086,5.110000242168447,0
40,0.0,0.243467164381668,0.0,0.0,0.0,0.0,0.0,0.0,0.7119348378141462,0.0,0.0067199547838928,0.0,0.0,0.0,24.962992192663293,0.0001052184554722,25.92521936809847,0
41,0.0,0.142504899060966,0.0,0.0,0.0,0.0,0.0,0.0,1.445724226334392,0.010571798,0.0451191389769919,4.077179133,0.0,0.06359,5.461901945324722,0.0030682551759809,11.249659395873053,0
42,0.0,0.127683706115155,0.0,0.0,0.0,0.0,0.0,0.0,2.316034104259145,0.005691465,0.0230398371634813,0.0,0.0,0.0,1.5941548735206545,0.0004797771528262,4.067083763211262,0
43,0.0,0.0085137834191063,0.0,0.0,0.0,0.0,0.0,0.0,4.017933699848744,0.0055215,0.08447939837701,0.0,0.0,0.0,5.790784804222063,0.0021094818324145,9.909342667699336,0
44,0.0,0.0502700216654711,0.0,0.0,0.0,0.0,0.0,0.0,3.6609617235369223,0.0,0.0739194684546596,0.0,0.0,0.0,8.751783841680899,0.0018457966033627,12.538780851941315,0
45,0.0,0.0689072969992058,0.0,0.0,0.0,0.0,0.0,0.0,1.809626181544344,0.038141251,0.0297594297648645,0.009136002,0.0,0.0,17.043950177095557,0.0004659618541092,18.99998630025808,0
46,0.0,0.173202383538473,0.0,0.0,0.0,0.0,0.0,0.0,1.4616923587505384,0.0,0.0028799796454351,0.0,0.0,0.0,0.3233220607634005,4.50936237738052e-05,1.9611418763216208,0
47,0.0,0.400630873539867,0.0,0.0,0.0,0.0,0.0,0.0,2.29837227516386,0.0,0.007679943443283,0.0,0.0,0.0,0.11088191898650152,0.0001202496633968,2.817685260796908,0
48,0.0,0.225354145520326,0.0,0.0,0.0,0.0,0.0,0.0,2.413973685871386,0.000756396,0.0316797760997868,0.280477887,0.0,0.0,0.8855428039094461,0.0005472756417762,3.838331970042721,0
49,0.0,0.0678572049888666,0.0,0.0,0.0,0.0,0.0,0.0,2.6547111448812872,0.054890146,0.0604788413554871,6.576927822,0.0,0.0,3.3875887481975635,0.0048587038187116,12.807312611241917,0
50,0.0,0.237840652143279,0.0,0.0,0.0,0.0,0.0,0.0,1.9142094277768915,0.0,0.0057599592908703,0.0,0.0,0.0,0.8889560781402889,0.0001646975677459,3.0469308149190755,0
51,0.0,0.186599150766865,0.0,0.0,0.0,0.0,0.0,0.0,2.139103711894535,0.316759532,0.0297597851137419,0.0,0.0,0.0,2.1867901367302625,0.0029327452460669,4.861945061751471,0
52,0.0,0.219725031193651,0.0,0.0,0.0,0.0,0.0,0.0,1.960316519878701,0.012233557,0.019199629681527,0.0,0.0,0.0,0.9376610909456518,0.0003590996392289,3.14949492833876,0
53,0.0,0.401488380938624,0.0,0.0,0.0,0.0,0.0,0.0,1.6831586173458968,0.0,0.0,0.0,0.0,0.0,0.1436492354081882,0.0,2.228296233692709,0
54,0.0,0.268921691014184,0.0,0.0,0.0,0.0,0.0,0.0,1.7244222561743163,0.0,0.017279877872611,0.0,0.0,0.0,9.907839566281146,0.0002705617426428,11.9187339530849,0
55,0.0,0.120674640505571,0.0,0.0,0.0,0.0,0.0,0.0,1.7409042738532556,0.0,0.0220798416704589,0.0,0.0,0.0,32.778981659771745,0.0012887392947733,34.6639291550958,1
56,0.0,0.404344970999028,0.0,0.0,0.0,0.0,0.0,0.0,2.0473469454021496,0.0,0.0115197819090955,0.0,0.0,0.0,2.9657031566746044,0.0001803723306229,5.4290952273155,0
57,0.0,0.19904213110762,0.0,0.0,0.0,0.0,0.0,0.0,2.5165631939532984,0.0,0.0431996878478952,0.0,0.0,0.0,25.882685852419595,0.0013098627034752,28.642800728031883,1
58,0.0,0.0266265171362754,0.0,0.0,0.0,0.0,0.0,0.0,2.2393773341414414,1.711068452,0.0547189504009393,0.0,0.0,0.0,1.392394860644029,0.0321898949496323,5.456376009272318,0
59,0.0,0.0320607040505209,0.0,0.0,0.0,0.0,0.0,0.0,2.576896733148996,0.014000541,0.0787194390861397,0.0,0.0,0.0,1.291018149459005,0.0051847589397453,3.9978803256844064,0
60,0.0,0.0773432447233258,0.0,0.0,0.0,0.0,0.0,0.0,1.677422955427566,0.034541767,0.0527996222772232,0.0,0.0,0.0,0.9804545796742812,0.0050064322773257,2.827568601379722,0
61,0.0,0.147317377211421,0.0,0.0,0.0,0.0,0.0,0.0,0.687551147879997,0.05414859,0.0163196842042531,0.0,0.0,0.0,22.14646978636122,0.0002555274683824,23.052062113125274,0
62,0.0,0.193608216376449,0.0,0.0,0.0,0.0,0.0,0.0,0.6831102327712859,0.030767647,0.0086399389363055,0.0,0.0,0.0,24.843140943464853,0.0003292496517924,25.759596228200685,0
63,0.0,0.0193815999203509,0.0,0.0,0.0,0.0,0.0,0.0,0.9924833744715554,0.0,0.0,0.0,0.0,0.0,25.409868729238877,0.0,26.421733703630785,0
64,0.0,0.0284381028704724,0.0,0.0,0.0,0.0,0.0,0.0,1.3109512836625965,0.0,0.0057599592908703,0.0,0.0,0.0,7.321439064637139,9.01872475476105e-05,8.666678597708625,0
65,0.0,0.189362017270218,0.0,0.0,0.0,0.0,0.0,0.0,0.484123110945136,0.0,0.0163196842042531,0.0,0.0,0.0,26.186536978060275,0.0003284023436446,26.876670192823525,0
66,0.0,0.23112049575562,0.0,0.0,0.0,0.0,0.0,0.0,0.6070494298248312,0.0,0.0115199185817407,0.0,0.0,0.0,20.58638175737155,0.0001869746864945,21.43625857622024,0
67,0.0,0.271590492345497,0.0,0.0,0.0,0.0,0.0,0.0,0.4189607034747228,0.0,0.0028799796454351,0.0,0.0,0.0,11.884203468211798,4.50936237738052e-05,12.577679737301226,0
68,0.0,0.199707015076963,0.0,0.0,0.0,0.0,0.0,0.0,0.6921643189906778,0.0,0.0009599954930224,0.0,0.0,0.0,1.5489238835547536,2.8711944419616e-05,2.4417839250598363,0
69,0.0,0.2366507092404,0.0,0.0,0.0,0.0,0.0,0.0,0.6979489668088623,0.0,0.0028799796454351,0.0,0.0,0.0,30.3939414708281,4.50936237738052e-05,31.33146622014657,1
70,0.0,0.176158025819879,0.0,0.0,0.0,0.0,0.0,0.0,1.412615463570709,0.0,0.0220795751588008,1.260365221,0.0,0.07004,8.382522685507087,0.0005406100944796,11.324321581150954,0
71,0.0,0.0353508697264474,0.0,0.0,0.0,0.0,0.0,0.0,3.578178158683955,0.010434534,0.0748794639476821,3.413145624,0.0,0.0,12.744514730116284,0.0011837803564345,19.857687160830803,0
72,0.0,0.0225754538815702,0.0,0.0,0.0,0.0,0.0,0.0,3.522820387508264,0.007260672,0.0691195046568117,0.0,0.0,0.0,6.1940153051388975,0.0011452796564726,9.816936602842016,0
73,0.0,0.0085137834191063,0.0,0.0,0.0,0.0,0.0,0.0,4.120884551283551,0.19785256,0.0700795001498342,0.007881124,0.0,0.0,8.703409548295854,0.005388842145471,13.114009909293816,0
74,0.0,0.191269607898815,0.0,0.0,0.0,0.0,0.0,0.0,3.009033650826919,0.008679631,0.0364793025451703,0.000259404,0.0,0.0,17.82097759548274,0.0014126537276251,21.068111845481273,0
75,0.0,0.242513358229302,0.0,0.0,0.0,0.0,0.0,0.0,2.356078842784795,0.0,0.007679943443283,0.0,0.0,0.0,0.2842836221596041,0.0001202496633968,2.890676016280381,0
76,0.0,0.410641182642354,0.0,0.0,0.0,0.0,0.0,0.0,2.2680260070146434,0.009594791,0.0067199547838928,0.0,0.0,0.0,0.6017186384153806,0.0001283190982414,3.296828892954512,0
77,0.0,0.158572134517743,0.0,0.0,0.0,0.0,0.0,0.0,2.585508777822036,0.002838662,0.0556796019226584,0.0,0.0,0.0,3.9160854946678625,0.0010856967026656,6.719770367632965,0
78,0.0,0.0507945114376417,0.0,0.0,0.0,0.0,0.0,0.0,2.8284327625521613,0.03802643,0.0729586050903405,7.508976711,0.0,0.0,5.497830295726619,0.0024831066227202,15.999502422429483,0
79,0.0,0.174016345390303,0.0,0.0,0.0,0.0,0.0,0.0,2.074894662244388,0.050498157,0.0124799140747631,0.229128492,0.0,0.0,1.6493775004173046,0.0002947272376433,4.190689798364402,0
80,0.0,0.254763728101742,0.0,0.0,0.0,0.0,0.0,0.0,1.7000791553191223,0.066665192,0.007679943443283,0.0,0.0,0.0,0.19915573970190634,0.0005629861302728,2.228906744696326,0
81,0.0,0.323117057913438,0.0,0.0,0.0,0.0,0.0,0.0,1.7168811886294943,0.0,0.0047999091287898,0.0,0.0,0.0,1.4166483971593538,7.51551377595519e-05,3.4615217079688354,0
82,0.0,0.375080048153742,0.0,0.0,0.0,0.0,0.0,0.0,1.6879713138271408,0.0,0.0028799796454351,0.0,0.0,0.0,0.2076822586392574,4.50936237738052e-05,2.2736586938893493,0
83,0.0,0.39095301920623,0.0,0.0,0.0,0.0,0.0,0.0,1.6877933966920484,0.0,0.0009599954930224,0.0,0.0,0.0,0.20239445205123804,1.50312079246017e-05,2.2821158946504636,0
84,0.0,0.418936502869524,0.0,0.0,0.0,0.0,0.0,0.0,1.6807625232072385,0.0,0.0057599592908703,0.0,0.0,0.0,22.364968934078384,9.01872475476105e-05,24.470518106693564,0
85,0.0,0.375171885890397,0.0,0.0,0.0,0.0,0.0,0.0,1.7821333127609285,0.0,0.0028799454772738,0.0,0.0,0.0,27.225195454416006,4.50930826557311e-05,29.385425691627262,1
86,0.0,0.304911579025255,0.0,0.0,0.0,0.0,0.0,0.0,1.880454059517441,0.0,0.0057599592908703,0.0,0.0,0.0,1.5377121915371934,9.01872475476105e-05,3.7289279766183077,0
87,0.0,0.233314247957612,0.0,0.0,0.0,0.0,0.0,0.0,1.146193703004404,0.09923421,0.018239647855769,0.0,0.0,0.0,28.786940570899485,0.0009422522798464,30.284864631997117,1
88,0.0,0.36645229242245,0.0,0.0,0.0,0.0,0.0,0.0,1.024218246735647,0.0,0.0038399751384576,0.0,0.0,0.0,25.24802136274972,6.0124831698407e-05,26.642592001877976,0
89,0.0,0.229834254099132,0.0,0.0,0.0,0.0,0.0,0.0,0.8654290459022289,0.0,0.0105599230887182,0.0,0.0,0.0,25.196280940580515,0.0001653432871706,26.302269506957764,0
90,0.0,0.0530345322627821,0.0,0.0,0.0,0.0,0.0,0.0,0.7222913038633039,0.019097006,0.0124797637348535,0.0,0.0,0.0,8.585419721380982,0.0001954033581748,9.392517730600096,0
91,0.0,0.0680505857579618,0.0,0.0,0.0,0.0,0.0,0.0,0.7310505020501357,0.0,0.0038399751384576,0.0,0.0,0.0,5.523128038885372,6.0124831698407e-05,6.3261292266636255,0
92,0.0,0.0203353931116179,0.0,0.0,0.0,0.0,0.0,0.0,0.5166571966105592,0.0,0.0,0.0,0.0,0.0,2.436878654514496,0.0,2.973871244236673,0
93,0.0,0.0665717399367885,0.0,0.0,0.0,0.0,0.0,0.0,0.4357899173647113,0.014287056,0.0297597851137419,0.0,0.0,0.0,2.6320669537144727,0.0004659674456626,3.178941419575377,0
94,0.0,0.196607141863723,0.0,0.0,0.0,0.0,0.0,0.0,1.0629992021846846,0.073835163,0.0364793025451703,0.0,0.0,0.0,1.513610837921815,0.0028013074864761,2.886332955001869,0
95,0.0,0.360160896214719,0.0,0.0,0.0,0.0,0.0,0.0,0.2640075969076885,0.0,0.0038399751384576,0.0,0.0,0.0,15.662947001067662,6.0124831698407e-05,16.291015594160225,0
96,0.0,0.254431273332891,0.0,0.0,0.0,0.0,0.0,0.0,0.2307726000356663,0.002209897,0.0057599592908703,0.0,0.0,0.0,25.388800961064003,9.79517538956134e-05,25.88207264247733,0
97,0.0,0.28489096082028,0.0,0.0,0.0,0.0,0.0,0.0,0.232775192804166,0.0,0.0028799796454351,0.0,0.0,0.0,21.456986472324868,4.50936237738052e-05,21.97757769921852,0
98,0.0,0.356865779476955,0.0,0.0,0.0,0.0,0.0,0.0,0.7737596148587776,0.020591962,0.0076798409387991,0.0,0.0,0.0,6.043019070058851,0.0002111140671519,7.202127381400535,0
99,0.0,0.351525468114561,0.0,0.0,0.0,0.0,0.0,0.0,0.7139174100794324,0.0,0.0019199431506191,0.0,0.0,0.0,26.52470677931586,3.00617544826685e-05,27.592099662414956,1
100,0.0,0.185739096662602,0.0,0.0,0.0,0.0,0.0,0.0,0.698601961652771,0.021981491,0.0259194546264069,0.0,0.0,0.0,34.966580090760765,0.0057766281040631,35.90459872280661,1
101,0.0,0.152514786108611,0.0,0.0,0.0,0.0,0.0,0.0,0.6986022480604899,0.0,0.0038399204693995,0.0,0.0,0.0,2.2963038324546403,6.01239899591806e-05,3.1513209110830998,0
102,0.0,0.138495770861468,0.0,0.0,0.0,0.0,0.0,0.0,1.5437642438833812,0.0,0.004799861293364,0.0,0.0,0.07665,1.6829480191965038,7.51543862066712e-05,3.446733049620924,0
103,0.0,0.0193813666205733,0.0,0.0,0.0,0.0,0.0,0.0,3.97008364628031,0.014423719,0.0844782161586297,2.1790717859999997,0.0,0.00268,6.239485939397676,0.0040786758228252,12.513683349280015,0
104,0.0,0.0030798816490334,0.0,0.0,0.0,0.0,0.0,0.0,5.02023560556977,0.07489672,0.0681585592889056,2.558708559,0.0,0.0,7.379014626931352,0.0047539875252962,15.108847939964358,0
105,0.0,0.0048911563168602,0.0,0.0,0.0,0.0,0.0,0.0,6.318251700365596,1.18926628,0.063358656993748,0.008050295,0.0,0.0,3.9843604469226586,0.0770607852503956,11.645239320849258,0
106,0.0,0.109183144996078,0.0,0.0,0.0,0.0,0.0,0.0,3.2461418531033353,0.017359262,0.0249592746253135,0.0,0.0,0.0,29.771913676807646,0.0013779244997383,33.170935136032114,1
107,0.0,0.23931619398473,0.0,0.0,0.0,0.0,0.0,0.0,2.3362895347929076,0.002787847,0.0047998954615252,0.0,0.0,0.0,6.852809216196523,7.58326103082304e-05,9.436078520045994,0
108,0.0,0.348666885137511,0.0,0.0,0.0,0.0,0.0,0.0,2.3411658890775087,0.0,0.0134397182260824,0.0,0.0,0.0,4.800178005846761,0.0002104339648571,7.50366093225272,0
109,0.0,0.287223328914598,0.0,0.0,0.0,0.0,0.0,0.0,2.389262513503139,0.005296871,0.0249594728006489,0.0,0.0,0.0,0.7636356279531833,0.000576180505257,3.470953994676826,0
110,0.0,0.241221873643872,0.0,0.0,0.0,0.0,0.0,0.0,2.13112211897995,0.0,0.0182394701813303,0.0,0.0,0.0,1.618373099028063,0.0005125102477546,4.00946907208097,0
111,0.0,0.259430797249209,0.0,0.0,0.0,0.0,0.0,0.0,0.7574695535345584,0.165195115,0.0153595520385855,0.0,0.0,0.0,2.7679723512420145,0.0002404940358613,3.9656678631002285,0
112,0.0,0.375503582323515,0.0,0.0,0.0,0.0,0.0,0.0,0.7143732829884005,0.0,0.0067198591130412,0.0,0.0,0.0,0.9808936159378322,0.0001052169824285,2.077595557345217,0
113,0.0,0.127821799029093,0.0,0.0,0.0,0.0,0.0,0.0,0.7246511586559211,0.137941881,0.0134397182260824,0.0,0.0,0.0,1.0119131917100774,0.0003568066257585,2.0161245552469325,0
114,0.0,0.0103249284759456,0.0,0.0,0.0,0.0,0.0,0.0,0.7853807030919213,0.0,0.0019199431506191,0.0,0.0,0.0,0.9976676886688854,3.00617544826685e-05,1.795323325141854,0
115,0.0,0.0030798816490334,0.0,0.0,0.0,0.0,0.0,0.0,0.8827451391826355,0.0,0.0009599818257579,0.0,0.0,0.0,4.017049879764514,1.50309974897952e-05,4.903849913419431,0
116,0.0,0.0501730618958261,0.0,0.0,0.0,0.0,0.0,0.0,0.8595873624079133,0.0,0.0163196568697241,0.0,0.0,0.0,0.5384230197924708,0.0002555269573265,1.4647586279232607,0
117,0.0,0.174250095083631,0.0,0.0,0.0,0.0,0.0,0.0,0.8927388675147983,0.018223203,0.0134397182260824,0.0,0.0,0.0,0.9886928857419284,0.0002104339648571,2.087555203531297,0
118,0.0,0.194268907357833,0.0,0.0,0.0,0.0,0.0,0.0,0.7788628122689868,0.0,0.0316790790692967,0.0,0.0,0.0,1.5395944599877562,0.0018895723186176,2.5462948310024904,0
119,0.0,0.272208075403692,0.0,0.0,0.0,0.0,0.0,0.0,0.3000790475714225,0.0,0.0095997977566828,0.0,0.0,0.0,17.947460711940888,0.0001503099748979,18.529497942647584,0
120,0.0,0.435660907085795,0.0,0.0,0.0,0.0,0.0,0.0,0.23146319793399658,0.0,0.0019199568178836,0.0,0.0,0.0,0.5141770349527516,3.00619949795903e-05,1.1832511587854064,0
121,0.0,0.244224974781017,0.0,0.0,0.0,0.0,0.0,0.0,0.2349998537896359,0.0,0.0038399204693995,0.0,0.0,0.0,5.938551017772031,6.01239899591806e-05,6.421675890802043,0
122,0.0,0.342276559112068,0.0001257235732002,0.0,0.0,0.0,0.0,0.0,0.2349402408628211,0.0,0.0019199431506191,0.0,0.0,0.0,30.777859322705385,3.00617544826685e-05,31.357151851158577,1
123,0.0,0.445338633996938,0.0033321987411704,0.0,0.0,0.0,0.0,0.0,0.2315058297000431,0.0,0.0009599818257579,0.0,0.0,0.0,3.7289359666785904,1.50309974897952e-05,4.41008764193999,0
124,0.0,0.297858980829843,0.0,0.0,0.0,0.0,0.0,0.0,0.9887711936036507,0.0,0.0038399751384576,0.0,0.0,0.0,31.116376401648495,6.0124831698407e-05,32.406906676052145,1
125,0.0,0.287223897368287,0.0,0.0,0.0,0.0,0.0,0.0,0.7366230312941351,0.0,0.0047999091287898,0.0,0.0,0.0,0.6941972416135701,7.51551377595519e-05,1.7229192345425417,0
126,0.0,0.148080305371178,0.0,0.0,0.0,0.0,0.0,0.0,0.698608877855039,0.0,0.0047999637978478,0.0,0.0,0.0,2.0306732249919848,7.51560396230087e-05,2.8822375280556725,0
127,0.0,0.130781261322765,0.0,0.0,0.0,0.0,0.0,0.0,0.6986089477156561,0.0,0.0009599954930224,0.0,0.0,0.0,0.16748383148728987,1.50312079246017e-05,0.9978490672266579,0
128,0.0,0.0915001501332482,0.0,0.0,0.0,0.0,0.0,0.0,2.386059906671398,0.0,0.0,0.0,0.0,0.06181,0.07013608246873364,0.0,2.6095061392733796,0
129,0.0,0.0393059064106181,0.0,0.0,0.0,0.0,0.0,0.0,3.892262748709148,0.0,0.0710394888092244,0.0,0.0,0.0,2.3571372665930657,0.0018004260745528,6.361545836596609,0
130,0.0,0.0030798816490334,0.0,0.0,0.0,0.0,0.0,0.0,5.48112413446785,0.250826233,0.0508796381248105,2.948825102,0.0,0.0,10.838469083462124,0.0070025956250058,19.580206668328824,0
131,0.0,0.0366371113829353,0.0,0.0,0.0,0.0,0.0,0.0,5.381923735680783,0.271420894,0.0268798054683067,1.7747230790000001,0.0,0.0,8.330823980600472,0.006474339577468,15.828882945709966,0
132,0.0,0.0860663131686691,0.0,0.0,0.0,0.0,0.0,0.0,2.995198854118627,0.014678033,0.0508790230979074,0.0,0.0,0.0,3.1829419702165884,0.0015412757028888,6.331305469304681,0
133,0.0,0.226929303056207,0.0,0.0,0.0,0.0,0.0,0.0,2.435367952846322,0.001210175,0.0230398371634813,0.0,0.0,0.0,26.46614126274529,0.001342701916831,29.15403123272813,1
134,0.0,0.238129555061573,0.0,0.0,0.0,0.0,0.0,0.0,2.3372957700359542,0.0,0.0201598575180462,0.0,0.0,0.0,9.841577906727494,0.0003156553664166,12.437478744709484,0
135,0.0,0.298620169856425,0.0,0.0,0.0,0.0,0.0,0.0,2.35410303206359,0.0,0.0211198461774364,0.0,0.0,0.0,0.23289486995274977,0.0003358867811594,2.9070738048313602,0
136,0.0,0.420646494853865,0.003446189634845,0.0,0.0,0.0,0.0,0.0,2.150143621216267,0.0,0.0019199636515159,0.0,0.0,0.0,0.1672157823166196,3.00620551038208e-05,2.7434021137282163,0
137,0.0,0.22525517781537,0.0,0.0,0.0,0.0,0.0,0.0,0.7603682082804989,0.278840375,0.017279666030011,0.0,0.0,0.0,2.7117025133539556,0.0038961503491366,3.997342090828972,0
138,0.0,0.184787850176841,0.0,0.0,0.0,0.0,0.0,0.0,0.7153675460148256,0.0,0.0143998982271758,0.0,0.0,0.0,0.28539117753252286,0.0005351783600313,1.2004816503113964,0
139,0.0,0.064664127632057,0.0,0.0,0.0,0.0,0.0,0.0,0.7417354523886686,0.0,0.0105599230887182,0.0,0.0,0.0,1.5410190157041184,0.0013507080567159,2.359329226870278,0
140,0.0,0.0030798816490334,0.0,0.0,0.0,0.0,0.0,0.0,0.8624450320442393,0.0,0.0,0.0,0.0,0.0,2.0527008641659985,0.0,2.9182257778592713,0
141,0.0,0.0030798816490334,0.0,0.0,0.0,0.0,0.0,0.0,1.1660554010391944,0.0,0.032639764759177,0.0,0.0,0.0,1.0532721171976005,0.0011773817851406,2.256224546430146,0
142,0.0,0.0302494034604967,0.0,0.0,0.0,0.0,0.0,0.0,2.567370320472325,0.020306045,0.0710394888092244,0.0,0.0,0.0,5.777963820090844,0.001783026672008,8.468712104504897,0
143,0.0,0.209481187428937,0.0,0.0,0.0,0.0,0.0,0.0,2.0528988886454833,0.0,0.0412797036954825,0.0,0.0,0.0,0.9961099420603841,0.0006463419407578,3.3004160637710447,0
144,0.0,0.40348748534187,0.0,0.0,0.0,0.0,0.0,0.0,0.6264105765216011,0.0,0.0028799454772738,0.0,0.0,0.0,14.029142114781077,4.50930826557311e-05,15.061965215204477,0
145,0.0,0.370503640821328,0.0,0.0,0.0,0.0,0.0,0.0,0.3786977077513855,0.0,0.0047999637978478,0.0,0.0,0.0,4.937285434063738,7.51560396230087e-05,5.691361902473922,0
146,0.0,0.263059029064183,0.0,0.0,0.0,0.0,0.0,0.0,0.3947149435499095,0.000618997,0.0028799796454351,0.0,0.0,0.0,1.480081307290326,4.73856591881952e-05,2.141401642209042,0
147,0.0,0.394243165617428,0.0,0.0,0.0,0.0,0.0,0.0,0.3049001006628713,0.555543291,0.0047999637978478,0.0,0.0,0.0,1.381477016467802,7.51560396230087e-05,2.641038693585572,0
148,0.0,0.291511345626486,0.0204619581361979,0.0,0.0,0.0,0.0,0.0,0.3005498456154996,0.0,0.0047999091287898,0.0,0.0,0.0,1.3957638591832033,7.51551377595519e-05,2.0131620728279365,0
149,0.0,0.316733188717766,0.0,0.0,0.0,0.0,0.0,0.0,0.2667798439718168,0.0,0.0047999637978478,0.0,0.0,0.0,27.014446334356496,7.51560396230087e-05,27.602834486883552,1
150,0.0,0.360397032965232,0.0,0.0,0.0,0.0,0.0,0.0,0.30445957058518053,0.0,0.0009599954930224,0.0,0.0,0.0,26.852106268087844,1.50312079246017e-05,27.517937898339206,0
151,0.0,0.473993209590672,0.0,0.0,0.0,0.0,0.0,0.0,0.41101568250395737,0.0,0.0019199841524126,0.0,0.0,0.0,0.6495814094764555,3.00624158492035e-05,1.5365403481393467,0
152,0.0,0.0574181605671332,0.0,0.0,0.0,0.0,0.0,0.0,1.6039312432304647,0.0,0.0326393069058159,0.0,0.0,0.0,0.6951922797477231,0.0014392357200422,2.3906202261711793,0
153,0.0,0.028437752920806,0.0,0.0,0.0,0.0,0.0,0.0,1.7717485934379391,0.004322498,0.0614387001758644,0.0,0.0,0.0,32.201307204429554,0.001731797356909,34.06898654632107,1
154,0.0,0.158043673223272,0.0,0.0,0.0,0.0,0.0,0.0,1.6063733065225967,0.0,0.0431987379730116,0.0,0.0,0.0,0.7495708398473763,0.00067638947586,2.5578629470421164,0
155,0.0,0.291178327003847,0.0,0.0,0.0,0.0,0.0,0.0,0.9655421935249255,0.0,0.0076798409387991,0.0,0.0,0.0,1.8424893279321237,0.0001202479799183,3.1070099373796136,0
156,0.0,0.153993618680311,0.0,0.0,0.0,0.0,0.0,0.0,1.4959930809845745,0.064602251,0.0508789205934236,0.0,0.0,0.0,1.8488464628228625,0.0042851068507118,3.618599440931883,0
157,0.0,0.0729579108615171,0.0,0.0,0.0,0.0,0.0,0.0,2.197844105862197,0.008917353,0.0364789335290284,0.0,0.0,0.06065,1.2956970954443465,0.001565653453394,3.674111052150483,0
158,0.0,0.0320603022564595,0.0,0.0,0.0,0.0,0.0,0.0,4.21621450771221,0.09644352,0.0547188410628232,0.0,0.0,0.0,3.621278502913254,0.0024125381338591,8.023128212078605,0
159,0.0,0.0030798816490334,0.0,0.0,0.0,0.0,0.0,0.0,9.92490370466336,0.04798006,0.040319147844615,0.0,0.0,0.0,13.748581524640583,0.002074269733324,23.766938588530916,0
160,0.0,0.0335391348281593,0.0,0.0,0.0,0.0,0.0,0.0,7.3490821619334,0.125875524,0.0374392092009734,4.2587993189999995,0.0,0.0,16.415518504074914,0.0060147030916839,28.22626855612913,1
161,0.0,0.11919323134848,0.0,0.0,0.0,0.0,0.0,0.0,2.9267465263804917,0.045168145,0.0383988835132798,0.0,0.0,0.0,5.003930926586872,0.0021517327692837,8.135589445598407,0
162,0.0,0.211333106323153,0.0212503340012458,0.0,0.0,0.0,0.0,0.0,2.7588897141004622,0.004465815,0.0134397182260824,0.0,0.0,0.0,1.3934223965784116,0.0002104339648571,4.403011518194212,0
163,0.0,0.239605105460612,0.0325830515395491,0.0,0.0,0.0,0.0,0.0,2.397107217458038,0.0,0.0259194546264069,0.0,0.0,0.0,20.615172536150105,0.0009095504265001,23.311296915661213,0
164,0.0,0.289130913947242,1.16318546598965,0.0,0.0,0.0,0.0,0.0,2.1694255879173965,0.0,0.0028799386436416,0.0,0.0,0.0,0.12223709802837732,4.50929924693854e-05,3.7469040975187764,0
165,0.0,0.167764858872395,0.0813930693444374,0.0,0.0,0.0,0.0,0.0,2.3075250635884905,0.000387722,0.0163195270307112,0.0,0.0,0.0,0.96796560349675,0.00026063600068,3.541616480333464,0
166,0.0,0.0157587135961297,0.0,0.0,0.0,0.0,0.0,0.0,1.1735079848058327,0.0,0.0134396088879663,0.0,0.0,0.0,3.224642506818151,0.0002104322813786,4.427559246389459,0
167,0.0,0.0085137056525138,0.0,0.0,0.0,0.0,0.0,0.0,2.430575412464097,0.063972375,0.0729584547504309,0.0,0.0,0.0,4.2683493061157645,0.0070750111336166,6.851444265116423,0
168,0.0,0.0157588172849197,0.0,0.0,0.0,0.0,0.0,0.0,2.185442266224507,0.0097623,0.0835182343328717,0.0,0.0,0.0,3.270641123255192,0.0049890785081063,5.5701118196055965,0
169,0.0,0.0588970060999318,0.0,0.0,0.0,0.0,0.0,0.0,1.884429753713229,0.299952349,0.0489589637755399,0.0,0.0,0.0,8.52014099282562,0.009858680414862,10.822237745829183,0
170,0.0,0.307573679677326,0.0,0.0,0.0,0.0,0.0,0.0,0.6982657926044726,0.0,0.0009599749921257,0.0,0.0,0.0,14.953575349515246,1.50308772413342e-05,15.960389827666411,0
171,0.0,0.212479503102356,0.0,0.0,0.0,0.0,0.0,0.0,0.6611576346796075,0.011184439,0.0297593682621742,0.0,0.0,0.0,3.553824993426895,0.0006070854478612,4.469013023918894,0
172,0.0,0.28626954620756,0.0,0.0,0.0,0.0,0.0,0.0,0.4356209950886518,0.0,0.0057598772872832,0.0,0.0,0.0,0.18826203748290507,9.01859849387709e-05,0.9160026420513389,0
173,0.0,0.35186069497332,0.0043100226889965,0.0,0.0,0.0,0.0,0.0,0.3455724349959085,0.0,0.0028799386436416,0.0,0.0,0.0,0.13414309891777393,0.0019820660039291,0.8407482562235696,0
174,0.0,0.359435392056956,0.0045667419761832,0.0,0.0,0.0,0.0,0.0,0.2833288507102865,0.011558132,0.0019199431506191,0.0,0.0,0.0,0.6658311401765975,3.00617544826685e-05,1.326670261825125,0
175,0.0,0.368590919444705,0.0,0.0,0.0,0.0,0.0,0.0,0.262149639028856,0.017337195,0.0047998954615252,0.0,0.0,0.0,0.8619685259508914,7.51549874489758e-05,1.5149213298734265,0
176,0.0,0.171485024747668,0.0,0.0,0.0,0.0,0.0,0.0,0.3564380707852728,0.0,0.0028799386436416,0.0,0.0,0.0,0.17599427677597637,4.50929924693854e-05,0.7068424039450282,0
177,0.0,0.295658361642821,0.0,0.0,0.0,0.0,0.0,0.0,0.41186953536799265,0.0,0.0019199568178836,0.0,0.0,0.0,32.27580106832402,3.00619949795903e-05,32.9852789841477,1
178,0.0,0.474411587994289,0.0,0.0,0.0,0.0,0.0,0.0,0.4118661580452871,0.0,0.0009599749921257,0.0,0.0,0.0,3.203151726375609,1.50308772413342e-05,4.090404478284553,0
179,0.0,0.0918336494435202,0.0,0.0,0.0,0.0,0.0,0.0,1.5138100525723668,0.006756576,0.0182398665320012,0.154570729,0.0,0.0,19.22486746144772,0.0002855929505674,21.010363927946173,0
180,0.0,0.0030798816490334,0.0,0.0,0.0,0.0,0.0,0.0,2.3261042153392655,0.0,0.0796794277455299,0.16190511200000002,0.0,0.0,7.474759164105248,0.0015390978973569,10.047066898736434,0
181,0.0,0.0624233680242875,0.0,0.0,0.0,0.0,0.0,0.0,1.8328369064824614,0.01127024,0.061438823181245,0.036992326,0.0,0.0,3.8299959573947984,0.0018076054546434,5.836765226537436,0
182,0.0,0.213103788608985,0.0,0.0,0.0,0.0,0.0,0.0,1.3602910238544534,0.002026675,0.0364797398976347,0.0,0.0,0.0,2.870373336053884,0.000623404207153,4.482897967622111,0
183,0.0,0.006702482829082,0.0,0.0,0.0,0.0,0.0,0.0,2.410662267351714,0.035187391,0.0883193666818354,0.0,0.0,0.0065,4.124363132789685,0.0017612242490453,6.673495864901362,0
184,0.0,0.0157588432071172,0.0078290481162291,0.0,0.0,0.0,0.0,0.0,2.163831774120996,4.66266346628872,0.0700786596130667,0.0,0.0,0.08365,4.32685389027555,0.0208897936550643,11.351555475276744,0
185,0.0,0.0193815999203509,0.0313084812981314,0.0,0.0,0.0,0.0,0.0,5.28900791076352,0.856897199,0.0527996222772232,0.0,0.0,0.0,4.4014192316808005,0.0276735413605977,10.678487586300625,0
186,0.0,0.0257693078427895,0.0313084812981309,0.0,0.0,0.0,0.0,0.0,10.625040982980183,0.068827838,0.0460796674933304,0.0,0.0,0.0,5.130504753804364,0.0137347402559132,15.941265771674711,0
187,0.0,0.0299169549952758,0.0313084844289955,0.0,0.0,0.0,0.0,0.0,6.263003577020772,0.198574399,0.0431996878478952,3.6882387449999996,0.0,0.0,13.762583036334798,0.0111898917478667,24.028014776375603,0
188,0.0,0.0719085134429326,0.0313082245691484,0.0,0.0,0.0,0.0,0.0,3.7680486265846485,0.023441824,0.0527989867494234,0.0,0.0,0.0,4.194254017978774,0.0023187876962465,8.144078981021172,0
189,0.0,0.0320607040505209,0.0148390801934346,0.0,0.0,0.0,0.0,0.0,4.012648417719187,0.057688675,0.0710394888092244,0.0,0.0,0.0,2.9951190580335147,0.0103265362580584,7.19372196006394,0
190,0.0,0.134403862502814,0.0044033659557025,0.0,0.0,0.0,0.0,0.0,2.8325177414354483,0.096459723,0.0547196064296359,0.0,0.0,0.0,8.047670137046088,0.0037641177964249,11.173938554166114,0
191,0.0,0.122914688314425,0.0,0.0,0.0,0.0,0.0,0.0,2.1171873892856143,0.198891534,0.0124799140747631,0.0,0.0,0.0,21.609949679938946,0.0011113205571786,24.06253452617093,0
192,0.0,0.080964912704264,0.0,0.0,0.0,0.0,0.0,0.0,2.2025767019849027,10.88579583,0.0143997273863694,0.0,0.0,0.0,10.55021099122176,0.108202443009567,23.842150606306863,0
193,0.0,0.0343966908867647,0.0,0.0,0.0,0.0,0.0,0.0,1.6177509592308823,0.028294647,0.0556789322266972,0.0,0.0,0.0,2.9015801289420167,0.0015605811682703,4.639261939454631,0
194,0.0,0.0261980550616188,0.0,0.0,0.0,0.0,0.0,0.0,2.0778651409842612,0.357630903,0.0787194390861397,0.0,0.0,0.0,3.749679113204325,0.0037816452735456,6.29387429660989,0
195,0.0,0.0918336494435202,0.0,0.0,0.0,0.0,0.0,0.0,1.4706518131906718,0.277713117,0.0374397353906572,0.0,0.0,0.0,6.54100361110413,0.0087909617715766,8.427432887900554,0
196,0.0,0.130921092662202,0.0,0.0,0.0,0.0,0.0,0.0,0.742694228790137,0.0,0.0067199547838928,0.0,0.0,0.0,22.088043073173424,0.0057241390175725,22.974102488427228,0
197,0.0,0.350382558697104,0.0,0.0,0.0,0.0,0.0,0.0,0.592153718736931,0.0,0.0038399273030318,0.0,0.0,0.0,3.237563168388298,6.01241102076415e-05,4.183999497235573,0
198,0.0,0.382754010693767,0.0,0.0,0.0,0.0,0.0,0.0,0.4635351113872535,0.0,0.0028799796454351,0.0,0.0,0.0,1.461677466523708,8.23259958868261e-05,2.31092889424605,0
199,0.0,0.233360543564473,0.0021491090450893,0.0,0.0,0.0,0.0,0.0,0.3563326696879372,0.0,0.0095999344293279,0.0,0.0,0.0,0.5011174890482668,0.000150312079246,1.1027100578543403,0
200,0.0,0.456212639194551,0.0022287187449638,0.0,0.0,0.0,0.0,0.0,0.3388126874583342,0.0,0.0028799796454351,0.0,0.0,0.0,0.07092640015959123,4.50936237738052e-05,0.8711055188266491,0
201,0.0,0.409157462110582,0.0,0.0,0.0,0.0,0.0,0.0,0.2726575791605682,0.0,0.0009599818257579,0.0,0.0,0.0,0.3923690317484143,1.50310275519104e-05,1.0751590858728743,0
202,0.0,0.41469254400233,0.0,0.0,0.0,0.0,0.0,0.0,0.29228385000178514,0.024208711,0.0038399751384576,0.0,0.0,0.0,0.986374169242272,6.29051830399764e-05,1.7214621545678848,0
203,0.0,0.365927233488914,0.0,0.0,0.0,0.0,0.0,0.0,0.2641263474621145,0.0,0.0086399389363055,0.0,0.0,0.0,0.20309427410630823,0.0001352808713214,0.8419230748649636,0
204,0.0,0.172913480620179,0.0,0.0,0.0,0.0,0.0,0.0,0.40230144535632106,0.040347161,0.0038399751384576,0.0,0.0,0.0,0.19392760104274884,0.0002365844552422,0.8135662476129487,0
205,0.0,0.310245490002174,0.0,0.0,0.0,0.0,0.0,0.0,0.4118702767315354,0.0,0.0028799454772738,0.0,0.0,0.0,31.138539713952333,4.50930826557311e-05,31.863580519245975,1
206,0.0,0.354438072261623,0.0,0.0,0.0,0.0,0.0,0.0,0.6110038352199836,0.0,0.0,0.0,0.0,0.0,0.12146212337807882,0.0,1.0869040308596853,0
207,0.0,0.123579578587398,0.0,0.0,0.0,0.0,0.0,0.0,0.8464388247787429,0.0,0.024959821315894,0.0,0.0,0.0,0.562730271101798,0.0004300567091802,1.558138552493013,0
208,0.0,0.283604706202694,0.0,0.0,0.0,0.0,0.0,0.0,1.1168422727462124,0.001788341,0.0191998620250237,0.0,0.0,0.0,31.156634701831408,0.0003031525785701,32.57837303638391,1
209,0.0,0.0157589857792035,0.0032546937975036,0.0,0.0,0.0,0.0,0.0,2.951516505275404,0.002342396,0.0892793621748579,0.0,0.0,0.0,2.1385894068259104,0.00228727662823,5.203028626481109,0
210,0.0,0.017570117874944,0.0180707252021085,0.0,0.0,0.0,0.0,0.0,2.5593479844860854,0.067833823,0.0652787504842768,0.14583152900000002,0.0,0.0,9.500140931147348,0.0055888339291615,12.379662695123924,0
211,0.0,0.0465511217318141,0.0313084812981314,0.0,0.0,0.0,0.0,0.0,2.097793158722383,0.022956246,0.034559755745222,0.152568005,0.0,0.05329,5.356730105455035,0.0008820991922732,7.796638973144859,0
212,0.0,0.0696692821833006,0.0313084844289673,0.0,0.0,0.0,0.0,0.0,1.420824070929424,0.005717834,0.0086399389363055,0.160036471,0.0,0.07583,0.9986127747772845,0.0002518892056091,2.770890745460891,0
213,0.0,0.0936438742623477,0.0234791764529192,0.0,0.0,0.0,0.0,0.0,1.507473728997073,0.648911158,0.0124797637348535,0.06131857,0.0,0.0,2.3737159751772343,0.0063297664646688,4.727352013089097,0
214,0.0,0.117191870664959,0.0,0.0,0.0,0.0,0.0,0.0,1.757887863920551,0.135577254,0.0134399027341534,0.0,0.0,0.0,1.4623108845451718,0.0004434611605549,3.48685123702539,0
215,0.0,0.188740305387344,0.0039624200640348,0.0,0.0,0.0,0.0,0.0,0.6160066681762613,0.0,0.0009599818257579,0.0,0.0,0.0,27.86056008796729,1.50309974897952e-05,28.670244494418178,1
216,0.0,0.214293731511865,0.0,0.0,0.0,0.0,0.0,0.0,0.825052707259599,0.0,0.0182398665320012,0.0,0.0,0.0,25.44928324068812,0.0002855929505674,26.507155138942153,0
217,0.0,0.385519117436157,0.0,0.0,0.0,0.0,0.0,0.0,0.7109933414571292,0.0,0.0009599954930224,0.0,0.0,0.0,25.04334492560956,1.50312079246017e-05,26.140832411203792,0
218,0.0,0.263385759220407,0.0,0.0,0.0,0.0,0.0,0.0,1.1846818878920906,0.094293599,0.0038398863012383,0.0,0.0,0.0,19.519472554654914,0.0002987067482845,21.065972393816935,0
219,0.0,0.478991697011873,0.0,0.0,0.0,0.0,0.0,0.0,0.7513744785814367,0.011558132,0.0,0.0,0.0,0.0,5.37694938483289,0.0,6.6188736924262,0
220,0.0,0.140168562275056,0.0,0.0,0.0,0.0,0.0,0.0,1.026986264481967,0.0,0.0019199636515159,0.0,0.0,0.0,24.86470708071069,4.03147886379889e-05,26.033822185907866,0
221,0.0,0.223735449094987,0.0,0.0,0.0,0.0,0.0,0.0,0.6696173262691074,0.0,0.0038399751384576,0.0,0.0,0.0,0.241834141320498,6.0124831698407e-05,1.1390870166547484,0
222,0.0,0.186595121738752,0.0039595578888241,0.0,0.0,0.0,0.0,0.0,1.1072178089601412,0.0,0.0115196657373472,2.143626052,0.0,0.0,24.678316287919458,0.000180370526896,28.13141486477142,1
223,0.0,0.140929474164824,0.0505596449488284,0.0,0.0,0.0,0.0,0.0,0.7010381897224333,0.0,0.0057598772872832,0.061300334,0.0,0.0,0.296357184367718,9.01859849387709e-05,1.2560348904760257,0
224,0.0,0.165526485391223,0.0200686046472649,0.0,0.0,0.0,0.0,0.0,1.084231165885952,0.138622201,0.019199629681527,0.0,0.0,0.0,27.162509484595144,0.0004031478863798,28.59056071908749,1
225,0.0,0.0719093429532529,0.0,0.0,0.0,0.0,0.0,0.0,1.1051803847906132,2.052041952,0.032639764759177,2.012098799,0.0,0.0,2.498212684077122,0.0271829959513175,7.7992659235314825,0
226,0.0,0.0900213119655954,0.0,0.0,0.0,0.0,0.0,0.0,0.9559681156208866,0.0,0.0047999091287898,0.0,0.0,0.0,24.631641227474308,7.51551377595519e-05,25.68250571932734,0
227,0.0,0.151177860578789,0.0,0.0,0.0,0.0,0.0,0.0,0.9387081240669686,0.003897612,0.0086399389363055,0.0,0.0,0.0,2.7952700409455136,0.0005043782321643,3.898197954759741,0
228,0.0,0.0914992667209653,0.0,0.0,0.0,0.0,0.0,0.0,0.7085893573041621,0.0,0.0086397475946023,0.0,0.0,0.0,34.67384574737906,0.000135277895172,35.48270939689396,1
229,0.0,0.130158123561581,0.0,0.0,0.0,0.0,0.0,0.0,0.7708493756289747,0.0,0.0019199568178836,0.0,0.0,0.0,28.12331910293692,3.00619949795903e-05,29.02627662094034,1
230,0.0,0.109089173867203,0.0,0.0,0.0,0.0,0.0,0.0,0.8077682096998532,0.096621123,0.0143998982271758,0.0,0.0,0.0,32.402388485559676,0.0107519190838955,33.44101880943781,1
231,0.0,0.0180951351599396,0.0,0.0,0.0,0.0,0.0,0.0,2.19251631577158,0.0,0.0019199568178836,0.404930258,0.0,16.90862638564376,0.7104825933768741,6.618508467689559,26.8550791124596,0
232,0.0,0.0048911433557615,0.0,0.0,0.0,0.0,0.0,0.0,8.075568626054874,71.3074700012209,0.0038398863012383,0.646495825,0.0,40.5676881270114,2.7955093954285797,7.95061638986225e-05,123.40154251053666,1
233,0.0,0.0248151906240536,0.0,0.0,0.0,0.0,0.0,0.0,9.325106167132203,3.092439723,0.0047998954615252,0.583740368,0.0,0.0,32.39900263523296,0.0063310482069382,45.43623502765768,1
234,0.0,0.0398309653441546,0.0,0.0,0.0,0.0,0.0,0.0,2.0172008229879737,0.003412858,0.0009599954930224,0.0,0.0,0.594306615603495,0.813314586558897,80.95730933484916,84.4263351788367,1
235,0.0,0.0030798816490334,0.0,0.0,0.0,0.0,0.0,0.0,0.8555119025573715,0.0,0.0019199636515159,0.0,0.0,52.847382365475696,12.985009997700047,3.00620551038208e-05,66.69293417308877,1
236,0.0,0.0030798816490334,0.0,0.0,0.0,0.0,0.0,0.0,3.457474439498922,0.034674385,0.0,0.00236198,0.0,84.77470352286387,14.317598666858759,0.0,102.58989287587059,1
237,0.0,0.0030798816490334,0.0882140840491634,0.0,0.0,0.0,0.0,0.0,2.789781762969947,0.015381057,0.0374397353906572,0.0,0.0,0.0,11.89085687356391,0.0042191639010644,14.828972558523775,0
238,0.0,0.0030798816490334,0.0,0.0,0.0,0.0,0.0,0.0,2.8164350428019,0.420663318,0.0086398364318216,0.0,0.0,0.0,26.117011941278637,0.0039724331370881,29.36980245329848,1
239,0.0,0.0117075154883224,71.9664644111009,0.0,0.0,0.0,0.0,0.0,1.7688788682114858,0.0,0.0009599818257579,0.0,0.0,0.0,6.365176306320536,1.50309974897952e-05,80.1132021139445,1
240,0.0,0.0230039159562269,0.0882140840491634,0.0,0.0,0.0,0.0,0.0,3.763938757358755,0.059361598,0.0566388047143391,0.713177108,0.0,0.0,27.61336186680457,0.0031593733684202,32.32085550825147,1
241,0.0,0.122623154293083,0.0882140840491634,0.0,0.0,0.0,0.0,0.0,3.295721178653742,0.004904171,0.0086397475946023,0.61838438,0.0,0.0,0.9975809315673606,0.0005219876952264,5.136589634853178,0
242,0.0,0.0656179337844227,0.0,0.0,0.0,0.0,0.0,0.0,1.5703353600122842,0.185461112,0.0047999637978478,0.005997542,0.0,0.0,31.291975310655133,0.0008054848367958,33.124992707086484,1
243,0.0,0.0193815999203509,0.0,0.0,0.0,0.0,0.0,0.0,4.34779782123207,0.223463272,0.042239699188505,0.0,0.0,0.0,35.278445548603464,0.0202025518551702,39.93153049279956,1
244,0.0,0.0438814233194423,0.0,0.0,0.0,0.0,0.0,0.0,1.137421767142357,0.024390354,0.0412787948223924,0.0,0.0,0.27347,1.8589018888261213,0.0020090072452741,3.3813532353555873,0
245,0.0,0.0374941262599399,0.0,0.0,0.0,0.0,0.0,0.0,1.497864578835971,0.053076657,0.0278394114442906,0.005062964,0.0,0.0,39.6481972648019,0.001359989746504,41.27089499208861,1
246,0.0,0.122720410818109,0.0,0.0,0.0,0.0,0.0,0.0,2.016916832022882,0.001264402,0.0153596750439661,0.005349308,0.0,0.0,12.256414704351085,0.0215367216504142,14.439562053886457,0
247,0.0,0.0539882253036445,0.0,0.0,0.0,0.0,0.0,0.0,2.098385466855697,0.000265419,0.0095997977566828,0.0,0.0,0.0,8.20035126476553,0.0001550117797797,10.362745185461334,0
248,0.0,0.0685742037945216,0.0,0.0,0.0,0.0,0.0,0.0,2.770431589398685,0.237873139,0.025919242783807,0.0,0.0,0.0,4.557727604854843,0.0004143872723913,7.660940167104248,0
249,0.0,0.05751447093195,0.0,0.0,0.0,0.0,0.0,0.0,3.354122948098343,0.005065049,0.0326393069058159,0.048107398,0.0,0.0,6.5347373588019035,0.0009209219281457,10.033107453666158,0
250,0.0,0.163714876211699,0.0,0.0,0.0,0.0,0.0,0.0,3.26456713681033,0.083055117,0.0038399204693995,0.0,0.0,0.0,36.818415837137245,0.0007163242044571,40.33430921183313,1
251,0.0,0.0366367117119051,0.0,0.0,0.0,0.0,0.0,0.0,2.4874243258029733,0.120961903,0.0547189504009393,0.198492734,0.0,0.0453,38.90415517664651,0.0213798498219851,41.869069651384315,1
252,0.0,0.0175702993303266,0.0,0.0,0.0,0.0,0.0,0.0,2.450791296352833,0.45363085,0.0451196788339402,0.198811175,0.0,0.29676,4.882432368677651,0.0010516853273082,8.346167353522059,0
253,0.0,0.0030798816490334,0.0,0.0,0.0,0.0,0.0,0.0,2.473297118869768,1.073456804,0.0383997240500474,0.220701446,0.0,0.28291,8.524089698156265,0.0649848277414915,12.680919500466604,0
254,0.0,0.0393059064106181,0.0,0.0,0.0,0.0,0.0,0.0,2.6978828040643954,0.028250927,0.0604795657205062,0.20417766,0.0,0.0,8.533084866077639,0.0010880632057094,11.564269792478868,0
255,0.0,0.100224106236937,0.0,0.0,0.0,0.0,0.0,0.0,3.252965315204653,0.002688198,0.0508790230979074,0.199759688,0.0,0.0,5.951359477492176,0.0008631805083636,9.558738988540037,0
256,0.0,0.012136384599155,0.0,0.0,0.0,0.0,0.0,0.0,4.637652086569249,0.212785321,0.0604795657205062,0.152044562,0.0,0.0,5.383801976565536,0.0483339322610878,10.507233828715533,0
257,0.0,0.136451299843352,0.0,0.0,0.0,0.0,0.0,0.0,1.5464917716304056,0.152285089,0.0134399027341534,0.0,0.0,0.0,32.50929479338507,0.0003724215126588,34.358335278105635,1
258,0.0,0.0882100372977686,0.0,0.0,0.0,0.0,0.0,0.0,1.945287942550874,0.15673058,0.0403192298482021,0.019033171,0.0,0.0,29.85320787645773,0.0050257791036514,32.107814616258224,1
259,0.0,0.0516525750366661,0.0,0.0,0.0,0.0,0.0,0.0,2.3535089892085916,0.060081688,0.0681595159974215,0.0,0.0,0.0,1.8308837180322908,0.0023701831667743,4.366656669441744,0
260,0.0,0.0829697506580842,0.0,0.0,0.0,0.0,0.0,0.0,2.115786243477851,0.018811888,0.0489596471387656,0.0,0.0,0.28863,2.5258342741276967,0.0018309515857941,5.082822754988191,0
261,0.0,0.0320607040505209,0.0,0.0,0.0,0.0,0.0,0.0,3.569056321862238,0.071427626,0.0806394232385524,0.0,0.0,0.0,2.271154361040113,0.0026151258824514,6.026953562073876,0
262,0.0,0.0483618779556906,0.0,0.0,0.0,0.0,0.0,0.0,3.091251995454468,0.009522017,0.0643187686585189,0.0,0.0,0.0,3.377252068253986,0.0019187157207936,6.592625443043457,0
263,0.0,0.0610415264520084,0.0,0.0,0.0,0.0,0.0,0.0,1.5664894287355662,0.864228212,0.0124799140747631,0.0,0.0,0.0,5.706183185713108,0.0181502247179632,8.22857249169341,0
264,0.0,0.167861159106822,0.0,0.0,0.0,0.0,0.0,0.0,1.270042042184623,0.0,0.0105596907452215,0.0,0.0,0.0,28.62552546035856,0.0001653396496546,30.07415369204488,1
265,0.0,0.126868003360956,0.0,0.0,0.0,0.0,0.0,0.0,1.122894713160703,0.153057659,0.0095997977566828,0.0,0.0,0.0,0.7357745477109024,0.0023067588093112,2.1505014797985553,0
266,0.0,0.0610407228638855,0.0,0.0,0.0,0.0,0.0,0.0,1.3008499110498288,0.008375566,0.0451190433061403,0.0,0.0,0.20989,2.8500558201907253,0.0013788503247541,4.476709913735334,0
267,0.0,0.0501730618958261,0.0,0.0,0.0,0.0,0.0,0.0,1.906824345299463,0.042958524,0.0422391046624987,0.0,0.0,0.61628,1.7463859396791217,0.0016525932317875,4.406513568768697,0
268,0.0,0.161902334960043,0.0,0.0,0.0,0.0,0.0,0.0,1.6381346242616206,0.012719411,0.0191994383398238,0.0,0.0,0.0,2.0247351802800333,0.0004449937766129,3.857135982618134,0
269,0.0,0.0484580846317173,0.0,0.0,0.0,0.0,0.0,0.0,1.3780549833627649,0.0,0.0009599818257579,0.0,0.0,0.0,0.02999371025030689,1.50309974897952e-05,1.4574817910680369,0
270,0.0,0.0030798816490334,0.0,0.0,0.0,0.0,0.0,0.0,1.3784730754070655,0.0,0.0,0.0,0.0,0.0,0.025301396390437686,0.0,1.4068543534465365,0
271,0.0,0.0284375455432259,0.0,0.0,0.0,0.0,0.0,0.0,2.081173999194827,0.140608316,0.0211193814904429,0.000221169,0.0,0.0,7.845178371366246,0.003071779109797,10.11981056170454,0
272,0.0,0.0338715769242863,0.0,0.0,0.0,0.0,0.0,0.0,2.559912833675596,1.205235566,0.040319147844615,0.002805839,0.0,0.0,15.001350458158099,0.0147102080663602,18.858205629668955,0
273,0.0,0.0139475426170929,0.0,0.0,0.0,0.0,0.0,0.0,2.9927565579198983,0.008421281,0.081598277514988,0.000345651,0.0,0.0,5.167298881761513,0.0030510245493886,8.26741921636288,0
274,0.0,0.0628521141816011,0.0,0.0,0.0,0.0,0.0,0.0,1.0547616783110676,0.0,0.0374392843709282,0.0,0.0,0.0,32.14228278144823,0.0013557940845115,33.298691652396336,1
275,0.0,0.0374946058205938,0.0,0.0,0.0,0.0,0.0,0.0,0.7815654165204294,0.0,0.0230398371634813,0.0,0.0,0.0,1.686923441950995,0.0003607489901904,2.52938405044569,0
276,0.0,0.0412135187153496,0.0,0.0,0.0,0.0,0.0,0.0,0.7348847395176923,0.0,0.0047999637978478,0.0,0.0,0.0,1.3212104786186256,7.51560396230087e-05,2.1021838566891384,0
277,0.0,0.113665581199618,0.0,0.0,0.0,0.0,0.0,0.0,0.812651480201798,0.047630487,0.0211198461774364,0.0,0.0,0.21557,1.4543288809787687,0.0008150851381833,2.6657813606958047,0
278,0.0,0.234504176772413,0.0,0.0,0.0,0.0,0.0,0.0,1.4116078609286005,0.0,0.017279666030011,0.0,0.0,0.08986,1.7536598217972923,0.0002705584959343,3.5071820840242514,0
279,0.0,0.133117607885227,0.0,0.0,0.0,0.0,0.0,0.0,1.6271628981975887,0.059629214,0.0220798416704589,0.0,0.0,0.0,3.023086353017106,0.0010072545710768,4.866083169341457,0
280,0.0,0.0791545453133501,0.0,0.0,0.0,0.0,0.0,0.0,1.7511514858128636,0.013714794,0.0278398009613292,0.0,0.0,0.0,4.007228538275449,0.0006288293027856,5.8797179936657775,0
281,0.0,0.124435621381996,0.0,0.0,0.0,0.0,0.0,0.0,1.7449434543725917,0.0,0.0201596115072849,0.002303644,0.0,0.0,13.87390331199558,0.0004580813753124,15.766203724632765,0
282,0.0,0.104512766534789,0.0,0.0,0.0,0.0,0.0,0.0,2.033473842080068,0.003581847,0.034559755745222,0.0,0.0,0.0,3.602519482307028,0.0005411234852856,5.779188817152392,0
283,0.0,0.0592302258619841,0.0,0.0,0.0,0.0,0.0,0.0,2.1763954271365558,0.01179579,0.0537596177702457,0.0,0.0,0.26081,4.446355166862619,0.0156170438215973,7.0239632714530025,0
284,0.0,0.0030798816490334,0.0,0.0,0.0,0.0,0.0,0.0,1.8399675702699028,0.189527424,0.0729594797952694,0.289844465,0.0,0.0,6.688218300681502,0.0148092130514293,9.098406334447137,0
285,0.0,0.185741656329207,0.0,0.0,0.0,0.0,0.0,0.0,0.8238967604299154,0.008354393,0.0297597851137419,0.025700991,0.0,0.0,11.24880546436367,0.0007927941191638,12.323051844355698,0
286,0.0,0.256860883444854,0.0,0.0,0.0,0.0,0.0,0.0,0.4497893902002844,0.0,0.0028799454772738,0.0,0.0,0.0,15.213910852671036,4.50930826557311e-05,15.923486164876104,0
287,0.0,0.135592217625104,0.0,0.0,0.0,0.0,0.0,0.0,1.1077749652860285,0.062478912,0.0259195024618327,0.199303167,0.0,0.0,19.904602392468878,0.000882244196695,21.436553401038537,0
288,0.0,0.0606127792331791,0.0,0.0,0.0,0.0,0.0,0.0,0.8183081752699546,0.001722027,0.0134399027341534,0.051864073999999996,0.0,0.0,26.52592987068202,0.000226584884875,27.47210341380418,0
289,0.0,0.0248155016904238,0.0,0.0,0.0,0.0,0.0,0.0,1.271449007468783,0.079680847,0.0307197806067644,0.0,0.0,0.0,15.13813195774551,0.002856275713592,16.547653370225074,0
290,0.0,0.0972675641746918,0.0,0.0,0.0,0.0,0.0,0.0,1.142160371338016,0.0,0.0201598575180462,0.0,0.0,0.02663,12.267066794215767,0.0003156553664166,13.553600242612937,0
291,0.0,0.114714342462848,0.0,0.0,0.0,0.0,0.0,0.0,1.2214348041392964,3.07455713,0.0,0.0,0.0,0.29308,11.805170599742002,0.0,16.508956876344147,0
292,0.0,0.0443110609618617,0.0,0.0,0.0,0.0,0.0,0.0,1.6370325061926958,0.0,0.0067199547838928,0.0,0.0,0.0,12.03699668833181,0.0001052184554722,13.725165428725731,0
293,0.0,0.0678579815932763,0.0,0.0,0.0,0.0,0.0,0.0,2.3134749803868218,0.002697936,0.0479996584793753,0.0,0.0,0.0,15.436286268399506,0.0013400213840743,17.869656846243053,0
294,0.0,0.0525094894094276,0.0,0.0,0.0,0.0,0.0,0.0,2.7275238709010763,0.155189138,0.0662387323100348,0.001173117,0.0,0.0,4.595913415831681,0.0107822848324179,7.6093300482846375,0
295,0.0,0.143985424386472,0.0,0.0,0.0,0.0,0.0,0.0,1.8215105111812921,0.0,0.0259198168089165,0.0,0.0,0.05808,4.735904827224406,0.0008405950114704,6.786241174612557,0
296,0.0,0.0737206435432772,0.0,0.0,0.0,0.0,0.0,0.0,1.698517914247676,0.008013709,0.0441596833409177,0.0,0.0,0.2931,3.2989361705271802,0.0008300377546785,5.41727815841373,0
297,0.0,0.2968088692664,0.0,0.0,0.0,0.0,0.0,0.0,0.6255073290758266,0.000135246,0.0220798416704589,0.0,0.0,0.0,7.9423577977280475,0.0003457177822658,8.887234801522998,0
298,0.0,0.18798170413806,0.0,0.0,0.0,0.0,0.0,0.0,0.4454873614907236,0.05382878,0.0095999344293279,0.267517231,0.0,0.0,31.317518473275385,0.0028552034074177,32.284788687740914,1
299,0.0,0.184164333070871,0.0,0.0,0.0,0.0,0.0,0.0,0.3694327910173264,0.0,0.0134397455606115,0.0,0.0,0.0,3.6136158303094827,0.0002115372428718,4.180864237201163,0
300,0.0,0.095980010681985,0.0,0.0,0.0,0.0,0.0,0.0,1.0206714358549134,0.0,0.0191995955133657,0.160349032,0.0,0.0,27.176723032613815,0.0010356836486876,28.473958790312764,1
301,0.0,0.0610407228638855,0.0,0.0,0.0,0.0,0.0,0.0,1.857157339049234,0.293796811,0.0499189456012979,0.20442361,0.0,0.0,13.428508315098695,0.0055158198724582,15.90036156348557,0
302,0.0,0.0302490275886327,0.0,0.0,0.0,0.0,0.0,0.0,2.57657698504336,0.487932666,0.0595187433579807,0.067853583,0.0,0.0,7.625041778804709,0.0174139102948,10.864586694089482,0
303,0.0,0.0882091818652507,0.0,0.0,0.0,0.0,0.0,0.0,1.693871022443113,0.137613375,0.025919242783807,0.0,0.0,0.37959,5.21781296463221,0.0025873938730601,7.545603180597441,0
304,0.0,0.140736873053758,0.0,0.0,0.0,0.0,0.0,0.0,1.914420184705426,0.0,0.0124797364003245,0.0,0.0,0.30133,1.965451699027361,0.0003266412469108,4.33474513443378,0
305,0.0,0.0932149533071201,0.0,0.0,0.0,0.0,0.0,0.0,1.864418310913539,0.008133584,0.0211195523312493,0.0,0.0,0.2912,1.7163395967356563,0.0007834827179939,3.9952094800055584,0
306,0.0,0.0882091818652507,0.0,0.0,0.0,0.0,0.0,0.0,1.8215023342420693,0.057775893,0.0201594133319495,0.0,0.0,0.4456,1.8295852400730315,0.000344260529193,4.263176323041494,0
307,0.0,0.0211926412884001,0.0,0.0,0.0,0.0,0.0,0.0,2.531777888262758,0.025334212,0.0441590683140146,0.0,0.0,0.36477,8.196891815622317,0.002136705851268,11.186262331338758,0
308,0.0,0.0030798816490334,0.0,0.0,0.0,0.0,0.0,0.0,3.2592056975074,0.054936067,0.0777583570455884,0.0,0.0,0.0,5.631538998098766,0.0060494335293526,9.032568434830141,0
309,0.0,0.0211926412884001,0.0,0.0,0.0,0.0,0.0,0.0,1.6078249631784196,5.23e-05,0.0451190433061403,0.0,0.0,0.0,0.8773148040448536,0.0008002389594948,2.5523039907773084,0
310,0.0,0.102699275519075,0.0,0.0,0.0,0.0,0.0,0.0,0.9279515889975811,0.002889533,0.0211193814904429,0.0,0.0,0.0,1.2226804368137134,0.0003306792993093,2.2776708951201217,0
311,0.0,0.137210621121822,0.0,0.0,0.0,0.0,0.0,0.0,1.4102527542260281,0.0,0.0047998954615252,0.0,0.0,0.0,0.18074615022960866,7.51549874489758e-05,1.7330845760264328,0
312,0.0,0.0610407228638855,0.0,0.0,0.0,0.0,0.0,0.0,1.921962687537423,0.006398764,0.0556788228885811,0.0,0.0,0.0,2.0787715972663623,0.0010287208878467,4.124881315444099,0
313,0.0,0.028437752920806,0.0,0.0,0.0,0.0,0.0,0.0,2.094094102482043,0.034848866,0.0681585592889056,0.0783574,0.0,0.0,5.89961201992841,0.0025668148272799,8.206075515447445,0
314,0.0,0.449818675293381,0.0,0.0,0.0,0.0,0.0,0.0,0.36185059436120803,0.0,0.0019199568178836,0.0,0.0,0.0,12.231562970942816,3.00619949795903e-05,13.045182259410268,0
315,0.0,0.369973454612687,0.0,0.0,0.0,0.0,0.0,0.0,0.5079150726664955,0.0,0.0,0.15973445,0.0,0.0,13.973642205090774,0.0,15.011265182369957,0
316,0.0,0.0791545453133501,0.0,0.0,0.0,0.0,0.0,0.0,1.528597699172568,0.093922999,0.0431996878478952,0.0,0.0,0.0,30.66344682516713,0.0059525323736385,32.41427428887459,1
317,0.0,0.111757968894886,0.0,0.0,0.0,0.0,0.0,0.0,1.667947178595945,0.017372949,0.0355197444046122,0.17780602699999998,0.0,0.0,9.13623657822425,0.001005220310093,11.147645666429787,0
318,0.0,0.0882100372977686,0.0,0.0,0.0,0.0,0.0,0.0,1.3570389549111979,0.0,0.0297594297648645,0.109013938,0.0,0.0,4.792143960954835,0.0008452161459322,6.377011537074598,0
319,0.0,0.100461418135911,0.0,0.0,0.0,0.0,0.0,0.0,1.442132705803387,0.0,0.0278398009613292,0.0,0.0,0.18117,0.893946652269145,0.0004359050298134,2.6459864821995858,0
320,0.0,0.0338720046405452,0.0,0.0,0.0,0.0,0.0,0.0,2.269233581304779,0.017587944,0.0614395612135287,0.0,0.0,0.28829,1.1174576063319877,0.0012295053218413,3.7891102028126813,0
321,0.0,0.100888985894754,0.0,0.0,0.0,0.0,0.0,0.0,1.772154507026039,0.012900052,0.0326393752421384,0.0,0.0,0.0,2.113679520432875,0.0008026782990444,4.033065118894851,0
322,0.0,0.012136384599155,0.0,0.0,0.0,0.0,0.0,0.0,2.369035439126558,0.013120979,0.0902393576678804,0.0,0.0,0.0,3.360266486835281,0.0020792067856455,5.84687785401452,0
323,0.0,0.0030798816490334,0.0,0.0,0.0,0.0,0.0,0.0,3.199453912598929,0.26653323,0.0883193666818354,0.119212158,0.0,0.0,4.211906539963748,0.0103342261785683,7.898839315072115,0
324,0.0,0.0338720046405452,0.0,0.0,0.0,0.0,0.0,0.0,2.6580556829591946,0.007848396,0.0796794277455299,0.331129564,0.0,0.0,1.2704809779860289,0.0035961142994895,4.384662167630788,0
325,0.0,0.0972664365591,0.0,0.0,0.0,0.0,0.0,0.0,1.3455659379570202,0.168684502,0.0134397455606115,0.331300058,0.0,0.0,1.3948334095728891,0.0015491933062804,3.3526392829559013,0
326,0.0,0.0882110482634716,0.0,0.0,0.0,0.0,0.0,0.0,1.7399717513822575,0.463587646,0.0297597851137419,0.321583179,0.0,0.0,1.4433197965658588,0.010253052898081,4.096686259223411,0
327,0.0,0.0700980423632286,0.0,0.0,0.0,0.0,0.0,0.0,1.5308009312659687,0.023152281,0.0287997964543517,0.31961705799999995,0.0,0.0,6.223201067216161,0.0114084696299771,8.207077645929688,0
328,0.0,0.0048911822390577,0.0,0.0,0.0,0.0,0.0,0.0,1.7354342625587829,0.004967816,0.0681595159974215,0.254601257,0.0,0.0,9.070264681906018,0.0015434562661939,11.139862171967474,0
329,0.0,0.453018785233332,0.0,0.0,0.0,0.0,0.0,0.0,0.3103760573721718,0.0,0.0009599954930224,0.0,0.0,0.0,13.282702480312102,1.50312079246017e-05,14.047072349618553,0
330,0.0,0.146170697057238,0.0,0.0,0.0,0.0,0.0,0.0,1.3378645454553724,0.0,0.0143996932182081,0.0,0.0,0.0,9.755452472627976,0.0002338252466416,11.254121233605435,0
331,0.0,0.0338715769242863,0.0,0.0,0.0,0.0,0.0,0.0,2.28138880578854,0.019986904,0.0710384979325472,0.0,0.0,0.0,21.329179449569022,0.003283978432679,23.738749212647075,0
332,0.0,0.0320600689566819,0.0,0.0,0.0,0.0,0.0,0.0,2.28591437930394,0.013901702,0.0633581513049611,0.143381928,0.0,0.0004,4.824625221527945,0.0016955103558044,7.365336961449332,0
333,0.0,0.0682858215351927,0.0,0.0,0.0,0.0,0.0,0.0,1.7004055258580149,0.020322737,0.0355192455494575,0.10203834099999999,0.0,0.05857,2.8635323809031945,0.0016056603995047,4.8502797122453645,0
334,0.0,0.0139475426170929,0.0,0.0,0.0,0.0,0.0,0.0,2.758188768108285,0.335148608,0.0710384979325472,0.021634133,0.0,0.0,7.206810414044904,0.0082056261480597,10.41497358985089,0
335,0.0,0.0121361901826736,0.0,0.0,0.0,0.0,0.0,0.0,2.714978638680857,0.054418392,0.0863974827796554,0.340506195,0.0,0.0,6.506959923503343,0.0038220607177479,9.719218882864277,0
336,0.0,0.0030798816490334,0.0,0.0,0.0,0.0,0.0,0.0,1.9027027511840884,0.119096178,0.0835182343328717,0.340442048,0.0,0.0,5.538654815657856,0.0069750892893017,7.994468998113152,0
337,0.0,0.0048911563168602,0.0,0.0,0.0,0.0,0.0,0.0,2.239607363179017,0.004039522,0.0825582525071137,0.214539601,0.0,0.0,2.6860516002377577,0.0012926657841223,5.232980161024871,0
338,0.0,0.0248151906240536,0.0,0.0,0.0,0.0,0.0,0.0,2.808053181466207,0.206898052,0.0710384979325472,0.0,0.0,0.0,6.171389392905231,0.0052704126131073,9.287464727541145,0
339,0.0,0.150938464485249,0.0,0.0,0.0,0.0,0.0,0.0,1.6211416450371448,0.0,0.0297591359186775,0.0,0.0,0.0,4.242254776934179,0.0007179860432341,6.044812008418485,0
340,0.0,0.0266264652918804,0.0,0.0,0.0,0.0,0.0,0.0,2.419419590051323,0.022110854,0.0700785161067893,0.0,0.0,0.0,11.047558775390561,0.0027993325773769,13.58859353341793,0
341,0.0,0.0175700919527465,0.0,0.0,0.0,0.0,0.0,0.0,2.0598875175201017,0.025827759,0.0758383933940725,0.0,0.0,0.0,3.1218285324322,0.0051559151669561,5.3061082094660765,0
342,0.0,0.0773422078354253,0.0,0.0,0.0,0.0,0.0,0.0,1.5248418657719631,0.0,0.0355192455494575,0.004516631,0.0,0.0,1.2910858884313148,0.0005561469071224,2.933861985495283,0
343,0.0,0.121766621453602,0.0,0.0,0.0,0.0,0.0,0.0,0.3078615334486978,0.0,0.0,0.0,0.0,0.0,0.025898607313322906,0.0,0.4555267622156227,0
344,0.0,0.0919299611582273,0.0,0.0,0.0,0.0,0.0,0.0,1.664981409771243,0.008273551,0.0374397353906572,0.0,0.0,0.0,29.389817710537656,0.0006591113773628,31.193101479235146,1
345,0.0,0.180541770774119,0.0,0.0,0.0,0.0,0.0,0.0,3.0451204345427665,0.000515967,0.0249595206360747,0.0,0.0,0.04537,2.7493606022456096,0.0007813704376779,6.046649665636248,0
346,0.0,0.121007088970792,0.0,0.0,0.0,0.0,0.0,0.0,2.355762198889624,0.0,0.0163198823795885,0.306914646,0.0,0.00184,0.4628826185835466,0.0002555305347182,3.264981965358269,0
347,0.0,0.0103250840091307,0.0,0.0,0.0,0.0,0.0,0.0,2.594556645895028,0.014118618,0.059519577061116,0.391411124,0.0,0.0,3.226443883825891,0.0017642879829205,6.298139220774086,0
348,0.0,0.0030798816490334,0.0,0.0,0.0,0.0,0.0,0.0,3.097311723396196,0.012540333,0.0940781984233834,0.0,0.0,0.0,1.2390080014547589,0.0025039141235959,4.448522052046967,0
349,0.0,0.0139476851891792,0.0,0.0,0.0,0.0,0.0,0.0,1.8363281709610075,0.0,0.0575995860750711,0.0,0.0,0.0,2.8999349389011058,0.0009018724754761,4.80871225360184,0
350,0.0,0.0982213573659588,0.0,0.0,0.0,0.0,0.0,0.0,1.4980157849050524,0.0,0.0383997240500474,0.0,0.0,0.0,1.1367822262704625,0.0009264468315038,2.772345539423025,0
351,0.0,0.12782354411206,0.0,0.0,0.0,0.0,0.0,0.0,1.6581450027881324,0.0,0.0220798416704589,0.0,0.0,0.0,0.6685108951628342,0.0003457177822658,2.476905001515751,0
352,0.0,0.112570618333748,0.0,0.0,0.0,0.0,0.0,0.0,1.6588094687607895,0.001391219,0.019199629681527,0.0,0.0,0.0,0.9817822399564151,0.0003006205510382,2.7740537962835177,0
353,0.0,0.0700980423632286,0.0,0.0,0.0,0.0,0.0,0.0,1.6074508117077588,0.0,0.0431996878478952,0.0,0.0,0.0,2.2420708451282803,0.000676404356607,3.96349579140377,0
354,0.0,0.0719093429532529,0.0,0.0,0.0,0.0,0.0,0.0,1.640099218653335,0.0,0.0364797398976347,0.0,0.0,0.0,4.065153408936545,0.0014954480178819,5.81513715845865,0
355,0.0,0.0193815999203509,0.0,0.0,0.0,0.0,0.0,0.0,1.838691077877727,0.056399067,0.0825594073909651,0.004228733,0.0,0.0,1.7085958082858506,0.0027159228662186,3.712571616341112,0
356,0.0,0.0700980423632286,0.0,0.0,0.0,0.0,0.0,0.0,3.795211628054256,30.068635233,0.0518396267842007,0.0,0.0,0.0,2.506269556684224,0.0020812353292507,36.49413532221516,1
357,0.0,0.053463265458997,0.0,0.0,0.0,0.0,0.0,0.0,3.474990406693682,0.164279197,0.0518390049236654,0.328129232,0.0,0.03755,31.080947463194335,0.0058953903532156,35.19709395962389,1
358,0.0,0.0798722084115721,0.0,0.0,0.0,0.0,0.0,0.0,2.667891293269436,2.524470131,0.0086399389363055,0.452025851,0.0,0.0,0.7974427550383777,0.0049657526138606,6.535307930269552,0
359,0.0,0.0370658586017646,0.0,0.0,0.0,0.0,0.0,0.0,2.6587158209271466,0.0,0.0537596177702457,0.0,0.0,0.0,2.8085328111848065,0.0008417476437776,5.558915856127741,0
360,0.0,0.0211926801716963,0.0,0.0,0.0,0.0,0.0,0.0,2.4465240145622773,0.0,0.0652787504842768,0.0,0.0,0.0,0.7378463999694601,0.0010221098735299,3.2718639550612405,0
361,0.0,0.0537963240919112,0.0,0.0,0.0,0.0,0.0,0.0,1.4930159157948701,0.0,0.0297597851137419,0.0,0.0,0.0,2.680565041899186,0.0004659674456626,4.257603034345372,0
362,0.0,0.144361405437521,0.0,0.0,0.0,0.0,0.0,0.0,1.1397080345887567,0.0,0.0028799796454351,0.0,0.0,0.0,0.18673652451486467,4.50936237738052e-05,1.4737310378103512,0
363,0.0,0.170629887264399,0.0,0.0,0.0,0.0,0.0,0.0,1.1496739094360262,0.0,0.0105599230887182,0.0,0.0,0.0,0.09471199497725237,0.0001653432871706,1.4257410580535665,0
364,0.0,0.0280090586078873,0.0,0.0,0.0,0.0,0.0,0.0,1.3646209526034747,0.0,0.0115197819090955,0.0,0.0,0.0,1.3550569745993324,0.0001803723306229,2.759387140050413,0
365,0.0,0.006702482829082,0.0,0.0,0.0,0.0,0.0,0.0,1.3786925693819738,0.0,0.0211198461774364,0.0,0.0,0.0,10.1653801106066,0.0003306865743412,11.572225695569433,0
366,0.0,0.111757968894886,0.0,0.0,0.0,0.0,0.0,0.0,1.273734203058146,0.0,0.0124799140747631,0.002304928,0.0,0.0,18.139362011682962,0.0001954057030198,19.539834431413777,0
367,0.0,0.118574424036154,0.0,0.0,0.0,0.0,0.0,0.0,1.1744896269423057,0.0,0.0105599230887182,0.002042713,0.0,0.0,11.568211298543044,0.000176290565969,12.87405427617619,0
368,0.0,0.0352538535779701,0.0,0.0,0.0,0.0,0.0,0.0,2.2501107537332454,0.833274951,0.0556783787024845,0.29206971800000003,0.0,0.03756,28.559041544278536,0.0147582160787797,32.077747415371014,1
369,0.0,0.0320603022564595,0.0,0.0,0.0,0.0,0.0,0.0,2.679152740954304,0.373344014,0.0527988842449395,0.0,0.0,0.0,7.009303625186621,0.0075945449177386,10.154254111560062,0
370,0.0,0.0773422078354253,0.0,0.0,0.0,0.0,0.0,0.0,2.483160761450879,0.0,0.0297593682621742,0.0,0.0,0.0,6.25499845677745,0.0004659609221836,8.845726755248112,0
371,0.0,0.0320600689566819,0.0,0.0,0.0,0.0,0.0,0.0,2.4035850218436585,0.022937686,0.0460786561157564,0.0,0.0,0.0,2.0036337247978246,0.0017623070989117,4.510057464812833,0
372,0.0,0.0465505125601725,0.0,0.0,0.0,0.0,0.0,0.0,1.2560090447696075,0.003039899,0.0038399204693995,0.0,0.0,0.0,3.088369177478173,6.01239899591806e-05,4.3978686782673115,0
373,0.0,0.241459923709782,0.0,0.0,0.0,0.0,0.0,0.0,1.205309981258873,0.0,0.0047998954615252,0.0,0.0,0.0,10.760619385382196,7.51549874489758e-05,12.212264340799825,0
374,0.0,0.0792497799069701,0.0,0.0,0.0,0.0,0.0,0.0,1.1888865769351211,0.064179,0.0345592705573318,0.0,0.0,0.0,15.648518805848306,0.0027045980156968,17.018098031263428,0
375,0.0,0.0098961896837777,0.0,0.0,0.0,0.0,0.0,0.0,1.5299278319914627,0.0,0.045118687957263,0.0,0.0,0.0,11.894380433564072,0.0007064512303427,13.480029594426918,0
376,0.0,0.0135187901561492,0.0,0.0,0.0,0.0,0.0,0.0,1.450299586645646,0.0,0.0364792273752154,0.0,0.0,0.0,2.2602902235920306,0.0005711779046122,3.7611590056736537,0
377,0.0,0.0189526271207283,0.0,0.0,0.0,0.0,0.0,0.0,1.2922100321591161,0.0,0.0662386024710219,0.005011427,0.0,0.0,6.04129221038599,0.0010892975565695,7.424794196693425,0
378,0.0,0.0338715769242863,0.0,0.0,0.0,0.0,0.0,0.0,1.153811334617622,0.0,0.0182396136876077,0.0,0.0,0.0,1.790145099403311,0.0002855889523061,2.996353213585133,0
379,0.0,0.146170982201411,0.0,0.0,0.0,0.0,0.0,0.0,1.2949133366666434,0.0,0.0038399273030318,0.0,0.0,0.04739,24.3998410459965,6.01241102076415e-05,25.892215416277793,0
380,0.0,0.107995523414302,0.0,0.0,0.0,0.0,0.0,0.0,2.0721647028803822,0.011136994,0.0614395612135287,0.0,0.0,0.0,5.50755460110355,0.0023585071079934,7.762649889719756,0
381,0.0,0.102272718725935,0.0,0.0,0.0,0.0,0.0,0.0,1.8421446291765375,0.0,0.0105599230887182,0.0,0.0,0.0,0.5844959610531222,0.0001653432871706,2.5396385753314834,0
382,0.0,0.0863987496688431,0.0,0.0,0.0,0.0,0.0,0.0,2.2835333320845908,0.0,0.0134397455606115,0.0,0.0,0.0,9.012678206822944,0.0002104343857267,11.396260468522716,0
383,0.0,0.0628528270420327,0.0,0.0,0.0,0.0,0.0,0.0,1.2737726381048429,0.0,0.0211198461774364,0.0,0.0,0.0,23.74859371798914,0.0003306865743412,25.106669715887797,0
384,0.0,0.0461223745129848,0.0,0.0,0.0,0.0,0.0,0.0,2.383358878643135,0.108100292,0.0527996222772232,0.0,0.0,0.0,7.1300292473138605,0.0043810948633872,9.724791509610592,0
385,0.0,0.0030798816490334,0.0,0.0,0.0,0.0,0.0,0.0,2.11917268926889,0.009848279,0.0931193373133155,0.0,0.0,0.0,1.4910960283874577,0.0030618478833503,3.719378063502047,0
386,0.0,0.0048911563168602,0.0,0.0,0.0,0.0,0.0,0.0,1.8054244465272655,0.018353181,0.0902382711203516,0.0,0.0,0.0,1.0397125616236276,0.0014129165898795,2.9600325331779844,0
387,0.0,0.012136384599155,0.0,0.0,0.0,0.0,0.0,0.0,1.746501028482658,0.069902936,0.0614395612135287,0.00413925,0.0,0.0,0.9590758418999181,0.0065150729908594,2.8597100751861193,0
388,0.0,0.0085137834191063,0.0,0.0,0.0,0.0,0.0,0.0,1.763303954963908,0.0,0.0902393576678804,0.001291424,0.0,0.0,4.234418437943009,0.0046497735929729,6.102416731586876,0
389,0.0,0.0139476851891792,0.0,0.0,0.0,0.0,0.0,0.0,1.173627096967424,0.0,0.0134399027341534,0.0,0.0,0.0,0.13057908264310386,0.0002104369109444,1.331804204444805,0
390,0.0,0.114951822856105,0.0,0.0,0.0,0.0,0.0,0.0,0.5195112958910522,0.0,0.0047999637978478,0.0,0.0,0.0,25.219736902481525,7.51560396230087e-05,25.859075141066153,0
391,0.0,0.0764857502856673,0.0,0.0,0.0,0.0,0.0,0.0,0.2807334747127868,0.075875916,0.0009599954930224,0.0,0.0,0.0,24.557172385872033,8.39631221199803e-05,24.991311485485628,0
392,0.0,0.047933131798377,0.0,0.0,0.0,0.0,0.0,0.0,0.7845133322973423,0.0,0.0019199636515159,0.0,0.0,0.0,27.05050423058988,3.00620551038208e-05,27.884900720392217,1
393,0.0,0.329176149793793,0.0,0.0,0.0,0.0,0.0,0.0,1.0735182347089764,0.0,0.0,0.0,0.0,0.0,0.052666990134809015,0.0,1.4553613746375784,0
394,0.0,0.253477473484155,0.0,0.0,0.0,0.0,0.0,0.0,1.1970157710862543,0.013410037,0.0124799140747631,0.0,0.0,0.0,2.059583155846092,0.0022176929816939,3.538184044472958,0
395,0.0,0.110568025992007,0.0,0.0,0.0,0.0,0.0,0.0,1.5819033694653344,0.0,0.0403197150360923,0.0,0.0,0.0,2.0803706188316817,0.0006313107328332,3.8137930400579485,0
396,0.0,0.0393054786943592,0.0,0.0,0.0,0.0,0.0,0.0,1.8742776256879072,0.156203204,0.0710386414388246,0.002203159,0.0,0.0,2.6675326749287493,0.0112682329511294,4.82182901670097,0
397,0.0,0.196320556951058,0.0,0.0,0.0,0.0,0.0,0.0,1.2688122507070339,0.0,0.0038399751384576,0.003800982,0.0,0.0,0.4409955616713629,6.0124831698407e-05,1.9138294512996108,0
398,0.0,0.10089016535474,0.0,0.0,0.0,0.0,0.0,0.0,1.3666989711887674,0.0,0.034559755745222,0.0,0.0,0.0,1.7873127592196525,0.0007045398546211,3.290166191363003,0
399,0.0,0.0175702993303266,0.0,0.0,0.0,0.0,0.0,0.0,1.3226723266544798,0.0,0.0057599592908703,0.0,0.0,0.0,3.109677818582422,9.01872475476105e-05,4.455770591105646,0
400,0.0,0.0175699753028577,0.0,0.0,0.0,0.0,0.0,0.0,0.6831847551811903,0.0,0.0009599749921257,0.0,0.0,0.0,13.880665042405859,1.50308772413342e-05,14.582394778759273,0
401,0.0,0.172342523012086,0.0,0.0,0.0,0.0,0.0,0.0,1.066545330411163,0.0,0.0047998954615252,0.0,0.0,0.0,28.43007317305818,7.51549874489758e-05,29.673836076930403,1
402,0.0,0.18621137974379,0.0,0.0,0.0,0.0,0.0,0.0,1.0766695778301467,0.001031934,0.0047998954615252,0.0,0.0,0.0,3.728918753152894,9.28076350544071e-05,4.997724347823411,0
403,0.0,0.185878937647663,0.0,0.0,0.0,0.0,0.0,0.0,1.1248518718509426,0.025834223,0.0057598772872832,0.001735821,0.0,0.0,0.21692402650141238,9.63665285968363e-05,1.561081123815898,0
404,0.0,0.162995950867694,0.0,0.0,0.0,0.0,0.0,0.0,1.0203685269651819,0.0,0.0086397475946023,0.003607087,0.0,0.0,4.699566554026216,0.000135277895172,5.895313144348867,0
405,0.0,0.26477036266022,0.0,0.0,0.0,0.0,0.0,0.0,0.9751717507734843,0.0,0.0038399204693995,0.0,0.0,0.0,27.811230347359935,6.01239899591806e-05,29.055072505252998,1
406,0.0,0.136353129161033,0.0,0.0,0.0,0.0,0.0,0.0,1.0744257843734697,0.0,0.0115197545745665,0.0,0.0,0.0,27.10561136027436,0.0001803719698775,28.328090400353307,1
407,0.0,0.0678570820353477,0.0,0.0,0.0,0.0,0.0,0.0,1.332955467254948,0.0,0.0057598772872832,0.0,0.0,0.0,26.703881529116497,9.01859849387709e-05,28.110544141679014,1
408,0.0,0.0660453025923465,0.0,0.0,0.0,0.0,0.0,0.0,1.3693736814134179,0.068934429,0.0268792177759327,0.005612783,0.0,0.0,38.039051799965385,0.0018520097772548,39.577749223524336,1
409,0.0,0.0374941262599399,0.0,0.0,0.0,0.0,0.0,0.0,1.4579837114110465,0.013563722,0.0767983752198305,0.018031177,0.0,0.0,1.7767411133583495,0.0017367278578811,3.3823489531070474,0
410,0.0,0.0157588172849197,0.0,0.0,0.0,0.0,0.0,0.0,1.8768869991594603,0.144835952,0.0825582525071137,0.000671797,0.0,0.0,4.037514629657099,0.0114256934068415,6.169652141015434,0
411,0.0,0.0588002557654344,0.0,0.0,0.0,0.0,0.0,0.0,1.134974850885997,0.0,0.0374389085211541,0.0,0.0,0.0,2.6072794242703754,0.000586204212412,3.839079643655373,0
412,0.0,0.129869212085698,0.0,0.0,0.0,0.0,0.0,0.0,0.8417665740016231,0.0,0.0182396136876077,0.0,0.0,0.0,0.580220288874605,0.0002855889523061,1.57038127760184,0
413,0.0,0.144359422389411,0.0,0.0,0.0,0.0,0.0,0.0,0.8064225440841608,0.0,0.0105597795824408,0.0,0.0,0.0,2.6721001224119707,0.0001653409723877,3.633607209440371,0
414,0.0,0.0900211434713116,0.0,0.0,0.0,0.0,0.0,0.0,1.8858111427025857,0.079431679,0.0451190433061403,0.0003449,0.0,0.0,3.3427763364546252,0.002759966802158,5.446264211736821,0
415,0.0,0.0211924987163138,0.0,0.0,0.0,0.0,0.0,0.0,2.738492339479891,0.041178335,0.0729578738916891,0.0,0.0,0.0,4.8842358884174555,0.0059394673425044,7.763996402847853,0
416,0.0,0.118958020497395,0.0,0.0,0.0,0.0,0.0,0.0,2.387321565340085,0.025824701,0.0499189456012979,0.0,0.0,0.0,5.287847512566305,0.0014816601998927,7.871352405204976,0
417,0.0,0.263773042675469,0.0,0.0,0.0,0.0,0.0,0.0,2.0392226723724853,6.76e-05,0.0134397182260824,0.0,0.0,0.0,1.0439325365248837,0.0002104339648571,3.3606460037637773,0
418,0.0,0.0783923009072801,0.0,0.0,0.0,0.0,0.0,0.0,1.2363786742369178,0.0,0.0124797364003245,0.0,0.0,0.0,1.7941287385681628,0.0001954029673673,3.1215748530800527,0
419,0.0,0.0429276391970501,0.0,0.0,0.0,0.0,0.0,0.0,1.787189374001588,0.015957338,0.0470386311078821,0.006473458,0.0,0.0,3.858832643816435,0.0016940926488057,5.76011317677176,0
420,0.0,0.147651558152349,0.0,0.0,0.0,0.0,0.0,0.0,0.8963903373862521,0.011349329,0.007679943443283,0.0,0.0,0.0,24.56997441879201,0.0004286083211955,25.63347419509509,0
421,0.0,0.265824135806573,0.0,0.0,0.0,0.0,0.0,0.0,1.0993797722540077,0.0,0.0019199841524126,0.005194693,0.0,0.0,24.761263663219246,4.31897685779473e-05,26.13362543820082,0
422,0.0,0.154037452647941,0.0,0.0,0.0,0.0,0.0,0.0,0.5698717536791231,0.0,0.0,0.0,0.0,0.0,24.073339598330016,0.0,24.79724880465708,0
423,0.0,0.23388560249801,0.0,0.0,0.0,0.0,0.0,0.0,0.4930336417204211,0.0,0.007679943443283,0.0,0.0,0.0,0.3565175719364392,0.0001202496633968,1.0912370092615502,0
424,0.0,0.028437804765201,0.0,0.0,0.0,0.0,0.0,0.0,2.105777269379661,0.480177107,0.0604788413554871,0.01614527,0.0,0.0,12.096070897362509,0.0296098872085762,14.816697077071433,0
425,0.0,0.0356833052305695,0.0,0.0,0.0,0.0,0.0,0.0,1.6855559645758804,0.009465005,0.0691195046568117,0.0,0.0,0.0,28.284785930869436,0.0019560862498312,30.086565796582526,1
426,0.0,0.0284381028704724,0.0,0.0,0.0,0.0,0.0,0.0,1.5405262194775804,0.003088404,0.0815994187315749,0.0,0.0,0.0,4.477738807691783,0.0022233743493072,6.133614327120718,0
427,0.0,0.0955514456262154,0.0,0.0,0.0,0.0,0.0,0.0,0.8854060154482336,0.017523119,0.0412792116739601,0.0,0.0,0.0,1.5444383835449425,0.0006463341847321,2.5848445094780836,0
428,0.0,0.272640590947841,0.0,0.0,0.0,0.0,0.0,0.0,0.9920383982073008,0.000189099,0.017279877872611,0.0,0.0,0.0,1.9567697313691996,0.0003363146165018,3.239254012013454,0
429,0.0,0.130921092662202,0.0,0.0,0.0,0.0,0.0,0.0,0.9660866259148597,0.003021422,0.0182398665320012,0.0,0.0,0.0,0.3424067417461446,0.0007900565687655,1.461465805423973,0
430,0.0,0.157950783134229,0.0,0.0,0.0,0.0,0.0,0.0,1.7309971976030636,0.142360631,0.034559755745222,0.006426005,0.0,0.0,1.3332004860196887,0.0038215540830195,3.409316412585223,0
431,0.0,0.0356829163976069,0.0,0.0,0.0,0.0,0.0,0.0,3.080504198292759,0.041544919,0.0671987141357928,0.0,0.0,0.0,1.3900900542123729,0.0052049704303162,4.620225772468848,0
432,0.0,0.209577486182545,0.0,0.0,0.0,0.0,0.0,0.0,1.82584270664653,0.008868712,0.0335997602521995,0.0,0.0,0.0,5.964248389490558,0.0055723629547788,8.047709417526612,0
433,0.0,0.299810112759304,0.0,0.0,0.0,0.0,0.0,0.0,1.3626282875409974,0.0,0.0009599954930224,0.003045561,0.0,0.0,0.14559230167375298,1.50312079246017e-05,1.8120512896750014,0
434,0.0,0.0519850235018869,0.0,0.0,0.0,0.0,0.0,0.0,1.30109595243887,0.0,0.0028799796454351,0.00652492,0.0,0.0,0.11640578864654713,4.50936237738052e-05,1.4789367578565131,0
435,0.0,0.0863987496688431,0.0,0.0,0.0,0.0,0.0,0.0,1.4102274858263313,0.0,0.043199175325476,0.00775223,0.0,0.0,2.8091103381583915,0.0006763962398359,4.357364375218878,0
436,0.0,0.110426690365454,0.0,0.0,0.0,0.0,0.0,0.0,1.9582058505857725,0.0,0.0547188410628232,0.0,0.0,0.0,22.766159333747304,0.0034367703320913,24.892947486093444,0
437,0.0,0.328314098369374,0.0,0.0,0.0,0.0,0.0,0.0,1.1804577660224669,0.0,0.0105597795824408,0.0,0.0,0.0,25.64385710176492,0.0001653409723877,27.16335408671159,0
438,0.0,0.269869622393779,0.0,0.0,0.0,0.0,0.0,0.0,0.8745896274752101,0.0,0.0019199431506191,0.0,0.0,0.0,24.956274035405887,3.00617544826685e-05,26.10268329017998,0
439,0.0,0.305336101515063,0.0,0.0,0.0,0.0,0.0,0.0,0.9403688896908313,0.0,0.0057598772872832,0.0,0.0,0.0,0.9632262311870461,9.01859849387709e-05,2.2147812856651625,0
440,0.0,0.397956555235362,0.0,0.0,0.0,0.0,0.0,0.0,1.2160131919875083,0.0,0.0,0.0,0.0,0.0,0.1619608663924798,0.0,1.77593061361535,0
441,0.0,0.191794274238092,0.0,0.0,0.0,0.0,0.0,0.0,1.8093118825589878,0.002313068,0.0460790251318983,0.003403743,0.0,0.0,1.048211675100033,0.0008260438106822,3.101939711839693,0
442,0.0,0.0030798816490334,0.0,0.0,0.0,0.0,0.0,0.0,2.4135305868984704,0.0,0.0883174259302746,0.005289304,0.0,0.0,4.727663848805001,0.0052470406019745,7.243128087884754,0
443,0.0,0.0411166755955934,0.0,0.0,0.0,0.0,0.0,0.0,1.6989508839041971,0.520733792,0.0614387001758644,0.007470778,0.0,0.0,5.417415624332177,0.0110654886183465,7.758191942626179,0
444,0.0,0.0356828515921131,0.0,0.0,0.0,0.0,0.0,0.0,1.7802820311542191,0.0,0.0719984797583052,0.004049289,0.0,0.0,1.3425308345783888,0.0034038417238058,3.237947327806832,0
445,0.0,0.133491761421352,0.0,0.0,0.0,0.0,0.0,0.0,1.3691508086398256,0.009960186,0.0124797364003245,0.0,0.0,0.0,0.7209768260200424,0.000442274580933,2.2465015930624777,0
446,0.0,0.140735771360364,0.0,0.0,0.0,0.0,0.0,0.0,1.1895825582977757,0.020032284,0.0067198044439831,0.0,0.0,0.0,1.9733184399241033,0.0001052161406893,3.330494074166915,0
447,0.0,0.134736298006936,0.0,0.0,0.0,0.0,0.0,0.0,1.6770121072515627,0.0,0.0441596833409177,0.0,0.0,0.0,0.8365665600030278,0.0006914355645316,2.693166084166976,0
448,0.0,0.298620169856425,0.0,0.0,0.0,0.0,0.0,0.0,1.0786591509436008,0.0,0.0124799140747631,0.0,0.0,0.0,0.3606507426810547,0.0001954057030198,1.7506053832588633,0
449,0.0,0.133019747338691,0.0,0.0,0.0,0.0,0.0,0.0,0.7904048830714573,0.005493537,0.0220795751588008,0.0,0.0,0.0,0.8798224272695607,0.0003457136336939,1.8311658834722038,0
450,0.0,0.153803123020644,0.0,0.0,0.0,0.0,0.0,0.0,0.6574629618637531,0.0,0.0115199185817407,0.0,0.0,0.0,31.637512589446846,0.0001803744950952,32.46047896740808,1
451,0.0,0.154135571485864,0.0,0.0,0.0,0.0,0.0,0.0,1.3382435159149733,0.0,0.0009599954930224,0.0,0.0,0.0,6.842430586054952,1.50312079246017e-05,8.335784700156736,0
452,0.0,0.0465511217318141,0.0,0.0,0.0,0.0,0.0,0.0,1.8605506310503908,0.016071235,0.049919642631788,0.0,0.0,0.0,1.3750159090032346,0.0026683936574689,3.3507769330746964,0
453,0.0,0.0501731526235174,0.0,0.0,0.0,0.0,0.0,0.0,1.5985788355179633,0.004719843,0.0249595206360747,0.00410961,0.0,0.0,3.357438647808079,0.0018688467385158,5.04184845632415,0
454,0.0,0.0157589857792035,0.0,0.0,0.0,0.0,0.0,0.0,1.59102883380085,0.005619742,0.0643195408589639,0.0,0.0,0.0,4.743613718593528,0.0041781508215744,6.42451897185412,0
455,0.0,0.149034111523544,0.0,0.0,0.0,0.0,0.0,0.0,1.530703938221645,0.0,0.0230398371634813,0.0,0.0,0.0,0.8554308332665597,0.0003607489901904,2.55856946916542,0
456,0.0,0.154800461758837,0.0,0.0,0.0,0.0,0.0,0.0,1.193098759618846,0.0,0.0067199547838928,0.0,0.0,0.0,0.8584257674547353,0.0001052184554722,2.2131501620717833,0
457,0.0,0.12944072515036,0.0,0.0,0.0,0.0,0.0,0.0,1.125894262441854,0.0,0.0095998182575796,0.0,0.0,0.0,1.4628679641780054,0.0003439403366038,2.7281467103644026,0
458,0.0,0.179353948406768,0.0,0.0,0.0,0.0,0.0,0.0,0.34715504937079544,0.0,0.0,0.0,0.0,0.0,1.0891783829644903,0.0,1.6156873807420538,0
459,0.0,0.175676503810216,0.0,0.0,0.0,0.0,0.0,0.0,0.347444818314025,0.0,0.0009599818257579,0.0,0.0,0.0,0.6252631332306804,1.50310275519104e-05,1.149359468208231,0
460,0.0,0.251141113960594,0.0,0.0,0.0,0.0,0.0,0.0,0.3453087729727521,0.0,0.0009599954930224,0.0,0.0,0.0,1.030032479242817,1.50312079246017e-05,1.62745739287711,0
461,0.0,0.219823944996645,0.0,0.0,0.0,0.0,0.0,0.0,0.336016494946618,0.0,0.0019199841524126,0.0,0.0,0.0,0.3263757000831232,3.00624158492035e-05,0.8841661865946481,0
462,0.0,0.332273705001403,0.0,0.0,0.0,0.0,0.0,0.0,0.3428016271685569,0.0,0.0019199841524126,0.0,0.0,0.0,7.227810371210201,3.00624158492035e-05,7.904835749948423,0
463,0.0,0.285648756200963,0.0,0.0,0.0,0.0,0.0,0.0,0.3515082227531141,0.0,0.0009599818257579,0.0,0.0,0.0,23.906244373996255,1.50310275519104e-05,24.544376365803643,0
464,0.0,0.184498947258547,0.0,0.0,0.0,0.0,0.0,0.0,0.4247312600026574,0.001555526,0.0067199547838928,0.0,0.0,0.0,25.295359332968378,0.0001106288795251,25.912975649893,0
465,0.0,0.109946668304862,0.0,0.0,0.0,0.0,0.0,0.0,0.5445731888182178,0.05370208,0.0259198168089165,0.0,0.0,0.0,0.6481976880751241,0.0015725276294354,1.3839119696365558,0
466,0.0,0.0986501175458868,0.0,0.0,0.0,0.0,0.0,0.0,1.2740576604496552,0.0,0.0009599954930224,0.0,0.0,0.0,28.231434689164576,1.50312079246017e-05,29.605117493861066,1
467,0.0,0.0537963240919112,0.0,0.0,0.0,0.0,0.0,0.0,1.462398880451559,0.114007929,0.0518396267842007,0.0,0.0,0.0,3.2266869560303744,0.002713765879539,4.911443482237584,0
468,0.0,0.0610408395137744,0.0,0.0,0.0,0.0,0.0,0.0,1.1985105441001196,0.0,0.0009599818257579,0.0,0.0,0.0,0.5657731081825089,1.50310275519104e-05,1.8262995046497126,0
469,0.0,0.132828698663303,0.0,0.0,0.0,0.0,0.0,0.0,1.735294311413585,0.009649351,0.024959821315894,0.0,0.0,0.0,4.768177533224826,0.0004454301008584,6.671355145718466,0
470,0.0,0.277645745499084,0.0,0.0,0.0,0.0,0.0,0.0,1.462565825635058,0.0,0.0086399389363055,0.0,0.0,0.0,0.3213042648228172,0.0002035762914846,2.070359351184749,0
471,0.0,0.221442635118353,0.0,0.0,0.0,0.0,0.0,0.0,1.1272071897071247,0.198891534,0.0038399751384576,0.0,0.0,0.0,0.7653014163452119,0.0007174202647155,2.3174001705738627,0
472,0.0,0.203755956800088,0.0,0.0,0.0,0.0,0.0,0.0,1.164472405929771,0.0,0.0,0.0,0.0,0.0,0.6310162133735746,0.0,1.9992445761034336,0
473,0.0,0.166674831315499,0.0,0.0,0.0,0.0,0.0,0.0,1.2199299198851945,0.020046726,0.0124799140747631,0.079543201,0.0,0.0,6.937114156690322,0.000466977652731,8.43625572661851,0
474,0.0,0.28136465839384,0.0,0.0,0.0,0.0,0.0,0.0,1.237906062703101,0.0,0.0095999344293279,0.211828247,0.0,0.0,8.848033334548852,0.000150312079246,10.588882549154366,0
475,0.0,0.47579882966696,0.0,0.0,0.0,0.0,0.0,0.0,0.910987976489602,0.0,0.0,0.0,0.0,0.0,0.5280147200832906,0.0,1.9148015262398526,0
476,0.0,0.149130403973522,0.0,0.0,0.0,0.0,0.0,0.0,0.6599469369421621,0.0,0.015359886886566,0.0,0.0,0.0,0.9065695460704531,0.0002404993267936,1.7312472731994968,0
477,0.0,0.109946668304862,0.0,0.0,0.0,0.0,0.0,0.0,0.8745358196831641,0.0,0.0220798416704589,0.0,0.0,0.0,0.5301673756382875,0.0005561151118095,1.537285820408582,0
478,0.0,0.0284381028704724,0.0,0.0,0.0,0.0,0.0,0.0,1.141660348825167,0.0,0.0623995567065512,0.0,0.0,0.0,1.18424748537326,0.0026487026676332,2.419394196443084,0
479,0.0,0.0700972387751058,0.0,0.0,0.0,0.0,0.0,0.0,1.0926386471227854,0.0,0.0335993570678964,0.0,0.0,0.0,5.551920728167663,0.0005260859643168,6.748782057097767,0
480,0.0,0.161616916900105,0.0,0.0,0.0,0.0,0.0,0.0,0.6511895472513294,0.002889533,0.0009599954930224,0.0,0.0,0.0,0.19508740618179457,1.50312079246017e-05,1.011758430034176,0
481,0.0,0.160619578161911,0.0,0.0,0.0,0.0,0.0,0.0,0.6215186872648929,0.0,0.0047999637978478,0.28435375,0.0,0.0,0.22394405347047097,7.51560396230087e-05,1.2953111887347457,0
482,0.0,0.112379326582031,0.0,0.0,0.0,0.0,0.0,0.0,0.6273072192936127,0.023165385,0.0115199185817407,0.256568275,0.0,0.0,1.0100633755308044,0.0003466870314489,2.0413501870196376,0
483,0.0,0.236647900901513,0.225552258443891,0.0,0.0,0.0,0.0,0.0,0.3972274636613068,0.025590147,0.0019199636515159,0.0,0.0,0.0,14.154922889916122,7.51345989801583e-05,15.041935758173329,0
484,0.0,0.216726389789034,0.0,0.0,0.0,0.0,0.0,0.0,0.46533553654469,0.0,0.0,0.0,0.0,0.0,21.006911062182812,0.0,21.688972988516536,0
485,0.0,0.190790343466278,0.0,0.0,0.0,0.0,0.0,0.0,0.3647943732657579,0.0,0.0019199841524126,0.0,0.0,0.0,7.729871236246037,3.00624158492035e-05,8.287405999546335,0
486,0.0,0.323642107070423,0.0,0.0,0.0,0.0,0.0,0.0,0.3471521679915892,0.0,0.0,0.0,0.0,0.0,24.91437996602844,0.0,25.585174241090453,0
487,0.0,0.1021328744254,0.0,0.0,0.0,0.0,0.0,0.0,0.3504492910048606,0.0,0.007679943443283,0.0,0.0,0.0,23.17740998342094,0.0001202496633968,23.63779234195788,0
488,0.0,0.257721426047718,0.0,0.0,0.0,0.0,0.0,0.0,0.4193283829057072,0.0,0.0047999637978478,0.0,0.0,0.0,22.593783085813282,7.51560396230087e-05,23.275708014604177,0
489,0.0,0.0846847587981302,0.0,0.0,0.0,0.0,0.0,0.0,0.9085365270644228,1.299047073,0.0441596833409177,0.0,0.0,0.0,20.297926900439535,0.024165312992984,22.658520255635988,0
490,0.0,0.0914036656781946,0.0,0.0,0.0,0.0,0.0,0.0,1.2280319246297269,0.0,0.0047998954615252,0.0,0.0,0.0,31.419506009955214,7.51549874489758e-05,32.743816650712105,1
491,0.0,0.14435829477382,0.0,0.0,0.0,0.0,0.0,0.0,1.2156183719617681,0.0,0.0009599749921257,0.0,0.0,0.0,1.4912544557248222,1.50308772413342e-05,2.8522061283297773,0
492,0.0,0.169577452676123,0.0,0.0,0.0,0.0,0.0,0.0,1.6120618622058143,0.0,0.0201595705054914,0.0,0.0,0.0,1.8401224112302095,0.0004750069276665,3.6423963035453046,0
493,0.0,0.241223779017373,0.0,0.0,0.0,0.0,0.0,0.0,1.5253729896681998,0.008139263,0.0201595705054914,0.0,0.0,0.0,5.439948987345836,0.0003663359047464,7.235210925441647,0
494,0.0,0.231021002241568,0.0,0.0,0.0,0.0,0.0,0.0,1.2354312048705123,0.0,0.0057598772872832,0.0,0.0,0.0,11.236376117155292,9.01859849387709e-05,12.708678387539594,0
495,0.0,0.242604396558433,0.0,0.0,0.0,0.0,0.0,0.0,1.2279230365058849,0.0,0.0057598294518574,0.0,0.0,0.0,26.41599640650133,9.01852634480054e-05,27.89237385428095,1
496,0.0,0.166383642840314,0.0,0.0,0.0,0.0,0.0,0.0,1.2400040145629692,0.010732576,0.0115197545745665,0.0,0.0,0.0,25.794571965418076,0.0001803719698775,27.2233923253658,0
497,0.0,0.0266264652918804,0.0,0.0,0.0,0.0,0.0,0.0,1.9173094170849692,0.017055706,0.0470390069576563,0.291628766,0.0,0.0,28.283177618787658,0.0011867069378445,30.584023687060007,1
498,0.0,0.0980794364323943,0.0,0.0,0.0,0.0,0.0,0.0,1.1013155919316926,0.0,0.0105596907452215,0.0,0.0,0.0,33.678486624255086,0.0001653396496546,34.888606683014046,1
499,0.0,0.161807297836524,0.0,0.0,0.0,0.0,0.0,0.0,0.37237291835708597,0.0,0.0057598772872832,0.0,0.0,0.0,14.923037406452433,9.01859849387709e-05,15.463067685918265,0
500,0.0,0.0809647571710789,0.0,0.0,0.0,0.0,0.0,0.0,0.5143887296929868,0.0,0.0067198591130412,0.0,0.0,0.0,0.5209995064815253,0.0001052169824285,1.1231780694410607,0
501,0.0,0.0193813666205733,0.0,0.0,0.0,0.0,0.0,0.0,0.6914989578333883,0.0,0.0115197545745665,0.0,0.0,0.0,0.3838408903162094,0.0002849511540966,1.1065259204988342,0
502,0.0,0.0483614243172342,0.0,0.0,0.0,0.0,0.0,0.0,0.6085274332758774,0.0,0.0038398863012383,0.0,0.0,0.0,4.345678747482326,6.0123508965337e-05,5.006467614885641,0
503,0.0,0.215148256769873,0.0,0.0,0.0,0.0,0.0,0.0,0.4971508720668469,0.0,0.0,0.0,0.0,0.0,1.5513339335746228,0.0,2.2636330624113428,0
504,0.0,0.0796785257104452,0.0,0.0,0.0,0.0,0.0,0.0,0.5500137899509705,0.0,0.0028799386436416,0.0,0.0,0.0,0.3173328009578615,4.50929924693854e-05,0.9499501482553881,0
505,0.0,0.141647125140552,0.0,0.0,0.0,0.0,0.0,0.0,0.4136213882761447,0.0,0.0009599818257579,0.198513816,0.0,0.0,25.753172476245282,1.50309974897952e-05,26.507929818485227,0
506,0.0,0.103416921318152,0.225550025484386,0.0,0.0,0.0,0.0,0.0,0.97639343920425,0.005901941,0.0278391859344261,0.439236748,0.0,0.0,9.040794590061529,0.0004358954399986,10.819568746442743,0
507,0.0,0.100888791478272,0.0,0.0,0.0,0.0,0.0,0.0,1.0104758517273729,0.010889356,0.0393591660188571,0.110963451,0.0,0.0,0.7153649533566117,0.0006162708970816,1.9885578404781952,0
508,0.0,0.151989729940319,0.0,0.0,0.0,0.0,0.0,0.0,0.982277574631968,0.0,0.0307193500879322,0.0,0.0,0.0,15.856384061731811,0.0004809919196734,17.021851708311704,0
509,0.0,0.105895319905984,0.0,0.0,0.0,0.0,0.0,0.0,1.4181194994671604,0.0,0.0086399389363055,0.0,0.0,0.0,24.512954095951454,0.0001352808713214,26.045744135132225,0
510,0.0,0.16424217934196,0.0,0.0,0.0,0.0,0.0,0.0,1.339566060802094,0.020533423,0.0115199185817407,0.0,0.0,0.0,27.08680981964175,0.000218175578608,28.622889576946154,1
511,0.0,0.131638755760424,0.0,0.0,0.0,0.0,0.0,0.0,1.2723843668614823,0.0,0.0009599954930224,0.0,0.0,0.0,16.390151600767858,1.50312079246017e-05,17.79514975009071,0
512,0.0,0.108134110488258,0.0,0.0,0.0,0.0,0.0,0.0,1.40292424683043,0.0,0.0095998182575796,0.0,0.0,0.0,0.2899442302975317,0.0001503102755191,1.8107527161493184,0
513,0.0,0.128872142188584,0.0,0.0,0.0,0.0,0.0,0.0,1.0798425164285885,0.003851655,0.018239647855769,0.0,0.0,0.0,6.715713036233766,0.0003421221572356,7.946861119863944,0
514,0.0,0.279264441924423,0.0,0.0,0.0,0.0,0.0,0.0,0.3723766048718166,0.55895189,0.0028799796454351,0.0,0.0,0.0,11.00233196873959,4.50936237738052e-05,12.21584997880504,0
515,0.0,0.199374566611742,0.0,0.0,0.0,0.0,0.0,0.0,0.3723766048718166,0.0,0.0009599954930224,0.0,0.0,0.0,24.62574724759986,1.50312079246017e-05,25.198473445784366,0
516,0.0,0.115380570074935,0.0,0.0,0.0,0.0,0.0,0.0,0.3752156172640255,0.0,0.0019199841524126,0.0,0.0,0.0,24.562042523477785,3.00624158492035e-05,25.054588757385005,0
517,0.0,0.116333017434962,0.0,0.0,0.0,0.0,0.0,0.0,0.5797785612336184,1.512726653,0.0115197819090955,0.0,0.0,0.0,22.623011689128624,0.0160248591168448,24.859394561823144,0
518,0.0,0.128252291330889,0.0,0.0,0.0,0.0,0.0,0.0,0.6828306182232776,0.042238414,0.0268798054683067,0.0,0.0,0.0,22.030543831077924,0.0007438935258938,22.91148885362629,0
519,0.0,0.17172353141367,0.0,0.0,0.0,0.0,0.0,0.0,0.429073238174278,0.0,0.0028799796454351,0.0,0.0,0.0,21.211270329507048,4.53595456206181e-05,21.81499243828605,0
520,0.0,0.196898382052375,0.0,0.0,0.0,0.0,0.0,0.0,3.0016307722266298,0.006921547,0.049919642631788,4.4046962899999995,0.0,0.0,5.798746934206439,0.0014370098675196,13.460250577984752,0
521,0.0,0.121809916807418,0.0,0.0,0.0,0.0,0.0,0.0,0.6777487870229485,0.0,0.0015714074046419,0.0,0.0,0.0,1.1799263907212758,2.46044542324384e-05,1.9810811064105167,0
522,0.0015,0.0179401593071812,0.0,0.0,0.0,0.0,0.0,0.0,0.3177833258124172,0.0,0.0001966787699737,0.0,0.0,0.0,24.758066796107002,3.07949937966649e-06,25.095490039495953,0
523,0.0,0.0721972175134279,0.0,0.0,0.0,0.0,0.0,0.0,0.35861678146718545,0.0,0.0005862573112833,0.0,0.0,0.0,0.3047689529000508,9.1794272640862e-06,0.7361783886192115,0
524,0.0,0.105348553814912,0.0,0.0,0.0,0.0,0.0,0.0,0.6489768222862082,0.0,0.0008674544450052,0.0,0.0,0.0,24.356991436082886,1.35822337219572e-05,25.112197848862735,0
525,0.0,0.0084183883741311,0.0,0.0,0.0,0.0,0.0,0.0,0.5395047835681528,0.004530918,0.0002715617122402,0.0,0.0,0.0,0.0321250694661909,4.25203873825064e-06,0.5848549731594532,0
526,0.0015,0.149428835268425,0.0029076321527266,0.0,0.0,0.0,0.0,0.0,1.0394484592511741,0.023723133,0.0074445999820021,0.0,0.0,0.0,26.302977765350395,0.0001165647245279,27.52754698972925,1
527,0.0,0.135921134425049,0.0,0.0,0.0,0.0,0.0,0.0,2.5079749670437734,0.0,0.0014775474655991,0.0,0.0,0.0,0.16930861776698672,2.31348840153745e-05,2.8147054015854236,0
528,0.0017475,0.0239242610225882,0.001558719298894,0.0,0.0,0.0,0.0,0.0,0.3361660238966336,0.0,0.0002318446415655,0.0,0.0,0.0,27.465779130571025,3.63013813311409e-06,27.829411109568838,1
529,0.0,0.076572295144726,0.0,0.0,0.0,0.0,0.0,0.0,4.997633294505564,0.0,0.0346896562607854,0.038874284,0.0,0.0,5.9971471076641265,0.0005431574127624,11.145459794987964,0
530,0.0,0.0035281282374819,0.0,0.0,0.0,0.0,0.0,0.0,0.19745964307155361,0.0,0.0002115760882928,0.002660498,0.0,0.0,20.3307779598398,3.31281687392579e-06,20.534641118054,0
531,0.0,0.0720056417068614,0.0,0.0,0.0,0.0,0.0,0.0,3.1927497436451806,0.152413942,0.032639764759177,0.0,0.0,0.07316,1.984673249569796,0.0039742935593149,5.51161663524033,0
532,0.0,0.241984960613345,0.0,0.0,0.0,0.0,0.0,0.0,2.067599052562037,0.0,0.0076798409387991,8.195555618,0.0,0.0,2.1606686739000245,0.0001202479799183,12.673608393994124,0
533,0.0,0.192650246119957,0.0,0.0,0.0,0.0,0.0,0.0,2.798569824939828,0.091841236,0.0479985992663756,0.0,0.0,0.0,2.073980935845117,0.0014704554131058,5.206511297584384,0
534,0.0,0.275112986724716,0.0,0.0,0.0,0.0,0.0,0.0,1.7978720581702334,0.0,0.0047998954615252,0.0,0.0,0.0,9.512838730687431,7.51549874489758e-05,11.590698826031355,0
535,0.0,0.31478345943709,0.0220539926297779,0.0,0.0,0.0,0.0,0.0,1.6570401748787387,0.0,0.0,0.0,0.0,0.0,2.2126786209925764,0.0,4.206556247938183,0
536,0.0,0.0030826129290052,0.0,0.0,0.0,0.0,0.0,0.0,0.006560623776521788,0.0,0.0,0.0,0.0,0.0,0.00014718615185298477,0.0,0.009790422857379973,0
537,0.0,0.225608447902112,0.0220541756790329,0.0,0.0,0.0,0.0,0.0,1.6260139371564004,0.0,0.0007186589362526,0.0,0.0,0.0,0.9773810773254213,1.12525267090615e-05,2.851787549525928,0
538,0.0,0.0044713627761656,0.0,0.0,0.0,0.0,0.0,0.0,0.14742670736817243,0.0,4.49653002476341e-06,0.0,0.0,0.0,0.003414344087289537,7.03626200155744e-08,0.15531698112427234,0
539,0.0,0.0043885622994497,0.0,0.0,0.0,0.0,0.0,0.0,0.146013298911719,0.0,4.22318473450423e-06,0.0,0.0,0.0,0.014148735582103649,6.61753062217096e-08,0.16455488615331307,0
540,0.00081,0.294133670380321,0.0002595608364414,0.0,0.0,0.017500545,0.0,0.0,1.6818935447690135,0.047511692,0.0268792177759327,0.0,0.0,0.0,5.613939146817816,0.0013808139060141,7.684308191485538,0
541,0.0005,0.242317402709472,0.0,0.0,0.0,0.0,0.0,0.0,1.2226014505842588,0.0,0.0019199568178836,0.0,0.0,0.0,0.8394744520329456,3.00619949795903e-05,2.3068433241395394,0
542,0.00225,0.111616611461271,0.0,0.0,0.0,0.764982486,0.0,0.0,2.4110762469214517,0.0,0.0259194546264069,0.3750595,0.0,0.0,0.9942746747980901,0.0009776508698632,4.686156624677082,0
543,0.0015,0.100888791478272,0.0,0.0,0.0,0.026250817,0.0,0.0,2.526218270116848,0.011900128,0.0345592705573318,0.0,0.0,0.0,3.0725385942741386,0.0010322328213575,5.774888104247948,0
544,0.018495,0.0085137056525138,0.0,0.0,0.0,0.250550231,0.0,0.0,4.107018160770983,0.018690463,0.0623986820016224,0.037679683,0.0,0.0,8.143554990860096,0.001745879649454,12.64864679593467,0
545,0.0,0.014409169804499,0.0,0.0,0.0,0.0,0.0,0.0,0.28062442573700874,0.005915919,0.0023562842374598,0.0,0.0,0.0,0.05745096568363442,3.68937718810335e-05,0.36079365823448295,0
546,0.007245,0.0361316540507423,0.0882140840491634,0.0,0.0,0.0,0.0,0.0,1.5439539135894307,0.010104593,0.0068741556957602,0.0,0.0,0.12611,2.923948768870672,0.0002423402999534,4.742824509555722,0
547,0.0,0.187261472815644,0.0196841190104416,0.0,0.0,0.0,0.0,0.0,2.2827209663924863,0.0,0.0057598772872832,0.0,0.0,0.0,1.1358185684052637,9.01859849387709e-05,3.631335189896058,0
548,0.0,0.0030798816490334,0.0,0.0,0.0,0.0,0.0,0.0,4.4974376974859105,0.231965894,0.0595182650037228,3.288512752,0.0,0.0,7.345686079540265,0.0139972202369866,15.440197789915917,0
549,0.0,0.0216527626844168,0.0,0.0,0.0,0.0,0.0,0.0,0.9336145185851574,0.003209514,0.0018817636472022,0.0,0.0,0.0,6.477163982023775,2.94639385470855e-05,7.437552004879098,0
550,0.0,0.0796391509794699,0.0,0.0,0.0,0.0,0.0,0.0,0.9246784651123212,0.006516266,0.0077568149725361,0.0,0.0,0.0,8.151684922444113,0.0001214532831713,9.170397072791612,0
551,0.005735,0.0284375455432259,0.0,0.0,0.0,0.608015414,0.0,0.0,3.102961375996653,0.062660075,0.0719978988995634,0.0,0.0,0.0,4.612795068902946,0.0089750157304204,8.50157739407281,0
552,0.0044875,0.042927963224519,0.0,0.0,0.0,0.192505992,0.0,0.0,3.0473675148543284,0.057554311,0.0719984797583052,0.0,0.0,0.0,4.0741093631048235,0.0034683979958602,7.494419521937837,0
553,0.005,0.0111751506321286,0.0,0.0,0.0,0.446921346,0.0,0.0,2.334992595625433,0.011612604,0.0508731393405346,0.0,0.0,0.0,1.4498793016298488,0.0008332198190054,4.31128735704695,0
554,0.0005,0.0035918450498875,0.0,0.0,0.0,0.354386031,0.0,0.0,0.4229435869376742,0.00292034,0.0032173355690407,0.0,0.0,0.0,1.876876252734037,5.03758645465468e-05,2.664485767155186,0
555,0.0044925,0.145838254961111,0.0,0.0,0.0,0.0,0.0,0.0,2.7915558728149423,0.0,0.0230395159827653,0.0,0.0,0.0,3.32814485815268,0.0007389063847507,6.293809908296249,0
556,0.00525,0.0787247430034071,0.0,0.0,0.0,0.017500545,0.0,0.0,4.153039725924861,0.018841123,0.0518389024191815,0.065145365,0.0,0.0,5.414157464735025,0.0016773331867945,9.80617520226927,0
557,0.0120482245035557,0.0537956112314797,0.0,0.0,0.0,0.061251907,0.0,0.0,5.212560776719188,0.081453172,0.0470390069576563,0.005178524,0.0,0.0,10.549733435150763,0.0050709457670493,16.02813160332969,0
558,0.0190914490071114,0.0356828515921131,0.0,0.0,0.0,0.000583351,0.0,0.0,8.636586648126793,1.029817068,0.0374392092009734,0.0,0.0,0.0,9.80743830188257,0.0184389799820251,19.585077858791585,0
559,0.0,0.0102222182475483,0.0,0.0,0.0,0.0,0.0,0.0,0.25549471932022194,0.0,0.0006479513432948,0.0,0.0,0.0,2.2676660634980212,1.01453568209164e-05,2.534041097765907,0
560,0.0,0.0030995491804309,0.0,0.0,0.0,0.0,0.0,0.0,0.054608523040623094,0.0,1.78357801894111e-06,0.0,0.0,0.0,0.1689400891765208,2.79393076215542e-08,0.22664997291490138,0
561,0.0,0.0296576547124574,0.0882140840491634,0.0,0.0,0.0,0.0,0.0,7.554489491335808,0.0,0.0024111241363181,0.0,0.0,0.03506,0.1662384959924463,3.77525047363749e-05,7.8761086027309295,0
562,0.0,0.120384086285621,0.0,0.0,0.0,0.0,0.0,0.0,0.7090464170778327,0.0,0.0086398159309248,0.0,0.0,0.0,0.19088941389046005,0.0001352789774081,1.0290950121622466,0
563,0.0,0.0972675641746918,0.0,0.0,0.0,0.0,0.0,0.0,1.6845538171664312,6.76e-05,0.0460796674933304,0.0,0.0,0.0,5.196459210542732,0.0007280031598297,7.025155862537015,0
564,0.0,0.124531931039135,0.0064639413371846,0.0,0.0,0.0,0.0,0.0,2.726111829430789,0.004215628,0.0230395569845588,0.0,0.0,0.0,2.6923859871285627,0.000673420479772,5.577422294400002,0
565,0.0,0.0085137834191063,0.0,0.0,0.0,0.0,0.0,0.0,3.625904960716498,0.023738836,0.0902393576678804,0.0,0.0,0.0,5.61608709226469,0.0104491385757912,9.374933168643967,0
566,0.0,0.0145255298550091,0.0,0.0,0.0,0.0,0.0,0.0,0.7272829071713913,0.22125488,0.0005229505420593,0.0,0.0,0.0,6.223072359011859,8.18814113945303e-06,7.186666814721458,0
567,0.0,0.0502280947211432,0.0,0.0,0.0,0.0,0.0,0.0,1.3766317034458375,0.449061329,0.002154193230739,0.0,0.0,0.0,9.232466312287384,0.0010189662685312,11.111560598953636,0
568,0.0,0.0680515448353667,0.0,0.0,0.0,0.0,0.0,0.0,1.2908668099268836,0.028697421,0.0023268927851247,0.0,0.0,0.0,0.21655471084314962,0.0002758533159926,1.6067732327065174,0
569,0.0,0.0589035744708696,0.0,0.0,0.0,0.0,0.0,0.0,0.5038754921921945,0.026600515,0.0019992679538523,0.0,0.0,0.0,15.34038940002051,3.13038008933719e-05,15.931799553438319,0
570,0.00344,0.0696692821833006,0.0,0.0,0.0,0.0,0.0,0.0,1.359570116551164,0.0,0.0067199547838928,0.6144632950000001,0.0,0.0,17.241300361453618,0.0001052184554722,19.295268228427446,0
571,0.0013564490071114,0.178111239336108,0.0,0.0,0.0,0.0,0.0,0.0,1.3181883647022108,0.0,0.0095999344293279,0.0,0.0,0.0,1.481660775579406,0.000150312079246,2.98906707513341,0
572,0.0002475,0.0990788647647161,0.0,0.0,0.0,0.757773587,0.0,0.0,1.5377004918189559,0.0,0.0451196788339402,0.0,0.0,0.0,5.413357873300353,0.0007064667724562,7.853984462490422,0
573,0.0045,0.0211929005103752,0.0,0.0,0.0,1.713947825,0.0,0.0,3.922370471700907,0.109478627,0.0796794277455299,0.91830881,0.0,0.0,10.215423665742142,0.0108041283363734,16.99570585603533,0
574,0.0,0.0031830519951296,0.0,0.0,0.0,0.0,0.0,0.0,0.3478668121418992,0.00437011,0.0003163561716814,0.0,0.0,0.0,2.0389442275556404,4.95342057256539e-06,2.3946855112849232,0
575,0.004,0.0253062607337134,0.0,0.0,0.0,0.138545979,0.0,0.0,3.0838284851898283,0.064143817,0.0681558395032675,0.0,0.0,0.0,6.935930746732099,0.0024382654342714,10.32234939359318,0
576,0.00225,0.0393054786943592,0.0,0.0,0.0,0.0,0.0,0.0,2.962060646503702,0.018942466,0.0537589685751813,0.0,0.0,0.0,5.133524473893805,0.0026034441996906,8.212445477866737,0
577,0.005995,0.0193815999203509,0.0,0.0,0.0,0.071168882,0.0,0.0,3.4718390616174313,0.079422815,0.0719994843022469,0.0,0.0,0.0,11.502203639485781,0.0035663817725992,15.225576864098409,0
578,0.0218314490071114,0.0320603541008545,0.0,0.0,0.0,0.123962192,0.0,0.0,5.2575295042803845,0.063230602,0.0287994479391066,0.046334365,0.0,0.0,5.90183267055666,0.0030141374631464,11.478594722347264,0
579,0.0,0.0556076246819355,0.0,0.0,0.0,0.0,0.0,0.0,1.4333628374897671,0.0,0.0009599954930224,0.0,0.0,0.13139,0.2025557102269755,1.50312079246017e-05,1.8238911990996252,0
580,0.0108032245035557,0.0103250062425381,0.0882140840491634,0.0,0.0,0.475431466,0.0,0.0,3.682815142314436,0.139868734,0.0547189504009393,0.003790375,0.0,0.0,7.915913893368732,0.0024076026441709,12.384288478523535,0
581,0.0,0.0344828223416098,0.0,0.0,0.0,0.0,0.0,0.0,1.54356770419581,0.015608219,0.0211245887182224,0.0,0.0,0.0,2.6123226142612115,0.0004912529612508,4.227597201478105,0
582,0.0,0.0031072554896057,0.0,0.0,0.0,0.0,0.0,0.0,0.053814082574375005,0.000460792,1.84098052989553e-05,0.0,0.0,0.0,0.00785832306752937,2.88279932204649e-07,0.06525915121674124,0
583,0.0,0.0042749986431082,0.0,0.0,0.0,0.0,0.0,0.0,0.2818232670988367,0.003044901,0.0008039495004457,0.0,0.0,0.0,0.43617471330538893,1.25879156819439e-05,0.7261344174634615,0
584,0.0,0.0841596998645937,0.0,0.0,0.0,0.0,0.0,0.0,1.6801219818635773,0.027724603,0.0383997240500474,0.0,0.0,0.0,3.0776150106327513,0.0022057318210009,4.910226751231971,0
585,0.0,0.150416664894739,0.0,0.0,0.0,0.0,0.0,0.0,0.6241501100277739,0.0,0.0259198168089165,0.0,0.0,0.0,2.3731417346933945,0.0004058426139642,3.174034169038788,0
586,0.0,0.354963131195159,0.000955164488469,0.0,0.0,0.0,0.0,0.0,0.6565333347617448,0.012399942,0.0047999637978478,0.0,0.0,0.0,1.9676496520324058,7.51560396230087e-05,2.9973763443152492,0
587,0.0,0.151991822430619,0.0,0.0,0.0,0.0,0.0,0.0,0.3382372816657167,0.003161005,0.0067199547838928,0.0,0.0,0.0,0.25081581274447984,0.0001244690137203,0.7510503456384287,0
588,0.0,0.252952427511717,0.0,0.0,0.0,0.0,0.0,0.0,0.2977033832610241,0.022099063,0.0182398665320012,0.0,0.0,0.0,1.1693008743326698,0.0002855929505674,1.7605812075879794,0
589,0.0,0.158512318216945,0.0,0.0,0.0,0.0,0.0,0.0,0.33483269769633367,0.005797558,0.0048064352475947,0.0,0.0,0.0,0.2951685974889801,8.95859607595912e-05,0.7992071926106131,0
590,0.0,0.0082520689085439,0.0,0.0,0.0,0.0,0.0,0.0,0.12219605836012729,0.001057573,0.0001599411629628,0.0,0.0,0.0,0.009266817935069078,2.50426714943224e-06,0.1409349636338525,0
591,0.0,0.0830256623195424,0.0,0.0,0.0,0.0,0.0,0.0,0.4333343360813412,0.0,0.0023704298562307,0.0,0.0,0.0,0.8602426842741838,3.71153330086776e-05,1.3790102278643068,0
592,0.004495,0.0691597581432704,0.0,0.0,0.0,0.0,0.0,0.0,0.37753533257593097,0.0,0.0019593048724164,0.0,0.0,0.0,32.37819815695596,3.06779981696912e-05,32.83137823054575,1
593,0.0,0.31178513111339,0.0039624204602753,0.0,0.0,0.0,0.0,0.0,0.7543828713164528,0.0,0.0129081026383219,0.0,0.0,0.0,5.32551085216804,0.0002021101949821,6.408751487891462,0
594,0.0,0.0032081604005301,0.0,0.0,0.0,0.0,0.0,0.0,0.0938329907873693,0.0,5.36440132133628e-06,0.0,0.0,0.0,0.030788238691416524,8.39808051724824e-08,0.12783483826144243,0
595,0.0,0.106418099166957,0.0,0.0,0.0,0.0,0.0,0.0,1.454393318136174,0.0,0.0143995770464598,0.0,0.0,0.07548,0.6958911135114428,0.00022546315862,2.346807571019654,0
596,0.0,0.134874296589334,0.0,0.0,0.0,0.0,0.0,0.0,1.476729305437292,0.0,0.0105597795824408,0.0,0.0,0.0,2.1399273770118654,0.0001653409723877,3.76225609959332,0
597,0.0,0.242958643993578,0.0,0.0,0.0,0.0,0.0,0.0,0.7626821811281395,0.0,0.00160338196997,0.0,0.0,0.0,0.10173367008435712,2.51051741784054e-05,1.109002982350223,0
598,0.0,0.0052117684685703,0.0,0.0,0.0,0.0,0.0,0.0,0.1158040380964416,0.0,1.42481232547594e-05,0.0,0.0,0.0,12.110823279500643,2.23117999518804e-07,12.23185355730691,0
599,0.0,0.0047076919639719,0.0155325154598246,0.0,0.0,0.0,0.0,0.0,2.426251991099614,0.018790754,0.083686287017323,0.08184155100000001,0.0,0.0,4.174640979284429,0.0030628929546703,6.8085146627798325,0
600,0.0,0.0030847809443631,0.0,0.0,0.0,0.0,0.0,0.0,0.389904831473937,0.001030725,0.0002517988477544,0.011161705000000001,0.0,0.0,0.101426709441923,3.94254256449668e-06,0.506864493250542,0
601,0.0,0.0066542156973154,0.0,0.0,0.0,0.0,0.0,0.0,2.499337600966202,0.01748733,0.0843008629006772,0.06828643200000001,0.0,0.0,3.0855345983557876,0.0042728640126163,5.765873903932598,0
602,0.0,0.0030800371822185,0.0,0.0,0.0,0.0,0.0,0.0,0.0087978758305355,0.000117658,3.81316679911547e-06,0.0,0.0,0.0,0.0006051461177283077,5.97518722142896e-08,0.012604590049153638,0
603,0.0,0.0063158693144916,0.0,0.0,0.0,0.0,0.0,0.0,0.1455631405598486,0.001632958,0.0003211602151577,0.0,0.0,0.0,1.393447648918192,5.02863754998178e-06,1.5472858056452399,0
604,0.0002475,0.0998671514219461,0.0,0.0,0.0,0.0,0.0,0.0,0.7667603422270493,0.008930586,0.0096058386875975,0.0,0.0,0.0,3.4251872682688096,0.0004083397541481,4.311007026359551,0
605,0.0045,0.0556076246819355,0.0,0.0,0.0,0.026250817,0.0,0.0,2.134090539418993,0.003640965,0.0220798416704589,0.0,0.0,0.0,0.7221678268689606,0.0004518194016122,2.9687894340419603,0
606,0.0077475,0.0103250840091307,0.0,0.0,0.0,1.375843681,0.0,0.0,3.7034706042563066,0.109676888,0.0700795001498342,0.0,0.0,0.0,9.357861386155411,0.0060076698688696,14.641012313439552,0
607,0.0066064490071114,0.0048911563168602,0.0,0.0,0.0,0.683843214,0.0,0.0,5.018429220960714,0.149234393,0.0863983438173197,0.0,0.0,0.0,12.836323544230419,0.006034101738227,18.791760423070652,0
608,0.0106596735106672,0.0284381028704724,0.0,0.0,0.0,1.336321857,0.0,0.0,3.731167207080829,0.194706599,0.067199520504399,3.0861030670000003,0.0,0.0,25.309427240454056,0.0085271052049642,33.77255037262539,1
609,0.0015,0.0827761873720908,0.0,0.0,0.0,0.474267825,0.0,0.0,2.834224113062817,0.006632099,0.0326393752421384,0.0,0.0,0.0,1.5393904188636358,0.0005110549367649,4.9719410734774465,0
610,0.003245,0.0103250840091307,0.0,0.0,0.0,0.89478991,0.0,0.0,4.199000369269987,0.015683001,0.0873593780224452,0.0,0.0,0.0,4.803816715769539,0.0023816744418431,10.016601132512944,0
611,0.0087425,0.0320603541008545,0.0,0.0,0.0,0.123962192,0.0,0.0,3.7262553795588276,0.118733593,0.0729586050903405,0.0,0.0,0.0,8.006148627858598,0.0105607009882645,12.099421952596884,0
612,0.0,0.0030807889259463,0.0,0.0,0.0,0.0,0.0,0.0,0.0205869470665857,0.000114895,2.32343496720298e-06,0.0,0.0,0.0,0.013578815923292376,3.63735324247162e-08,0.037363806724324,0
613,0.007245,0.0170157068756647,0.0,0.0,0.0,0.759643269,0.0,0.0,3.054271484212964,0.016888736,0.0422642729300993,0.0,0.0,0.0,12.242185480479803,0.0032294664460439,16.142743415944576,0
614,0.002245,0.0080245667465687,0.0,0.0,0.0,0.035001089,0.0,0.0,3.447354998997355,0.027995211,0.0200736990825565,0.029213857000000003,0.0,0.0,4.871272564928194,0.0013546135864373,8.442535600341111,0
615,0.013985,0.0079251162358154,0.0,0.0,0.0,0.0,0.0,0.0,3.7247588697126264,1.391060563,0.005934442423275,0.011472093,0.0,0.0,16.081724155646093,0.0020352295984444,21.238895469616256,0
616,0.0151496735106672,0.0042815569590787,0.0,0.0,0.0,0.0,0.0,0.0,6.319271953069594,213.685219443,0.0023457741110494,0.05188943,0.0,0.123162564997005,15.279597170038773,0.0036340434671485,235.4845516091533,1
617,0.0204528980142229,0.0139476851891792,0.0,0.0,0.0,0.495265416,0.0,0.0,4.544105587881255,0.116699196,0.0307197806067644,0.0,0.0,0.0,7.296243285642729,0.0018116806282253,12.519245529962376,0
618,0.0036875,0.0375951839469388,0.0882140840491634,0.0,0.0,0.281175419,0.0,0.0,2.491896013749902,0.028328046,0.0304886261620567,0.0,0.0,0.0,5.4874251096514,0.001325942455179,8.45013592501464,0
619,0.0003032245035557,0.0043303295736968,0.0,0.0,0.0,0.0,0.0,0.0,0.4004197242714711,0.005391914,0.0011045678170405,0.0,0.0,0.0,0.1912304938540045,1.72948654177564e-05,0.6027975488851863,0
620,0.0,0.0037877650186802,0.0,0.0,0.0,0.0,0.0,0.0,0.22241341044361201,0.010367385,0.0004807050274497,0.0,0.0,0.0,0.15343441574208175,7.52666432791073e-06,0.39049120789615155,0
621,0.001995,0.0489377395734108,0.0,0.0,0.0,0.036751144,0.0,0.0,2.847991298759329,0.083443522,0.0311404590084732,0.0,0.0,0.0,4.683603935097679,0.0029137175933151,7.736776816032208,0
622,0.0,0.0755319441333015,0.0,0.0,0.0,0.0,0.0,0.0,1.281127598716245,0.048560109,0.0431996878478952,0.0,0.0,0.0,3.0679262471446953,0.0038795348498149,4.520225121691952,0
623,0.0,0.0121867850371816,0.0014850532279857,0.0,0.0,0.0,0.0,0.0,0.5091409147332128,0.007699274,0.011792683013258,0.0,0.0,0.0,1.62025623830837,0.0001846453575971,2.1627455936776054,0
624,0.0100507245035557,0.023225449846213,0.0026539501586385,0.0,0.0,0.0,0.0,0.0,2.2121350709418683,0.011451293,0.0260868512821616,0.0,0.0,0.0,1.6301216291334844,0.000826522929101,3.916551491795022,0
625,0.0,0.0030798816490334,0.0,0.0,0.0,0.0,0.0,0.0,0.0003360344503534467,0.000298391,0.0,0.0,0.0,0.0,7.907302547038482e-06,5.40854299971878e-12,0.003722214407342428,0
626,0.00125,0.126380071161964,0.0,0.0,0.0,0.325826171,0.0,0.0,1.4934629477846633,1.21817305,0.0057571164998516,0.0,0.0,0.0,4.550726198352728,0.0056307425047643,7.7272062973039715,0
627,0.0022028980142228,0.136353400282592,0.0,0.0,0.0,0.0,0.0,0.0,1.3451346412929104,0.0,0.0230395569845588,0.0,0.0,0.0,0.6996187948723004,0.0003607446612458,2.2067100361078302,0
628,0.0023657245035557,0.192033052536938,0.0,0.0,0.0,0.0,0.0,0.0,0.8230454885364791,0.0,0.007679943443283,0.0,0.0,0.0,0.8581895722630203,0.0001202496633968,1.8834340309466728,0
629,0.0152957245035557,0.0211926801716963,0.0,0.0,0.0,0.051626607,0.0,0.0,2.6705610704702973,0.024002915,0.079678471037014,0.0,0.0,0.0,5.974307609564573,0.002140935034061,8.838806012781196,0
630,0.0,0.113954484117912,0.0,0.0,0.0,0.0,0.0,0.0,0.6265002392113017,0.005779066,0.0115199185817407,0.0,0.0,0.00182,3.241307185766653,0.0002448058982866,4.001125699575894,0
631,0.0027475,0.156802522630066,0.0,0.0,0.0,0.1236089,0.0,0.0,5.06778976851197,0.058224327,0.0105598000833376,0.0,0.0,0.0,0.7864248000731635,0.000165341303071,6.206322959601608,0
632,0.0,0.0055591065412404,0.0,0.0,0.0,0.0,0.0,0.0,0.1988571756831839,0.0,0.0003988927820752,0.0,0.0,0.0,0.47336338328471567,6.24569694295358e-06,0.6781848039881582,0
633,0.0015,0.0752757161719981,0.0168300233716466,0.0,0.0,0.212923294,0.0,0.0,4.825109890091726,0.0,0.0116158354440926,0.0,0.0,0.0,1.5205721318325711,0.0001818763180878,6.664008767230122,0
634,0.0065532245035557,0.0153302385603743,0.0,0.0,0.0,0.199797886,0.0,0.0,2.635203273999096,0.131974366,0.0787194390861397,0.601093621,0.0,0.0,10.41281903530064,0.0150778988272021,14.096568983277008,0
635,0.0,0.154623098490865,0.0,0.0,0.0,0.0,0.0,0.0,0.6778279714859763,0.040530795,0.0028570459755824,0.0,0.0,0.0,14.295467033207816,0.0001806181537835,15.171486562314023,0
636,0.0,0.0069266800691012,0.0,0.0,0.0,0.0,0.0,0.0,0.17305469503342769,0.006457541,7.25253391380152e-05,0.0,0.0,0.0,9.745318666463907,1.13554695797952e-06,9.931831243452534,0
637,0.0023032245035557,0.0827760318389057,0.0,0.0,0.0,0.679806036,0.0,0.0,6.905166610461497,0.084950781,0.0431990864882567,0.120212803,0.0,0.0,5.35999315407862,0.0029240780206887,13.281331805391524,0
638,0.001995,0.028437752920806,0.0,0.0,0.0,0.097711375,0.0,0.0,2.7612915560529014,0.018432804,0.0767983752198305,0.0,0.0,0.0,8.547819882688202,0.0014517044079644,11.533938450289705,0
639,0.0015,0.137114310757005,0.0,0.0,0.0,0.367394029,0.0,0.0,1.4462873363934667,0.311181384,0.0211195523312493,2.8407485550000002,0.0,0.0,3.38580313370566,0.0036573128591708,8.514805614046551,0
640,0.0131039490071114,0.0030798816490334,0.0,0.0,0.0,0.665543778,0.0,0.0,5.129269457057256,0.055097055,0.0844782161586297,0.0,0.0,0.0,9.847801175464253,0.0123994841945116,15.810772996530794,0
641,0.0002475,0.0302490275886327,0.0,0.0,0.0,0.212923294,0.0,0.0,3.9316592444628844,0.04075281,0.0787183320377141,0.0,0.0,0.0,5.0534422112469874,0.0039483574038698,9.351940776740088,0
642,0.0077882245035557,0.0066704300318589,0.0,0.0,0.0,0.153129767,0.0,0.0,3.611769797884198,0.023083507,0.0532839081279754,0.0,0.0,0.0,6.993127118416519,0.0045362978133313,10.853389050777437,0
643,0.0,0.0030980401483903,0.0,0.0,0.0,0.32226606,0.0,0.0,0.29965931870818385,0.001641487,0.0002694432862407,0.0,0.0,0.0,0.17302638640128262,4.21885577431409e-06,0.7999649543998718,0
644,0.0015,0.0031707389513116,0.0,0.0,0.0,0.0,0.0,0.0,0.9024647059965841,0.003672005,0.0013483371468936,0.0,0.0,0.0,0.7352587766854772,2.11117829027163e-05,1.6474356755631692,0
645,0.0252636225177786,0.0085137056525138,0.0005608343078274,0.0,0.0,1.425088758,0.0,0.0,8.460878198070652,0.078456898,0.0585587615322228,1.3016267899999998,0.0,0.0,6.987112336570325,0.003345193961749,18.34940509861307,0
646,0.0015,0.115378107466171,0.0466621915630948,0.0,0.0,0.0,0.0,0.0,2.69998650299092,1.0,0.0326390472277901,0.0,0.0,0.0,7.808628145596263,0.0005110498262053,11.705305044670444,0
647,0.01425,0.0030798816490334,0.0,0.0,0.0,1.020369735,0.0,0.0,4.926223313959845,0.09088709,0.0734708609979185,0.0,0.0,0.0,10.621281612350984,0.0157715959468452,16.765334089904627,0
648,0.0,0.0031189982450784,0.0,0.0,0.0,0.0,0.0,0.0,0.10058904125171639,0.024405259,0.0005233400590979,0.0,0.0,0.0,6.24940069268301,1.82442420508667e-05,6.378055575480954,0
649,0.0010532245035557,0.0040742586435566,0.0,0.0,0.0,0.917183811,0.0,0.0,1.68498113973319,0.015971093,0.0028931480547934,0.0,0.0,0.0,6.946994869182536,0.0003210828644176,9.57347262698205,0
650,0.0024475,0.0037700068545184,0.0,0.0,0.0,0.0,0.0,0.0,0.6619135413641309,0.015735434,0.002374673541862,0.0,0.0,0.0,5.9854871180401465,3.7181760478322e-05,6.671765455561136,0
651,0.003745,0.0309538132556769,0.0882140840491634,0.0,0.0,0.0,0.0,0.0,2.8366975819017695,0.44757261,0.0237473846136849,0.0,0.0,0.0,32.90746437973277,0.0029898754739194,36.34138472902699,1
652,0.014735,0.0193813666205733,0.0017511166214904,0.0,0.0,0.106461647,0.0,0.0,3.694911318937593,0.010315175,0.0691185411146636,0.0,0.0,0.0,3.697857602751029,0.0015321838616815,7.616063951907031,0
653,0.0017475,0.1380670320693,0.0,0.0,0.0,0.0,0.0,0.0,1.1059547535871026,0.02548642,0.0038398863012383,0.0,0.0,0.0,2.212113636189443,9.23714547863746e-05,3.4873015996018704,0
654,0.0005,0.42595702044907,0.0,0.0,0.0,0.0,0.0,0.0,0.848467915441389,0.0,0.0,0.0,0.0,0.0,0.017919146144408694,0.0,1.2928440820348677,0
655,0.0,0.0063489858668896,0.0,0.0,0.0,0.0,0.0,0.0,0.32072829911590084,0.0,0.0,0.0,0.0,0.0,0.012328699067680748,0.0,0.33940598405047123,0
656,0.0,0.0036043536070255,0.0,0.0,0.0,0.0,0.0,0.0,0.2490089667739816,0.000906767,0.000275901068723,0.0,0.0,0.0,0.011522403576056975,4.3200004329602e-06,0.26532271202622004,0
657,0.0059764490071114,0.0979382667662388,0.0,0.0,0.0,0.064902374,0.0,0.0,2.165247251928775,0.012194747,0.0499013763327665,0.0,0.0,0.0,5.426342051560811,0.0022720456354331,7.824774562231135,0
658,0.002745,0.0610407228638855,0.0,0.0,0.0,0.098064188,0.0,0.0,2.247156120998434,0.003055185,0.0614387001758644,0.0,0.0,0.0,13.121264903333943,0.0010792266950332,15.59584404706716,0
659,0.008995,0.0121361901826736,0.0,0.0,0.0,0.658332156,0.0,0.0,2.788149929441282,0.350269734,0.0623981831464676,0.064295408,0.0,0.0,19.946562088782944,0.0173361651252396,23.908474854678605,0
660,0.0,0.0476905060012389,0.0092104236836433,0.0,0.0,0.0,0.0,0.0,0.7059614806169601,0.076175861,0.0113489821044771,0.0,0.0,0.0,2.0278178560358877,0.0003654329712938,2.878570542413501,0
661,0.0,0.0030823961021921,0.0,0.0,0.0,0.0,0.0,0.0,0.0344312903192597,0.000571364,6.35527799852579e-07,0.0,0.0,0.0,0.0005852377138384074,9.9971430972498e-09,0.03867093366023316,0
662,0.0027425,0.133063287447112,0.0011828173612376,0.0,0.0,0.0,0.0,0.0,5.231730298044555,0.0,0.017279666030011,0.0,0.0,0.0,2.603991850389697,0.0002705584959343,7.990260977768547,0
663,0.00095,0.0909761550058616,0.0,0.0,0.0,0.0,0.0,0.0,5.397041068726022,0.0,0.0009599954930224,0.0,0.0,0.0,1.3631345948971754,1.50312079246017e-05,6.853076845330006,0
664,0.0028539490071114,0.116859435160837,0.0,0.0,0.0,0.0,0.0,0.0,1.5686180078430447,0.010892793,0.0143998982271758,0.0,0.0,0.0,6.1876940581446185,0.000225468118869,7.9015436095016565,0
665,0.0,0.0054986688520557,0.0,0.0,0.0,0.0,0.0,0.0,0.0859955907754157,0.0,1.14395003973464e-05,0.0,0.0,0.0,0.019843270812544535,1.79087099115879e-07,0.1113491490275124,0
666,0.0,0.164193446981046,0.0,0.0,0.0,0.0,0.0,0.0,0.8446335867819219,0.0,0.0007618543257458,0.0,0.0,0.0,18.90791397536597,1.19288393086328e-05,19.917514792293996,0
667,0.0,0.283744550503229,0.0,0.0,0.0,0.0,0.0,0.0,0.7759544955106467,0.001425716,0.0028799796454351,0.0,0.0,0.0,0.2571577631774447,4.94646559981746e-05,1.3212119694927535,0
668,0.0041425,0.0356828515921131,0.0,0.0,0.0,0.0,0.0,0.0,6.048337929040786,0.002790214,0.0297593682621742,0.0,0.0,0.0,0.5782280666323814,0.0005632382814352,6.69950416780889,0
669,0.0035,0.0030798816490334,0.0,0.0,0.0,0.0,0.0,0.0,3.7559160333166957,0.008590671,0.0284523677568,0.0,0.0,0.0,1.9139221112480471,0.0025190270108872,5.715980091981463,0
670,0.0,0.0030798816490334,0.0,0.0,0.0,0.0,0.0,0.0,1.470766206773574,0.007109938,0.0194892868519824,0.0,0.0,0.0,1.9750354568275625,0.0003051558430117,3.4757859259451642,0
671,0.0089925,0.0030798816490334,0.0,0.0,0.0,0.994186207,0.0,0.0,3.5540227937356663,0.025165365,0.088318129794397,0.17353887099999998,0.0,0.0,9.741504952914045,0.0040966180102153,14.592905319103357,0
672,0.0332325,0.0030798816490334,0.0,0.0,0.0,4.361535174,0.0,0.0,7.050098688244371,0.160893229,0.0431990864882567,0.060061045,0.0,0.0,15.69530839730919,0.0068689923434047,27.414276994034257,0
673,0.0015,0.0032961764650702,0.0,0.0,0.0,0.0,0.0,0.0,0.5921312640799007,0.003427411,0.0013592367903427,0.0,0.0,0.0,0.9188611261644236,2.12824407727732e-05,1.52059649694051,0
674,0.0030507245035557,0.0126631106914919,0.153799645807601,0.0,0.0,0.188422532,0.0,0.0,4.221309681931025,0.022814102,0.0602239263714236,0.0,0.0,0.0,7.026237212992861,0.0044005933174748,11.692921529615433,0
675,0.0,0.0031063597849571,0.0178560695196525,0.0,0.0,0.0,0.0,0.0,0.0785685133055286,0.002075967,1.66603954412966e-05,0.0,0.0,0.0,1.3156639711646898,2.60817286398167e-07,1.4172878019875557,0
676,0.0058007245035557,0.0705895550481984,0.0756300798460338,0.0,0.0,0.090711157,0.0,0.0,4.370624316017091,0.104810623,0.0424600564942474,0.0,0.0,0.0,11.55701836242023,0.0041319535922361,16.321776827921592,0
677,0.0141064490071114,0.0243122222257361,0.0,0.0,0.0,1.037273968,0.0,0.0,3.407725738120806,0.61150751,0.0287581249648517,0.0,0.0,0.0,8.189912744927634,0.0141272178603655,13.327723975106505,0
678,0.0,0.0042943884468469,0.0,0.0,0.0,0.491337222,0.0,0.0,1.7919739531969812,0.146252311,0.0016449851231474,0.0,0.0,0.0,2.5247734623650726,2.57565151265031e-05,4.9603020786471745,0
679,0.0117425,0.0171816219008377,0.0,0.0,0.0,0.336388963,0.0,0.0,5.223908780471109,0.119660699,0.0571430106031189,0.0,0.0,0.0,19.50509208752965,0.0083578623243132,25.279475524829028,0
680,0.0059975,0.0079089667067657,0.0,0.0,0.0,0.094211266,0.0,0.0,1.207307267968402,0.018592134,0.008497860888061,0.0,0.0,0.0,24.18837950036082,0.0003494770142683,25.53124397293832,0
681,0.0055457245035557,0.006702430984687,0.0,0.0,0.0,0.289634015,0.0,0.0,4.818157651893776,0.090534484,0.0182396136876077,0.0,0.0,0.0,15.329904996470328,0.0009759579693371,20.55969487450929,0
682,0.01424,0.0519839477306902,0.0,0.0,0.0,1.152176493,0.0,0.0,4.042757906911398,1.338426417,0.0479985992663756,0.0,0.0,0.0,11.69669768531996,0.0022021561400585,18.346483205368482,0
683,0.0060482245035557,0.0141136261365498,0.0,0.0,0.0,0.106461647,0.0,0.0,3.815926759709207,0.273355835,0.0377455541013991,0.0,0.0,0.0,3.453239108343123,0.0074740183539369,7.714364773147771,0
684,0.0015,0.0043838848337557,0.0,0.0,0.0,0.0,0.0,0.0,1.732324281209786,0.093973523,0.0044608721316491,0.0,0.0,0.0,0.4003780593919855,6.98466893566168e-05,2.237090467256533,0
685,0.0034975,0.230376102030797,0.0,0.0,0.0,0.106461647,0.0,0.0,2.084478446888305,0.003977026,0.017962523566872,0.014400322,0.0,0.0,5.175503367417134,0.0007560344763445,7.637412969379453,0
686,0.0,0.0030932852614749,0.0,0.0,0.0,0.0,0.0,0.0,0.054088774251539795,3.05e-05,1.0592129997543e-06,0.0,0.0,0.0,0.10256151882759736,1.65863145221378e-08,0.15977515413992632,0
687,0.0309553980142229,0.0030798816490334,0.0,0.0,0.0,2.348821853,0.0,0.0,5.681405400778457,0.120989593,0.0143996932182081,0.940072671,0.0,0.0,26.433372490464333,0.0025049262915091,35.575601907415766,1
688,0.00475,0.0139474518894016,0.0,0.0,0.0,0.528808127,0.0,0.0,3.1126697785621715,0.008343647,0.0748778170423082,0.003550975,0.0,0.0,8.16785774194455,0.0019326683117135,11.916738206750145,0
689,0.0,0.120814484806106,0.0,0.0,0.0,0.0,0.0,0.0,0.953092510492951,0.0,0.0211198461774364,2.07177008,0.0,0.0,3.1920465833732026,0.0015539073045905,6.360397412154287,0
690,0.0,0.0031481996005753,0.0,0.0,0.0,0.0,0.0,0.0,0.029952620296077818,0.0,3.74483047655068e-06,0.0,0.0,0.0,0.0025950549864271724,5.86513257312199e-08,0.035699678364882574,0
691,0.0002475,0.0518865450735404,0.0,0.0,0.0,1.937026707,0.0,0.0,4.91388382417397,0.0,0.0026759615544179,2.0912977770000003,0.0,0.06158,0.13941184081589844,4.18991780498044e-05,9.198052054795877,0
692,0.0007425,0.137116190116325,0.0,0.0,0.0,1.885157534,0.0,0.0,5.1347819027843045,0.003881485,0.0182398665320012,2.011477532,0.0,0.0,3.402138456960187,0.0004108200849011,12.593946287477719,0
693,0.00156,0.175731347226719,0.0,0.0,0.0,0.212923294,0.0,0.0,2.30677968762195,0.00664559,0.0403197150360923,0.001254824,0.0,0.0,1.69851483665878,0.0010967154714449,4.444826010014986,0
694,0.002745,0.0239580072527652,0.0,0.0,0.0,0.491337222,0.0,0.0,2.3333956737089427,0.039503625,0.0806394232385524,0.019241316,0.0,0.0,2.3611203043647717,0.0029348852767204,5.354875456841753,0
695,0.0,0.0607863604372963,0.0,0.0,0.0,0.0,0.0,0.0,0.28517403316833523,0.03662237,0.0005198070712213,0.018011381,0.0,0.0,0.039579140501208296,8.138933918858e-06,0.44070123111197995,0
696,0.0,0.17339308782784,0.0,0.0,0.0,0.0,0.0,0.0,0.4525580105331329,0.062915639,0.0015341436079473,0.002356335,0.0,0.0,2.651061315163467,0.0003018870152691,3.3441204181476567,0
697,0.0014975,0.0356833052305695,0.0,0.0,0.0,0.0,0.0,0.0,6.420267805715039,0.024153942,0.0604795657205062,2.292463244,0.0,0.0,6.070310977943193,0.0599305349604641,14.964786875569771,0
698,0.0029975,0.033833536099438,0.0,0.0,0.0,0.09187786,0.0,0.0,7.1732795668088425,0.008000634,0.0795798685571853,0.0,0.0,0.0,5.683808307476755,0.0018901077889758,13.075267380731198,0
699,0.0,0.0030798946101322,0.0,0.0,0.0,0.0,0.0,0.0,0.002308264482573,4.99e-06,3.41681612823967e-08,0.0,0.0,0.0,0.0008683584698942101,4.840260241469961e-10,0.006261542214786717,0
700,0.0125332245035557,0.0085137834191063,0.17141891714356,0.0,0.0,1.249235454,0.0,0.0,3.666135718050048,0.031121786,0.0825594073909651,0.0,0.0,0.0,8.014005273162361,0.0025765244529834,13.238100088122579,0
701,0.0,0.0033051714676068,0.0,0.0,0.0,0.017500545,0.0,0.0,0.7056072095510539,0.002257659,0.0002434003137112,0.0,0.0,0.0,0.8694228099303751,3.81104622665581e-06,1.5983406063089738,0
702,0.0002475,0.0438843108573144,0.0,0.0,0.0,0.0,0.0,0.0,3.2626137086266307,0.030383858,0.0440846295578448,0.0,0.0,0.0,6.25562447142425,0.000690260389586,9.637528738855627,0
703,0.00749,0.0139476851891792,0.0,0.0,0.0,0.78112966,0.0,0.0,6.667780462806567,0.307491287,0.0566395974156808,3.9354598199999997,0.0,0.0,4.990765150940143,0.01699283957265,16.77769650292422,0
704,0.0143489490071114,0.0030798816490334,0.0,0.0,0.0,1.947542481,0.0,0.0,7.661694115095268,0.28152442,0.0460791208027499,0.170051274,0.0,0.0,11.702711884053205,0.0144910137024087,21.841523139309775,0
705,0.0,0.0030801927154036,0.0,0.0,0.0,0.0,0.0,0.0,0.0118084636808488,4.72e-05,3.1434708379805e-07,0.0,0.0,0.0,0.0017014398577804835,4.931178822292141e-09,0.016637615532295504,0
706,0.00249,0.0069563907537081,0.0,0.0,0.0,0.0,0.0,0.0,1.7166975740274082,0.012444087,0.0092893595105355,0.0,0.0,0.0,12.98127647929318,0.0014593155510843,14.730613206135917,0
707,0.0410111225177786,0.0030798816490334,0.0,0.0,0.0,4.290756508,0.0,0.0,5.318344742171497,0.069228314,0.0,0.797321669,0.0,0.0,34.66490463515512,0.0,45.184646872493424,1
708,0.0106471735106672,0.0103250062425381,0.0,0.0,0.0,0.106461647,0.0,0.0,4.335094534297614,0.133954275,0.0278394661133486,0.028301549,0.0,0.0,7.106927199424502,0.0086549043926661,11.768205754981334,0
709,0.0,0.0030802704819961,0.0,0.0,0.0,0.0,0.0,0.0,0.0209838822052389,0.0,2.35760312848537e-06,0.0,0.0,0.0,0.007725453113784854,3.69300546521975e-08,0.03179200033420299,0
710,0.0174925,0.0084217725790389,0.0,0.0,0.0,0.132129113,0.0,0.0,6.845076772554942,0.0,0.0320870742495375,0.0,0.0,0.00012655083816,8.987297866034528,0.0007448995241988,16.023376548780405,0
711,0.0,0.0030800760655148,0.0,0.0,0.0,0.0,0.0,0.0,0.0073539537425028004,5.99e-05,2.18676232207339e-07,0.0,0.0,0.0,0.006853648489824726,3.4343833027593605e-09,0.017347800408457837,0
712,0.0174925,0.0409455113254243,0.0,0.0,0.0,0.917680597,0.0,0.0,6.516934647114854,0.0265223,0.0430046764841921,0.0,0.0,0.0,8.328379497585933,0.0019094032901568,15.892869132800561,0
713,0.003995,0.0095635997435014,0.0,0.0,0.0,0.0,0.0,0.0,1.1158453862562923,0.002231194,0.0055211648452999,0.0,0.0,0.0,4.829923563088829,8.64483005473598e-05,5.96716635623447,0
714,0.00475,0.0225824288915948,0.0,0.0,0.0,0.0,0.0,0.0,2.667435085641734,0.003869651,0.016607250283238,0.0,0.0,0.0,0.6677889083458317,0.000267422623483,3.3833007467858813,0
715,0.00075,0.0211926801716963,0.0,0.0,0.0,0.088669427,0.0,0.0,3.292836526179625,0.018759255,0.0604788413554871,0.040619784,0.0,0.0,7.1690311589394025,0.0032340099287943,10.695571682575006,0
716,0.0,0.356202660948629,0.0,0.0,0.0,0.0,0.0,0.0,0.071666254980198,0.0,0.0,0.0,0.0,0.0,0.026238839121941342,0.0,0.4541077550507684,0
717,0.0,0.0159005801526282,0.0,0.0,0.0,0.0,0.0,0.0,0.11445727887739171,0.0,0.0,0.0,0.0,0.0,0.0034568961779681416,0.0,0.13381475520798805,0
718,0.0,0.239123592873663,0.0,0.0,0.0,0.0,0.0,0.0,0.7510517912186202,0.16644483,0.0086398159309248,0.0,0.0,0.0,16.45277191033616,0.0012110730636404,17.61924301342301,0
719,0.001,0.0345621545482718,0.0,0.0,0.0,0.0,0.0,0.0,0.5659061528306677,0.0,0.0095201996081593,0.0,0.0,0.05784,11.400969524330899,0.0004931061564315,12.07029113747443,0
720,0.0015,0.0202855430502606,0.0,0.0,0.0,0.535189354,0.0,0.0,2.514554524267795,0.0,0.0052029704265414,0.0,0.0,0.00382,6.1356673682299,8.14661643358895e-05,9.216301226138832,0
721,0.0002475,0.0338715769242863,0.0,0.0,0.0,0.102378187,0.0,0.0,6.067472189173558,0.083034416,0.0671985774631476,0.0,0.0,0.0,19.102072355686158,0.0035089181979182,25.459783720445067,0
722,0.00225,0.12853945000482,0.0,0.0,0.0,0.0,0.0,0.0,1.9495851822671924,0.010129798,0.0575987797064648,0.0,0.0,0.0,1.97576299610829,0.0021432935287902,4.126009499615558,0
723,0.0,0.447578661125709,0.0,0.0,0.0,0.0,0.0,0.0,0.8708379510614066,0.0,0.0,0.034664421,0.0,0.0,0.495668427757265,0.0,1.8487494609443806,0
724,0.0,0.353243230141302,0.0,0.0,0.0,0.106461647,0.0,0.0,0.7274505782569418,0.0,0.0105597795824408,0.0,0.0,0.0,2.6374800959322875,0.0001653409723877,3.8353606718853595,0
725,0.0,0.129967286509836,1.24811177440235,0.0,0.0,0.0,0.0,0.0,5.082833265920664,0.0,0.0057599592908703,0.0,0.0,0.0,17.191747078169094,9.01872475476105e-05,23.658509551540362,0
726,0.0017475,0.0436522528584624,0.0,0.0,0.0,0.094312909,0.0,0.0,3.448850584700138,0.0,0.0056198561623479,0.0,0.0,0.0,10.346304223311364,8.79936176027217e-05,13.940575319649914,0
727,0.0002475,0.032280156401584,0.0,0.0,0.0,0.0,0.0,0.0,1.2979810207718716,0.0,0.0040446560918037,0.0,0.0,0.0,9.826746454631989,0.0001452980110449,11.161445085908294,0
728,0.0142807245035557,0.006702482829082,0.0,0.0,0.0,1.19188231,0.0,0.0,5.6997387124876635,0.014126853,0.0777594435931172,0.243602515,0.0,0.03389,12.794108543378655,0.0029320122105942,20.079023597002667,0
729,0.0047982245035557,0.0954562635846675,0.0,0.0,0.0,0.488521235,0.0,0.0,3.671682995505922,0.003442441,0.0316797760997868,0.0,0.0,0.06688,6.373126079186567,0.0006489417249455,10.736235956605444,0
730,0.0,0.0050434881105371,0.0,0.0,0.0,0.0,0.0,0.0,0.9401861698783639,0.0,0.0034343648958743,0.0,0.0,0.04207,0.37217543152899124,5.37739428442437e-05,1.3629632283566107,0
731,0.0035432245035557,0.0244012520130896,0.0,0.0,0.0,1.076438768,0.0,0.0,5.328981090926089,0.0,0.0372911995599303,0.0,0.0,0.00357,7.865612324055582,0.002501620860442,14.342339479918689,0
732,0.0178289490071114,0.0046639223334735,0.0,0.0,0.0,0.276178229,0.0,0.0,8.722091887271466,0.122223754,0.0314210752834533,2.4719055340000002,0.0,0.0,14.486161381734423,0.008987117756603,26.14146185038653,0
733,0.00849,0.0066350721544531,0.0,0.0,0.0,0.32226606,0.0,0.0,4.348817628300822,0.095622246,0.0022268484088899,0.586332625,0.0,0.0,6.180346363692873,0.0002987898476485,11.551035633404688,0
734,0.003,0.0032296212229592,0.0,0.0,0.0,0.0,0.0,0.0,0.4608721536879014,0.019624113,9.37916027201789e-05,0.0,0.0,0.0,0.2551136632490076,1.46853356431171e-06,0.7419348112961527,0
735,0.0072586225177786,0.0048911563168602,0.0,0.0,0.0,0.0,0.0,0.0,6.614273071917129,0.04776291,0.0057598909545477,0.343384606,0.0,0.0,6.2062959526684525,0.0002421692439107,13.229868379618678,0
736,0.0190443470213343,0.0230042011003995,0.0,0.0,0.0,0.0,0.0,0.0,5.547126102017687,0.035581557,0.0278398009613292,0.055537062,0.0,0.0,5.230833330586449,0.000566697451556,10.939533098138757,0
737,0.015745,0.0225752216433082,0.0,0.0,0.0,0.025667466,0.0,0.0,5.975838279279414,0.027228849,0.0249595206360747,0.056618063,0.0,0.0,9.009270212335261,0.0019605110253467,15.159863122919406,0
738,0.0,0.0045397000732762,0.0,0.0,0.0,0.0,0.0,0.0,0.5874473794686392,0.00050522,0.0002140840313309,0.0,0.0,0.0,0.08576189547573977,3.35200356321569e-06,0.6784716310525493,0
739,0.0055939490071114,0.0961395995560195,0.0,0.0,0.0,0.0,0.0,0.0,1.4317820867271602,0.004033785,0.0136471873013891,0.0,0.0,0.0,7.631768311325962,0.0002319616073965,9.183196880525038,0
740,0.001995,0.114092996609822,0.0,0.0,0.0,0.0,0.0,0.0,1.2957692568162835,0.0,0.0115197819090955,0.0,0.0,0.0,1.2993404400256547,0.0001803723306229,2.722897847691479,0
741,0.0,0.191411701153423,0.0,0.0,0.0,0.0,0.0,0.0,0.8005179677937599,0.0,0.0115199185817407,0.0,0.0,0.0,22.86588616127803,0.0001803744950952,23.86951612330205,0
742,0.0095,0.0157588432071172,0.262746606244452,0.0,0.0,0.90409196,0.0,0.0,10.879935242931108,0.527481983,0.0633587868327609,0.0,0.0,0.00753,13.560878671114427,0.0148988698150365,26.2461809631449,0
743,0.0020407245035557,0.0393059064106181,0.08732716552188,0.0,0.0,0.106461647,0.0,0.0,7.793786457068994,0.007375842,0.0719994843022469,0.0,0.0,0.0,5.772207650050189,0.0018053674752934,13.882310244332777,0
744,0.0,0.0031359277802574,0.0,0.0,0.0,0.0,0.0,0.0,0.0226861438597523,0.001117708,1.64007174155504e-07,0.0,0.0,0.0,0.02489168136049967,2.5707199518016e-09,0.05183162757840348,0
745,0.0005,0.322277968058097,0.0,0.0,0.0,0.106461647,0.0,0.0,0.79149127039467,0.08434912,0.000935045901654,0.0,0.0,0.0,0.5509134337587597,1.46405668289609e-05,1.8569431256800097,0
746,0.0,0.0938666658066971,0.0,0.0,0.0,0.0,0.0,0.0,0.3002860131096538,0.0,0.0005194380550795,0.0,0.0,0.0,7.224534562593448,5.19854687879385e-05,7.619258665033666,0
747,0.0,0.0148104630943477,0.0,0.0,0.0,0.0,0.0,0.0,0.21023253106586298,0.0,6.71199360231401e-05,0.0,0.0,0.0,0.3004474372694412,1.05088992352856e-06,0.5255586022555986,0
748,0.0115457245035557,0.0356828515921131,0.0,0.0,0.0,0.03704282,0.0,0.0,6.966802997060575,0.012468648,0.0719984797583052,0.0,0.0,0.0,3.690006590697169,0.0013813018589074,10.826929413470625,0
749,0.0089503980142228,0.0037835785837821,0.0,0.0,0.0,0.058918501,0.0,0.0,4.583296296018587,0.01070152,0.0320747873787404,0.0,0.0,0.0,5.558178810339779,0.0007328170849121,10.256636708420023,0
750,0.002495,0.003336900237361,0.0,0.0,0.0,0.93183273,0.0,0.0,1.6363408354943558,0.006467432,0.0117148479418567,0.0,0.0,0.0,4.835739558326573,0.0001834266533986,7.428110730653545,0
751,0.0065332245035557,0.0121362679492662,0.0,0.0,0.0,0.575767922,0.0,0.0,5.981178223274411,0.092934682,0.0844782161586297,0.0,0.0,0.00557,9.339791579701417,0.009636971040486,16.108027086627768,0
752,0.0065011225177786,0.100031312478582,0.0,0.0,0.0,0.406167904,0.0,0.0,4.603932822412148,0.003406198,0.0316793319136902,0.323519998,0.0,0.0,12.25295127744359,0.0009370416620713,17.72912700842786,0
753,0.0047475,0.0365339162197152,0.0,0.0,0.0,0.123962192,0.0,0.0,6.066834523934905,0.119924502,0.0371500372184082,0.011151521,0.0,0.0,20.35190240695114,0.0047403131118619,26.75694691243603,0
754,0.0,0.0032269123533192,0.0,0.0,0.0,0.0,0.0,0.0,0.37682058451877315,0.007950474,0.000163275975504,0.0,0.0,0.0,0.11241025201208278,2.55656218629347e-06,0.5005740554218654,0
755,0.001,0.0032071596388154,0.0,0.0,0.0,0.0,0.0,0.0,0.6746021308050694,0.009582196,0.0005089620968303,0.0,0.0,0.0,7.375822081186349,1.16451179579583e-05,8.064734174845022,0
756,0.00725,0.0100766487021902,0.0,0.0,0.0,0.0,0.0,0.0,3.4234197205038233,0.246445809,0.0014330126841837,0.0,0.0,0.00095967718938,1.6757020613291849,0.0084568966475582,5.37374382605632,0
757,0.0,0.0043002632931598,0.0,0.0,0.0,0.0,0.0,0.0,2.0833155125150737,0.102925084,0.0002499469334129,0.0,0.0,2.93250786732792,0.07029745556811469,3.91357484589783e-06,5.193600043212527,0
758,0.0002475,0.0399267544997765,0.0,0.0,0.0,0.0,0.0,0.0,4.101665989836125,0.023400727,0.0,0.0,0.0,0.08757216127036,0.478085485201076,0.0,4.730898617807338,0
759,0.0,0.0030798816490334,0.0,0.0,0.0,0.0,0.0,0.0,0.0008852694424852918,0.0,0.0,0.0,0.0,0.0,4.0999550524623465e-05,0.0,0.004006150642043315,0
760,0.00225,0.0030798816490334,0.0,0.0,0.0,0.0,0.0,0.0,3.567408053948958,0.0,0.0,0.749289179,0.0,7.382132226e-05,16.30206266185945,0.0,20.6241635977797,0
761,0.00325,0.0599470862106878,0.0,0.0,0.0,0.337433199,0.0,0.0,2.5466421719625787,0.364728733,0.0201595705054914,0.822511054,0.0,0.0,6.363719784409266,0.0172219765035135,10.535613575591539,0
762,0.0049925,0.0766767345093995,0.0,0.0,0.0,0.2200987,0.0,0.0,2.1121243391500912,0.174239591,0.0431987379730116,0.0,0.0,0.0,4.978050268077059,0.0032346403067826,7.612615511016344,0
763,0.0,0.0782672803369231,0.0,0.0,0.0,0.0,0.0,0.0,0.7662646785385686,0.010026709,0.004358531654976,0.0,0.0,0.0,27.945169195700565,0.0001226210510766,28.80420901628211,1
764,0.0,0.007471762923535,0.0,0.0,0.0,0.0,0.0,0.0,1.3270356078603753,0.00242332,0.0002545938033473,0.0,0.0,0.0,0.2095797354229888,3.98631089272135e-06,1.5467690063211392,0
765,0.0064925,0.0601840320143499,0.0,0.0,0.0,0.319384942,0.0,0.0,7.42736598405802,8.785,0.0643195408589639,0.0,0.0,0.0,3.638347924096973,0.0010070909309483,20.302102013959257,0
766,0.0,0.036412687370526,0.0,0.0,0.0,0.0,0.0,0.0,0.7459802589126336,0.0,0.0007265244469798,0.0,0.0,0.0,0.06505645895356758,1.13756107227672e-05,0.8481873052944299,0
767,0.0,0.0593255848748548,0.0,0.0,0.0,0.056001743,0.0,0.0,0.5878967318742117,0.0,0.0012259331259156,0.0,0.0,0.0,0.04988896714077396,0.0001442745217853,0.7544832345375413,0
768,0.0,0.0791545453133501,0.0,0.0,0.0,0.0,0.0,0.0,1.193678506784447,0.012538353,0.0182398665320012,0.0,0.0,2.00531192480888e-05,23.63930335745512,0.0003382697059114,24.943272951910078,0
769,0.008245,0.104510537225803,0.0,0.0,0.0,0.556354766,0.0,0.0,10.789463243245674,0.061478782,0.0278391859344261,0.0,0.0,0.00905,4.6230056038213325,0.0019433732384868,16.181890491465722,0
770,0.0271371735106672,0.0189526271207283,0.0,0.0,0.0,0.793905741,0.0,0.0,9.291132205007237,0.047377961,0.0739184365761889,0.0,0.0,0.0,11.009305379756833,0.0104886914141509,21.272218215385806,0
771,0.0,0.0030798816490334,0.0,0.0,0.0,0.0,0.0,0.0,0.13596933240225562,0.002895806,7.81767530141236e-06,0.0,0.0,0.00886,0.04682367025755748,1.22441326735677e-07,0.19763663042547464,0
772,0.0254825,0.0030798816490334,0.0,0.0,0.0,1.194567445,0.0,0.0,7.233235441540913,0.166880235,0.0259700850077952,0.0,0.0,0.0134,11.804564497936171,0.0018542913450985,20.469034377479012,0
773,0.0105432245035557,0.0990775168104455,0.0,0.0,0.0,0.106461647,0.0,0.0,9.275890280667886,0.020866151,0.0143996932182081,2.3736302609999997,0.0,0.0,12.822211963888984,0.0007727370527338,24.723853475141812,0
774,0.0235432245035557,0.0030798816490334,0.0,0.0,0.0,4.441481118,0.0,0.0,8.013833516114602,0.065556747,0.0134396088879663,2.495987865,0.0,0.0,10.794709450404223,0.0031595774919595,25.854790989051338,0
775,0.0095482245035557,0.0133863400020655,0.0,0.0,0.0,1.033965383,0.0,0.0,4.799289988223876,0.014198182,0.0183603776368442,1.501213595,0.0,0.0,9.694459899459298,0.0003486146569535,17.084770604482593,0
776,0.00275,0.0030798816490334,5.62511353526879,0.0,0.0,0.32226606,0.0,0.0,2.301391660397875,0.0,0.0,0.0,0.0,8.12901372868852,0.41585211206968103,0.0,16.799466978073898,0
777,0.0015,0.0030798816490334,3.34707672351277,0.0,0.0,0.0,0.0,0.0,0.583302812123381,0.0,0.0,0.0,0.0,1.42995592541768,0.13528407743502852,0.0,5.500199420137893,0
778,0.0271496735106672,0.0230039159562269,6.2703710373124,0.0,0.0,0.0,0.0,0.0,5.006535979233145,0.010569798,0.0067198591130412,0.0,0.0,0.0,7.824655750530776,0.0001169144762238,19.16912292813248,0
779,0.0028514490071114,0.0788210404071251,6.27037041027786,0.0,0.0,0.0,0.0,0.0,6.933204499597188,0.0,0.0028799386436416,0.0,0.0,0.0,5.650415626182087,4.50929924693854e-05,18.938588057107484,0
780,0.0,0.0031957020275153,0.0,0.0,0.0,0.0,0.0,0.0,0.0066181609590833315,0.039677997,0.0,0.0,0.0,1.69041213113038,0.01756787031760228,0.0,1.7574718614345808,0
781,0.0005,0.0055227636203291,4.54583868761306,0.0,0.0,1.147473729,0.0,0.0,2.4730996942603016,12.182223241,0.0,0.0,0.0,7.19500982779907,0.2817739633120412,0.0,27.8314419066048,1
782,0.0,0.164283456696605,1.39032801264695,0.0,0.0,0.0,0.0,0.0,1.0439035158734327,0.0,0.0,0.0,0.0,0.0,0.18007215444429273,0.0,2.7785871396612807,0
783,0.0,0.156898555569694,0.0,0.0,0.0,0.0,0.0,0.0,0.9037939306251547,0.001661409,0.0105597795824408,0.505438854,0.0,0.0,30.32790361636527,0.0001653410131792,31.90642148615574,1
784,0.0,0.0030798816490334,0.0,0.0,0.0,0.0,0.0,0.0,9.463316116258726e-06,6.23e-09,0.0,0.0,0.0,0.0,6.864085175644499e-07,2.3280298137722e-15,0.0030900376036695513,0
785,0.0107982245035557,0.0139476851891792,0.0,0.0,0.0,0.885372773,0.0,0.0,7.860891099476918,0.020782043,0.0681595159974215,0.303184432,0.0,0.00047,6.189195288809584,0.0014338733750312,15.35423493535169,0
786,0.0,0.136760161694602,0.0,0.0,0.0,0.0,0.0,0.0,1.6731337009248153,0.032199969,0.000908346900428,0.5921244,0.0,0.0,0.7654034519545265,3.6208266726857e-05,3.2005662387410987,0
787,0.0,0.0031849572766467,0.0,0.0,0.0,0.0,0.0,0.0,0.027895271591372527,0.000902754,7.10697754673851e-07,0.0098074,0.0,0.0,0.002026308844623542,1.11790401255753e-08,0.04381741358943757,0
788,0.0,0.132730837985839,0.0,0.0,0.0,0.0,0.0,0.0,5.118808852174155,0.022221722,0.0239995388103168,0.0,0.0,0.0,13.639746483171866,0.0017593271477854,18.93926676128996,0
789,0.0044021735106671,0.172106717365813,0.0,0.0,0.0,0.0,0.0,0.0,9.452649064425255,0.014845547,0.0335993570678964,0.0,0.0,0.0,28.009523013466058,0.0007100881012434,37.68783596093694,1
790,0.0039875,0.0105076151629086,0.0,0.0,0.0,0.106461647,0.0,0.0,4.696782108758979,0.016686417,0.0037961168866355,0.0,0.0,0.0,9.767718887052135,5.94381768200746e-05,14.60599973003748,0
791,0.0,0.0030808148481439,0.0,0.0,0.0,0.0,0.0,0.0,0.025526735540330102,0.000186975,4.78354257953554e-07,0.0,0.0,0.00113,0.01514124849414395,7.46290490473739e-09,0.04506625969978081,0
792,0.0167243470213343,0.0221384126646108,0.0,0.0,0.0,0.0,0.0,0.0,2.197322135981958,0.02672879,0.0097403040695083,0.0,0.0,0.00261,29.70730775830417,0.0004473102648153,31.9830190583064,1
793,0.0029975,0.0061374826121192,0.0,0.0,0.0,0.056001743,0.0,0.0,2.345864168211496,0.026204764,0.0194463921423084,0.0,0.0,0.00816,3.472569856932621,0.0010951436181217,5.938477050516666,0
794,0.00699,0.0046694567226423,0.0,0.0,0.0,0.433586235,0.0,0.0,3.0213580701414084,0.018894306,0.0101097575638226,0.0,0.0,0.02224,2.3713340786710297,0.0001582946927528,5.889340198791656,0
795,0.001,0.176834495443458,0.0,0.0,0.0,0.0,0.0,0.0,2.39354393542274,0.0,0.0044714437607498,0.0,0.0,0.0,16.60339904217604,7.0012179693768e-05,19.17931892898268,0
796,0.0,0.0033061033476366,0.0,0.0,0.0,0.0,0.0,0.0,0.3395474136326755,0.0,5.8222546825204e-06,0.0,0.0,0.0,0.07984118248296973,9.11514683134956e-08,0.42270061286943267,0
797,0.002,0.0084212930183849,0.0,0.0,0.0,0.044334713,0.0,0.0,1.2988011758250022,0.018452826,0.001294153276732,0.0,0.0,0.0,0.918789272591305,2.02633672715883e-05,2.2921136970786957,0
798,0.0017475,0.0350129312807221,0.0,0.0,0.0,0.0,0.0,0.0,3.0235152096502715,0.045118528,0.0077369496035665,0.071307812,0.0,0.02528,21.389100764920496,0.0004028464088881,24.599222541863945,0
799,0.0065482245035557,0.0455118101058827,0.0,0.0,0.0,3.047120726,0.0,0.0,7.459136164912087,1.436478709,0.0216856709282729,0.146643526,0.0,0.0,28.91720929240252,0.0263027279494484,41.10663685180177,1
800,0.0,0.0033010887214987,0.0,0.0,0.0,0.0,0.0,0.0,0.28826286877276774,0.103575731,0.0001128984385092,0.0,0.0,0.0,0.1152203395163447,1.76770100286936e-06,0.5104746941501231,0
801,0.0258514490071114,0.0030798816490334,0.0,0.0,0.0,0.672568631,0.0,0.0,7.377000820630762,0.0,0.0086399389363055,0.165437742,0.0,0.0,19.223265316284095,0.0003462900660448,27.476190069573352,0
802,0.0189964490071114,0.0030798816490334,0.0,0.0,0.0,0.750993767,0.0,0.0,4.510615214458025,0.0,0.0047999637978478,0.145325572,0.0,0.0,8.429508391871957,0.0001300111404208,13.863449250924395,0
803,0.0153796735106672,0.006702482829082,0.0,0.0,0.0,0.32226606,0.0,0.0,3.73244884411515,0.081899202,0.0335997602521995,0.0,0.0,0.0,3.932938390806344,0.0017647481865102,8.126999161699953,0
804,0.0121014490071114,0.0266268022804481,0.0,0.0,0.0,1.388973683,0.0,0.0,7.359641028500033,0.21276113,0.0115199185817407,0.164273465,0.0,4.460592692e-05,10.107796354967132,0.0029785531727865,19.28671699043617,0
805,0.0,0.0030798816490334,0.0,0.0,0.0,0.0,0.0,0.0,0.039820745390980745,0.064819571,0.0,0.0,0.0,0.77665852232276,0.10313153366903674,0.0,0.9875102540318109,0
806,0.0,0.0030798816490334,0.0,0.0,0.0,0.0,0.0,0.0,0.1201114914690456,0.083386045,0.0,0.0,0.0,7.64026497238287,0.08656196323442358,0.0,7.933404353735373,0
807,0.0,0.0972662421426187,0.0,0.0,0.0,0.0,0.0,0.0,6.593436289647746,377.83098420600004,0.0143996932182081,0.0,0.0,0.0,0.4145975101872619,0.0034022090603404,384.9540861502562,1
808,0.00425,0.11428449155852,0.0,0.0,0.0,0.0,0.0,0.0,6.588957113673998,0.091918367,0.0345589903784093,0.0,0.0,0.0,5.804040156491861,0.0020842744741566,12.640093393576946,0
809,0.0,0.18099395860885,0.0,0.0,0.0,0.0,0.0,0.0,1.6301756379902517,0.0,0.0,0.0,0.0,2.09960608077024,0.05497403693081514,0.0,3.965749714300156,0
810,0.0,0.0030979042089243,0.0,0.0,0.0,0.0,0.0,0.0,0.0006126640110491498,0.0,0.0,0.0,0.0,0.0,0.0007093622961944286,0.0,0.004419930516167879,0
811,0.009495,0.0338720046405452,225.965111425132,0.0,0.0,0.016871258,0.0,0.0,6.4057381995441105,0.000221555,0.0009599954930224,0.000716804,0.0,0.0,11.992816955673668,1.50312079246017e-05,244.42581822869124,1
812,0.002995,0.0493162284742041,23.5567658417817,0.0,0.0,0.279002945,0.0,0.0,6.941848092880173,0.009898738,0.0009599954930224,0.0,0.0,0.0,9.540244736628587,2.36115823102228e-05,40.38105518984,1
813,0.0079975,0.0501737229118626,18.3728475529712,0.0,0.0,0.066793746,0.0,0.0,4.461142481279046,0.096709058,0.059519577061116,0.0,0.0,0.0,16.427594944293386,0.0067735262450529,39.54955210876166,1
814,0.0087907245035557,0.0501737229118626,18.3557214388256,0.0,0.0,1.40285342,0.0,0.0,4.717365986291416,0.015408662,0.0383997240500474,0.0,0.0,0.0,14.154013607132752,0.0010510978909727,38.743778383606205,1
815,0.0208439490071114,0.0139476851891792,18.3542063448927,0.0,0.0,0.96679818,0.0,0.0,6.066619699153203,0.271397086,0.0489596471387656,0.142901262,0.0,0.0,8.113249324948368,0.0103134068086856,34.00923658513801,1
816,0.0015,0.0241452832737614,15.1173835819429,0.0,0.0,0.0,0.0,0.0,2.0774135223275536,0.0,0.0008373522949154,0.0,0.0,0.03781,0.19531849780975039,1.31109485211631e-05,17.454421348597403,0
817,0.0,0.0184631764625149,3.17212072890452,0.0,0.0,0.0,0.0,0.0,1.0626413804789594,0.0,0.0006114870815742,0.0,0.0,0.0426,0.0208961985783235,9.57445143091433e-06,4.317342545957323,0
818,0.004745,0.0103531577490357,8.11629084190495,0.0,0.0,0.118712029,0.0,0.0,3.2684719644624662,0.026615128,0.0130139829365038,0.004871849,0.0,0.0053015902588636,3.6680148258054173,0.0030200499252186,15.239410419042455,0
819,0.013315,0.0230042011003995,0.0882140840491634,0.0,0.0,0.0,0.0,0.0,3.629231573053149,0.062767669,0.0412797036954825,0.0,0.0,0.0,6.335502924744804,0.0028036185836485,10.196118774226647,0
820,0.0,0.0035243695697648,0.0,0.0,0.0,0.0,0.0,0.0,0.33534413176073397,0.004251083,0.001104287638118,0.0,0.0,0.0,0.05972323150291159,1.72905443037241e-05,0.4039643940158321,0
821,0.00299,0.025326661503155,0.0882140840491634,0.0,0.0,0.0,0.0,0.0,3.51387673015959,0.030074689,0.0552695498191083,0.01063261,0.0,0.0,6.798533192763056,0.0023144641753139,10.527231981469386,0
822,0.0,0.0030798816490334,0.0882140840491634,0.0,0.0,0.023625735,0.0,0.0,4.709109990303583,0.033521019,0.0662395250113766,0.084205001,0.0,0.0,3.444178772936163,0.002489163132921,8.45466317208224,0
823,0.0048489490071114,0.017570117874944,0.0891418166134615,0.0,0.0,0.189297559,0.0,0.0,5.070377667379113,1.433788696,0.061438823181245,0.084896214,0.0,0.0,6.773933316670766,0.0448856895938712,13.770178849320512,0
824,0.0253464490071115,0.0030798816490334,0.0,0.0,0.0,0.118420353,0.0,0.0,4.099955574906966,0.246684099,0.0623995567065512,0.097767662,0.0,0.0,13.289020473910726,0.0117713749293124,17.9544454251097,0
825,0.0005,0.0717016042178057,96.4524358427766,0.0,0.0,0.0,0.0,0.0,3.5546257607425717,0.995257378,0.0039224570797933,0.0,0.0,0.0,13.991482510925465,0.0020024991442858,115.07192805288652,1
826,0.0,0.0061580883996617,0.0,0.0,0.0,0.0,0.0,0.0,1.1154228714705852,0.210791627,0.0001759523633398,0.0,0.0,0.0,23.95122661861615,2.75499533305096e-06,25.28377791284507,0
827,0.01725,0.0266265171362754,432.27866995353,0.0,0.0,0.0,0.0,0.0,6.347979998762297,0.037260416,0.0,0.000319394,0.0,0.0,0.39278106327700496,0.0,439.1008873427056,1
828,0.0,0.0501569041996484,0.0882140840491634,0.0,0.0,0.0,0.0,0.0,2.17838383738993,0.136996525,0.0045802761880665,0.020808924,0.0,5.0132798120222e-05,6.05687858156923,0.0003808736153049,8.536450138809464,0
829,0.0,0.0071735279406579,0.0,0.0,0.0,0.0,0.0,0.0,0.5020035292363182,0.040398058,0.0003982845888043,0.066794561,0.0,0.00042375630574,0.9140035172204685,6.23617094167997e-06,1.5312014704629306,0
830,0.0,0.0030882285966322,0.0,0.0,0.0,0.0,0.0,0.0,0.07641007883874709,0.0,0.0,0.0,0.0,0.0,0.41946301553808474,0.0,0.498961322973464,0
831,0.0132375,0.0077731862361999,77.3045306846862,0.0,0.0,0.382491243,0.0,0.0,5.892133666861964,0.0,0.0,0.000481207,0.0,0.0,5.240185195391967,0.0,88.84083268317633,1
832,0.0,0.0030852605050171,2.70121971508932e-05,0.0,0.0,0.0,0.0,0.0,0.0757976900407236,0.0,0.0,0.0,0.0,0.0,1.1769298616309738,0.0,1.2558398243738653,0
833,0.0,0.0030996602857348,0.0,0.0,0.0,0.0,0.0,0.0,0.08476675063927075,4.41e-05,6.01359638570182e-06,0.0,0.0,0.0,1.7625936865132423,9.41871005386683e-08,1.8505103052217342,0
834,0.0029925,0.110630819902687,0.0,0.0,0.0,0.027709196,0.0,0.0,3.5601744579586687,0.003250159,0.0327061739974455,0.0,0.0,0.0,2.641195081711534,0.0006148137620832,6.379273202332419,0
835,0.01262,0.0936436928069651,0.0,0.0,0.0,0.48895289,0.0,0.0,3.543667734786354,0.12226499,0.0134397182260824,0.0,0.0,0.0,5.115467635887449,0.0011016612526687,9.39115832295952,0
836,0.00375,0.0030798816490334,0.0,0.0,0.0,0.175329463,0.0,0.0,1.7185032331832293,0.013823122,0.0109963530127782,0.052154524,0.0,0.0,2.856551809334742,0.0001721767146458,4.834360562894428,0
837,0.005495,0.0030798816490334,0.0,0.0,0.0,0.106461647,0.0,0.0,6.497958393855409,0.019357495,0.0215643261202946,0.105116895,0.0,0.0,4.770137325882329,0.0045262901056819,11.533697254612749,0
838,0.0045,0.004733004989842,0.0,0.0,0.0,0.16800523,0.0,0.0,1.523646179200786,0.054927188,0.0033586004150467,0.0,0.0,0.0,8.351732631346671,5.25876618625005e-05,10.110955421614209,0
839,0.0094071735106671,0.0071235111610654,0.0,0.0,0.0,0.0,0.0,0.0,2.6225177288054593,0.085905447,0.0082153380296814,0.0,0.0,0.0,2.718300615473547,39.058261959235296,44.50973177321572,1
840,0.0114975,0.0103249803203406,0.0,0.0,0.0,1.130982132,0.0,0.0,6.131586996548564,0.23402015,0.0268794296185326,0.053310982,0.0,0.08561,13.058850162724516,0.0023452536792195,20.745407586891172,0
841,0.0,0.110040622580413,0.0,0.0,0.0,0.384875575,0.0,0.0,2.6075916180482084,0.005481806,0.0172794951892046,0.0,0.0,0.0,0.3253874729879489,0.000270555790344,3.450927145596119,0
842,0.0,0.0055132631349411,0.0,0.0,0.0,0.0,0.0,0.0,0.2568700954090558,0.001659967,0.0010427302787516,0.0,0.0,0.0,0.5999131495709267,1.63267175898254e-05,0.865015532111265,0
843,0.0089975,0.0618575701907723,0.0,0.0,0.0,0.572665698,0.0,0.0,6.510979902730621,0.008158307,0.0251869575848349,0.0,0.0,0.0,2.903412420010933,0.0004507858784579,10.091709141395619,0
844,0.01575,0.0030798816490334,0.0,0.0,0.0,0.377136739,0.0,0.0,6.718591639564712,0.013054515,0.030719104077171,0.0,0.0,0.0,8.998316886224663,0.0007125518361989,16.15736131735178,0
845,0.01274,0.0061132712796434,0.0,0.0,0.0,2.878886581,0.0,0.0,8.846309893516413,0.100647449,0.0006211635048494,0.0,0.0,0.0,10.753237807146814,6.39423219052705e-05,22.598620107769623,0
846,0.01799,0.0426735109337451,0.0,0.0,0.0,1.549089885,0.0,0.0,5.832015423816986,0.023651648,0.005741433313823,0.448143939,0.0,0.0,5.606365999638064,0.0003543022580772,13.526026141960696,0
847,0.0,0.0030810092646252,0.0,0.0,0.0,0.175005447,0.0,0.0,0.12551510699912088,0.000130462,1.49656546416898e-06,0.0,0.0,0.0,0.08197882574601419,2.346707735721e-08,0.3857123710423018,0
848,0.000495,0.0030870491366454,0.0,0.0,0.0,0.280592067,0.0,0.0,0.3443454192244697,0.007252558,0.000209662671261,0.0,0.0,0.0,0.5874532925978402,6.7633908553696e-06,1.2234418120210717,0
849,0.0057832245035557,0.0188913722821103,0.0,0.0,0.0,0.0,0.0,0.0,2.031129287558114,0.008897247,0.0209887292753313,0.001978045,0.0,0.0,4.892537491602973,0.0004207784583682,6.980626175680453,0
850,0.010245,0.0628519975317123,0.0,0.0,0.0,0.0,0.0,0.0,4.256866181036192,0.003848526,0.0489589637755399,0.0,0.0,0.0,9.820310409790064,0.0020695845508607,14.205150662684371,0
851,0.00275,0.0030798816490334,0.0,0.0,0.0,0.371303224,0.0,0.0,4.103643077470284,0.070504295,0.0647115248388278,0.0,0.0,0.0,13.995941939611892,0.0040556475142334,18.615989590084272,0
852,0.00075,0.0030798816490334,0.0,0.0,0.0,0.106461647,0.0,0.0,0.6107986762308155,0.009130585,0.001085290140445,0.0,0.0,0.0,0.42896321523648695,1.69930947181813e-05,1.160286288351499,0
853,0.0036064490071114,0.0411166755955934,0.0355598241132731,0.0,0.0,0.106461647,0.0,0.0,3.6785060672076417,0.024572436,0.0364792273752154,0.0,0.0,0.0,27.28565221946666,0.0014794907563427,31.213434036521836,1
854,0.0005,0.0211924987163138,0.0,0.0,0.0,0.317051536,0.0,0.0,3.8240643693844762,0.009464424,0.0671980444398316,0.0,0.0,0.0,31.132602602588477,0.0013628918754978,35.3734363670046,1
855,0.0,0.0030809444591314,0.0,0.0,0.0,0.0,0.0,0.0,0.03123013835792956,0.002913035,2.2482650123817e-06,0.0,0.0,0.0,0.016705108050424838,3.52491880058095e-08,0.053931509381686185,0
856,0.0130332245035557,0.019119293203731,0.0,0.0,0.0,2.035929767,0.0,0.0,3.7076084510393588,0.358012041,0.0340036552530865,0.701721872,0.0,0.0,10.890504443902149,0.0060888428292612,17.766021590731143,0
857,0.0,0.18917165334457,0.0,0.0,0.0,0.0,0.0,0.0,1.8600123985724912,0.0,0.0,0.0,0.0,0.0,0.050237360371104246,0.0,2.0994214122881654,0
858,0.0,0.0085137186136125,0.0,0.0,0.0,0.0,0.0,0.0,2.611530286951503,0.004599465,0.043199175325476,0.0,0.0,0.0,2.4637054207853333,0.0007749667785478,5.1323230334544725,0
859,0.0,0.0429280409911115,0.0,0.0,0.0,0.0,0.0,0.0,3.80102266723933,0.028900963,0.0335993570678964,0.0,0.0,0.0,5.721854827431487,0.003401455069662,9.631707310799488,0
860,0.0,0.0139541846786986,0.0,0.0,0.0,0.0,0.0,0.0,1.0213485367733572,0.005338419,0.0053169485789472,0.07630734,0.0,0.0,0.9403242178485015,8.32508083161858e-05,2.0626728976878206,0
861,0.0002475,0.012836050795489,0.0,0.0,0.0,0.0,0.0,0.0,1.1568420090237836,0.005056512,0.0047702443311644,0.125539134,0.0,0.0,2.8359093388160583,0.0001827717547516,4.141383560721247,0
862,0.006995,0.0700970962030195,0.0,0.0,0.0,0.428727707,0.0,0.0,4.092095703054239,0.021097502,0.0441590683140146,0.155926803,0.0,0.0,5.4578097325793635,0.00079484047864,10.277703452629277,0
863,0.0094303980142228,0.0968375026427737,0.0,0.0,0.0,0.32226606,0.0,0.0,3.321614179929969,1.443397617,0.0278394114442906,0.0,0.0,0.0,6.341079116347391,0.0013762525401058,11.563840537918752,0
864,0.0029975,0.0054871205987507,0.0,0.0,0.0,0.0,0.0,0.0,0.7777663391002065,0.002925036,0.001975493747232,0.0,0.0,0.0,8.334104289937597,3.09315204849311e-05,9.125286710904271,0
865,0.0015,0.0383845667055621,0.0,0.0,0.0,0.155754848,0.0,0.0,1.9974692698766494,0.011201786,0.0289727215186019,0.0,0.0,0.0,10.468906337535564,0.0007797332580719,12.70296926289445,0
866,0.004495,0.0393054009277666,0.0,0.0,0.0,0.368386467,0.0,0.0,4.869894862338775,0.0550648,0.047998981949782,0.004622564,0.0,0.0,5.580795397226092,0.0016444087511073,10.972207882193523,0
867,0.0095864490071114,0.0374941262599399,0.0,0.0,0.0,0.654193059,0.0,0.0,2.072031784891199,0.020305708,0.0700785161067893,0.0,0.0,0.0,4.304242096942215,0.0059036984658171,7.173835438673072,0
868,0.0002475,0.114380791792947,0.0,0.0,0.0,0.0,0.0,0.0,0.9019518365309228,0.0,0.0,0.0,0.0,0.0,0.3728872482486517,0.0,1.3894673765725214,0
869,0.0,0.044829667478365,0.0,0.0,0.0,0.0,0.0,0.0,0.5358226453706558,0.0,0.0024586042132361,0.0,0.0,0.0,0.2416194271768506,3.84959320510982e-05,0.8247688401711586,0
870,0.0005,0.0114483187495058,0.0,0.0,0.0,0.0,0.0,0.0,0.793024546213947,0.0,0.000492807390176,0.0,0.0,0.0,6.731421004602642,7.71622082557509e-06,7.536894393177096,0
871,0.00075,0.0048435113178339,0.0,0.0,0.0,0.06650207,0.0,0.0,0.580543475395643,0.0,0.0001038575430339,0.0,0.0,0.0,5.638903568717045,1.62617224346376e-06,6.291648109145799,0
872,0.0025,0.0116168805863577,0.0,0.0,0.0,0.0,0.0,0.0,1.7043917656591723,0.002783438,0.0085490584609265,0.0,0.0,0.0,1.6863986616405275,0.0001338578936911,3.416373662240675,0
873,0.00335,0.0163741040446249,0.0,0.0,0.0,1.117701458,0.0,0.0,1.9685906174923014,0.003473446,0.0133129953495183,0.0,0.0,0.0,2.296950256871859,0.000208449827925,5.419961327586228,0
874,0.0047425,0.006921953114314,0.0,0.0,0.0,0.677291463,0.0,0.0,3.5162362888867715,0.646829601,0.003563527379154,0.262494777,0.0,0.0,4.842907466143779,0.003231512355188,9.964219088879206,0
875,0.0025532245035557,0.0036150583777592,0.0,0.0,0.0,0.212923294,0.0,0.0,1.8361000047641416,0.241409719,0.0004963745462138,0.059333881,0.0,0.0,1.8236049318632468,7.77206259288663e-06,4.18004426011751,0
876,0.0107857245035557,0.0103249284759456,0.0,0.0,0.0,1.445930008,0.0,0.0,7.5489442691708915,0.009515096,0.0220793564825686,0.0,0.0,0.0,9.284265994045558,0.0011065229433904,18.332951899621907,0
877,0.006495,0.0138488568111663,0.0,0.0,0.0,0.247924384,0.0,0.0,3.4244343862178566,0.027794828,0.0047943602193975,0.005057066,0.0,0.0,2.8476392647531306,0.0005890750732429,6.578577221074794,0
878,0.0052425,0.014965636924361,0.0,0.0,0.0,0.274758552,0.0,0.0,0.9719833671224363,0.029200552,0.0052915548014822,0.473731789,0.0,0.0,1.1526041109775704,8.28531806358763e-05,2.9278609160064857,0
879,0.0121596735106672,0.0030798816490334,0.0,0.0,0.0,2.670533143,0.0,0.0,6.001804177354192,0.01146382,0.0198871135874256,0.09049380900000001,0.0,0.0,10.09461033548867,0.0010100834042025,18.90504203699419,0
880,0.0017475,0.0823472923390607,0.0,0.0,0.0,0.0,0.0,0.0,3.000018755248827,0.0,0.0326393069058159,0.037986293,0.0,0.0,2.0400837100699385,0.0007128726137896,5.195535730177432,0
881,0.0199875,0.0030798816490334,0.0,0.0,0.0,1.758370515,0.0,0.0,4.900413494132198,0.128400693,0.0276797777947792,0.291871239,0.0,0.0,7.8815516455840235,0.0054468329524465,15.01680157911248,0
882,0.0103007245035557,0.0211926412884001,0.0,0.0,0.0,0.453711051,0.0,0.0,4.447017669400454,0.067065997,0.0153596750439661,0.333268473,0.0,0.0,5.971726298910832,0.0011650991212748,11.320807629268483,0
883,0.0117957245035557,0.0175700919527465,0.0,0.0,0.0,0.428727707,0.0,0.0,2.900958866426784,0.509999990463257,0.0537588660706975,0.011032399,0.0,0.0,4.519049039605145,0.0008417358594285,8.453734420881613,0
884,0.0063439490071114,0.0133527837173868,0.0,0.0,0.0,0.673926239,0.0,0.0,0.9244024375191844,0.00298241,0.0027736961629501,0.0,0.0,0.0,2.2056865437021766,4.34294587495565e-05,3.829511488567559,0
885,0.0041014490071114,0.0465430080839929,0.0,0.0,0.0,0.107516101,0.0,0.0,1.331229944703389,0.006134522,0.0117350823269682,0.0,0.0,0.0,2.0721330006372947,0.0002105989263857,3.579603706685142,0
886,0.006495,0.0302490275886327,0.0,0.0,0.0,0.177216325,0.0,0.0,3.9286654659157243,0.008322602,0.0691185411146636,0.0,0.0,0.0,14.374590115801443,0.0068338172159721,18.601490894636434,0
887,0.0,0.0030798816490334,0.0,0.0,0.0,0.0,0.0,0.0,0.001288294482430042,3.04e-06,1.36672645129587e-08,0.0,0.0,0.0,7.84340509000648e-05,2.2259502048556301e-10,0.00444966407222304,0
888,0.00525,0.0139384309646676,0.0,0.0,0.0,0.450055676,0.0,0.0,5.312209613223591,0.00733412,0.0824890893150459,0.659071254,0.0,0.0,3.594316036719056,0.0031467918779686,10.127811012100329,0
889,0.0053539490071114,0.0048911563168602,0.0174456452537344,0.0,0.0,0.39201755,0.0,0.0,4.168146616618408,0.005982033,0.0844782161586297,0.659633653,0.0,0.0,4.618956740893978,0.0065113134994545,9.963416873748177,0
890,0.0,0.0031940943557507,0.0,0.0,0.0,0.0,0.0,0.0,0.06426944671017627,4.74e-05,3.0594171612258e-05,0.0,0.0,0.0,0.0020794351504710407,4.7907338884592e-07,0.06962144946139912,0
891,0.00075,0.0760305786745879,0.0,0.0,0.0,0.0,0.0,0.0,2.5682438826525784,0.001198158,0.0195422611692346,0.0,0.0,0.0,3.1605753419099103,0.0003641748158704,5.826704397222181,0
892,0.0,0.0483617872279993,0.0,0.0,0.0,0.0,0.0,0.0,2.066166050973899,0.040670506,0.0451190433061403,0.0,0.0,0.0,17.34162638076012,0.0031136088314603,19.545057377099617,0
893,0.0,0.380702032512116,0.0,0.0,0.0,0.0,0.0,0.0,1.6382512603246282,0.004049845,0.0201596115072849,0.0,0.0,0.0,1.0662279667538328,0.0003156515785901,3.109706367676452,0
894,0.0,0.0356833052305695,0.0,0.0,0.0,0.0,0.0,0.0,1.99370958865557,0.0,0.0278398009613292,0.0,0.0,0.0,5.822980357973635,0.0004359050298134,7.880648957850917,0
895,0.0,0.0103250840091307,0.0,0.0,0.0,0.0,0.0,0.0,4.41201566982846,0.115853169,0.059519577061116,0.0,0.0,0.0,10.91605608383508,0.0065299048455254,15.520299488579312,0
896,0.0,0.0349890439757151,0.0,0.0,0.0,0.0,0.0,0.0,1.139864294825716,0.0,0.0,0.002182426,0.0,0.0,0.30479892499122885,0.0,1.48183468979266,0
897,0.0,0.0209672737032342,0.0,0.0,0.0,0.0,0.0,0.0,1.3910592003699,0.0,0.0,5.73e-05,0.0,0.0,0.08856517977599455,0.0,1.5006489538491288,0
898,0.0,0.0030904708667169,0.0,0.0,0.0,0.0,0.0,0.0,0.0215205680423439,0.0,0.0,0.0,0.0,0.0,0.001638194181316539,0.0,0.026249233090377338,0
899,0.00375,0.012136384599155,0.0,0.0,0.0,0.540766833,0.0,0.0,3.3952472795048343,0.043437525,0.0873593780224452,0.001480204,0.0,0.0,3.9568182166877746,0.0041088535015767,8.045104674315786,0
900,0.0055507245035557,0.0773432447233258,0.0,0.0,0.0,0.597798869,0.0,0.0,2.8439928531373098,0.181342487,0.0134399027341534,0.000672346,0.0,0.0,5.628095525326961,0.0017739260679982,9.350009878493303,0
901,0.001245,0.0126027638156849,0.0,0.0,0.0,0.332189015,0.0,0.0,2.7650946860165275,0.012197488,0.0353300086050111,0.000430468,0.0,0.15681,2.8798422739339746,0.0015347984713458,6.197276501842544,0
902,0.001245,0.0035992976816721,0.0,0.0,0.0,0.0,0.0,0.0,0.7874730504940576,0.002848675,0.0019270296272691,0.0,0.0,0.15013,0.8224996768196707,3.0172698265723e-05,1.7697529023209353,0
903,0.00525,0.0223702607991545,0.0,0.0,0.0,0.483061503,0.0,0.0,9.79491732687795,0.007522814,0.0208923955614117,0.0,0.0,0.0,6.671551915441962,0.0011249489222948,17.006691164602774,0
904,0.0015,0.0073330921279467,0.0,0.0,0.0,0.0,0.0,0.0,0.2943382492367604,0.003532384,0.0046064216650798,0.0,0.0,0.0,1.2272886158707395,7.21256148697227e-05,1.5386708885153961,0
905,0.0002475,0.0083059781227546,0.0,0.0,0.0,0.0,0.0,0.0,0.847437249512159,0.0,0.0020960936892944,0.0,0.0,0.0,0.060589056595269364,3.28198692760101e-05,0.9187086977887534,0
906,0.0,0.037894364989519,0.0,0.0,0.0,0.595018521,0.0,0.0,2.3124347022066205,0.0,0.013963475136748,0.0,0.0,0.0,12.49085977339512,0.0002186348388183,15.450389471566826,0
907,0.00725,0.0230039548395231,0.0,0.0,0.0,1.232877738,0.0,0.0,5.9248119312775085,0.176651335,0.0643187686585189,0.0,0.0,0.0,6.548463596164052,0.0048490976601062,13.982226421599709,0
908,0.01925,0.0030798816490334,0.0,0.0,0.0,2.291587681,0.0,0.0,10.348998196916929,0.125711392,0.0038399751384576,0.07569071299999999,0.0,0.0,10.500108138718202,0.0003407472548977,23.368606725677523,0
909,0.0165482245035557,0.0059302087208164,0.0,0.0,0.0,1.402168219,0.0,0.0,3.94555405172605,0.054538374,0.007553384573893,0.064815437,0.0,0.0,6.3757136374392624,0.0008387967723937,11.873660333735971,0
910,0.01025,0.0034930296329733,0.0,0.0,0.0,0.894569512,0.0,0.0,2.406005672806905,0.027363933,0.001094857225604,0.01810961,0.0,0.0,3.425786517298214,1.71428664921077e-05,6.786690274830188,0
911,0.0045,0.0030798816490334,0.0,0.0,0.0,0.224882,0.0,0.0,1.921837692123358,0.022268958999999998,0.000361587983587,0.054430689,0.0,0.0,3.0248311524874825,5.66165844797279e-06,5.256197623901909,0
912,0.0002475,0.0030798816490334,0.0,0.0,0.0,0.0,0.0,0.0,0.19627658020630517,0.003757909,2.08015765887231e-05,0.018058378,0.0,0.0,0.07926180972020822,3.25653169576026e-07,0.3007031858053051,0
913,0.006495,0.0030798816490334,0.0,0.0,0.0,0.417387992,0.0,0.0,3.7047821051915166,0.037661736,0.0020890003790122,0.426715529,0.0,0.0,5.631517545426054,0.0001013216316151,10.22983011127723,0
914,0.0,0.0031837907777587,0.0,0.0,0.0,0.0,0.0,0.0,0.1495797675370883,0.000605038,0.0002019269995467,0.0,0.0,0.0,0.8165491680820379,3.16169010768892e-06,0.9701228530865393,0
915,0.003,0.0321059382851787,0.0,0.0,0.0,0.653508936,0.0,0.0,3.124694028467438,0.010112396,0.056407506763354,0.0,0.0,0.0,5.6444008409996815,0.0012676991517564,9.525497345667409,0
916,0.0086571735106671,0.0057609546112487,0.0,0.0,0.0,0.854473525,0.0,0.0,2.5208002334197404,0.130566435,0.0113454217820715,0.0,0.0,0.0,3.0054129146130726,0.0029734249238123,6.539990082860613,0
917,0.0035,0.0035653902493683,0.0,0.0,0.0,0.227507082,0.0,0.0,1.2515961711257375,0.055561839,0.0020545247042782,0.00127068,0.0,0.0,1.629651606765713,3.21689292624375e-05,3.1747394627743595,0
918,0.0,0.0030859098709014,0.0,0.0,0.0,0.0,0.0,0.0,0.0814220100516264,0.006192469,2.55236164779503e-05,0.002768115,0.0,0.0,0.5632166733927405,3.99587954281468e-07,0.6567111005197005,0
919,0.0025,0.0042640782597331,0.0,0.0,0.0,0.205923076,0.0,0.0,1.822868013078373,0.086773591,0.0050111162009408,0.006393975,0.0,0.0,2.248859692148373,7.84621501190249e-05,4.382672003837539,0
920,0.019745,0.0157589857792035,0.0,0.0,0.0,0.871390719,0.0,0.0,5.024958181158953,0.10642115,0.017279877872611,0.179002075,0.0,0.0,10.941163336479928,0.002863735743702,17.1785830610344,0
921,0.0007425,0.0047747656500331,0.0,0.0,0.0,0.0,0.0,0.0,0.26418235291151343,0.000480428,0.0021871381718474,0.0,0.0,0.0,0.44367537494690157,3.42454116110577e-05,0.7160768050919066,0
922,0.0015,0.0296287742076739,0.0,0.0,0.0,0.365469709,0.0,0.0,3.255191957831413,0.001901441,0.0342597319546335,0.0,0.0,0.0,4.228997118042107,0.0005881758583906,7.917536907894219,0
923,0.0022475,0.016469539135194,0.0,0.0,0.0,0.067377097,0.0,0.0,2.806548502157563,0.016499759,0.0455361272172823,0.0,0.0,0.0,4.452022682396411,0.0022507170650062,7.408951923971457,0
924,0.0017475,0.0040857925234711,0.0,0.0,0.0,0.0,0.0,0.0,0.5969273280823082,0.004522445,0.0034209504757548,0.0,0.0,0.0,2.151652751361774,5.35639249508036e-05,2.762410331368259,0
925,0.0,0.101842781209052,0.0,0.0,0.0,0.32226606,0.0,0.0,2.077018604329564,0.0,0.0230395569845588,0.022155902,0.0,0.0,1.187955636694796,0.0003897377230418,3.7346682789410126,0
926,0.0047425,0.0537963240919112,0.0,0.0,0.0,0.212923294,0.0,0.0,2.377186124294221,0.008427623,0.0518396267842007,0.0,0.0,0.0,4.286354367380425,0.0015784850343192,6.996848344585077,0
927,0.00075,0.090923832155258,0.0663662370349011,0.0,0.0,0.0,0.0,0.0,1.471619438468799,0.0,0.0190030465824048,0.0,0.0,0.0,6.178953932074229,0.0002975424381375,7.827914028753729,0
928,0.0,0.0030822146468095,0.0,0.0,0.0,0.0,0.0,0.0,0.0169310778361091,0.0,5.05688786979471e-07,0.0,0.0,0.0,1.0959326023002032,7.91905115107394e-09,1.1159464083909598,0
929,0.0068564490071114,0.0090748434620474,0.0,0.0,0.0,0.560540451,0.0,0.0,1.9471424988000254,0.380336601,0.0044482709137681,0.0,0.0,0.0,8.898922414274509,0.0102278968670795,11.81754942532454,0
930,0.0025,0.0063468302792229,0.0,0.0,0.0,0.382491243,0.0,0.0,0.8316272854212743,0.280767077,0.0024240807030764,0.0,0.0,0.0,11.526022708843454,3.79553821635254e-05,13.03221718062919,0
931,0.0,0.0140982373115199,0.0,0.0,0.0,0.0,0.0,0.0,0.4462460322179117,0.0,0.0009033993506743,0.0,0.0,0.0,0.16882605851333013,1.41450392270586e-05,0.6300878724326631,0
932,0.0005,0.0622160163881901,0.0,0.0,0.0,0.0,0.0,0.0,1.8655244847683412,0.0,0.0048485782577204,0.0,0.0,0.0,0.6310839227495177,8.29886459789639e-05,2.564255990809748,0
933,0.0,0.0031950219887708,0.0,0.0,0.0,0.0,0.0,0.0,0.0267751015234561,0.0,9.44407977845445e-06,0.0,0.0,0.0,1.1147691293877104,1.47819788741351e-07,1.1447488447995045,0
934,0.0,0.197755876490034,0.0,0.0,0.0,0.0,0.0,0.0,1.3304751243946695,0.101907376,0.0479996584793753,0.0,0.0,0.0,1.930487632035278,0.0018485713377521,3.6104742387371087,0
935,0.0,0.211952785632945,0.0,0.0,0.0,0.0,0.0,0.0,0.62687065131166,0.003078632,0.0143995770464598,0.033115799,0.0,0.0,24.45696135047388,0.0003161666101665,25.346694962075112,0
936,0.0,0.0569901780531305,0.0,0.0,0.0,0.0,0.0,0.0,1.0533421166353825,0.011288882,0.0163198823795885,0.0,0.0,0.25721,1.7888266639161967,0.0024082551998606,3.186385978184159,0
937,0.0,0.0030798816490334,0.0,0.0,0.0,0.0,0.0,0.0,2.839854467211545,0.021086173,0.0855761690196459,0.0,0.0,0.01273,4.234541207638477,0.0062248598942917,7.203092758412993,0
938,0.0,0.0030798816490334,0.0,0.0,0.0,0.0,0.0,0.0,0.0122557250997611,0.000218516,9.19123538496471e-06,0.0,0.0,0.01833,0.0009278380201095523,1.43896913720425e-07,0.03482129590120273,0
939,0.0,0.0123365331820629,0.0,0.0,0.0,0.0,0.0,0.0,0.9883586602303164,0.068701151,0.0038709041580504,0.000662999,0.0,0.13389,3.5246342814368528,6.06091324081366e-05,4.73251513813969,0
940,0.0,0.0321696420347587,0.0,0.0,0.0,0.106461647,0.0,0.0,0.7424429723882725,0.121788591,0.0121646171160814,0.0,0.0,0.21095,7.494864122441773,0.0045695606330831,8.725411152613969,0
941,0.0002475,0.0625607616426695,0.0,0.0,0.0,0.0,0.0,0.0,1.2267440366499487,0.058713692,0.0019399998612919,0.0,0.0,0.13559,0.18000570338585212,4.36704044927569e-05,1.665845363944255,0
942,0.00075,0.0129278800168754,0.0,0.0,0.0,0.0,0.0,0.0,2.8629392505531737,0.030490464000000002,0.000321194383319,0.0,0.0,0.14742,5.525556045386426,5.0291840516853e-06,8.580409863523846,0
943,0.0086014490071114,0.0678572049888666,0.0,0.0,0.0,0.100628132,0.0,0.0,3.0755575720835084,0.6486192384632571,0.0345593388936543,0.175628607,0.0,0.0,3.7225585397277046,45.68106066193629,53.5150707441004,1
944,0.0148414490071114,0.0103250840091307,0.0,0.0,0.0,2.117655075,0.0,0.0,5.02703064859778,0.507544633,0.0479996584793753,0.33794289699999996,0.0,0.0,8.00339485338212,0.0096188773832564,16.076353175858774,0
945,0.0009975,0.0814899618612486,0.0,0.0,0.0,0.212923294,0.0,0.0,3.5029721537719456,0.007205899,0.0479990776206336,0.0,0.0,0.0,4.751540058601615,0.0008853290642819,8.606013273919725,0
946,0.0082982245035557,0.0193815999203509,0.0,0.0,0.0,0.356089108,0.0,0.0,3.957518650475624,0.016488951,0.0374397353906572,0.006328392,0.0,0.0,14.465761009167288,0.0036575551444783,18.870963225601955,0
947,0.023485,0.0230039548395231,0.0,0.0,0.0,0.292842449,0.0,0.0,5.320651652986271,0.006897048,0.0268794842875907,0.0,0.0,0.0,17.943976350241066,0.0008431816994972,23.638579121053944,0
948,0.008995,0.0275806084328138,0.0,0.0,0.0,0.523557964,0.0,0.0,3.5128221388112912,0.01159987,0.0239998258228715,0.0,0.0,0.0,8.802883773101978,0.0005470006194806,12.911986180788436,0
949,0.0149925,0.0085137834191063,0.0,0.0,0.0,1.656838396,0.0,0.0,5.35627978766775,0.096501233,0.0182398665320012,0.22022049000000002,0.0,0.0,7.60331958043159,0.0015897730398572,14.976495410090305,0
950,0.0157475,0.012136384599155,0.0,0.0,0.0,2.080461549,0.0,0.0,5.020351354203521,0.016889582,0.0403197150360923,0.04656824699999999,0.0,0.0,7.920763484885388,0.0012506825000241,15.15448849922418,0
951,0.0018007245035557,0.0148565952005285,0.0,0.0,0.0,0.0,0.0,0.0,0.519600503742112,0.169636491,0.0042095038027267,0.0,0.0,0.0,0.08613633959451947,0.0026006806248749,0.7988408384683172,0
952,0.0052982245035557,0.03217040679039,0.0,0.0,0.0,0.0,0.0,0.0,1.9113550047719277,0.776613507463257,0.0103982051813686,0.00306508,0.0,0.0,7.599305570027071,0.0001628111994558,10.338368809937025,0
953,0.0072375,0.0356833052305695,0.0,0.0,0.0,0.319384942,0.0,0.0,2.9547761473121454,0.035537989,0.0633595453659414,0.0,0.0,0.0,6.15729962412794,0.0031253965788073,9.576404449615403,0
954,0.0015,0.0030798816490334,0.0,0.0,0.0,0.212923294,0.0,0.0,3.664727681690028,0.004672701,0.0835194028839876,0.149367784,0.0,0.0,5.6172806829862445,0.0021692986758201,9.739240726885114,0
955,0.0085432245035557,0.0230039548395231,0.0,0.0,0.0,0.843263238,0.0,0.0,4.415127834478993,0.059240313,0.0393592480224442,0.341245344,0.0,0.0,7.915453875421057,0.0159956398409223,13.661232672106495,0
956,0.0015,0.07562824288691,0.0,0.0,0.0,0.174422096,0.0,0.0,2.1660238061329324,0.005269216,0.0403197150360923,0.512174405,0.0,0.0,2.4517503982765216,0.0006313107328332,5.4277191900652895,0
957,0.0045482245035557,0.0030798816490334,0.118371091658485,0.0,0.0,0.08021083,0.0,0.0,2.377121744373345,0.037274481,0.0739185869160985,0.261986187,0.0,0.0,5.539661415405983,0.0025547370396442,8.498727179546146,0
958,0.0364140205320015,0.0085137834191063,0.0,0.0,0.0,0.090127805,0.0,0.0,2.436653049781887,0.002571929,0.0681595159974215,0.261897681,0.0,0.0,7.288394648608669,0.0013469857678938,10.194079419106979,0
959,0.0,0.0044864133808546,0.0,0.0,0.0,0.0,0.0,0.0,0.0267265544755809,0.0,2.61044752197511e-05,0.1219825,0.0,0.0,0.0015547449821194102,4.08775424520236e-07,0.15477672608919918,0
960,0.0027475,0.27301869519119,0.0,0.0,0.0,0.0,0.0,0.0,0.8304312003155842,0.0,0.0050104328377151,0.1395975,0.0,0.0,0.5917638777435432,7.84514966797482e-05,1.8426476575847122,0
961,0.0,0.0103249284759456,0.0,0.0,0.0,0.0,0.0,0.0,2.942666369044457,0.01947207,0.0787177033435465,0.360130544,0.0,0.0,4.956324770243929,0.0023682938457989,8.370004678953677,0
962,0.0062475,0.0103249803203406,0.0,0.0,0.0,0.641104438,0.0,0.0,4.835606343293324,0.06810131,0.0662386024710219,0.0,0.0,0.0,10.238012226877128,0.0048563024146897,15.870491703376505,0
963,0.005745,0.0356828515921131,0.0,0.0,0.0,0.486378734,0.0,0.0,3.174807302600673,0.029289014,0.065278620645264,0.043645843,0.0,0.0,16.535109759714558,0.0021029011656479,20.378040026718256,0
964,0.0,0.0030804519373787,0.0,0.0,0.0,0.0,0.0,0.0,0.012327407057581395,0.000215335,1.59906994801617e-06,5.86e-05,0.0,0.0,0.006180389341460779,2.50812119052839e-08,0.021863807487580794,0
965,0.005,0.0114635350794451,0.0,0.0,0.0,0.13300414,0.0,0.0,1.614630304240493,0.026191337,0.023697881781619,0.0,0.0,0.0,1.5783500479198644,0.000455016854568,3.3927922628759895,0
966,0.0,0.003080011260021,0.0,0.0,0.0,0.0,0.0,0.0,0.0038048799989485,0.000101985,3.62182509593405e-07,0.0,0.0,0.0,0.0003589343134756236,5.625958360866811e-09,0.007346178380913078,0
967,0.002745,0.0082868086576948,0.0,0.0,0.0,0.053376661,0.0,0.0,1.5482022704229421,0.020641036,0.0147182908212697,0.033932822,0.0,0.0,2.438680029420893,0.000230453377185,4.120813371699985,0
968,0.0033564490071114,0.0133815573566247,0.0,0.0,0.0,0.535189354,0.0,0.0,2.734836244647045,0.04012673,0.0221808700897386,0.0,0.0,0.0,6.971071310827847,0.0172963352243591,10.337438851152726,0
969,0.002,0.0078049538892504,0.0,0.0,0.0,0.0,0.0,0.0,1.4728878172270903,0.02717594,0.010173713528111,0.0,0.0,0.0,2.4622737191010087,0.0001592961710605,3.982475439916521,0
970,0.0122932245035557,0.0473819800064559,0.0,0.0,0.0,0.706281867,0.0,0.0,5.7461859840793,0.023011945,0.0170028970899914,0.0,0.0,0.0,9.15469205295103,0.0005626764606514,15.707412627090983,0
971,0.0002475,0.0034298442765388,0.0,0.0,0.0,0.0,0.0,0.0,0.34448273869655904,0.002045259,0.0001343082083688,0.0,0.0,0.0,0.9680056426149882,2.10299528023603e-06,1.318347395791735,0
972,0.0097957245035557,0.139074668876753,0.0,0.0,0.0,1.349289423,0.0,0.0,3.4684496340719253,0.006730158,0.0076798409387991,0.016700277,0.0,0.0,6.068731813373441,0.0010404144599668,11.06749195422444,0
973,0.00849,0.0030798816490334,0.0,0.0,0.0,0.265229889,0.0,0.0,2.853812271466171,0.182976378,0.0009292919832941,0.0,0.0,0.0,11.536604137435198,9.91714604253112e-05,14.851221020994121,0
974,0.003,0.0030798816490334,0.0,0.0,0.0,0.0,0.0,0.0,1.1858123181925555,0.080028364,0.0001777632758877,0.0,0.0,0.0,1.0758082865700498,2.78339424922256e-06,2.3479093970817755,0
975,0.0387732245035557,0.0030798816490334,0.0,0.0,0.0,4.719932668,0.0,0.0,9.980491068543655,0.251025828,0.0047998954615252,0.350232062,0.0,0.0,14.993688844684826,0.0005646248470915,30.34258809768969,1
976,0.008995,0.0121361901826736,0.0,0.0,0.0,0.9636568,0.0,0.0,4.025157804561927,0.051138167,0.0431987379730116,0.0,0.0,0.0,10.931909384837127,0.0019719475290548,16.038164032083795,0
977,0.00075,0.0259428839824008,0.0,0.0,0.0,0.504890716,0.0,0.0,2.0135455667474464,0.078905435,0.0298275337439326,0.0,0.0,0.0,4.575231002255004,0.0035736842084916,7.232666821937276,0
978,0.0,0.0074101069767537,0.0,0.0,0.0,0.0,0.0,0.0,0.7093168879555185,0.034339561,0.0056492954501089,0.0,0.0,0.0,0.1254980684603588,8.84545652848291e-05,0.8823023744080247,0
979,0.0033032245035557,0.0519839477306902,0.0,0.0,0.0,0.0,0.0,0.0,2.4480364780238477,0.013533589,0.0585582900115971,0.001908051,0.0,0.0,5.514695998169731,0.0012350965977347,8.093254675037157,0
980,0.0047475,0.0824435897427787,0.0,0.0,0.0,0.0,0.0,0.0,1.8898273842756965,0.036053136,0.0595187433579807,0.0,0.0,0.0,4.647605422787885,0.0021295568593246,6.722325333023666,0
981,0.005745,0.120576700357785,0.0,0.0,0.0,0.235355956,0.0,0.0,2.0238584141735876,0.036499121,0.0451190433061403,0.0,0.0,0.0,6.878506131008422,0.0019261530316531,9.347586518877588,0
982,0.0015,0.0085137056525138,0.147155034367383,0.0,0.0,0.045209741,0.0,0.0,2.2518791345650997,0.0,0.065278620645264,0.088462647,0.0,0.0,4.128737403703089,0.0011955306824068,6.737931817615756,0
983,0.0200939490071114,0.0085137056525138,0.0,0.0,0.0,0.996620384,0.0,0.0,3.4695451641157042,0.092745367,0.064318638819506,0.0,0.0,0.0,13.44569728830493,0.009866707717894,18.10740120461766,0
984,0.0022475,0.196317846154778,0.0,0.0,0.0,0.0,0.0,0.0,0.9300712920327645,0.000382138,0.0086398159309248,0.0,0.0,0.0,0.4095924507521702,0.0001352789774081,1.5473863218480455,0
985,0.0,0.178730136380074,0.0,0.0,0.0,0.0,0.0,0.0,0.43499336077593287,0.0,0.0211195523312493,0.0,0.0,0.0,0.3901060060865657,0.0003306819447754,1.0252797375185974,0
986,0.0,0.164282173547828,0.0,0.0,0.0,0.0,0.0,0.0,1.069781792395708,0.0,0.004799861293364,0.0,0.0,0.0,0.9301792632636434,7.51543862066712e-05,2.16911824488675,0
987,0.0030532245035557,0.0048911563168602,0.0,0.0,0.0,0.074085639,0.0,0.0,3.7642833090580643,0.030416152,0.0758383933940725,0.001446673,0.0,0.0,7.351478825267559,0.0018622015179655,11.307355574058077,0
988,0.0,0.0212681785719489,0.0,0.0,0.0,0.0,0.0,0.0,2.412211789208978,0.002411805,0.0727369152263081,0.0,0.0,0.0,7.815525572519574,0.0016934478167983,10.325847708343607,0
989,0.00099,0.0031194259613374,0.0,0.0,0.0,0.0,0.0,0.0,0.08958557462265648,0.00011246,0.0001581507513117,0.0,0.0,0.0,0.007467952875196325,2.47624154746413e-06,0.10143604045204938,0
990,0.0,0.0046676551299152,0.0,0.0,0.0,0.0,0.0,0.0,1.720042047789932,0.026218371,0.0382893745563697,0.003605721,0.0,0.0,1.7093103549502562,0.0005995204746404,3.5027330449011136,0
991,0.0,0.0034936258435161,0.0,0.0,0.0,0.0,0.0,0.0,1.2476573572119682,0.013383718,0.0099774926114984,0.0,0.0,0.0,0.6724576602481891,0.0006155266774203,1.9475853805925922,0
992,0.0035,0.0157588172849197,0.002230058494418,0.0,0.0,0.322885051,0.0,0.0,4.21220660120133,0.134390675,0.0767983752198305,0.0,0.0,0.0,7.768887332460045,0.0107226803410877,12.54737959100163,0
993,0.0147103980142229,0.0030798816490334,0.0076541025674141,0.0,0.0,0.611352363,0.0,0.0,6.455930479512968,0.046490333,0.0393591660188571,0.009619207,0.0,0.0,8.826634888789357,0.0025067339388024,16.017337553490655,0
994,0.0142932245035557,0.0211926412884001,0.0,0.0,0.0,0.774680353,0.0,0.0,3.9740304690639254,0.044586218,0.0431990864882567,0.000571639,0.0,0.0,13.340155622685135,0.0079143941157308,18.220623648145004,0
995,0.00425,0.0132391537645947,0.0,0.0,0.0,0.04316801,0.0,0.0,4.509288361540346,0.28586872,0.0430754729143692,0.005601605,0.0,0.0,9.995566496260263,0.0078848871430131,14.907942706622586,0
996,0.00075,0.003463322794625,0.0,0.0,0.0,0.0,0.0,0.0,0.7296515966065992,0.05553699,0.0016257826165067,0.001943249,0.0,0.0,1.6932011506540725,2.54559050470331e-05,2.4861975475768503,0
997,0.0157982245035557,0.0085137056525138,0.0,0.0,0.0,2.761135179,0.0,0.0,11.63722132256958,0.120479927,0.0383991910267314,0.7011641150000001,0.0,0.0,21.888597641909765,0.0027774383220219,37.17408674498417,1
998,0.0002475,0.100459275020179,0.0,0.0,0.0,0.376203716,0.0,0.0,1.550285859996229,0.0,0.0115196657373472,0.0,0.0,0.0,4.541473801294577,0.000180370526896,6.580370188575229,0
999,0.0,0.111756452446332,0.0,0.0,0.0,0.0,0.0,0.0,1.099681916519775,0.0,0.0115197545745665,0.0,0.0,0.0,1.0667656103741483,0.0001803719698775,2.2899041058846996,0
1000,0.0,0.0045968984310096,0.0,0.0,0.0,0.0,0.0,0.0,0.1478961928239803,0.0,3.08538496380042e-05,0.0,0.0,0.0,0.08387016223407365,4.83116708556699e-07,0.23639459045541011,0
1001,0.0,0.246330783455784,0.0,0.0,0.0,0.32226606,0.0,0.0,0.9667815904114825,0.0,0.004947549753691,0.0,0.0,0.0,3.337551551506862,7.74668878351211e-05,4.877955002015654,0
1002,0.0029975,0.158613494304345,0.0,0.0,0.0,0.106461647,0.0,0.0,1.1506270470687738,0.0,0.0172796318618498,0.0,0.0,0.0,0.7637267456379789,0.0002705579548163,2.1999766238277636,0
1003,0.0015,0.0411166755955934,0.0,0.0,0.0,0.976822072,0.0,0.0,1.5971039552198176,0.0,0.0460790251318983,0.0,0.0,0.0,1.8737292833298003,0.0009438549088319,4.537294866185942,0
1004,0.0092325,0.0743409991106829,0.0,0.0,0.0,0.216715079,0.0,0.0,1.8709092744606228,0.149447633,0.063358656993748,0.0,0.0,0.0,6.383394920563359,0.0033459703962666,8.77074503352468,0
1005,0.0024975,0.014901325324131,0.0,0.0,0.0,0.047834822,0.0,0.0,2.754373992970258,0.005859565,0.0921580502637966,0.297314521,0.0,0.0,2.6502125106707712,0.0044867996264398,5.869639086855397,0
1006,0.0,0.32640652629783,0.0,0.0,0.0,0.0,0.0,0.0,0.8054331573309282,0.0,0.0143996932182081,0.0,0.0,0.0,1.6937384200454189,0.0002254649623469,2.8402032618547324,0
1007,0.0,0.165429847172177,0.0,0.0,0.0,0.0,0.0,0.0,0.3497792329507501,0.0,0.0067198591130412,0.0,0.0,0.0,20.675805024127754,0.0001052169824285,21.19783918034615,0
1008,0.0,0.0225976243935288,0.0,0.0,0.0,0.0,0.0,0.0,0.5432015240188123,0.0,0.0006746366772564,0.0,0.0,0.0,9.756887925879614,1.05632141052994e-05,10.323372274183317,0
1009,0.0,0.0252642019682508,0.0,0.0,0.0,0.0,0.0,0.0,0.6997502069635024,0.0,0.0007668087091318,0.0,0.0,0.0,0.08535082818624469,1.20063987071426e-05,0.811144052225837,0
1010,0.0,0.0344965812551098,0.0,0.0,0.0,0.0,0.0,0.0,0.1908374494914736,0.0,0.0003211738824222,0.0,0.0,0.0,0.015512547593848996,5.02881991996859e-06,0.24117278104277456,0
1011,0.0,0.128055890290756,0.0,0.0,0.0,0.0,0.0,0.0,0.8602150419605409,0.0,0.0012776363875681,0.0,0.0,0.0,0.060817625946049336,2.00047057233715e-05,1.0503861992906376,0
1012,0.0,0.064664127632057,0.0,0.0,0.0,0.0,0.0,0.0,1.296639475081743,0.001649766,0.0575995860750711,0.0,0.0,0.0,2.706324835071572,0.0011505545131575,4.1280283443736,0
1013,0.0,0.0293919090228381,0.0,0.0,0.0,0.0,0.0,0.0,1.5964416054952202,0.00273447,0.0700795001498342,0.009843079,0.0,0.0,11.745027069729863,0.0043277804147895,13.457845413812544,0
1014,0.0,0.0032100758860355,0.0,0.0,0.0,0.0,0.0,0.0,0.1536178842047396,0.00035142,0.0013110596829345,0.0,0.0,0.0,0.0854779398267147,2.05281275282598e-05,0.24398890772795254,0
1015,0.0015,0.0100948171286351,0.0,0.0,0.0,0.106461647,0.0,0.0,2.7162104051115588,0.002579534,0.0706406575298395,0.0,0.0,0.0,2.1869564544553333,0.0012076721082346,5.095651187333601,0
1016,0.0032475,0.0048911822390577,0.0,0.0,0.0,0.382491243,0.0,0.0,3.4761942911945765,0.054931244,0.0911993463272706,0.0,0.0,0.0,2.5962934626764724,0.008763687818661,6.618011957256037,0
1017,0.0018032245035557,0.165817336877841,0.0,0.0,0.0,0.106461647,0.0,0.0,2.083823338413472,0.041030693,0.0489596471387656,0.0,0.0,0.0,1.591298168921133,0.0020863857270317,4.041280441581799,0
1018,0.00375,0.010525320023809,0.0,0.0,0.0,0.536599989,0.0,0.0,1.445502145013807,0.0289226,0.01037676807698,0.0,0.0,0.0,3.925851814610392,0.0063884966709884,5.967917133395976,0
1019,0.0002475,0.0212662344071355,0.0,0.0,0.0,0.021000654,0.0,0.0,1.2720028201146314,0.045202758,0.0253464818962301,0.0,0.0,0.0,1.7694027871837947,0.0003968655357844,3.1548661011375763,0
1020,0.004245,0.0085137834191063,0.0728304863270247,0.0,0.0,0.662906558,0.0,0.0,3.339086864342641,0.042106711,0.0604795657205062,0.800705389,0.0,0.0,8.649132906855138,0.0039305767824899,13.643937841446906,0
1021,0.0015,0.0374941910654336,0.0552761941098879,0.0,0.0,0.36543407,0.0,0.0,2.6482119240100377,0.004244709,0.0671987141357928,0.0,0.0,0.0,5.190105177086608,0.0012306411967745,8.370695620604534,0
1022,0.00525,0.0085137834191063,0.0,0.0,0.0,0.074866208,0.0,0.0,2.5844598904672464,0.013233947,0.0739194684546596,0.0,0.0,0.0,3.9116631506024495,0.0021538017373351,6.674060249680797,0
1023,0.0144528980142229,0.0266265171362754,0.0,0.0,0.0,0.896338423,0.0,0.0,3.022527846666664,0.00127395,0.080638452862772,0.0,0.0,0.0,4.346414946210807,0.0028219133333804,8.39109494722412,0
1024,0.0,0.164285711927788,0.0,0.0,0.0,0.0,0.0,0.0,0.7420912968592295,0.0,0.0009599954930224,0.0,0.0,0.0,0.14015338424319573,1.50312079246017e-05,1.0475054197311602,0
1025,0.0005,0.215054933499545,0.155954620122092,0.0,0.0,0.284675528,0.0,0.0,0.8068457418633685,0.0,0.0124799140747631,0.0,0.0,0.0,1.132834384710595,0.0001954057030198,2.6085405279733838,0
1026,0.0,0.109089173867203,0.0,0.0,0.0,0.0,0.0,0.0,0.8113156202785039,0.0,0.0,0.0,0.0,0.0,0.3062884006923664,0.0,1.2266931948380733,0
1027,0.0,0.337803918486183,0.0,0.0,0.0,0.011083678,0.0,0.0,0.9242228305050628,0.0,0.015359886886566,0.0,0.0,0.0,5.601923454535614,0.000266900092391,6.8906606685058165,0
1028,0.0,0.10704830740109,0.0,0.0,0.0,0.0,0.0,0.0,0.4144132072512295,0.018094053,0.0063580934550154,0.016958174,0.0,0.0,2.0874402708581314,0.0001904295008085,2.650502535466275,0
1029,0.0015,0.0059348876774673,0.0,0.0,0.0,0.0,0.0,0.0,0.11393055790290339,0.002998387,0.0001745924705207,0.178630273,0.0,0.0,3.0458764910697322,2.73374563152672e-06,3.349047922866255,0
1030,0.0,0.10089016535474,0.0,0.0,0.0,0.0,0.0,0.0,0.4852662700229964,0.000189099,0.0,0.0,0.0,0.0,18.143257024553595,0.0,18.729602558931333,0
1031,0.0,0.0316215687399496,0.0,0.0,0.0,0.0,0.0,0.0,0.5363480975937787,0.0,0.0004162297071099,0.0,0.0,0.0,0.11651882556950206,6.51720625738635e-06,0.6849112388165975,0
1032,0.0,0.0406770452328635,0.0,0.0,0.0,0.0,0.0,0.0,0.6669320111955424,0.0,0.0005482896504663,0.0,0.0,0.0,2.274608450857357,8.58493204919317e-06,2.9827743818682784,0
1033,0.0,0.0171931961620266,0.0,0.0,0.0,0.0,0.0,0.0,0.6864836833234949,0.0,0.0,0.0,0.0,0.0,0.7453072037032092,0.0,1.4489840831887308,0
1034,0.0,0.0030823701799946,0.0,0.0,0.0,0.0,0.0,0.0,0.0158261410395704,0.0,0.0,0.0,0.0,0.0,0.00026009360784585577,0.0,0.019168604827410857,0
1035,0.0,0.0103250840091307,0.0,0.0,0.0,0.0,0.0,0.0,4.372511281117032,0.050446776,0.0729594797952694,0.018043408,0.0,0.0,7.991371624436456,0.0033048741799488,12.518962527537838,0
1036,0.0,0.0877823010446423,0.0,0.0,0.0,0.0,0.0,0.0,1.0716483512545087,0.004437636,0.0508796381248105,9.16e-05,0.0,0.0,4.4452447858904875,0.0009601149189246,5.6610444272333735,0
1037,0.0,0.022346192038765,0.0,0.0,0.0,0.0,0.0,0.0,1.4034732585485359,0.020822142,0.0250638018643086,0.002666196,0.0,0.0,10.049184456892847,0.0021507370727968,11.525706784417254,0
1038,0.0,0.0067786811286674,0.0,0.0,0.0,0.0,0.0,0.0,0.6899279620930304,0.009123393,0.0048118133161805,0.0,0.0,0.0,1.0510047183273215,7.53415466848283e-05,1.7617219094118846,0
1039,0.0,0.150845412113568,0.0,0.0,0.0,0.0,0.0,0.0,1.920231705549159,0.0,0.0239998258228715,0.0,0.0,0.0,3.431093368755798,0.000375780198115,5.526546092439512,0
1040,0.0,0.0032243454309907,0.0,0.0,0.0,0.0,0.0,0.0,0.0484116648515026,0.0,1.91820057439375e-05,0.0,0.0,0.0,0.0022789991236481216,3.00392688967521e-07,0.053934491804574325,0
1041,0.0017475,0.138655464153326,0.0,0.0,0.0,0.382491243,0.0,0.0,1.4189880413880482,0.0,0.0180051380976234,0.0,0.0,0.0,0.5363184813769024,0.0002819175731581,2.496487785589058,0
1042,0.00674,0.0030798816490334,0.0,0.0,0.0,1.510629066,0.0,0.0,3.2258026801570656,0.063309061,0.0902382711203516,0.33126417599999997,0.0,0.0,9.890323256077437,0.0066172376472152,15.128003629651102,0
1043,0.0062475,0.0211929005103752,0.0,0.0,0.0,0.210298213,0.0,0.0,2.1320010370890854,0.054645106,0.0643195408589639,0.421798114,0.0,0.0,8.724120392220538,0.0020605730402594,11.63668337671922,0
1044,0.0062475,0.0230039548395231,0.0,0.0,0.0,0.008458597,0.0,0.0,1.7415048833794147,0.026607968,0.0547189504009393,0.0,0.0,0.0,5.328308237900434,0.0071437943258541,7.195993885846165,0
1045,0.0,0.180600915570204,0.0,0.0,0.0,0.0,0.0,0.0,0.323416596476525,0.0,0.0044735143513235,0.0,0.0,0.0,1.2456024947410047,7.0044563245663e-05,1.7541635657023027,0
1046,0.0,0.0033079403192041,0.0,0.0,0.0,0.0,0.0,0.0,0.032443427608440795,0.0,5.74708472769913e-06,0.0,0.0,0.0,0.005572779612031353,8.99866307607619e-08,0.04132998461103471,0
1047,0.0,0.178013049635365,0.038096996743585,0.0,0.0,0.0,0.0,0.0,0.32800838393068793,0.0,0.0037609168468824,0.0,0.0,0.0,0.24463054149895466,5.88869729961494e-05,0.7925687756284711,0
1048,0.0,0.0030989802171277,0.0012159078989545,0.0,0.0,0.0,0.0,0.0,0.007961377864880399,0.0,4.1001793538876e-07,0.0,0.0,0.0,0.0007143925220162101,6.42986880721419e-09,0.012991074950783006,0
1049,0.0003032245035557,0.236221962021571,0.0728304863270229,0.0,0.0,0.382491243,0.0,0.0,0.8462139217872832,0.0,0.0047999637978478,0.0,0.0,0.0,2.1143634245334813,7.51560396230087e-05,3.657299382010385,0
1050,0.0,0.0682867417732043,0.117562681382155,0.0,0.0,0.0,0.0,0.0,0.8549888921210538,0.0,0.0,0.0,0.0,0.0,0.15223768369543358,0.0,1.1930759989718467,0
1051,0.0002475,0.258290017567083,0.0,0.0,0.0,0.0,0.0,0.0,0.842769496088063,0.0,0.0028799796454351,0.0,0.0,0.0,0.7199833658742871,4.50936237738052e-05,1.824215452798642,0
1052,0.0,0.0320127998295195,0.0,0.0,0.0,0.0,0.0,0.0,0.1729665877140243,0.0,0.0004510128952953,0.0,0.0,0.0,0.1411819625165563,7.06181536940834e-06,0.3466194247707648,0
1053,0.0,0.035788847457738,0.0,0.0,0.0,0.0,0.0,0.0,0.4477011108145088,0.0,0.0005098778035526,0.0,0.0,0.0,0.046559531288054436,7.98345772194341e-06,0.5305673508215758,0
1054,0.0,0.117191870664959,0.0,0.0,0.0,0.0,0.0,0.0,0.5306617452239705,0.011231175,0.0230398371634813,0.0,0.0,0.0,0.687448051529189,0.0003903675124477,1.3699630470940474,0
1055,0.0,0.103751570850739,0.0,0.0,0.0,0.0,0.0,0.0,0.403193975171441,0.011558132,0.0038399751384576,0.245201306,0.0,0.0,20.736395141838067,6.0124831698407e-05,21.504000225830403,0
1056,0.0,0.0315850706094794,0.0,0.0,0.0,0.0,0.0,0.0,0.8359519110599017,0.004711337,0.0124417209040817,0.001158909,0.0,0.0,0.4785765392264843,0.000194807727294,1.364620295527241,0
1057,0.0015,0.0213313250450871,0.0,0.0,0.0,0.17305246,0.0,0.0,0.7445964401735543,0.003769903,0.0079662453003004,0.0,0.0,0.0,0.7101305898405991,0.0001247324411875,1.6624716958007284,0
1058,0.00775,0.0211924987163138,0.0,0.0,0.0,0.114920244,0.0,0.0,1.95684202923904,0.011616826,0.0806376464941657,0.0,0.0,0.0,3.379663531014294,0.0020676639409316,5.574690439404745,0
1059,0.0017475,0.0755309331675986,0.0,0.0,0.0,0.469889626,0.0,0.0,1.1466607656498198,0.0,0.0383991910267314,0.0,0.0,0.0,1.0173363439103296,0.0018907298763663,2.751455089630846,0
1060,0.0,0.0447389009037781,0.0,0.0,0.0,0.0,0.0,0.0,1.4362094810300001,0.0,0.0527984605597396,0.292816746,0.0,0.0,2.1507892307862493,0.0057927992013756,3.9831456184811427,0
1061,0.0,0.0782959905424634,0.0,0.0,0.0,0.0,0.0,0.0,0.994884438214581,0.005509064,0.0489589637755399,0.0,0.0,0.0,4.084831173970635,0.0015870366776609,5.21406666718088,0
1062,0.0,0.225392794929951,0.0,0.0,0.0,0.0,0.0,0.0,0.32487130998643143,0.0,0.0028799181427448,0.0,0.0,0.0,1.0749430287950843,4.50926317240027e-05,1.6281321444859356,0
1063,0.0,0.0104550067126891,0.0,0.0,0.0,0.0,0.0,0.0,0.0507216973313816,0.0,0.0001361396218135,0.0,0.0,0.0,0.001014147384257858,2.13162807218044e-06,0.062329122678214235,0
1064,0.0,0.226542333097988,0.225550002929279,0.0,0.0,0.0,0.0,0.0,0.935602253383249,0.0,0.0041249717717141,0.0,0.0,0.0,0.2847903057010393,0.0001602571022245,1.676770123985494,0
1065,0.0,0.0033198016323188,0.0,0.0,0.0,0.0,0.0,0.0,0.0236709308131807,0.000956468,0.0001067755040074,0.0,0.0,0.0,0.0006160447186752696,1.67181272008861e-06,0.02867169248090226,0
1066,0.0027425,0.111292406532589,0.0,0.0,0.0,0.440430376,0.0,0.0,1.534526265179889,0.020312745,0.0481569960284485,0.0,0.0,0.0,3.2398789032159843,0.0013277536586076,5.398667945615519,0
1067,0.0,0.128057937417872,0.0,0.0,0.0,0.0,0.0,0.0,0.7845751303719463,0.0,0.0019199568178836,0.0,0.0,0.0,0.26014093900766805,3.00619949795903e-05,1.1747240256103495,0
1068,0.0,0.193412947794853,0.0491408671206085,0.0,0.0,0.0,0.0,0.0,0.35645848739183805,0.0,0.0095997977566828,0.0,0.0,0.0,0.7603246642326436,0.0001503099748979,1.3690870742715238,0
1069,0.0,0.148699622700793,0.0491408622065433,0.0,0.0,0.0,0.0,0.0,0.39685371538828884,0.0,0.0,0.0,0.0,0.0,0.11601793709198502,0.0,0.7107121373876102,0
1070,0.0,0.315967604829615,0.0,0.0,0.0,0.0,0.0,0.0,0.4244990860285871,0.91834029,0.0038399204693995,0.0,0.0,0.0,22.051936810221385,0.0017987775758325,23.71638248912482,0
1071,0.0,0.180305272659121,0.0,0.0,0.0,0.0,0.0,0.0,1.332876428455207,0.00020287,0.0355192455494575,0.292340096,0.0,0.0,5.895662726179612,0.0005711900629009,7.737477828906298,0
1072,0.0,0.094324694978889,0.0,0.0,0.0,0.0,0.0,0.0,0.6278886062438043,0.0,0.0,0.0,0.0,0.0,0.03667536118738003,0.0,0.7588886624100732,0
1073,0.0,0.0808449589729238,0.0,0.0,0.0,0.0,0.0,0.0,0.42003077492039553,0.0,0.0,0.0,0.0,0.0,0.20110292136590724,0.0,0.7019786552592265,0
1074,0.0,0.0194347533863484,0.0,0.0,0.0,0.0,0.0,0.0,2.787505343240611,0.023453351,0.0614647773165551,0.0,0.0,0.0,3.9020040292346625,0.0058413206278382,6.799703574806015,0
1075,0.0,0.0032558804090384,0.0,0.0,0.0,0.0,0.0,0.0,0.1074913984927175,0.002432955,0.0006614340997368,0.0,0.0,0.0,0.5970455629378196,1.03564308790191e-05,0.7108975873701914,0
1076,0.0,0.0593252947920287,0.0,0.0,0.0,0.0,0.0,0.0,1.381196248852888,0.020930521,0.0508785174091204,0.004121525,0.0,0.0,4.206184672776548,0.0033820098726442,5.726018789703229,0
1077,0.0,0.073290906038828,0.0,0.0,0.0,0.0,0.0,0.0,0.8712595804314568,0.019497315,0.0297593682621742,0.09609285899999999,0.0,0.0,0.5689318270954514,0.0004659609221836,1.659297816750094,0
1078,0.0,0.246270457826351,0.0,0.0,0.0,0.0,0.0,0.0,0.3319563851557583,0.0,0.0,0.0,0.0,0.0,1.1638853323316627,0.0,1.742112175313772,0
1079,0.0,0.273843478809345,0.0,0.0,0.0,0.0,0.0,0.0,0.3141835497583144,0.0,0.0007338159325975,0.0,0.0,0.0,0.23122474107495533,1.14897759518737e-05,0.8199970753511641,0
1080,0.0,0.0086763998901413,0.0,0.0,0.0,0.0,0.0,0.0,0.10753548685558151,0.0,1.51706636093841e-05,0.0,0.0,0.0,0.013477402944887333,2.37486534149306e-07,0.12970469784075367,0
1081,0.0,0.113458503934943,0.0,0.0,0.0,0.0,0.0,0.0,0.3433549841779344,0.0,0.0053182606363405,0.0,0.0,0.0,0.3651481904680571,8.32713175079043e-05,0.8273632105347829,0
1082,0.0,0.003262646102589,0.0,0.0,0.0,0.0,0.0,0.0,0.028502168948982103,0.0,8.80855197860187e-06,0.0,0.0,0.0,0.0005360679687882083,1.37876565950738e-07,0.032309829448903864,0
1083,0.0,0.161982812823717,0.0,0.0,0.0,0.0,0.0,0.0,0.2334322628263576,0.0,0.0004583453827065,0.0,0.0,0.0,0.4831917213232903,7.17663764478993e-06,0.8790723189937162,0
1084,0.0,0.0348608266063477,0.0,0.0,0.0,0.0,0.0,0.0,0.2333245761507216,0.0,9.16731767206703e-05,0.0,0.0,0.0,0.12910309323909497,1.43534406524704e-06,0.3973816045169502,0
1085,0.0,0.357198221573082,0.0,0.0,0.0,0.0,0.0,0.0,0.3392481324513167,0.0,0.0009599818257579,0.0,0.0,0.0,0.7236840019151972,1.50309974897952e-05,1.4211053687628437,0
1086,0.0,0.339514201433561,0.0,0.0,0.0,0.0,0.0,0.0,0.3811099458430836,0.0,0.0019199568178836,0.0,0.0,0.0,24.01947939006053,3.00619949795903e-05,24.742053556150037,0
1087,0.0,0.0465505125601725,0.0,0.0,0.0,0.0,0.0,0.0,0.9299820774423917,0.0,0.0431990864882567,0.0,0.0,0.0,0.6025557740706355,0.0006763948870407,1.6229638454484971,0
1088,0.0,0.14131661009406,0.0,0.0,0.0,0.0,0.0,0.0,2.704132742283157,0.021086764,0.0508796381248105,0.0,0.0,0.0,25.03035828188112,0.0015385277419166,27.949312564125066,1
1089,0.0,0.179669156946658,0.0,0.0,0.0,0.0,0.0,0.0,0.5287430915728994,0.0,0.0012762013247942,0.0,0.0,0.0,0.14083025867729893,1.99823192713709e-05,0.8505386908409219,0
1090,0.002,0.0476202148569066,0.0,0.0,0.0,0.0,0.0,0.0,0.3948739670595035,0.0,0.0003218914138092,0.0,0.0,0.0,26.041054207817,5.04005239740325e-06,26.485875321199618,0
1091,0.0,0.0178708770776827,0.0,0.0,0.0,0.0,0.0,0.0,0.1874268477298474,0.0,0.0002133049972537,0.046185789,0.0,0.0,0.5386422785395841,3.3398595751387e-06,0.790342437203943,0
1092,0.0,0.158625555967867,0.0,0.0,0.0,0.0,0.0,0.0,0.92159647482092,0.0,0.0022431739563506,0.31296199999999996,0.0,0.0,28.924130124517966,3.5122763798007e-05,30.3195924520269,1
1093,0.0,0.036398680772253,0.0,0.0,0.0,0.0,0.0,0.0,0.9203756716801305,0.0,0.0,0.0,0.0,0.0,0.018660952248552843,0.0,0.9754353047009363,0
1094,0.0,0.228633996318239,0.0073883973855875,0.0,0.0,0.0,0.0,0.0,0.8547170982829839,0.0,0.0,0.0,0.0,0.0,25.098440763935336,0.0,26.189180255922146,0
1095,0.0006064490071114,0.18085020456049,0.0,0.0,0.0,0.0,0.0,0.0,3.26533186388121,0.0,0.0083279426220036,0.0,0.0,0.0,0.8702277976555752,0.0001303958036552,4.325474653530045,0
1096,0.001,0.0040441578954344,0.0,0.0,0.0,0.0,0.0,0.0,0.11713965861745661,0.0,4.51703092153284e-05,0.0,0.0,0.0,13.688210404918204,7.07301617611987e-07,13.810440099041926,0
1097,0.0,0.0137351102084854,0.0882140840491634,0.0,0.0,0.0,0.0,0.0,5.68390445009989,0.182278071,0.0263540121352287,0.059021822,0.0,0.0,1.6191056544935418,0.0030994559119738,7.6757126598982826,0
1098,0.0,0.0030809314980327,0.0,0.0,0.0,0.0,0.0,0.0,0.0255439757023157,0.001808972,2.59678025746215e-06,0.0,0.0,0.0,4.330181268928204,4.0641167296017e-08,4.360617785549977,0
1099,0.0,0.242081264320693,0.0005025759210976,0.0,0.0,0.0,0.0,0.0,2.746154885246498,0.034815826,0.0249594728006489,0.0,0.0,0.0,0.8929234076349579,0.0005288641198442,3.9419662960437396,0
1100,0.0,0.20227672002292,0.0,0.0,0.0,0.0,0.0,0.0,1.805316834457702,0.015295662,0.0115197545745665,0.0,0.0,0.0,0.431992662254633,0.0002835285326741,2.4666851618424954,0
1101,0.0,0.247847537077769,0.0118242237653144,0.0,0.0,0.0,0.0,0.0,1.6620299920059802,0.137391422,0.0028799386436416,0.0,0.0,0.0,3.0069456206547946,0.0001380627441204,5.06905679689162,0
1102,0.0,0.167647214830573,0.0220541734736034,0.0,0.0,0.0,0.0,0.0,1.5125384897272685,0.038410639,0.0040691273289141,0.0,0.0,0.0,1.0034320924114524,0.0001930590910563,2.7483447958628675,0
1103,0.0,0.0090051808833014,0.0,0.0,0.0,0.0,0.0,0.0,0.351598147685815,0.00728846,0.0001465130755789,0.0,0.0,0.0,0.3339980426697275,2.2940041013599e-06,0.7020386383185242,0
1104,0.0,0.0079015003566236,0.0083536994727908,0.0,0.0,0.0,0.0,0.0,0.3525845932260373,0.0,0.0017655303961517,1.267392053,0.0,0.0,0.07695657543647842,2.76440498160385e-05,1.714981595937898,0
1105,0.0018032245035557,0.0929523034965392,0.0032442105984177,0.0,0.0,0.247924384,0.0,0.0,1.8611912422349546,0.0,0.0329085930185147,2.582452662,0.0,0.0,1.112152669111221,0.0006116168465987,5.935240905809802,0
1106,0.0002475,0.4235070276182,0.0,0.0,0.0,0.0,0.0,0.0,1.2616537304864563,0.0,0.0019199568178836,0.0,0.0,0.0,0.475948921746851,3.00619949795903e-05,2.1633071986643704,0
1107,0.0017475,0.303093678679535,0.0,0.0,0.0,0.0,0.0,0.0,1.746120666787071,0.02305777,0.009599722586728,0.0,0.0,0.0,3.704239329964847,0.0005895336416241,5.788448201659805,0
1108,0.006,0.073719645538673,0.0,0.0,0.0,0.371708089,0.0,0.0,2.1394352601742765,0.003378827,0.041279129670373,0.0,0.0,0.0,2.1870046251849495,0.0017075732836546,4.824233149851927,0
1109,0.008745,0.0556064711441463,0.0,0.0,0.0,0.007875245,0.0,0.0,2.596373561196329,1.001649766,0.0585582900115971,0.0,0.0,0.0,8.750104406146386,0.0015331808966654,12.480445920395123,0
1110,0.0,0.100867988914769,0.0,0.0,0.0,0.0,0.0,0.0,1.080964492724003,0.007082731,0.0103655745873439,0.0,0.0,0.0,12.939840414096036,0.0002615306823504,14.139382732004501,0
1111,0.0002475,0.0030883841298172,0.0,0.0,0.0,0.0,0.0,0.0,0.013515719551885174,6.6e-05,9.02039457855273e-07,0.0,0.0,0.0,0.0013474028245649711,1.4109939760586e-08,0.01826592265566496,0
1112,0.0,0.292421021186768,0.0,0.0,0.0,0.0,0.0,0.0,0.9194690441268638,0.0,0.0316793319136902,0.0,0.0,0.0,1.2531687896709252,0.0004960229171632,2.4972342098154106,0
1113,0.0,0.113648955816353,0.0043777840119508,0.0,0.0,0.0,0.0,0.0,0.9742857194669996,0.003706375,0.0354835056527561,0.0,0.0,0.0,3.967202760953928,0.0005555872945015,5.099260688196489,0
1114,0.0,0.0030799138748611,0.0,0.0,0.0,0.0,0.0,0.0,0.0013486284315028445,1.87e-06,6.833632256479341e-09,0.0,0.0,0.0,0.04082737894849873,1.40963129888588e-10,0.04525779822945806,0
1115,0.0,0.0114862535148332,0.0,0.0,0.0,0.0,0.0,0.0,0.0727294927171927,0.0,0.0,0.0,0.0,0.0,0.002397176615929448,0.0,0.08661292284795535,0
1116,0.0002475,0.0187469873582987,0.0,0.0,0.0,0.0,0.0,0.0,0.3768871711826852,0.0,0.0,0.0,0.0,0.0,0.024812745267193844,0.0,0.42069440380817774,0
1117,0.0,0.0543641526584681,0.0,0.0,0.0,0.0,0.0,0.0,0.454370893636183,0.0,0.0,0.0,0.0,0.0,0.02602150278386723,0.0,0.5347565490785183,0
1118,0.0,0.0122023304738518,0.0,0.0,0.0,0.0,0.0,0.0,0.061260519456594,0.0,3.97580724681968e-05,0.0,0.0,0.0,0.0034932792048404486,6.22514234364465e-07,0.0769965097219888,0
1119,0.0,0.142817480993922,0.0,0.0,0.0,0.0,0.0,0.0,0.6789301965378824,0.0,0.0006090133066974,0.0,0.0,0.0,0.11998805796600037,9.53566768527556e-06,0.9423542844721874,0
1120,0.0,0.287652081375542,0.0,0.0,0.0,0.012250381,0.0,0.0,0.80421470053771,0.015210824,0.0086398159309248,0.0,0.0,0.0,0.4099579631690578,0.0003642546389854,1.5382900206522199,0
1121,0.0017375,0.144359422389411,0.0,0.0,0.0,0.051918283,0.0,0.0,0.8380733599002487,0.017130942,0.0134397182260824,0.0,0.0,0.0,1.2706510287217452,0.0004546468443931,2.33776490108188,0
1122,0.0,0.0043257802280335,0.0,0.0,0.0,0.0,0.0,0.0,0.0830155381498876,0.0,5.24071257749401e-05,0.0,0.0,0.00682,0.005066647490158108,8.20573207104108e-07,0.09928119356706125,0
1123,0.0,0.0945901511214099,0.0,0.0,0.0,0.0,0.0,0.0,4.484216436400208,0.0,0.0038492552110619,0.0,0.0,0.0568,0.3047600768925284,6.02701708927059e-05,4.944276189796101,0
1124,0.0,0.128869626227454,0.0,0.0,0.0,0.0,0.0,0.0,1.2840464358384398,0.381006364,0.0066668779621567,0.0,0.0,0.0,0.7765039116414844,0.002601747934961,2.5796949636044957,0
1125,0.0,0.0030818646971431,0.0,0.0,0.0,0.0,0.0,0.0,0.019651590838098698,0.001512662,1.0250448384719e-07,0.0,0.0,0.0,6.143205178446336e-05,1.64537863734966e-09,0.024307653736888746,0
1126,0.0,0.0107384264095519,0.0059013535385327,0.0,0.0,0.0,0.0,0.0,1.5337886037093553,0.0,0.04261993615452,0.06480919,0.0,0.0,2.57160843999545,0.0018478001837683,4.231313749991179,0
1127,0.0005,0.0041598133584655,0.0057893910128634,0.0,0.0,0.121045434,0.0,0.0,1.8257010560885607,0.0,0.0060098378879607,0.0,0.0,0.0,0.3679512563488988,9.40997828738212e-05,2.331250888479623,0
1128,0.0,0.0044351200571374,0.0,0.0,0.0,0.0,0.0,0.0,0.4807153481041213,0.005644228,0.0054589104554433,0.0,0.0,0.0,0.9767947001492095,8.54735933642314e-05,1.4731337803592757,0
1129,0.00225,0.0073342327046372,0.0,0.0,0.0,0.725306099,0.0,0.0,3.3633957691106193,0.010000334,0.0171366039387216,0.0,0.0,0.0,1.182025147428613,0.0039905719478408,5.311438758130432,0
1130,0.0015,0.0041390885615549,0.0,0.0,0.0,0.0,0.0,0.0,0.34831897149038404,0.004989833,0.004266475794849,0.0,0.0,0.0,0.4144422900204307,6.68028487527232e-05,0.7777234617159713,0
1131,0.005,0.0483618779556906,0.0,0.0,0.0,0.102086511,0.0,0.0,2.279933527568134,0.059283012,0.0691186777873087,2.725071792,0.0,0.0,4.387102015806123,0.0031346316331215,9.679092045750378,0
1132,0.004995,0.0537963240919112,0.0,0.0,0.0,0.319384942,0.0,0.0,2.2840723815315456,0.010033517,0.059519577061116,0.0,0.0,0.0,6.943271298247643,0.0010050989221038,9.67607813885432,0
1133,0.00225,0.0628521141816011,0.0,0.0,0.0,0.461139354,0.0,0.0,2.672937925283059,0.020137783,0.0566389140524552,0.0,0.0,0.0,2.51254661578251,0.0025361074431151,5.79103881374274,0
1134,0.0,0.003079959415626,0.0,0.0,0.0,0.0,0.0,0.0,0.0101422994268676,3.79e-05,1.16171748360149e-07,0.0,0.0,0.0,0.18562423246915416,1.7774902375786902e-09,0.19888450926088636,0
1135,0.002995,0.0446306498069697,0.0,0.0,0.0,0.380053497,0.0,0.0,3.5972957155899024,0.028895929,0.066065950752062,0.0,0.0,0.0,3.6146171041398336,0.0026354199529333,7.7371892662417014,0
1136,0.01249,0.0157589857792035,0.0,0.0,0.0,0.10558662,0.0,0.0,4.847809012479571,0.004640082,0.0892793621748579,0.0,0.0,0.0,7.337211024214802,0.0112523507042476,12.424027437352681,0
1137,0.015995,0.0374941262599399,0.0882140840491634,0.0,0.0,0.12133711,0.0,0.0,3.8937337884255463,0.106492991,0.0422391046624987,0.059213011,0.0,0.00075,5.905492319868016,0.0046703612848125,10.275631896549976,0
1138,0.0,0.0990775168104455,0.0,0.0,0.0,0.0,0.0,0.0,2.987969053423173,0.047064113,0.040319147844615,4.3000353239999995,0.0,0.0,2.8630425788070233,0.0040106951355241,10.34151842902078,0
1139,0.0,0.0048911563168602,0.0,0.0,0.0,0.0,0.0,0.0,4.828097248464324,1.192270926,0.0739184365761889,0.0,0.0,0.0,3.0599215211525888,0.111658040859496,9.270757329369458,0
1140,0.0,0.0031180298850243,0.0,0.0,0.0,0.0,0.0,0.0,0.027682754165247028,0.0,5.15255872138542e-06,0.0,0.0,0.0,0.031713893475167794,8.06333069920509e-08,0.0625199107174675,0
1141,0.0,0.140692584342789,0.0,0.0,0.0,0.141462737,0.0,0.0,1.5132647762595295,0.0,0.01857586939642,0.0,0.0,0.0,1.1420131582368902,0.0002908539228857,2.9562999791585143,0
1142,0.0104925,0.0085137056525138,0.0,0.0,0.0,1.804975149,0.0,0.0,4.303745921633045,0.183907525,0.0662386024710219,0.0,0.0,0.0,13.26439292223034,0.0071735173911486,19.64943984337807,0
1143,0.0045,0.0374941262599399,0.0,0.0,0.0,2.093901963,0.0,0.0,2.6986469010918483,0.205666281,0.0623986820016224,3.9331689350000003,0.0,0.0,6.075557155059465,0.0050638948254545,15.11639793823833,0
1144,0.0,0.0030913392603336,0.0,0.0,0.0,0.0,0.0,0.0,0.03922031844295668,0.00119226,1.70157443186336e-06,0.0,0.0,0.0,0.018585347114314747,2.66885623573813e-08,0.062090993080599254,0
1145,0.002115,0.104158928538756,0.0,0.0,0.0,0.0,0.0,0.0,1.9047268414665992,0.111985494,0.0150377767965246,0.0,0.0,0.0,3.204055276057988,0.0005162201864199,5.342595537046288,0
1146,0.000495,0.138880971799173,0.0,0.0,0.0,0.0,0.0,0.0,2.2341695390313197,0.01041251,0.0508785174091204,0.0,0.0,0.0,4.857908344352626,0.0008655749227147,7.293610457514953,0
1147,0.006245,0.0565606815674433,0.0,0.0,0.0,0.150213009,0.0,0.0,3.8255742006327726,0.081266573,0.041279129670373,0.29549248800000005,0.0,0.0,13.523125062117344,0.0262573688145906,18.006013512802525,0
1148,0.005745,0.0261975450443299,0.0,0.0,0.0,0.062875273,0.0,0.0,5.1379327808273985,0.301107998,0.0124796338958406,0.037790026,0.0,0.0,20.56637065236029,0.0107928943036096,26.16129180343147,0
1149,0.0051689490071114,0.0335391348281593,0.0,0.0,0.0,0.250266089,0.0,0.0,11.737185819593119,30.848168559,0.0105597795824408,0.060826157,0.0,0.10742,9.834778830574257,0.0150601481236114,52.9029734667087,1
1150,0.0,0.162856119082435,0.0882140840491634,0.0,0.0,0.0,0.0,0.0,0.7115429801500315,0.072198139,0.0153595520385855,0.0,0.0,0.0,0.7492762410831703,0.0008098154406247,1.8002569308440104,0
1151,0.0,0.0248151906240536,0.0,0.0,0.0,0.0,0.0,0.0,0.7381128746033689,0.0,0.0019199568178836,0.0,0.0,0.0,0.971753969923445,3.00619949795903e-05,1.7366320539637308,0
1152,0.0,0.006702482829082,0.007734560787144,0.0,0.0,0.0,0.0,0.0,2.666433619201392,0.0,0.0777594435931172,3.6591188789999998,0.0,0.0,3.7131222468560527,0.0028965867746399,10.133767819041427,0
1153,0.0,0.118670735750861,0.0008970033005718,0.0,0.0,0.0,0.0,0.0,2.9711866787280057,0.031596881,0.0374397353906572,0.0,0.0,0.0,1.824744965639699,0.0029090936211648,4.98744509343096,0
1154,0.0,0.0273824084157137,0.0,0.0,0.0,0.0,0.0,0.0,2.3543056538945293,0.003510972,0.037963232623297,0.0,0.0,0.0,3.5124360549223623,0.0007577236880135,5.936356045543916,0
1155,0.0,0.0039571665794185,0.0,0.0,0.0,0.0,0.0,0.0,0.3264791042742224,0.000667072,0.0013704166127143,0.0,0.0,0.0,0.24361633509499184,2.1457479310039e-05,0.5761115520406571,0
1156,0.0,0.0297510514457366,0.0,0.0,0.0,0.0,0.0,0.0,1.314223552293853,0.406673448,0.0065841431764275,0.0,0.0,0.0,3.01809787456911,0.0044168193469846,4.779746888832112,0
1157,0.0015,0.0083691000550647,0.0,0.0,0.0,0.0,0.0,0.0,0.2501944291742296,0.181100691,0.00130571578251,0.0,0.0,0.0,11.35964661019548,2.04443885360665e-05,11.80213699059582,0
1158,0.001,0.0079044623482395,0.0,0.0,0.0,0.0,0.0,0.0,0.46522366315987956,0.17296367,0.001191013265085,0.0,0.0,0.0,8.56853200855944,1.86484336413065e-05,9.216833465766285,0
1159,0.0,0.0096885768511935,0.0,0.0,0.0,0.0,0.0,0.0,0.4052822947580459,0.0,0.0001018689560473,0.102368922,0.0,0.0,0.01584701413622722,1.59505600423139e-06,0.5332902717575182,0
1160,0.0,0.177648201764619,0.0,0.0,0.0,0.0,0.0,0.0,0.927394852570885,0.0,0.0026909135417951,6.355089735,0.0,0.0,15.777545159464815,4.21333317427522e-05,23.24041099567386,0
1161,0.0,0.131253541127423,0.0,0.0,0.0,0.106461647,0.0,0.0,1.3860837438235118,0.016718755,0.0124799140747631,0.0,0.0,0.0,0.8610235264383339,0.0002409196866181,2.5142620471506496,0
1162,0.0,0.135303308272253,0.0,0.0,0.0,0.425846589,0.0,0.0,1.2900152858480487,0.0,0.0201596115072849,0.0,0.0,0.0,3.7612213308591147,0.0003156515785901,5.632861777065291,0
1163,0.003,0.126248386576179,0.0,0.0,0.0,0.0,0.0,0.0,1.976077738129986,0.040306913,0.0287997964543517,0.0,0.0,0.0,2.157096221510403,0.0006084349391131,4.332137490610033,0
1164,0.0032475,0.0374941910654336,0.0,0.0,0.0,0.0,0.0,0.0,3.0736373864187585,0.010307618,0.0767985323933724,3.655550257,0.0,0.0,4.368190848890659,0.0016062372628444,11.226832571031068,0
1165,0.0,0.0035564094058892,0.0,0.0,0.0,0.76276564,0.0,0.0,0.7299420107874989,0.052137872,0.0035863653781551,0.0,0.0,0.0,0.4002307903392101,5.61539870793515e-05,1.9522752418978326,0
1166,0.0087425,0.0084580506944564,0.0,0.0,0.0,0.876212797,0.0,0.0,3.9139406070156753,0.175155914,0.0404761983811334,0.0,0.0,0.0,11.280805971442756,0.0029787250910966,16.306770763625117,0
1167,0.00224,0.006702482829082,0.0,0.0,0.0,0.124253868,0.0,0.0,3.825192553692402,0.102316169,0.0806394232385524,0.36537293200000004,0.0,0.0,6.348621248972663,0.0131105675139666,10.868449245246666,0
1168,0.01123,0.0374946058205938,0.0,0.0,0.0,0.017500545,0.0,0.0,3.5320758702933857,0.004397936,0.0518396267842007,0.002406183,0.0,0.0,19.280248418894214,0.0013625201501944,22.93855570594259,0
1169,0.013995,0.0175702993303266,0.0,0.0,0.0,0.046084768,0.0,0.0,3.619526034838954,0.0,0.032639764759177,0.062733908,0.0,0.0,9.182024056377855,0.0005360132438332,12.975109844550147,0
1170,0.0,0.0050482448337805,0.0,0.0,0.0,0.0,0.0,0.0,0.4048103042513881,0.00139153,0.0032901957561593,0.0,0.0,0.0,0.3617063112369209,5.15166768303465e-05,0.7762981027550792,0
1171,0.0062475,0.0149791164670671,0.0,0.0,0.0,0.300717694,0.0,0.0,1.988383041230774,0.003421369,0.0198901067183539,0.0,0.0,0.0,7.232633921861717,0.0019815739087167,9.568254323186629,0
1172,0.0,0.0030808428279089,0.0,0.0,0.0,0.0,0.0,0.0,0.0109929173554871,0.0,1.01821120621542e-06,0.0,0.0,0.0,0.0008420911219857938,1.59074869797617e-08,0.014916885424074988,0
1173,0.0054925,0.0416849404418328,0.0882140840491634,0.0,0.0,0.204173022,0.0,0.0,2.646115894199462,0.0,0.0408709773165903,0.003994621,0.0,0.0,3.689664075855725,0.0008178547190832,6.721027969581857,0
1174,0.0,0.0516519907911702,0.0,0.0,0.0,0.0,0.0,0.0,2.396727655687979,0.012796226,0.0643187686585189,0.0,0.0,0.0,3.1790781785127122,0.0018709942866776,5.7064438139370575,0
1175,0.0,0.108135367714838,0.0,0.0,0.0,0.0,0.0,0.0,0.6423633103958837,0.0,0.0057599592908703,0.0,0.0,0.0,19.53848730583517,9.01872475476105e-05,20.294836130484306,0
1176,0.0,0.300664041583858,0.0,0.0,0.0,0.0,0.0,0.0,0.6513658590486983,0.113947242,0.0028799454772738,0.0,0.0,0.0,0.20190238744133676,0.0001561984670783,1.270915674018245,0
1177,0.0,0.240605758885669,0.003422662863804,0.0,0.0,0.0,0.0,0.0,0.3588715470071481,0.0,0.0047999637978478,0.0,0.0,0.0,0.4105534732348056,7.51560396230087e-05,1.0183285618288975,0
1178,0.0,0.308766645530891,0.0,0.0,0.0,0.0,0.0,0.0,0.2626575118408655,0.0,0.0,0.0,0.0,0.0,0.12278268859239273,0.0,0.6942068459641493,0
1179,0.0,0.133182655953219,0.0,0.0,0.0,0.0,0.0,0.0,0.3065058335547619,0.0,0.0195657620305646,0.0,0.0,0.0,2.0351508527338154,0.0003063532969631,2.494711457569324,0
1180,0.0,0.0045841593900378,0.0,0.0,0.0,0.0,0.0,0.0,0.0801681633786755,0.0,0.0002262273958507,0.0,0.0,0.0,0.11878565636853775,3.54214070704778e-06,0.20376774867380879,0
1181,0.0,0.0518772576936941,0.0,0.0,0.0,0.0,0.0,0.0,0.19917164814157948,0.010734098,0.0026639138607498,0.0,0.0,0.0,4.370098306348682,4.17105073632909e-05,4.634586934552068,0
1182,0.0,0.059946027827915,0.0,0.0,0.0,0.0,0.0,0.0,0.4123652246900298,0.01158762,0.0031043961287379,0.0,0.0,0.0,0.3079231567006114,4.86074341585041e-05,0.7949750327814527,0
1183,0.0,0.379844522024424,0.0,0.0,0.0,0.0,0.0,0.0,0.8302739938255688,0.0,0.0047739618271119,0.0,0.0,0.0,0.30597541130295314,7.47489320641399e-05,1.520942637912122,0
1184,0.0,0.0030826566351137,0.0,0.0,0.0,0.0,0.0,0.0,0.0021502874812167542,0.0,3.41681612823967e-08,0.0,0.0,0.0,0.8997691794137925,5.520492208426811e-10,0.9050021582503335,0
1185,0.0,0.0140793958747357,0.0007077262665312,0.0,0.0,0.0,0.0,0.0,1.0223745941196551,0.012432663,0.0129087655006508,0.0,0.0,0.02062,2.5174518991074377,0.0002021205718444,3.600777164440855,0
1186,0.0,0.0060352065818372,0.0,0.0,0.0,0.0,0.0,0.0,1.7052291917359061,0.006444378,0.0034683007136599,0.0,0.0,0.02314,0.11273773016501208,0.0001288523172369,1.8571836595136524,0
1187,0.0,0.124435388082218,0.0,0.0,0.0,0.0,0.0,0.0,1.4879423664632399,0.209424387,0.0268794296185326,0.0,0.0,0.01273,7.425095208048727,0.003765390126111,9.290272169338829,0
1188,0.0,0.0827753967450667,0.0,0.0,0.0,0.0,0.0,0.0,1.5927561152715948,0.0,0.0460786561157564,0.16874518900000002,0.0,0.0,0.6745950469186911,0.000721482107584,2.565671886158693,0
1189,0.0,0.0030798816490334,0.0,0.0,0.0,0.0,0.0,0.0,1.7663732545932618,0.006627428,0.0316797760997868,0.0,0.0,0.0,4.171490914820372,0.001298051872225,5.9805493070346785,0
1190,0.0,0.0848149557054144,0.0,0.0,0.0,0.0,0.0,0.0,0.9550813439460328,0.000910308,0.0173718722300477,3.0274197789999997,0.0,0.0,1.881599811538908,0.0002720021438399,5.967470072564243,0
1191,0.0,0.0181864414366403,0.0,0.0,0.0,0.0,0.0,0.0,0.4036027621207332,0.000391352,0.0032107274466487,1.046314867,0.0,0.0,0.04454945740760027,5.02723799239265e-05,1.5163058797915463,0
1192,0.0012375,0.0954562635846675,0.0,0.0,0.0,0.132712464,0.0,0.0,0.9247164534006995,0.0,0.0115199185817407,0.0,0.0,0.0,3.704983921008728,0.0001803744950952,4.87080689507093,0
1193,0.0014975,0.0139475555781917,0.0,0.0,0.0,1.719491187,0.0,0.0,3.363583123607923,0.0,0.0777585142191303,0.0,0.0,0.0,8.107024802146576,0.024376048337208,13.30767873088903,0
1194,0.0078564490071114,0.0082339273747711,0.0,0.0,0.0,0.065335367,0.0,0.0,2.1615740508213763,0.018073531,0.019667924832799,0.0,0.0,0.0,4.982814966766696,0.0006943888679485,7.264250605670703,0
1195,0.0039975,0.0070227904626341,0.0,0.0,0.0,0.428727707,0.0,0.0,1.3174265074261267,0.015808003,0.0150462094987291,0.0,0.0,0.0,5.037468448134673,0.0002355878007219,6.825732753322884,0
1196,0.011995,0.0030798816490334,0.0,0.0,0.0,0.331629283,0.0,0.0,4.140686023281218,0.02522793,0.0825594073909651,4.497373916,0.0,0.0,26.94925207812597,0.0041035994157645,36.04590711886295,1
1197,0.0018032245035557,0.0755319441333015,0.0,0.0,0.0,1.069694587,0.0,0.0,2.958019103086638,0.0,0.0489596471387656,0.0,0.0,0.0,2.6891084111062917,0.0020855259456146,6.845202442914167,0
1198,0.0,0.113140522266081,0.0,0.0,0.0,0.451770091,0.0,0.0,2.839488654361493,0.205865526,0.0259198168089165,0.0,0.0,0.0,2.7344412085835494,0.0008898641490249,6.371515683169065,0
1199,0.0144975,0.0175702993303266,0.0,0.0,0.0,1.308749071,0.0,0.0,5.007630299639757,0.216430684,0.0575995860750711,0.0,0.0,0.0,9.204755029754606,0.0081375463994546,15.835370016199217,0
1200,0.0054975,0.0038762504398861,0.0,0.0,0.0,0.428727707,0.0,0.0,0.8349601209015605,0.250038118,0.0021104033152394,0.152006753,0.0,0.0,5.109762418208291,3.30438467886479e-05,6.787012314711765,0
1201,0.005,0.0143932229589099,0.0,0.0,0.0,0.267758335,0.0,0.0,2.906748239704765,0.942418207,0.0299804704338326,4.437961132,0.0,0.0,6.556835485701408,0.006774036474361,15.167869129273278,0
1202,0.0085407245035557,0.0279395023624355,0.0,0.0,0.0,0.106461647,0.0,0.0,3.437164629301053,0.012371187,0.0215641826140172,0.323993053,0.0,0.0,15.889223807278462,0.0010924018630924,19.828351134922617,0
1203,0.0049875,0.0081699902746087,0.0,0.0,0.0,0.0,0.0,0.0,1.8225582224811754,0.176108481,0.0116047786271016,0.0,0.0,0.0,14.896934292003568,0.0028230422385031,16.923186306624956,0
1204,0.019485,0.005342682114216,0.0,0.0,0.0,0.750993767,0.0,0.0,4.8568271357698,0.201604235,0.0061948721485694,0.016005992,0.0,0.0,15.659650136108862,0.0029795349795151,21.519083355120962,0
1205,0.0007425,0.0036084482173937,0.0,0.0,0.0,0.0,0.0,0.0,1.6719419336217414,0.002211684,0.0015530386011365,0.0,0.0,0.0272232553055697,2.6694915844503666,2.43168799266425e-05,4.376796761076134,0
1206,0.01299,0.0081172645248701,0.0,0.0,0.0,0.12892068,0.0,0.0,2.909215715441497,0.006230294,0.0135058199508994,0.0,0.0,0.0,12.183269521055408,0.0004578467111928,15.262707141683867,0
1207,0.0039975,0.0167126385214155,0.0,0.0,0.0,0.31007055,0.0,0.0,3.7348770987104434,0.021150808,0.042239193499718,0.012484778,0.0,0.0,5.496916867368746,0.0031533020345657,9.641602736134889,0
1208,0.0037982245035557,0.0171866508071549,0.0882140840491634,0.0,0.0,0.491337222,0.0,0.0,3.139425101970986,0.003005754,0.0598129175593576,0.0,0.0,0.0,6.977758579519745,0.0019154727723734,10.782454007182336,0
1209,0.0,0.0030824479465871,0.0,0.0,0.0,0.0,0.0,0.0,0.04787985935630938,4.06e-05,1.0906477081341e-05,0.0,0.0,0.0,0.00566984057943246,1.70793244135419e-07,0.056683825152654424,0
1210,0.0,0.0744730923778636,0.0,0.0,0.0,0.0,0.0,0.0,0.7278765457455864,0.00282598,0.0069798651531357,0.0,0.0,0.0,15.09496157303611,0.0001092880891902,15.907226344401886,0
1211,0.0,0.0088664217446827,0.0,0.0,0.0,0.0,0.0,0.0,0.5137621969279424,0.000804545,0.0005657290799848,0.0,0.0,0.0,4.171765475481791,8.8579906114627e-06,4.695773226225013,0
1212,0.0,0.0714495882180911,0.0,0.0,0.0,0.0,0.0,0.0,2.5235746200120035,0.018356228,0.0675153026509709,0.0,0.0,0.0,5.572514396848603,0.0031584839051452,8.256568619634814,0
1213,0.0,0.0030814273617796,0.0,0.0,0.0,0.0,0.0,0.0,0.01252901181140945,8.73e-05,1.53073362545137e-06,0.0,0.0,0.0,0.045271880216428084,2.39240686637705e-08,0.06097117404731125,0
1214,0.0,0.0035027245348427,0.0002388239656485,0.0,0.0,0.0,0.0,0.0,0.1246912359462672,0.003479269,0.0018426411025338,0.0,0.0,0.0,0.3201483690382937,2.88513932506073e-05,0.4539319149808365,0
1215,0.0053032245035557,0.0145534869450253,0.0,0.0,0.0,0.316043851,0.0,0.0,2.633357998271414,0.018123865,0.0499995687946598,0.0,0.0,0.0,3.795442355432859,0.0040473146435281,6.836871664591042,0
1216,0.0,0.0115745249809933,0.0,0.0,0.0,0.0,0.0,0.0,0.2042878244890991,0.0,0.0001998632426052,0.0,0.0,0.0,0.012129769379070782,3.12934116863584e-06,0.22819511143293703,0
1217,0.0,0.100314747604354,0.0,0.0,0.0,0.401728924,0.0,0.0,1.0339700821146642,0.0,0.0022877292386628,0.0,0.0,0.0,0.1544656931320424,3.58203509906411e-05,1.692802996440714,0
1218,0.0081725,0.0529388296542527,0.0,0.0,0.0,0.073502288,0.0,0.0,1.3499844537420367,0.005859864,0.032639764759177,0.0,0.0,0.0,1.2797325196654454,0.0006852046894876,2.8035154245103993,0
1219,0.0,0.164810770861325,0.0,0.0,0.0,0.019833951,0.0,0.0,0.9449111180139478,0.0,0.0057599592908703,0.0,0.0,0.0,2.350202880390968,9.01872475476105e-05,3.4856088668046588,0
1220,0.01968,0.0501737229118626,0.0,0.0,0.0,0.0,0.0,0.0,2.232116950897514,0.083530545,0.0479996584793753,0.0,0.0,0.0,2.9291342530260702,0.0015881992181841,5.364223329533006,0
1221,0.0,0.0281770277326403,0.0,0.0,0.0,0.0,0.0,0.0,0.3629893996274347,0.005459661,0.0019192324528644,0.116319778,0.0,0.0,7.435828754291202,3.00506098616123e-05,7.950723903714003,0
1222,0.0015,0.0710970504634493,0.0,0.0,0.0,0.0,0.0,0.0,1.083515029741813,0.008988004,0.0052014191920192,0.0,0.0,0.0,31.481955051779106,9.90086467337323e-05,32.65235556382312,1
1223,0.0,0.0038662105365745,0.0,0.0,0.0,0.0,0.0,0.0,0.0706042894105596,0.008684847,0.0001419003738057,0.0,0.0,0.0195,0.09997785147744756,2.22186893558306e-06,0.20277732066732293,0
1224,0.0015,0.0678173521356006,0.0,0.0,0.0,0.0,0.0,0.0,4.761111482115269,0.078802399,0.0116828118738384,0.0,0.0,0.04144,0.68322102821344,0.0032128144435579,5.6487878877817055,0
1225,0.0002475,0.0112004928123247,0.0,0.0,0.0,0.0,0.0,0.0,0.3249711006292491,0.005523158,0.0006903403641817,0.0,0.0,0.0,0.12331215937535876,1.08090768520714e-05,0.46595556025796636,0
1226,0.0,0.0718977534662151,0.0052541002305556,0.0,0.0,0.0,0.0,0.0,3.732119187207928,0.01607846,0.0058502657411397,0.0,0.0,0.0,0.6630643721831855,0.0002265087973825,4.494490647626406,0
1227,0.0032475,0.0230039548395231,0.0051391391313802,0.0,0.0,0.723611886,0.0,0.0,6.87685207262235,0.072979856,0.0767985323933724,0.0,0.0,0.0,7.998309206313285,0.0034624458533086,15.78340459315322,0
1228,0.0054975,0.0052570870180327,0.0,0.0,0.0,0.0,0.0,0.0,6.02248668610621,0.130197945,0.050772623443674,0.126387291,0.0,0.0,6.392609939472116,0.008979600963517,12.74218867300355,0
1229,0.000995,0.0032628664412678,0.0,0.0,0.0,0.0,0.0,0.0,0.6570627364898655,0.037744942,0.0042671659917069,0.0,0.0,0.0,1.4137751831417522,6.68136513042128e-05,2.1171747077158964,0
1230,0.001245,0.0519839477306902,0.0,0.0,0.0,0.487973523,0.0,0.0,3.0480189627861796,0.005147507,0.0700779557489442,0.0,0.0,0.0,6.129578771750653,0.0024057266210271,9.796431394637494,0
1231,0.0062957245035557,0.0030798816490334,0.0,0.0,0.0,0.655270038,0.0,0.0,4.019052757564108,0.01645926,0.0950379889074382,3.110321314,0.0,0.0,5.980641912001995,0.0046447762801099,13.89080365290624,0
1232,0.00725,0.0085136667692175,0.0,0.0,0.0,0.658859871,0.0,0.0,4.359904860892838,0.0,0.0892774009224003,0.0,0.0,0.0,7.075427689379268,0.0031007963392309,12.202334285302953,0
1233,0.0079875,0.0388766614279217,0.0,0.0,0.0,0.554990776,0.0,0.0,3.4244527634815576,0.346992787,0.0662386024710219,0.0,0.0,0.0,8.701137804027343,0.025975799327703,13.166652693735548,0
1234,0.0,0.0030831348848211,0.0,0.0,0.0,0.0,0.0,0.0,0.06101919045539278,0.000986357,1.29428994937719e-05,0.0,0.0,0.0,0.27054242275096746,2.0265952567188e-07,0.33564425065020076,0
1235,0.0179603980142229,0.0162045105878354,0.0,0.0,0.0,0.302031364,0.0,0.0,4.398524035923615,0.062621912,0.0521705590934853,0.0,0.0,0.0,8.836183590150839,0.0072119216398397,13.692908291409838,0
1236,0.0015,0.0034117246604782,0.0,0.0,0.0,0.73436825,0.0,0.0,0.9794730961848357,0.009957442,0.0013190755335714,0.0,0.0,0.0,0.9312025138849568,2.06535319665214e-05,2.6612527557958083,0
1237,0.0053514490071114,0.0700970962030195,0.0466625741953629,0.0,0.0,0.248507735,0.0,0.0,4.086827795946823,0.010124668,0.0364792273752154,5.629234614,0.0,0.0,30.717639202061296,0.000923412194442,40.85184777398327,1
1238,0.0114975,0.0103249803203406,0.0200915503554164,0.0,0.0,0.674062648,0.0,0.0,4.2938773276208355,0.087119587,0.0835182343328717,0.0,0.0,0.0,8.34772177457857,0.0077987936037978,13.53601239581183,0
1239,0.002,0.0038905316518757,0.0,0.0,0.0,0.13300414,0.0,0.0,2.190664809523329,0.146820784,0.027430384385579,0.0,0.0,0.0,13.249756426318346,0.004074334697587,15.757641410576715,0
1240,0.0005,0.0031144229772176,0.0,0.0,0.0,0.0,0.0,0.0,0.5445517872438908,0.0891101,0.002783844106851,0.000966998,0.0,0.0,18.30384483919558,0.0007501874929023,18.94562217901644,0
1241,0.0068032245035557,0.0035462867877609,0.0,0.0,0.0,0.226340379,0.0,0.0,2.3667881413988234,0.267361531,0.0077942086082436,0.0,0.0,0.0,17.23132638139222,0.0010436225613838,20.111003775251987,0
1242,0.0048007245035557,0.0374941262599399,0.0,0.0,0.0,0.0,0.0,0.0,3.0462120322509714,0.025003134,0.0374392092009734,0.0,0.0,0.0,4.376993292085928,0.0022273618800938,7.530169880181462,0
1243,0.0075,0.0624232580318673,0.0026266669526718,0.0,0.0,0.307426236,0.0,0.0,3.0437623210544418,0.01102057,0.0451190433061403,0.0,0.0,0.0,9.819823764505784,0.0021208701726905,13.301822730023597,0
1244,0.0,0.348666885137511,0.0,0.0,0.0,0.384875575,0.0,0.0,0.9228133176625397,0.019751148,0.0009599818257579,0.0,0.0,0.0,2.3516552265322073,3.75560304551914e-05,4.028759690188471,0
1245,0.0,0.0032692245006104,0.0,0.0,0.0,0.0,0.0,0.0,0.0423363443840607,0.000551476,5.71291656641673e-06,0.0,0.0,0.0,0.005991713056313895,8.94803963791065e-08,0.05215456033794779,0
1246,0.00175,0.0196291145085996,0.0,0.0,0.0,0.0,0.0,0.0,0.20489297304972331,0.005155752,0.0004994906825228,0.0,0.0,0.0,0.249433457616513,7.82088282660908e-06,0.48136860874018533,0
1247,0.0039975,0.229078070861549,0.0,0.0,0.0,0.428727707,0.0,0.0,2.8594070320539267,0.019052638,0.0068211403767145,0.0,0.0,0.0,2.9044393593858207,0.0001790274874467,6.451702475165457,0
1248,0.0085457245035557,0.0121362679492662,0.0,0.0,0.0,0.040542929,0.0,0.0,3.2920367315876407,0.009236987,0.0902380934459129,0.0,0.0,0.0,9.21388054206209,0.0022452266278645,12.66886250217633,0
1249,0.0039975,0.109945177778505,0.0,0.0,0.0,0.212923294,0.0,0.0,2.0295992891461667,0.072352008,0.0345592705573318,0.0,0.0,0.0,9.251974604975798,0.0005411159096326,11.715892260367434,0
1250,0.0123125,0.006702430984687,0.0,0.0,0.0,0.0,0.0,0.0,2.902215202702625,0.021200103,0.0748784184019468,1.005302607,0.0,0.0,10.145230943177452,0.0040668257294257,14.171909030996137,0
1251,0.0002475,0.124434415999811,0.0,0.0,0.0,0.106461647,0.0,0.0,1.2876627293163863,0.0,0.0143995770464598,0.0,0.0,0.0,2.103752046704629,0.00022546315862,3.6371833792259065,0
1252,0.0,0.0031388935316686,0.0016166211064393,0.0,0.0,0.0,0.0,0.0,0.0496484359306405,0.0,2.50247613232273e-05,0.0,0.0,0.0,0.004788476994361685,3.91778986007886e-07,0.05921784410341932,0
1253,0.00075,0.0191840857364113,0.015213400582212,0.0,0.0,0.0,0.0,0.0,4.788952623208839,0.0,0.0068282063524676,0.0,0.0,0.0664,0.14624619421613816,0.0001069134322089,5.043681423528278,0
1254,0.0,0.157994315720057,0.0,0.0,0.0,0.0,0.0,0.0,5.10964923116834,0.0,0.0019199841524126,0.0,0.0,0.0,0.49478607940510133,3.00624158492035e-05,5.76437967286176,0
1255,0.00245,0.028437804765201,0.0,0.0,0.0,0.0,0.0,0.0,5.489669084073835,0.0,0.0067198727803057,0.0,0.0,0.0,2.764116160219223,0.0001052171928633,8.291498139031429,0
1256,0.0,0.404998418776091,0.0,0.0,0.0,0.0,0.0,0.0,0.7304471910707484,0.0,0.0016808821933907,0.0,0.0,0.0,0.14974321302113755,2.63185802249773e-05,1.2868960236415927,0
1257,0.00225,0.0049800831573111,0.0,0.0,0.0,0.0,0.0,0.0,0.051383637156803705,0.0,7.94751431428547e-06,0.0,0.0,0.0,10.987516425932407,1.24429324314704e-07,11.04613821819016,0
1258,0.0,0.343758779956625,0.0,0.0,0.0,0.0,0.0,0.0,0.7746894379605023,1.490628119,0.0086398364318216,0.0,0.0,0.0,0.24045433126293372,0.013278616508849,2.8714491211207314,0
1259,0.0080457245035557,0.006702430984687,0.0,0.0,0.0,0.269508389,0.0,0.0,7.095320658598434,0.015217492,0.0854381911507554,0.0,0.0,0.0,10.141336908314482,0.0029336803923955,17.62450347494431,0
1260,0.0015,0.0067024050624895,0.0,0.0,0.0,0.220506864,0.0,0.0,3.17916924163936,0.023889666,0.0931172872236386,0.010138351,0.0,0.0,6.204671696878155,0.0037384080525248,9.743433919856168,0
1261,0.00924,0.0211926412884001,0.0,0.0,0.0,1.438527606,0.0,0.0,4.031291107153367,0.004994139,0.0719984797583052,0.15759907499999998,0.0,0.0,7.632227919146489,0.0014383517566898,13.36850931910325,0
1262,0.0,0.0043083475502069,0.0,0.0,0.0,0.333307974,0.0,0.0,1.8606974770910787,0.01461979,0.0036352395160535,1.6413371030000001,0.0,0.0,7.802390238684445,5.69192429022869e-05,11.660353089084685,0
1263,0.0067425,0.0157089170547099,0.0,0.0,0.0,0.716802573,0.0,0.0,4.1446383910557785,0.046875411,0.0373715357407375,3.199372969,0.0,0.0,1.7497329699049753,0.0025093854329652,9.919754652189166,0
1264,0.0015,0.0097817936325837,0.171170033328349,0.0,0.0,0.568288693,0.0,0.0,4.74269740323616,0.011829979,0.0632260435261788,0.0,0.0,0.0,7.03110792337879,0.002790693137319,12.60239256223938,0
1265,0.0005,0.0032567617637538,0.000248883815213,0.0,0.0,0.069508109,0.0,0.0,0.5933313690157518,0.001921895,0.0016687388288709,0.0,0.0,0.0,0.3289575989513038,2.61285056889696e-05,0.9994194848805823,0
1266,0.0017475,0.0393054009277666,0.0,0.0,0.0,0.267474552,0.0,0.0,6.041637066673358,0.089941816,0.0710384979325472,0.0,0.0,0.0,9.039626646287527,0.0076318932527077,15.558403373073906,0
1267,0.0102932245035557,0.0030798816490334,0.0,0.0,0.0,0.895115227,0.0,0.0,6.268435316416601,0.136010405,0.0460790251318983,6.630426095,0.0,0.0,30.96662984952396,0.0052488468516799,44.96131787107673,1
1268,0.0,0.0030798816490334,0.0,0.0,0.0,0.0,0.0,0.0,0.16593479421269058,0.079435569,0.0020926632059016,0.0,0.0,0.0,2.6707784985102534,0.0001432542207006,2.9214646607985792,0
1269,0.0034925,0.0030798816490334,0.0019219204333678,0.0,0.0,0.294884179,0.0,0.0,4.2380433437429925,0.028505552,0.0460790251318983,0.0,0.0,0.0,15.128192655813558,0.0012879135048061,19.745486971275657,0
1270,0.0066039490071114,0.0103249803203406,0.0,0.0,0.0,0.106461647,0.0,0.0,4.9056915787274065,0.028914,0.0345592705573318,0.0,0.0,0.0,14.989896135529639,0.0022163816890691,20.084667942830897,0
1271,0.0116596735106672,0.0537956112314797,0.0,0.0,0.0,0.442576447,0.0,0.0,5.961236124496571,0.004111057,0.0393591660188571,0.0,0.0,0.0,4.194450853628549,0.0011265179550256,10.70831545084115,0
1272,0.0,0.0035474326070119,0.0,0.0,0.0,0.0,0.0,0.0,0.1288371537910618,0.018756572,0.0002815934843927,0.0,0.0,0.0,0.023049292611764905,4.40910536761185e-06,0.1744764535995989,0
1273,0.00374,0.0813650958622458,0.0,0.0,0.0,0.18415867,0.0,0.0,7.010198807610889,0.242706228,0.0471496844656822,0.0,0.0,0.0,11.22200000382288,0.0068576218788079,18.798176111640505,0
1274,0.0195382245035557,0.0171413524529015,0.0,0.0,0.0,0.460156498,0.0,0.0,4.221021672254222,0.061129296,0.0345592705573318,0.88191442,0.0,0.0,10.568392153793322,0.0012677829332109,16.265120670494547,0
1275,0.004995,0.0157588172849197,0.0,0.0,0.0,0.716167576,0.0,0.0,4.209565276605215,0.047573886,0.0748784184019468,0.375420363,0.0,0.0,8.423415428013314,0.0050472265151714,13.872821991820567,0
1276,0.0017475,0.0030798816490334,0.0,0.0,0.0,1.167286334,0.0,0.0,2.925626115180372,0.035701813,0.0950379889074382,0.0,0.0,0.0,3.325032099130523,0.0099229395200902,7.563434671387457,0
1277,0.0005,0.249945743619771,0.0,0.0,0.0,0.080794182,0.0,0.0,1.8242299602851504,0.0,0.0249592746253135,0.0,0.0,0.0,7.1222491903379215,0.0004473863855747,9.303125737253731,0
1278,0.0,0.104493549726376,0.0,0.0,0.0,0.828942534,0.0,0.0,0.7295483377790914,0.006238099,0.0145670010367435,1.622384568,0.0,0.0,1.2317885843178735,0.0002280846034886,4.538190758463573,0
1279,0.0,0.0045156720659394,0.0,0.0,0.0,0.0,0.0,0.0,0.5285981058104562,0.000742248,0.0002062390215005,0.457750417,0.0,0.0,0.004025875662285869,3.22917492627959e-06,0.9958417867351083,0
1280,0.000495,0.144982763124666,0.0,0.0,0.0,0.12825096,0.0,0.0,5.000178790804387,0.176261493,0.0047999637978478,2.087597694,0.0,0.0,1.4479165371512628,0.0001556952936122,8.990638897171776,0
1281,0.006245,0.0610408395137744,0.0,0.0,0.0,0.0,0.0,0.0,6.337364265292972,0.0,0.0652787504842768,0.0,0.0,0.0,4.693266934224902,0.0012183034280388,11.164414092943964,0
1282,0.0,0.0062204236948386,0.0,0.0,0.0,0.0,0.0,0.0,0.08221049557676599,0.0,8.64044462509248e-05,0.003390694,0.0,0.0,0.0011091705159021852,1.35288878953476e-06,0.09301854112254725,0
1283,0.0011975,0.226144872589043,0.0,0.0,0.0,0.0,0.0,0.0,0.7982127638612163,0.0,0.0061371074551054,0.017706172,0.0,0.0,24.026936723776934,9.60925384781188e-05,25.076431232220777,0
1284,0.0,0.156087608556874,0.0,0.0,0.0,0.0,0.0,0.0,0.20360664776441711,0.0,0.000784986170934,0.020401564,0.0,0.0,0.13270869491013756,1.22909879674421e-05,0.5136017923903301,0
1285,0.0005,0.0517381214664448,0.0,0.0,0.0,0.0,0.0,0.0,0.2576130325436818,0.0,0.0002496325863291,0.0,0.0,0.0,0.12886863621968767,3.90867699387352e-06,0.4389733314931372,0
1286,0.0072807245035557,0.0411172070006424,0.0,0.0,0.0,0.641136281,0.0,0.0,7.078575724670507,0.045137069,0.0739194684546596,0.0,0.0,0.0,6.622416954458662,0.0017035754252281,14.511287004513255,0
1287,0.0045989490071114,0.0223600215311375,0.121396543991948,0.0,0.0,0.593851818,0.0,0.0,3.0287750305545407,0.011900506,0.0558611783653453,0.0,0.0,0.0,3.0360487930983275,0.0014710699813342,6.876263910529745,0
1288,0.0,0.0037547271779517,0.0127277452376846,0.0,0.0,0.0,0.0,0.0,1.1922722963605343,0.002226456,0.0019552730293851,0.0,0.0,0.0,1.5290693193724143,3.06149242561991e-05,2.742036432102226,0
1289,0.014995,0.0139476851891792,0.113165693016289,0.0,0.0,1.178318587,0.0,0.0,4.607859909426782,0.090842715,0.0556796019226584,0.0,0.0,0.0,9.552086178754307,0.0041973996250622,15.631092769934277,0
1290,0.005495,0.0207042152428865,0.0,0.0,0.0,0.241215842,0.0,0.0,8.668768539612183,0.004067909,0.0730290666725371,0.0,0.0,0.0,11.288041020018643,0.0043557493158612,20.30567734186211,0
1291,0.0,0.0031503770651662,0.0,0.0,0.0,0.0,0.0,0.0,0.1824020684812291,0.000257269,0.0002920967771709,0.0,0.0,0.0,0.04327374573098437,4.57354635599907e-06,0.2293801306009066,0
1292,0.0160964490071114,0.0338720046405452,0.0,0.0,0.0,0.377720091,0.0,0.0,6.007123479735155,0.039717106,0.0527996222772232,0.078749155,0.0,0.0,7.617985632484329,0.0032860110181448,14.227349551162508,0
1293,0.0162425,0.006702482829082,0.0,0.0,0.0,0.326968511,0.0,0.0,5.427525792341481,0.013579137,0.0614395612135287,0.021997376,0.0,0.0,16.18722241127673,0.0063011945638973,22.067978966224718,0
1294,0.00375,0.0047384616124181,0.0,0.0,0.0,0.0,0.0,0.0,0.7407828806414068,0.044400601,0.0008819144108599,0.0,0.0,0.0,8.29648326995482,1.38086956409881e-05,9.091050936315145,0
1295,0.0267932245035557,0.0030798816490334,0.0,0.0,0.0,0.954166232,0.0,0.0,6.642159975302484,0.482495801,0.0115199185817407,0.890824057,0.0,0.0,16.492991200724042,0.0045560863951965,25.508586377156053,0
1296,0.00375,0.0042548311734442,0.0,0.0,0.0,0.106461647,0.0,0.0,0.9487616333018303,0.016653485,0.0005729043938542,0.0,0.0,0.0,0.6017479895242234,8.97032316789359e-06,1.68221146071652,0
1297,0.0084071735106671,0.0349489293750659,0.0,0.0,0.0,0.384875575,0.0,0.0,2.98748496522705,0.086732414,0.0155393995723115,0.0,0.0,0.0,4.258151095270148,0.0016119762246015,7.777751528179844,0
1298,0.0149875,0.0248155016904238,0.0,0.0,0.0,0.821086081,0.0,0.0,6.25737923302141,0.018141079,0.0547196064296359,0.0,0.0,0.0,10.911062357331877,0.0020113112434247,18.10420266971677,0
1299,0.0,0.0030798816490334,0.0,0.0,0.0,0.0,0.0,0.0,0.0005481501765649642,6.99e-07,0.0,0.0,0.0,0.0,0.0019103141781915297,8.33945412201261e-12,0.005539045012129348,0
1300,0.006245,0.104483318918416,0.0,0.0,0.0,0.0,0.0,0.0,4.7441872464359065,0.004873297,0.0259122929798021,0.0,0.0,0.0,4.53064588613864,0.0197475630603813,9.436094604533146,0
1301,0.0043539490071114,0.0606127792331791,0.0,0.0,0.0,0.0,0.0,0.0,2.7640585501429977,0.0,0.0547196064296359,0.0,0.0,0.0,2.8459558597105294,0.0024129146201566,5.732113659143611,0
1302,0.00675,0.0085137834191063,0.0,0.0,0.0,0.166255175,0.0,0.0,3.1764158732564787,0.006039571,0.0806394232385524,0.060907519,0.0,0.0,9.412552561966939,0.0019543589245203,12.920028265805596,0
1303,0.001,0.0685748604990318,0.0,0.0,0.0,0.430085315,0.0,0.0,2.436599282470481,0.010494935,0.0537589685751813,0.064969867,0.0,0.0,5.193732182338579,0.0031768550403401,8.262392265923612,0
1304,0.0,0.140500734664979,0.0,0.0,0.0,0.0,0.0,0.0,0.8225649923495914,0.001556157,0.0191995955133657,0.0,0.0,0.0,26.63894128021926,0.000320789720374,27.62308354946757,1
1305,0.0017375,0.0569894210672882,0.0,0.0,0.0,0.720835108,0.0,0.0,5.904446309571143,0.0,0.0470390069576563,0.0,0.0,0.0,23.49090471008187,0.0007989491287698,30.222751004806728,1
1306,0.0005625,0.124434415999811,0.0,0.0,0.0,0.0,0.0,0.0,5.460592171399237,0.006498596,0.0268792177759327,0.0,0.0,0.0,0.6747692727980574,0.0004514936236871,6.294187667596725,0
1307,0.0002475,0.33098287130162,0.0,0.0,0.0,0.0,0.0,0.0,0.7703582796269903,0.0,0.0038399204693995,0.01384656,0.0,0.0,24.554825750764216,6.01239899591806e-05,25.674161006152186,0
1308,0.0,0.458871416287277,0.0,0.0,0.0,0.0,0.0,0.0,0.7175091293778574,0.0,0.0,0.0,0.0,0.0,0.14335669336787912,0.0,1.3197372390330135,0
1309,0.001495,0.128348590084498,0.625052905575491,0.0,0.0,0.48895289,0.0,0.0,6.179782857128465,0.000389403,0.0143998982271758,0.0,0.0,0.0,20.840005101461088,0.000225468118869,28.278652113595587,1
1310,0.0,0.0031323092935007,0.0,0.0,0.0,0.0,0.0,0.0,0.18644861215496228,0.000334695,5.46417235228088e-05,0.039507384,0.0,0.0,0.011393332909280627,8.5560068042326e-07,0.24087183068194684,0
1311,0.009745,0.0540950903793312,0.0,0.0,0.0,0.982238075,0.0,0.0,4.17696318185876,0.010440728,0.0531750415324974,0.196799,0.0,0.0,13.147013934213478,0.0012752148763945,18.631745265860463,0
1312,0.0057475,0.006702482829082,0.0,0.0,0.0,0.466062203,0.0,0.0,5.354543293476537,0.765102496,0.0470396629863529,0.14388967500000002,0.0,0.10583,5.546123129745894,0.0218507377770785,12.462891180814944,0
1313,0.0009975,0.0031875365352991,0.0,0.0,0.0,0.0,0.0,0.0,0.2186695735811673,7.88e-05,3.80428307718205e-05,0.0,0.0,0.0,0.17882221761120015,5.956207935462e-07,0.4017942661792319,0
1314,0.000495,0.0840100580514454,0.0,0.0,0.0,0.32226606,0.0,0.0,3.352295280716865,0.002159153,0.0285954230144571,0.0,0.0,0.03801,2.31241185279173,0.0008333488912333,6.141076176465731,0
1315,0.0153514490071114,0.0193815999203509,0.0,0.0,0.0,0.654952294,0.0,0.0,10.558764886045937,0.076089464,0.0431996878478952,4.400521813,0.0,0.0,5.66479142269984,0.001225454142446,21.43427807066358,0
1316,0.0044975,0.003307919220543,0.0,0.0,0.0,0.0,0.0,0.0,1.847896194214056,0.036186355,0.0077074214785863,0.0,0.0,0.0,10.0926527201661,0.0003919555190841,11.992640065598371,0
1317,0.031485,0.0146239953222569,0.0,0.0,0.0,2.647427548,0.0,0.0,8.017161308516663,0.041015989,0.0069924595373844,3.48483907,0.0,0.0,9.736515840226861,0.000450972284249,23.980512182887413,0
1318,0.0015,0.0031064907847791,0.0,0.0,0.0,0.102378187,0.0,0.0,0.2087728346201693,0.001968958,1.61137048607783e-05,0.0,0.0,0.0,0.5788419708916036,2.52302807435659e-07,0.8965848073042202,0
1319,0.0127982245035557,0.0374946058205938,0.0,0.0,0.0,0.0,0.0,0.0,5.100829368209418,0.026459407,0.0143998982271758,0.055779654,0.0,0.0,7.245824168546657,0.0009483879139047,12.494533714221305,0
1320,0.0107907245035557,0.0411172070006424,0.0,0.0,0.0,0.0,0.0,0.0,5.945339723513722,0.04476819,0.024959821315894,0.05552512,0.0,7.382132226e-05,3.7409177703923064,0.0005216902128522,9.864014068261232,0
1321,0.00095,0.0033529652639604,0.0,0.0,0.0,0.0,0.0,0.0,0.15816318595533954,0.0,8.31584709290971e-05,0.0,0.0,0.0,0.6328526480584884,1.30209848450596e-06,0.795403259847202,0
1322,0.017985,0.0434522347059594,0.0,0.0,0.0,0.316287783,0.0,0.0,5.0642837593567105,0.0,0.012294387792632,0.013120804,0.0,0.0,7.660006827134935,0.0002333144483513,13.127664110438587,0
1323,0.0029975,0.0284381028704724,0.0,0.0,0.0,0.533766615,0.0,0.0,2.510405169474625,0.013579502,0.0719994843022469,0.0,0.0,0.0,5.550236313940854,0.0036878644106233,8.715110551998821,0
1324,0.0022475,0.391906819054966,0.0,0.0,0.0,0.0,0.0,0.0,0.8869821432351404,0.0,0.0009599954930224,0.0,0.0,0.0,0.920304291553209,1.50312079246017e-05,2.2024157805442623,0
1325,0.0,0.346427546939079,0.0,0.0,0.0,0.0,0.0,0.0,0.8132789933031752,0.000632201,0.0086398364318216,0.0,0.0,0.0,1.0454355808175986,0.0001585345041221,2.2145726929957967,0
1326,0.0,0.0287168312992158,0.0,0.0,0.0,0.0,0.0,0.0,0.4690727516238827,0.639012134,0.005435054245236,0.0,0.0,0.0,9.98754041201124,0.0063648987778877,11.136142081957463,0
1327,0.003,0.0149724933456028,0.0289692677808469,0.0,0.0,0.397209585,0.0,0.0,3.5506739608826745,0.435225521,0.002521241286499,0.0,0.0,0.053,1.847492141739008,3.94766613768621e-05,6.333103687696008,0
1328,0.0022982245035557,0.0679542933079835,0.262748760779557,0.0,0.0,1.207835535,0.0,0.0,9.658594542862954,0.014535765,0.0518396267842007,0.0,0.0,0.0,8.607129521078708,0.0010297784634557,19.873966047780414,0
1329,0.00274,0.0918325866334222,0.0,0.0,0.0,0.290217367,0.0,0.0,5.747189122647983,0.003354642,0.0403192298482021,0.0,0.0,0.0,2.053710781344625,0.0007018073145298,8.230065536788763,0
1330,0.0,0.442150968732088,0.0,0.0,0.0,0.0,0.0,0.0,0.5230879277628884,0.0,0.0009599954930224,0.048073239,0.0,0.0,17.18613260704849,1.50312079246017e-05,18.200419769244412,0
1331,0.0,0.0047093898679089,0.0,0.0,0.0,0.0,0.0,0.0,0.580642778946875,0.00130023,0.0009555194638944,0.0,0.0,0.0,1.6213513466214924,1.49611941780305e-05,2.208974226094349,0
1332,0.006735,0.0662833706607179,0.0,0.0,0.0,0.087502724,0.0,0.0,5.714796261434779,0.008097699,0.0370615758488481,0.0,0.0,0.0,1.81716164266515,0.0010224787378353,7.738660752347331,0
1333,0.00423,0.0089063621393208,0.0,0.0,0.0,0.0,0.0,0.0,1.92045642014621,0.006430028,0.0052110751143976,0.0,0.0,0.02094,0.6248839323154314,8.15930815146703e-05,2.5911394107968744,0
1334,0.0102375,0.0301132341569682,0.0,0.0,0.0,1.160989095,0.0,0.0,3.270613197213815,0.013850289,0.0241780401184883,0.0,0.0,0.06925,6.164847351058386,0.0009248585676595,10.745003565115317,0
1335,0.0085964490071114,0.0411166755955934,0.0,0.0,0.0,0.553461897,0.0,0.0,5.353321514785803,0.028567046,0.0451190433061403,0.0,0.0,0.0,11.926418832628816,0.0026313423782632,17.959232800701727,0
1336,0.0059925,0.0990767521056189,0.0,0.0,0.0,0.212923294,0.0,0.0,4.68413806225612,0.030508808,0.0220793564825686,0.0,0.0,0.0,24.88101368858644,0.0004295004390571,29.936161961869804,1
1337,0.0,0.0030800760655148,0.0,0.0,0.0,0.0,0.0,0.0,0.020402837905822903,0.013218738,5.17989325041134e-06,0.0,0.0,0.0,0.000979306795555884,8.1094617553476e-08,0.03768621975476155,0
1338,0.0032475,0.0101873723348503,0.0,0.0,0.0,0.438936358,0.0,0.0,11.117071689690377,0.244232964,0.0180122245742734,0.007223096,0.0,0.0,26.243205405914235,0.0057057545489861,38.08782236506272,1
1339,0.0038539490071114,0.0225715207406346,0.0,0.0,0.0,0.382491243,0.0,0.0,7.81692307315325,118.96227271800001,0.0008608804907744,0.0,0.0,0.00051300029088,12.011612827695219,0.000277259293216,139.2013764716711,1
1340,0.0,0.0031409802685683,0.0,0.0,0.0,0.0,0.0,0.0,0.2198119473945861,0.003382566,2.69928474130934e-06,0.0,0.0,0.00117059525298,0.08302367687494214,4.22523998196856e-08,0.3105325073282177,0
1341,0.0109925,0.0085137056525138,0.0,0.0,0.0,0.077697023,0.0,0.0,5.145323918985623,0.291242502,0.0009599818257579,0.0,0.0,0.0,1.983696845550059,0.0002257229818955,7.518652199995849,0
1342,0.00225,0.0185238876208833,0.0,0.0,0.0,0.384875575,0.0,0.0,4.411222605505719,58.520919422965896,0.0,0.159046871,0.0,0.00679156164792,2.9915482641002313,0.0,66.49517818784065,1
1343,0.0,0.0034240758961284,0.0,0.0,0.0,0.0,0.0,0.0,0.37253681126585153,0.004265199,2.07537411629278e-05,0.116461926,0.0,0.0,2.309593239076289,3.2496003564847e-07,2.8063023299394674,0
1344,0.0062475,0.0286447201326705,0.0,0.0,0.0,0.489138075,0.0,0.0,1.941322739332536,0.036758309,0.0015414760953585,0.604627547,0.0,0.0,16.859182797897702,0.0001060028433831,19.96756916730165,0
1345,0.0060532245035557,0.0651883154067322,0.0,0.0,0.0,0.345635759,0.0,0.0,2.9277785773852383,0.050171729,0.0307193500879322,0.121514321,0.0,0.0,9.125577088536383,0.0032193079528706,12.675857672872713,0
1346,0.00624,0.254952794764015,0.0,0.0,0.0,0.0,0.0,0.0,1.1585150161047884,0.130622389,0.0028799386436416,0.0,0.0,0.0,1.5120858422703958,0.0007707392072793,3.06606671999012,0
1347,0.0,0.0653411814246004,0.0,0.0,0.0,0.0,0.0,0.0,1.0140445462773162,0.0,0.000673242616276,0.0,0.0,0.0,0.7300914653081086,1.05413484595105e-05,1.8101609769747609,0
1348,0.0,0.0326130684047593,0.0,0.0,0.0,0.0,0.0,0.0,0.325175978609243,0.0,0.0003193493026097,0.0,0.0,0.0,0.016142308911761643,5.00021151537969e-06,0.374255705439889,0
1349,0.0060482245035557,0.0320603541008545,0.0,0.0,0.0,0.857455414,0.0,0.0,7.437478910821913,0.163101856,0.061438823181245,0.0,0.0,0.0606,5.25908571742545,0.0088586461539967,13.886127946187013,0
1350,0.0090989490071114,0.0411172070006424,0.0,0.0,0.0,0.62412204,0.0,0.0,6.857486611204239,0.0,0.0710394888092244,0.0,0.0,0.0,15.15620747307612,0.0011123093864205,22.76018407848376,0
1351,0.0067475,0.0374941262599399,0.0,0.0,0.0,0.48895289,0.0,0.0,11.863188816265431,0.073336635,0.065278620645264,0.0,0.0,0.00174,5.193122425777105,0.0198798484770063,17.749740862424748,0
1352,0.0092053980142228,0.0325657535937537,0.0,0.0,0.0,0.360035224,0.0,0.0,5.7885953069541625,0.20884027,0.0167953460110976,0.0,0.0,0.03977,9.38953219527675,0.0026331705802699,15.847972664430257,0
1353,0.0042425,0.0051516739100667,0.0,0.0,0.0,0.0,0.0,0.0,1.3225398948748945,0.055357889,0.0011800999543714,0.0,0.0,0.04232,1.5383751395896321,1.84775989404939e-05,2.9691856749279055,0
1354,0.0140989490071114,0.0338715769242863,0.0,0.0,0.0,0.755660579,0.0,0.0,8.883960544480363,0.820711499,0.0441590683140146,1.474852558,0.0,0.0,9.054443594598215,0.0516236795013574,21.133382048825347,0
1355,0.0103464490071114,0.0139475426170929,0.0,0.0,0.0,1.23009249,0.0,0.0,6.002790281833173,0.040605255,0.0345592705573318,2.387761841,0.0,0.0,12.492684875705496,0.0017065888600229,22.214494594580227,0
1356,0.0151521735106672,0.0157588172849197,0.0,0.0,0.0,3.643800248,0.0,0.0,7.159711662311265,0.224870479,0.0153596750439661,2.432475089,0.0,0.0,12.878610663659316,0.0087384925505432,26.394477300360677,0
1357,0.0015,0.0030798816490334,1.46257639170214,0.0,0.0,0.0,0.0,0.0,1.3758150870624966,0.046859528,0.0,0.0,0.0,0.07815409092777441,1.1726827488739509,0.0,4.140667728215395,0
1358,0.0115,0.156661150308712,8.56724021628762,0.0,0.0,0.106461647,0.0,0.0,4.939293431179114,0.007668232,0.0009599749921257,0.0,0.0,0.0055360555208799995,0.8884766783605242,1.65519830694107e-05,14.683813937632046,0
1359,0.011495,0.0068408944026952,1.89614424913101,0.0,0.0,0.0,0.0,0.0,1.252664712608858,0.002833156,0.0009136156308977,0.0,0.0,0.0,3.947022828400214,1.4305048680648e-05,7.117928761222355,0
1360,0.0065507245035557,0.0247386034915056,4.3742261611468,0.0,0.0,0.28470248,0.0,0.0,4.53191644855482,0.006798833,0.005261281810586,0.0,0.0,0.0,5.455624757355545,8.23791577698258e-05,14.689901669020582,0
1361,0.0027475,0.0611365564987567,6.27031899335335,0.0,0.0,0.0,0.0,0.0,3.7726866373767574,1000.357086977,0.0,0.0,0.0,1.08366049108796,0.5405404405872145,0.0,1012.0881775959041,1
1362,0.0,0.0031302430278686,0.0920420129887062,0.0,0.0,0.0,0.0,0.0,0.005714538017424799,0.011724759,0.0,0.0,0.0,1.2585833717301198,0.004775805141764765,0.0,1.3759707299058843,0
1363,0.0073925,0.0502345344118401,1.89744802461654,0.0,0.0,0.0,0.0,0.0,0.7197056446431727,0.358776685,0.0,0.0,0.0,0.72970955758605,0.2845313839759544,0.0,4.047798330233557,0
1364,0.0,0.187688737646403,0.0,0.0,0.0,0.0,0.0,0.0,1.0438949558832158,0.0,0.0019199431506191,0.718443466,0.0,0.0,16.316387241087575,3.00617544826685e-05,18.268364405522295,0
1365,0.0,0.194395207570205,0.0,0.0,0.0,0.0,0.0,0.0,1.7449143156880782,0.014036839,0.013431900550781,0.0,0.0,0.0,6.383862101960725,0.0002103115445297,8.35085067631432,0
1366,0.0,0.0030799009137623,0.0,0.0,0.0,0.0,0.0,0.0,0.00018875003552815264,4.08e-06,0.0,0.0,0.0,0.0,4.633935236739367e-06,1.78010042962226e-11,0.003277364902328196,0
1367,0.0,0.102700066146099,0.0,0.0,0.0,0.0,0.0,0.0,1.557812893485451,0.0,0.0143996932182081,0.0,0.0,0.0,30.78657874276337,0.0002327152624375,32.461724110875565,1
1368,0.0,0.0048953427517583,0.0,0.0,0.0,0.0,0.0,0.0,0.20032514483532599,0.004054639,0.003067016160295,0.297335964,0.0,0.0,0.3485442125145268,4.80221295141929e-05,0.8582703413914202,0
1369,0.0064925,0.0193688461991752,0.0,0.0,0.0,0.262508171,0.0,0.0,5.175563738642914,0.012145193,0.0275182717300296,0.0,0.0,0.0,2.816189132243155,0.0009209528991681,8.320706805714442,0
1370,0.0057028980142228,0.0501737229118626,0.0,0.0,0.0,0.161296687,0.0,0.0,8.52445342413382,29.7744619905366,0.0335997602521995,2.334525717,0.0,0.0212,9.022946855928726,0.0776620690458747,50.0060231248233,1
1371,0.0114925,0.0876424697052057,0.0,0.0,0.0,0.33046862,0.0,0.0,10.358612677523755,0.013096554,0.049919642631788,0.0,0.0,0.0,29.63681953066405,0.001875649225004,40.4899276437498,1
1372,0.005495,0.0046160051513733,0.0,0.0,0.0,0.124837219,0.0,0.0,1.7482351673245153,0.014373675,0.0010646525710304,0.0,0.0,0.0161,2.858777819511253,1.66699663707001e-05,4.773516208524542,0
1373,0.003495,0.0161343910435665,0.0,0.0,0.0,0.0,0.0,0.0,2.954724713495365,0.041902077,0.0090478111111657,0.0,0.0,0.01219,7.640497866187878,0.000267097862615,10.67825895670059,0
1374,0.0,0.0355198752056263,0.0,0.0,0.0,0.0,0.0,0.0,1.1184231561360964,0.001590475,0.0068923604920915,0.0,0.0,0.0,13.891269985203927,0.0001079179668127,15.053803770004555,0
1375,0.002,0.0579540216969769,0.0,0.0,0.0,0.0,0.0,0.0,3.1896256635584597,0.002068572,0.0116588326582504,0.0,0.0,0.00256,5.377819828521585,0.0006335882359736,8.644320506671246,0
1376,0.0,0.009189665835925,0.0,0.0,0.0,0.0,0.0,0.0,1.5182130453582474,0.0,4.83342809500784e-05,0.046646151,0.0,0.01537,0.6613743416328943,7.56752282182453e-07,2.250842294860299,0
1377,0.0,0.0760868476543336,0.0,0.0,0.0,0.0,0.0,0.0,1.961080701829705,0.0,0.0005775170956273,0.075135403,0.0,0.00622,17.299522750312423,9.04258503052802e-06,19.41863226247712,0
1378,0.00399,0.0030798816490334,0.0,0.0,0.0,0.374803333,0.0,0.0,2.804252577376029,0.14512669,0.002930787701262,0.0,0.0,0.0,3.979741739211475,4.58891741962449e-05,7.313970898111996,0
1379,0.0093007245035557,0.0030798816490334,0.0,0.0,0.0,0.707460651,0.0,0.0,4.281510887242707,0.216920614,0.0065477267501327,0.039956733999999994,0.0,0.0,28.31953397346083,0.001497298676744,33.585808491283004,1
1380,0.002,0.0038226822187283,0.0,0.0,0.0,0.707141635,0.0,0.0,2.07400029219101,0.144617183,0.0037478646092725,0.089515777,0.0,0.0,10.122662645743015,0.0010604091757858,13.148568488937812,0
1381,0.0343143470213343,0.0095965924924621,0.0,0.0,0.0,1.568578347,0.0,0.0,6.171633997911183,0.031192998,0.0041294136326808,0.12530298,0.0,0.0,16.393189597917086,0.0001242487833729,24.33806252275812,0
1382,0.0232757245035557,0.0157588432071172,0.0,0.0,0.0,0.508099149,0.0,0.0,6.254855885813562,0.055178921,0.0095998182575796,0.167025292,0.0,0.0,8.715550609747533,0.0003576615721559,15.749701905101503,0
1383,0.0009975,0.0046504557518663,0.0,0.0,0.0,0.0,0.0,0.0,1.5437727212927048,0.001890772,0.0046614939074348,0.0,0.0,0.0,3.4160223940594383,7.29878527463159e-05,4.972068324864191,0
1384,0.0045457245035557,0.0061640139812723,0.0,0.0,0.0,0.0,0.0,0.0,1.666167897479617,0.00264957,0.0091537392447734,0.0,0.0,0.0,2.813699248274669,0.0002940285822501,4.502674222066138,0
1385,0.0110939490071114,0.0030798816490334,0.0,0.0,0.0,0.399887447,0.0,0.0,4.861910490519334,0.026448401,0.0537589685751813,0.0,0.0,0.0,6.057541877807026,0.0024559625234621,11.416176978081149,0
1386,0.0058464490071114,0.0030798816490334,0.0,0.0,0.0,0.592036082,0.0,0.0,2.603867322843472,0.107971221,0.0,0.054796889,0.0,5.46079705658936,3.5434357983451696,0.0,12.371830700434147,0
1387,0.0,0.0030798816490334,0.0,0.0,0.0,0.0,0.0,0.0,0.0126450929552765,0.028445337,0.0,0.0,0.0,2.62564519528565,0.00625737435769472,0.0,2.6760728812476544,0
1388,0.0,0.0031307410005512,0.0,0.0,0.0,0.0,0.0,0.0,0.00631166975611868,0.020007849,0.0,0.0,0.0,1.97806784312672,0.007498549004729936,0.0,2.0150166518881196,0
1389,0.0,0.0031779971666148,0.0,0.0,0.0,0.0,0.0,0.0,0.002741525205786545,0.027791418,0.0,0.0,0.0,3.8343823006937,0.0037083172030335453,0.0,3.871801558269135,0
1390,0.00174,0.0037312805503024,0.0,0.0,0.0,0.0,0.0,0.0,0.4057586289153398,0.071608249,0.0,0.0,0.0,2.5440756670840496,0.10259217261874876,0.0,3.1295059981684408,0
1391,0.0,0.012136384599155,0.0,0.0,0.0,0.0,0.0,0.0,9.158526207657044,1.227654517,0.0268798054683067,0.711524946,0.0,0.278416336255175,6.439131943052624,0.0103586060777989,17.864628746110103,0
1392,0.0,0.012136384599155,0.0,0.0,0.0,0.0,0.0,0.0,9.310818570399315,0.151390846,0.0067199547838928,0.0,0.0,0.0,30.91335459669177,0.0694809364325894,40.463901288906726,1
1393,0.0,0.0123003509670307,0.0,0.0,0.0,0.0,0.0,0.0,1.9554303377500895,0.084046575,0.0004481154352186,0.102000365,0.0,0.0,0.7049124613342518,7.01645260864485e-06,2.8591452219391993,0
1394,0.0045,0.0507094943573925,0.0,0.0,0.0,0.0,0.0,0.0,4.414659408105949,0.191021382,0.0023148109232953,0.0,0.0,0.0,36.272587917023884,0.0002795696760658,40.93607258208659,1
1395,0.0003032245035557,0.381987512359949,0.0,0.0,0.0,0.382491243,0.0,0.0,6.426540015545571,0.0,0.0057598772872832,0.0,0.0,0.0,1.2005341928155906,9.01859849387709e-05,8.397706251496889,0
1396,0.0037475,0.0338716417297801,235.965110336272,0.0,0.0,0.384875575,0.0,0.0,6.515214106550696,5.866277982,0.0009599818257579,0.0,0.0,0.0,10.85122303815487,1.50310275519104e-05,259.62129519256064,1
1397,0.0,0.0038602045996264,2.71120835915292,0.0,0.0,0.0,0.0,0.0,1.0048303028597756,0.0,0.0007731981552916,0.0,0.0,0.0,0.30331063644330186,1.21064326396575e-05,4.023994807643556,0
1398,0.0158564490071114,0.0341168268349436,15.6808742754444,0.0,0.0,0.310022289,0.0,0.0,5.369976636692111,0.0,0.0307536685891242,0.0,0.0,0.0,15.54855529193681,0.000538304266495,36.990693741771,1
1399,0.0107475,0.0139475555781917,18.3544156617612,0.0,0.0,0.707141635,0.0,0.0,4.7640399956001875,0.020794599,0.0748785687418565,0.0,0.0,0.0,14.808167891037273,0.0019824988755268,38.756115905594235,1
1400,0.007245,0.0103250840091307,18.3557214388255,0.0,0.0,1.024345061,0.0,0.0,4.3786081269969355,0.048175464,0.0643195408589639,0.0,0.0,0.0,9.858818304514402,0.0050923972696026,33.752650417474534,1
1401,0.012995,0.0441487172719327,18.3278449741809,0.0,0.0,0.404223221,0.0,0.0,7.128849054627437,0.019190101,0.0274447896823757,0.036571552,0.0,0.00648,7.928338265186876,0.0016907958159223,33.93777647076544,1
1402,0.0,0.0030819943081306,0.0,0.0,0.0,0.0,0.0,0.0,0.006715303039533,0.000137486,1.40772824483474e-06,0.0,0.0,0.00342,0.0003232350029003857,2.20570216074462e-08,0.013679448135830427,0
1403,0.003,0.0682867417732043,18.2641239916218,0.0,0.0,0.09391959,0.0,0.0,3.485308780588732,0.013059345,0.0134399027341534,0.0,0.0,0.0,3.904457456729893,0.0002104369109444,25.84580624535873,0
1404,0.0002475,0.004594528610735,0.0,0.0,0.0,0.0,0.0,0.0,1.1888415617508925,0.004551454,0.0146085495208629,0.0,0.0,0.0,7.123006108928746,0.0007708320884262,8.336620534899662,0
1405,0.0,0.0040681536953845,0.0,0.0,0.0,0.0,0.0,0.0,0.3844889322723874,0.000246287,0.0001625994459106,0.0,0.0,0.0,0.7788352818320275,2.54588529779625e-06,1.1678038001310078,0
1406,0.0002475,0.083458676554301,0.0882140840491634,0.0,0.0,0.0,0.0,0.0,2.2686020287023787,0.002221133,0.0132244724772678,0.0,0.0,0.0,2.847531158770569,0.0002070637161883,5.3037061172698685,0
1407,0.0152375,0.0193815999203509,0.0882140840491634,0.0,0.0,1.35622094,0.0,0.0,4.217349040998084,0.148205882,0.0604795657205062,0.085249953,0.0,0.0,6.936512643814765,0.0031881441929673,12.930039353695836,0
1408,0.0032425,0.0030798816490334,0.13203308823994,0.0,0.0,0.069127152,0.0,0.0,4.464279118927881,0.083339772,0.0652795363519863,0.07042322,0.0,0.0,7.502355767034487,0.0037747798764293,12.396934816079758,0
1409,0.0048032245035557,0.0048911822390577,0.0882140840491634,0.0,0.0,0.597798869,0.0,0.0,4.531922811395592,0.023974396,0.0777594435931172,0.086887685,0.0,0.0,5.615731665869492,0.0035080797118766,11.035491441361854,0
1410,0.0077782245035557,0.0773432447233258,0.0,0.0,0.0,0.002625082,0.0,0.0,2.8899068519295046,0.240331166,0.0191998620250237,0.240411938,0.0,0.0,5.006062519072444,0.0022170782936262,8.48587596654748,0
1411,0.0,0.0968388169558625,0.0,0.0,0.0,0.0,0.0,0.0,2.1798686268089122,0.091465806,0.0009599954930224,0.0,0.0,0.0,0.3725522223607569,0.1193752123027956,2.86106067992135,0
1412,0.0,0.0057228525719408,51.7218189325316,0.0,0.0,0.0,0.0,0.0,0.3336871316174933,0.0,0.0005357020998499,0.0,0.0,0.0,0.10190105422008186,8.38784091056574e-06,52.163674060881874,1
1413,0.0037375,0.07673058665589,43.1026687872544,0.0,0.0,0.0,0.0,0.0,5.384855459635561,0.0,0.0149282336714533,1.8e-05,0.0,0.0,11.8581596967826,0.0005279811198172,60.44162624511972,1
1414,0.00075,0.0284381028704724,395.743956550794,0.0,0.0,0.0,0.0,0.0,6.358076967328695,0.0,0.0,0.000596877,0.0,0.0,0.17010685006398238,0.0,402.3019253480572,1
1415,0.00474,0.0153133054373866,33.3503935789413,0.0,0.0,0.0,0.0,0.0,4.570219687570379,0.0,0.0134662190519731,2.051e-05,0.0,0.0,9.470048269628133,0.0002108489564597,47.424412419585636,1
1416,0.0030457245035557,0.0049154583770273,0.0,0.0,0.0,0.180115825,0.0,0.0,1.220762482073419,0.0,0.002020547884699,0.0,0.0,0.0,1.2231515463841796,3.16369596565542e-05,2.6340432211825373,0
1417,0.00549,0.0211926412884001,0.0,0.0,0.0,0.990910987,0.0,0.0,3.649606995825631,0.404144198,0.0345592705573318,0.0,0.0,0.0,11.02700179916409,0.0035107416290112,16.136416633464464,0
1418,0.006975,0.102692017303772,0.0,0.0,0.0,0.0,0.0,0.0,3.0799383557278492,0.061805675,0.0277395447424944,0.0,0.0,0.0,1.8157965708018284,0.0007656376620116,5.095712801237956,0
1419,0.0,0.003207289249803,0.0,0.0,0.0,0.0,0.0,0.0,0.1352730939506538,0.002210351,3.54802186756407e-05,0.0,0.0,0.0,0.2834309247545324,5.55509289457933e-07,0.42415769468295433,0
1420,0.00075,0.0054278494941404,0.0,0.0,0.0,0.008458597,0.0,0.0,1.646617957461427,0.024085929,0.018459034785731,0.0,0.0,0.0,2.9587561493421637,0.0012132900914367,4.663768807174899,0
1421,0.00375,0.0061926450484239,0.0,0.0,0.0,0.013125409,0.0,0.0,2.3627154835332607,0.027732541,0.0244716266274911,0.0,0.0,0.0,2.310107473210277,14.40432330430791,19.152418482727363,0
1422,0.0039975,0.0032632552742305,0.0,0.0,0.0,0.0,0.0,0.0,1.0249516803000263,0.011291649,0.0013930496027478,0.0,0.0,0.0,1.6583737001462986,2.18118113130213e-05,2.7032926461346163,0
1423,0.0015,0.0067006293919599,0.0,0.0,0.0,0.352927652,0.0,0.0,4.312086316499789,0.050174729,0.0275056636785164,0.052348462,0.0,0.00042,14.117012665351696,0.0014145257399733,18.922090643661935,0
1424,0.0127475,0.0103249803203406,0.0,0.0,0.0,0.61222739,0.0,0.0,7.995485683594732,0.481905515,0.0268794296185326,0.0,0.0,0.00254,8.2227542232776,0.0033346429303277,17.368199364741532,0
1425,0.0035,0.0773422078354253,0.0,0.0,0.0,0.0,0.0,0.0,1.766666921727141,0.007060741,0.0326393069058159,0.0,0.0,0.0,2.766721031784371,0.0016752836021242,4.655605492854877,0
1426,0.01475,0.0139475426170929,0.0,0.0,0.0,0.535189354,0.0,0.0,5.902139880359395,0.714786378,0.0575987797064648,0.0,0.0,0.0,9.233895684994385,0.0154203648768951,16.487727984554233,0
1427,0.0104975,0.0030798816490334,0.0,0.0,0.0,1.009151102,0.0,0.0,5.29278079974989,0.070219622,0.0124869732168841,0.0,0.0,0.0,10.154396224227249,0.0027613011921439,16.5553734040352,0
1428,0.011745,0.0099800336380537,0.0,0.0,0.0,0.478348223,0.0,0.0,6.169505260301571,0.077809882,0.0084142650646675,0.304954075,0.0,0.0,11.107992833817937,0.0007480061065551,18.169497578928784,0
1429,0.003,0.0031820669516242,0.0,0.0,0.0,0.413459798,0.0,0.0,0.2169023705035131,0.00355953,5.74298454834524e-05,0.0,0.0,0.0,1.9503843136901855,8.99166811288088e-07,2.5905464081576177,0
1430,0.0054975,0.0239322805768085,0.0,0.0,0.0,1.972746148,0.0,0.0,5.4682562144072255,0.014209879,0.0032747790817887,0.0,0.0,0.0,5.0866940310029065,0.0002447553121971,12.574855587380927,0
1431,0.0,0.0030802315986998,0.0,0.0,0.0,0.0,0.0,0.0,0.0107779276802833,0.022491754,6.28489158628405e-05,0.0,0.0,0.0,0.0024757150520766263,9.84051491707229e-07,0.03888946129841427,0
1432,0.0,0.0031479403786001,0.0,0.0,0.0,0.0,0.0,0.0,0.22754353161853008,0.047653719,0.001858180782285,0.177041969,0.0,0.0,0.0648728137505807,0.0002917408696581,0.522409895399654,0
1433,0.014995,0.0193813666205733,0.0,0.0,0.0,0.217298431,0.0,0.0,4.2126915606014865,0.055341045,0.047998981949782,0.071119517,0.0,0.0,20.52560041288492,0.0031011540202758,25.167527469077037,0
1434,0.0076039490071114,0.0592294481960588,0.0,0.0,0.0,0.0,0.0,0.0,3.6837030205558863,0.017341364,0.0595187433579807,0.0,0.0,0.0,5.055873715299278,0.0022862564309805,8.885556496847295,0
1435,0.0061014490071114,0.0320603022564595,0.0,0.0,0.0,0.764054044,0.0,0.0,4.089396705600864,0.099614881,0.0604787183501064,0.0,0.0,0.0,22.330702299119324,0.0023501963375699,27.384758595671435,0
1436,0.0037475,0.0320603022564595,0.0091864651761457,0.0,0.0,0.266591632,0.0,0.0,4.486683168889533,0.007779366,0.0614387001758644,0.0,0.0,0.0,21.32762934983098,0.0015285620046319,26.196645046333614,0
1437,0.00375,0.120812825785466,0.0,0.0,0.0,0.0,0.0,0.0,3.3264707876517097,0.0,0.0278394114442906,0.311787828,0.0,0.0,10.015448639831744,0.0004755709838296,13.806585063697039,0
1438,0.0,0.0039020819097064,0.0,0.0,0.0,0.0,0.0,0.0,2.17325882215885,0.008676161,0.0213527705328985,0.383478017,0.0,0.0,3.4425717115870182,0.0012700584546932,6.034509622643166,0
1439,0.00225,0.003272677993026,0.0,0.0,0.0,0.056001743,0.0,0.0,1.2132268752192583,0.004201276,0.0050068246798837,0.282141294,0.0,0.0,1.2988727304184071,7.8394922759714e-05,2.865051816233335,0
1440,0.0,0.006702430984687,0.0882140840491634,0.0,0.0,0.0,0.0,0.0,3.4572645642893916,0.64509334,0.0172796318618498,0.649217412,0.0,0.0,6.534854490309672,0.0194903524216128,11.418116305916376,0
1441,0.0,0.0467437258964996,0.0,0.0,0.0,0.0,0.0,0.0,1.9837298040367046,0.0,0.0,0.0,0.0,0.0,1.0187384754530433,0.0,3.0492120053862473,0
1442,0.0,0.0833022054269352,0.0,0.0,0.0,0.0,0.0,0.0,2.580006195489645,0.01621076,0.0393597195430699,0.0,0.0,0.0,2.0331534085504246,0.0035165572943239,4.755548846304398,0
1443,0.0,0.0031063493007282,0.0,0.0,0.0,0.0,0.0,0.0,0.033074404183144,0.013472568,6.69695961134975e-07,0.0,0.0,0.0,0.003125154524712439,1.05201032275147e-08,0.052779156224649,0
1444,0.0644975,0.0759204523072935,0.0,0.0,0.0,0.382491243,0.0,0.0,2.5274654661180884,0.70671752,0.0018487845379324,0.20653048400000001,0.0,0.0,1.6098222042097186,0.0012030202205523,5.576496674393585,0
1445,0.0160282245035557,0.0103249803203406,0.0,0.0,0.0,0.319384942,0.0,0.0,4.246906299422652,1.114122016,0.040319147844615,0.0,0.0,0.0,6.655926536867758,0.0303614038984344,12.433373550857356,0
1446,0.0157982245035557,0.0030798816490334,0.0,0.0,0.0,0.86435042,0.0,0.0,3.7127399949818565,0.588701572,0.0483584651746341,0.0,0.0,0.0,12.191080688585064,0.0168964914313998,17.441005738325543,0
1447,0.0,0.0030798816490334,0.0,0.0,0.0,0.0,0.0,0.0,0.1976566349059263,0.059116449,0.0004876411641901,0.0,0.0,0.0,0.34979736176925214,7.63529044189433e-06,0.6101456037788439,0
1448,0.0108564490071114,0.0266264652918804,0.0,0.0,0.0,0.800030932,0.0,0.0,3.4858515252258497,0.017954398,0.0575987797064648,0.0,0.0,0.0,8.381551283535375,0.0016532867175346,12.782123119484215,0
1449,0.00423,0.0682853030912425,0.0,0.0,0.0,0.078752451,0.0,0.0,2.021847219262276,0.001981505,0.0211193814904429,0.0,0.0,0.06877,3.481263691895222,0.0003306792993093,5.746580231038492,0
1450,0.0,0.0954549674747919,0.0,0.0,0.0,0.0,0.0,0.0,1.0493142259342507,0.0,0.0105597795824408,0.0,0.0,0.0,3.21767997308123,0.000240673481577,4.373249619554291,0
1451,0.0,0.128868108660161,0.0,0.0,0.0,0.0,0.0,0.0,0.8825398623881864,0.0,0.0,0.0,0.0,0.0,0.3331761390298565,0.0,1.3445841100782039,0
1452,0.0,0.0030801068759882,0.0,0.0,0.0,0.0,0.0,0.0,0.006843365333081,0.0,0.0,0.0,0.0,0.0,0.00030312790788712105,0.0,0.01022660011695632,0
1453,0.0,0.0062900513647478,0.0,0.0,0.0,0.0,0.0,0.0,0.6470681472199026,0.0,0.0004853792319132,0.0,0.0,0.0,0.02664199575920709,7.59983645902621e-06,0.6804931734122297,0
1454,0.0,0.0032038156820221,0.0,0.0,0.0,0.0,0.0,0.0,0.0405568264679782,0.0,1.87378196472664e-05,0.0,0.0,0.0,0.001465215788966231,2.93414971927345e-07,0.045244889173585726,0
1455,0.0,0.0370032529472016,0.0,0.0,0.0,0.32430779,0.0,0.0,1.9396507925784188,0.509999990463257,0.0051291945327005,0.0,0.0,0.0,5.59185304656556,0.0001765374590666,8.408120604546204,0
1456,0.0,0.0229025731250552,0.0,0.0,0.0,0.0,0.0,0.0,1.947041947068198,0.0,0.0084632143725206,0.0,0.0,0.0,0.687153431595171,0.0003479600982633,2.665909126259208,0
1457,0.0015,0.016204212482564,0.0,0.0,0.0,0.207381455,0.0,0.0,2.1734633468406708,0.0,0.0056033802749776,0.0,0.0,0.0,1.4199638579792642,8.77355833687631e-05,3.8242039881608454,0
1458,0.00825,0.0374758899939905,0.0,0.0,0.0,1.502386127,0.0,0.0,6.369894307470482,0.257290277,0.0172704816282583,0.005993456,0.0,0.0,11.037931801968607,0.0027453258274304,19.23923766688877,0
1459,0.0,0.0030798816490334,0.0,0.0,0.0,0.0,0.0,0.0,0.0010150295043881913,6.82e-05,0.0,0.0,0.0,0.0,0.00016857744384383944,1.8985788525102798e-11,0.0043316886162512195,0
1460,0.0202425,0.0175700919527465,0.0,0.0,0.0,2.70610701,0.0,0.0,6.58660943952958,0.085802614,0.0009599818257579,0.0,0.0,0.0,9.455207522816925,4.05560610838767e-05,18.872539716186093,0
1461,0.0103564490071114,0.0030798816490334,0.0,0.0,0.0,1.084087469,0.0,0.0,7.598116975375535,0.045674249,0.0105596907452215,0.030311179,0.0,0.0,15.824232956068892,0.0005743460214865,24.60699319586728,0
1462,0.001245,0.0031426263281103,0.0,0.0,0.0,0.071168882,0.0,0.0,0.8646357901409136,0.018744172,0.0010973515013777,0.016170489,0.0,0.0,1.1469427732187705,1.7181961020021e-05,2.123164266150192,0
1463,0.00975,0.0041469300263022,0.0,0.0,0.0,0.42234648,0.0,0.0,5.2239703653844245,1.081967715,0.0197896181560224,0.0,0.0,0.0,5.285159043840501,0.0043768727703452,12.051507025177596,0
1464,0.0065,0.0109916733181415,0.0,0.0,0.0,0.941648934,0.0,0.0,2.636176599477032,0.029159505,0.0130731143564191,0.0,0.0,0.0,4.727664552437172,0.0002046938198993,8.365419072408665,0
1465,0.0,0.0105667436954326,0.0,0.0,0.0,0.215432654,0.0,0.0,1.4859509811028748,0.028365675,0.0123709928102271,0.0,0.0,0.0,2.0347085899182686,0.000577531153498,3.7879731676803012,0
1466,0.0121039490071114,0.0121362679492662,0.0,0.0,0.0,0.010500327,0.0,0.0,4.703230365824236,0.081824754,0.0143996932182081,0.000291697,0.0,0.0,7.593020295694003,0.000380512792556,12.427887862485381,0
1467,0.00899,0.0248150221297698,0.0,0.0,0.0,0.075213258,0.0,0.0,4.200642331746603,0.003250084,0.0422387698145181,0.0,0.0,0.0,4.238763536359372,0.0009506369686067,8.594863639018868,0
1468,0.0184046735106672,0.0160502565317387,0.0,0.0,0.0,0.364886358,0.0,0.0,2.8473152483025816,0.012392501,0.046045526666577,0.176349022,0.0,0.0,7.490318402111617,0.002249417042368,10.97401140516555,0
1469,0.0,0.0031019176151012,0.0,0.0,0.0,0.0,0.0,0.0,0.0733972608335812,0.000510715,7.82040875431496e-05,0.0,0.0,0.0,0.013457595775908479,1.22448586477041e-06,0.0905469177979988,0
1470,0.0221496735106672,0.0050494372548661,0.0,0.0,0.0,0.016917193,0.0,0.0,2.0908532396428368,0.013465748,0.020877347903183,0.0,0.0,0.0,4.965546755181255,0.0010078436603139,7.135867238153122,0
1471,0.0161039490071114,0.0047395114614174,0.0,0.0,0.0,0.09596132,0.0,0.0,1.687997680611198,0.012360963,0.0175921065304095,0.0,0.0,0.0,4.861895801279835,0.0002754505252185,6.69692678241519,0
1472,0.0025,0.0080373593510406,0.0,0.0,0.0,0.0,0.0,0.0,1.869601848740298,0.001870225,0.0140757380474575,0.289872897,0.0,0.0,5.455523075669429,0.0072386241472196,7.648719767955445,0
1473,0.0033032245035557,0.0044423523502431,0.0,0.0,0.0,0.0,0.0,0.0,0.4344349186485622,0.000980454,0.0038684372168058,0.0,0.0,0.0,0.5919898305886846,6.05705685704563e-05,1.039079787876422,0
1474,0.004245,0.0057756346570548,0.0,0.0,0.0,0.0,0.0,0.0,1.519244042501661,0.001379126,0.0076540303097664,0.194045335,0.0,0.0,3.3718464826731087,0.0001198438911579,5.104309495032749,0
1475,0.011,0.0193813666205733,0.0273006440357672,0.0,0.0,0.634942459,0.0,0.0,5.130086839101757,0.041239983,0.0575987797064648,0.653750042,0.0,0.0,11.525052011674397,0.0029144343302817,18.10326655946924,0
1476,0.00075,0.0900211434713116,0.0,0.0,0.0,0.0,0.0,0.0,2.957472217897349,0.010334052,0.0364792273752154,0.260671063,0.0,0.0,3.0859194394107674,0.0007673516552759,6.44241449480992,0
1477,0.0,0.019909600825626,0.0,0.0,0.0,0.0,0.0,0.0,1.143862080449497,0.078218106,0.008590155925317,0.0,0.0,0.0,1.7308181718142057,0.0001345013982845,2.98153261641293,0
1478,0.0002475,0.0191679978646983,0.0,0.0,0.0,0.106461647,0.0,0.0,1.3235836583172351,0.076475328,0.0082116273673661,0.0,0.0,0.0,0.8190782808835382,0.0004421168018859,2.3536681562347233,0
1479,0.0,0.073719645538673,0.0,0.0,0.0,0.0,0.0,0.0,2.029328236996452,0.012185408,0.0345592705573318,0.0,0.0,0.0,19.7412501964807,0.0005411159096326,21.89158387348279,0
1480,0.0,0.125774379668857,0.0,0.0,0.0,0.0,0.0,0.0,2.5299115259157374,5.437624623,0.0191995955133657,0.0,0.0,0.0,20.20471914309935,0.0982095125835526,28.41543877978086,1
1481,0.0,0.0048911563168602,0.0,0.0,0.0,0.0,0.0,0.0,4.05833369394739,0.158810093,0.0719986232645826,0.0,0.0,0.0,10.150948137200645,0.045208564477888,14.490190268207366,0
1482,0.0,0.0379721834264488,0.0,0.0,0.0,0.0,0.0,0.0,2.977758810458581,0.367054513,0.0291620131321063,0.002088143,0.0,0.0,13.595420594578819,0.0090771216430203,17.018533379238978,0
1483,0.0,0.0039928873675895,0.0,0.0,0.0,0.0,0.0,0.0,0.4324318906329804,0.059374551,0.0007630570450229,0.0,0.0,0.0,5.713324806831183,1.19477095502786e-05,6.209899140586327,0
1484,0.0,0.0034847993352634,0.0,0.0,0.0,0.0,0.0,0.0,0.1676875479083384,0.000885018,0.0004292067747649,0.000696135,0.0,0.0,0.008419428735064006,6.72036715665085e-06,0.18160885612058736,0
1485,0.0,0.0051804221188922,0.0,0.0,0.0,0.0,0.0,0.0,0.6687062481538381,0.002015753,0.0022265887308641,0.0,0.0,0.0,0.01291992748136159,3.48630470367435e-05,0.6910838025319926,0
1486,0.0105457245035557,0.0297251788602196,0.0,0.0,0.0,0.106461647,0.0,0.0,2.333020697724798,0.007179291,0.028244119647416,0.000823883,0.0,0.0,1.7295670210741843,0.0004422356810778,4.246009798491251,0
1487,0.0032475,0.117191870664959,0.0,0.0,0.0,0.415929613,0.0,0.0,2.0740430665592497,0.034706247,0.0220798416704589,0.001020689,0.0,0.0,3.6076399218368422,0.000887062670943,6.276745812402453,0
1488,0.00125,0.0519844402524429,0.0,0.0,0.0,0.212923294,0.0,0.0,3.7633877971281735,0.084475253,0.0499190412721495,0.005360689,0.0,0.0,5.4498824886808634,0.0019039543059951,9.621086957639625,0
1489,0.0146014490071114,0.0030798816490334,0.0,0.0,0.0,0.861750661,0.0,0.0,7.852542508893662,0.09016386,0.0451196788339402,0.0,0.0,0.0,6.992986416167894,0.0033985177680108,15.863642973319653,0
1490,0.00375,0.064664127632057,0.0,0.0,0.0,0.627686205,0.0,0.0,4.363612468122665,0.0,0.0566395974156808,0.0,0.0,0.0,2.7165927065898123,0.0015115494927901,7.834456654253005,0
1491,0.002745,0.0592302258619841,0.0,0.0,0.0,1.327636717,0.0,0.0,3.350915360617193,0.007388181,0.0460796674933304,0.0,0.0,0.0,2.672477567561939,0.0024449673264878,7.468917686860935,0
1492,0.017745,0.0030798816490334,0.0,0.0,0.0,1.933281221,0.0,0.0,11.991392009676082,0.050676469,0.0143998982271758,0.450199484,0.0,0.0,15.587763081355366,0.0011023230858093,30.049639367993464,1
1493,0.0145432245035557,0.0157196488444797,0.0,0.0,0.0,1.557096838,0.0,0.0,5.781922339101348,0.178544723,0.0047850664795287,0.010302861,0.0,0.0,14.932341199759636,0.0006030009088927,22.49585890159744,0
1494,0.0,0.003079907571231,0.0,0.0,0.0,0.0,0.0,0.0,0.022229026244680903,0.00027731,1.36672645129587e-08,0.0,0.0,0.0,0.004165123121402134,1.80738549552352e-10,0.029751380785317097,0
1495,0.0089975,0.0039257099927382,0.0,0.0,0.0,0.510396916,0.0,0.0,3.548290717252891,0.072484559,0.0013448656617073,0.080523759,0.0,0.0,4.753613022274646,0.0001527081953266,8.979729757377308,0
1496,0.003495,0.0032614925647997,0.0,0.0,0.0,0.398472948,0.0,0.0,2.0876481418561803,0.033587167,0.0002887619646297,0.0,0.0,0.0,3.608612913826742,4.52127841259445e-06,6.135370946490765,0
1497,0.00624,0.0231357303305733,0.0,0.0,0.0,0.624341362,0.0,0.0,3.521282305090058,0.059636637,0.0199305754885768,0.070398525,0.0,0.0,9.969320410110463,0.0010369937516167,14.295322538771288,0
1498,0.0015,0.0038988675572149,0.0,0.0,0.0,0.212923294,0.0,0.0,0.694332643922341,0.012051162,0.0008138651008499,0.0,0.0,0.0,1.4439859280225877,1.27431733888247e-05,2.369518503776382,0
1499,0.005495,0.0149131185522025,0.0,0.0,0.0,1.344807198,0.0,0.0,3.828261464334952,0.0,0.0716758776467413,0.0,0.0,0.0,6.6843471423704734,0.0017444532707637,11.951244254175133,0
1500,0.0009975,0.0030944758462325,0.0,0.0,0.0,0.0,0.0,0.0,0.1842061257812356,0.0,8.84135341343297e-05,0.0,0.0,0.0,0.7114234614852785,1.38439206812113e-06,0.899811361038949,0
1501,0.0,0.0030798816490334,0.0,0.0,0.0,0.0,0.0,0.0,0.0002786517292954663,4.69e-05,0.0,0.0,0.0,0.0,1.3100346759067215e-05,2.09590159551838e-12,0.003418533727183835,0
1502,0.01625,0.0416372461356803,0.0,0.0,0.0,0.049876553,0.0,0.0,4.612755941043342,0.793696264,0.0383947354985001,0.21545242,0.0,0.0,5.89663392112518,0.0107359549356646,11.675433035738367,0
1503,0.0057475,0.0696692821833006,0.0,0.0,0.0,0.106461647,0.0,0.0,2.9903349977212583,0.052741145,0.0431996878478952,0.005080259,0.0,0.0,4.856166524044325,0.0052107136645597,8.13461175646134,0
1504,0.0012475,0.0545648394815376,0.0,0.0,0.0,0.044043038,0.0,0.0,1.0185397405892733,0.009938633,0.0118415844856854,0.233768985,0.0,0.0,0.2087670786880018,0.0003232837141272,1.5830346829586253,0
1505,0.0,0.0099576238983049,0.0,0.0,0.0,0.0,0.0,0.0,0.8541818758303574,0.003632533,0.0015818901965233,0.08628394,0.0,0.0,0.5430113269102909,2.47685929083496e-05,1.4986739584283848,0
1506,0.010245,0.0266268022804481,0.0,0.0,0.0,0.508646862,0.0,0.0,4.154411977647063,0.036989764,0.049919642631788,0.00187834,0.0,0.0,9.225989657007013,0.0027828707337233,14.017490916300035,0
1507,0.0032475,0.0175702993303266,0.0,0.0,0.0,0.80765014,0.0,0.0,2.565450591764672,0.0,0.0777594435931172,0.162142668,0.0,0.0,4.669344200847317,0.0018995294824497,8.305064373017883,0
1508,0.001245,0.0211929005103752,0.0,0.0,0.0,0.096252996,0.0,0.0,1.891323469379473,0.027610699,0.0575995860750711,0.0,0.0,0.0,11.402061874413775,0.001139183773118,13.498425709151812,0
1509,0.0027475,0.0149435771342787,0.0339541041914389,0.0,0.0,0.0,0.0,0.0,1.2678171213627114,30.051908761,0.005065156564825,0.0,0.0,0.0,10.64171547558352,7.93082652171265e-05,42.01823100410199,1
1510,0.001995,0.0245231641079867,0.0556342788957448,0.0,0.0,0.017208869,0.0,0.0,2.159309971527085,0.069787318,0.0091551196384892,0.0,0.0,0.0,1.7025366943350415,0.0006073202936056,4.0407577357979525,0
1511,0.0005,0.0270376261832356,0.0,0.0,0.0,0.384875575,0.0,0.0,0.39754533377967316,0.0,0.0053796198203714,0.0,0.0,0.0,4.787006086918039,8.4232066273503e-05,5.602428473767593,0
1512,0.0016039490071114,0.042018170925439,0.0,0.0,0.0,0.093336239,0.0,0.0,1.839642287988031,0.0,0.0087434479640943,0.0,0.0,0.0,3.566274113547387,0.0010470439625653,5.552665252394628,0
1513,0.0,0.235504292619719,0.0,0.0,0.0,0.0,0.0,0.0,1.5077102680000112,0.0,0.0086399389363055,0.0,0.0,0.0,1.871446812299216,0.0002321348119626,3.6235334466672144,0
1514,0.0,0.205237228561743,0.0,0.0,0.0,0.0,0.0,0.0,1.1194471159471233,0.228053943,0.0297597851137419,0.0,0.0,0.0,2.1759616821717263,0.002243275540633,3.760703030334968,0
1515,0.0,0.364115932898889,0.0,0.0,0.0,0.0,0.0,0.0,1.416959405320462,0.0,0.0038399751384576,0.0,0.0,0.0,30.323218610042186,6.0124831698407e-05,32.108194048231695,1
1516,0.0,0.0030798816490334,0.0,0.0,0.0,0.0,0.0,0.0,1.3870586108296235,0.004966113,0.0327003175746017,0.0,0.0,0.09679,2.4616765661912927,0.0024808776800519,3.988752366924603,0
1517,0.0,0.0030798816490334,0.0,0.0,0.0,0.0,0.0,0.0,0.0402518046825183,0.000209632,5.82703822509993e-05,0.0,0.0,0.06704,0.003663607874480144,9.12349511736683e-07,0.11430410893779457,0
1518,0.0,0.019774139757269,0.0,0.0,0.0,0.0,0.0,0.0,2.6002458205481966,0.058643403,0.062820713462518,0.0,0.0,0.0,4.168855604385998,0.0038950040524575,6.914234685206439,0
1519,0.00225,0.0031088108214564,0.0,0.0,0.0,0.0,0.0,0.0,0.17244624233349298,0.002440951,0.0001088392609489,0.0,0.0,0.05165,0.0736493323064681,1.70415880849849e-06,0.3056558798811749,0
1520,0.0,0.167906343020826,0.0,0.0,0.0,0.0,0.0,0.0,0.9666616185899699,0.0,0.0019199636515159,0.0,0.0,0.0,2.701280845623293,3.00620551038208e-05,3.8377988329407087,0
1521,0.0097907245035557,0.012136384599155,0.0,0.0,0.0,1.901282737,0.0,0.0,7.455565431427549,0.092297021,0.0230398371634813,0.0,0.0,0.0,11.097164474907245,0.0098344107342622,20.60111102133525,0
1522,0.0101546735106672,0.0103250840091307,0.0,0.0,0.0,1.041544045,0.0,0.0,4.1959685514337695,0.115170424,0.049919642631788,0.337749517,0.0,0.0,7.0410836751262185,0.0064711163721752,12.808386729083749,0
1523,0.005245,0.026394228324374,0.0,0.0,0.0,1.046791292,0.0,0.0,2.9587901934551644,0.080830382,0.0138103676060416,0.14356819199999998,0.0,0.0,24.619037505733715,0.0013115490883154,28.895778710207612,1
1524,0.003,0.003599090304092,0.0,0.0,0.0,0.0,0.0,0.0,0.5641595280753852,0.01206239,0.0003075544533351,0.04956618,0.0,0.0,0.25197920916531275,4.815594598123e-06,0.8846787675927231,0
1525,0.0045,0.0193815999203509,0.0,0.0,0.0,0.169755284,0.0,0.0,3.420399600817238,0.014912837,0.0681595159974215,0.005564362,0.0,0.0,6.620304467444611,0.0011348323275391,10.32411249950716,0
1526,0.0149925,0.0519850235018869,0.0,0.0,0.0,0.949017153,0.0,0.0,4.536969532879826,0.219432298,0.0316797760997868,0.0,0.0,0.0,9.693683650198485,0.0217472279641041,15.51950716164409,0
1527,0.0109071735106672,0.182644101121596,0.0,0.0,0.0,0.0,0.0,0.0,3.363992757864696,0.000569941,0.007679943443283,0.01759016,0.0,0.0,13.168201024217247,0.0001442035573523,16.75172930471484,0
1528,0.0097375,0.0053656362201125,0.0,0.0,0.0,0.297800936,0.0,0.0,3.0211919466201724,0.010792057,0.0266520131706692,0.0,0.0,0.0,4.0492756517704915,0.0005486995309368,7.421364440312382,0
1529,0.00249,0.0037509554982137,0.0,0.0,0.0,0.366017422,0.0,0.0,1.403299701827247,0.005847537,0.0078246866081075,0.0,0.0,0.0,1.8410859545287315,0.0001225159682401,3.63043877343054,0
1530,0.0225407245035557,0.0048911822390577,0.0,0.0,0.0,1.446420023,0.0,0.0,5.780639898565141,0.037140051,0.0047999637978478,0.352871279,0.0,0.0,11.796216218315129,0.0004156949768756,19.445935035397607,0
1531,0.0176571735106672,0.0086451830382926,0.0,0.0,0.0,0.796148258,0.0,0.0,3.9748754787078218,0.013630326,0.0169603235610335,0.324280807,0.0,0.0,8.10582803215972,0.0042161158159146,13.26224169779345,0
1532,0.0,0.0031904916658154,0.0,0.0,0.0,0.0,0.0,0.0,0.5403908483624378,0.001921605,0.0003370962455798,0.001057813,0.0,0.0,0.4263940735744946,5.27811012960116e-06,0.9732972059584571,0
1533,0.00525,0.0284381028704724,0.0,0.0,0.0,0.839115481,0.0,0.0,5.114699593058739,0.032837596,0.049919642631788,0.000443479,0.0,0.0,9.680270447507022,0.0017767652545946,15.752751107322615,0
1534,0.0045,0.0030798816490334,0.0,0.0,0.0,0.116961974,0.0,0.0,3.1324322923810306,0.040756742,0.0950381802491414,0.0,0.0,0.0,5.528141100917814,0.0114862657815574,8.932396436978577,0
1535,0.0167375,0.0175702993303266,0.0,0.0,0.0,0.78217786,0.0,0.0,5.181526239640295,0.020709103,0.0470396629863529,0.342797929,0.0,0.0,13.132078999137955,0.0016269545560322,19.542264547650962,0
1536,0.0037475,0.0085137834191063,0.0,0.0,0.0,0.634978098,0.0,0.0,3.290548446684941,0.029169651,0.0911993463272706,0.343209246,0.0,0.0,7.456125310419662,0.0025504881625528,11.860041870013532,0
1537,0.00075,0.0479336751030091,0.0375835284633181,0.0,0.0,0.0,0.0,0.0,1.8451418502157961,0.0,0.0297597851137419,0.322598467,0.0,0.0,0.481561443763679,0.000689819085155,2.766018568744699,0
1538,0.0111496735106672,0.0103250840091307,0.0,0.0,0.0,0.072335585,0.0,0.0,4.553868143507658,1.756395244,0.0739194684546596,0.261880789,0.0,0.0,5.173274818388083,0.110529156505089,12.023677962375286,0
1539,0.0059775,0.257196380075281,0.0,0.0,0.0,0.0,0.0,0.0,0.9549319336107742,0.0,0.0057599592908703,0.26181387,0.0,0.0,0.7109757080377067,9.01872475476105e-05,2.1967455382621797,0
1540,0.0,0.0799837417076878,0.0,0.0,0.0,0.0,0.0,0.0,1.6957287639521414,0.019574284,0.0294661234347842,0.266119786,0.0,0.0,9.862491808863115,0.0006695102233437,11.954034018181073,0
1541,0.0,0.0131982471000711,0.0,0.0,0.0,0.0,0.0,0.0,0.23608401804470588,0.007100156,0.0038769040871716,0.0,0.0,0.0,0.009084789824583023,6.07030937893822e-05,0.26940481815032097,0
1542,0.0,0.0043143744611284,0.0,0.0,0.0,0.0,0.0,0.0,1.816218392588352,0.009588828,0.0291156127690849,0.18570406899999997,0.0,0.0,1.0253189672377485,0.0009710491578734,3.071231293214187,0
1543,0.0,0.0037074969340855,0.0,0.0,0.0,0.0,0.0,0.0,1.8600375640784466,0.006837043,0.0148024060007147,0.069042899,0.0,0.0,0.9980195539055214,0.000231770451246,2.952678733370014,0
1544,0.0035482245035557,0.0266262838364978,0.0,0.0,0.0,0.310110729,0.0,0.0,3.4042695264659697,0.036640299,0.0691179875904508,0.0,0.0,0.0,12.167233723564149,0.003036134855007,16.02058290881563,0
1545,0.0,0.0030798816490334,0.0,0.0,0.0,0.0,0.0,0.0,0.0009135681374693469,5.68e-06,6.833632256479341e-09,0.0,0.0,0.0,4.2714219166181824e-05,1.20150965841133e-10,0.004041850959452151,0
1546,0.001995,0.0193714902633214,0.0,0.0,0.0,0.365469709,0.0,0.0,3.420076469824858,0.018725169,0.083467617618748,0.056726596,0.0,0.0,6.37880374623938,0.0023798575513063,10.347015655497614,0
1547,0.0032475,0.0161284512483002,0.0,0.0,0.0,0.0,0.0,0.0,1.6620470584065778,0.063986356,0.0177641295552019,0.0,0.0,0.0,1.2239437297226774,0.0084926077155588,2.995609832648316,0
1548,0.0074975,0.0123998211253795,0.0,0.0,0.0,0.026250817,0.0,0.0,1.6200618103693025,0.054076979,0.0126880186778697,0.0,0.0,0.0,0.9759088299493588,0.0001986641442866,2.7090824402661973,0
1549,0.0,0.0047355298636602,0.0,0.0,0.0,0.0,0.0,0.0,0.7374474662780153,0.016145965,0.0013906783323548,0.003436024,0.0,0.0,0.5544137938242683,2.17747210787015e-05,1.3175912320193772,0
1550,0.0089021735106671,0.0367734132867701,0.0,0.0,0.0,0.132712464,0.0,0.0,4.153298227182487,0.072837273,0.0283012488130802,0.006482348,0.0,0.0,7.203671616189085,0.0007814253442894,11.643760189326379,0
1551,0.0149428980142229,0.0103249284759456,0.0,0.0,0.0,0.481229341,0.0,0.0,3.7463218750803735,0.030083699,0.0470386311078821,0.0,0.0,0.0,5.588347693078419,0.0022815764273448,9.920570642184188,0
1552,0.0015,0.106279084861508,0.0,0.0,0.0,0.094312909,0.0,0.0,3.875424186757022,272.696568194,0.0009599818257579,0.0,0.0,0.0,2.59478827684804,25.582774146930728,304.95260678022305,1
1553,0.0255864490071114,0.0030798816490334,0.0,0.0,0.0,3.271853844,0.0,0.0,9.591953663432669,0.10916822600000001,0.0086398159309248,0.0,0.0,0.0,14.71020909315199,0.0002237632162706,27.720714736387997,1
1554,0.031,0.0030798816490334,0.0,0.0,0.0,1.303654174,0.0,0.0,6.1533783018389006,0.515971772,0.0182396136876077,0.412138441,0.0,0.0,10.849816980276923,0.0412595894991434,19.32853875395161,0
1555,0.0029925,0.0393054009277666,0.0,0.0,0.0,0.47513979,0.0,0.0,2.5045386942330157,0.103259853,0.0758383933940725,0.0,0.0,0.0,2.1352728481403727,0.004973425446969,5.341320905142196,0
1556,0.0,0.0032372812323239,0.0,0.0,0.0,0.0,0.0,0.0,0.1696213730008595,0.002252509,0.0002797074018899,0.0,0.0,0.0,3.056702123599651,4.3795364440134e-06,3.2320973737711682,0
1557,0.007,0.0296259875714414,0.0,0.0,0.0,0.106461647,0.0,0.0,2.459512505455569,0.029252763,0.0471741625364249,0.000392891,0.0,0.0,6.5864875887866825,0.0023913819656577,9.268298927315776,0
1558,0.0015,0.0139475426170929,0.0,0.0,0.0,0.0,0.0,0.0,2.8027800901508337,0.018896076,0.088318129794397,0.001442098,0.0,0.0,5.788142682902316,0.0043609974049029,8.719387616869543,0
1559,0.0003032245035557,0.129868201119995,0.0,0.0,0.0,0.0,0.0,0.0,1.174878081936058,0.0,0.0038398863012383,0.0,0.0,0.0,0.3201201797026758,6.0123508965337e-05,1.6290696970724883,0
1560,0.00249,0.0844474784827703,0.008798026214177,0.0,0.0,0.0,0.0,0.0,1.6815656827522532,0.069087398,0.0191995955133657,0.0,0.0,0.0,0.6530065801657793,0.0010309477780918,2.519625708906437,0
1561,0.00075,0.0030798816490334,0.0,0.0,0.0,0.0,0.0,0.0,3.7865052154096897,0.020209559,0.0931172872236386,0.175948578,0.0,0.0,3.1564790859496656,0.0034173123443932,7.239506919576421,0
1562,0.0125507245035557,0.0330140849634976,0.0,0.0,0.0,0.185214099,0.0,0.0,2.507367776815376,0.032522985,0.0719984797583052,0.0,0.0,0.0,2.707654823490705,0.0024767514552033,5.552799724986643,0
1563,0.0,0.0169745371651394,0.0,0.0,0.0,0.0,0.0,0.0,0.0689019796100529,0.0,0.0,0.0,0.0,0.0,0.004378542767120696,0.0,0.090255059542313,0
1564,0.0,0.29074310925666,0.0,0.0,0.0,0.0,0.0,0.0,0.7296318186618791,0.0,0.0,0.0,0.0,0.0,0.030242236648767747,0.0,1.050617164567307,0
1565,0.0009096735106671,0.0049580096642426,0.0,0.0,0.0,0.0,0.0,0.0,0.1631838574655457,0.000250146,0.0015642184235081,0.0,0.0,0.0,10.321837480384172,2.44918885808633e-05,10.492727877336717,0
1566,0.006495,0.0465294637357931,0.0,0.0,0.0,0.364594682,0.0,0.0,2.569676394874691,0.001203163,0.0361874176105993,0.0,0.0,0.0,6.027898382827197,0.0020033398755175,9.054587843923798,0
1567,0.0002475,0.0070284415016916,0.0,0.0,0.0,0.0,0.0,0.0,0.6530877333450547,0.099954442,0.0031391178142331,0.0,0.0,0.0,0.3838321870693077,4.91511285369789e-05,1.1473385728588241,0
1568,0.00175,0.0347325567924366,0.0,0.0,0.0,0.023042384,0.0,0.0,2.024277869270046,0.28960089299999997,0.0251639624122918,0.000189455,0.0,0.0,1.79876680835581,0.0065225037829646,4.2040464326135485,0
1569,0.0,0.0175700919527465,0.0,0.0,0.0,0.0,0.0,0.0,2.3795522648213407,0.002626276,0.0873581548022713,0.000227898,0.0,0.0,6.297679997370663,0.0060114779211354,8.791026160868157,0
1570,0.0,0.0043007393852373,0.0,0.0,0.0,0.0,0.0,0.0,0.10718981158981268,0.002626561,0.0018872510539041,0.0,0.0,0.0,0.2031473753032026,2.95498216192909e-05,0.31918128815377594,0
1571,0.003,0.0332010215190562,0.0,0.0,0.0,0.203881346,0.0,0.0,3.5226708506605187,0.013046369,0.0465624157768249,0.0,0.0,0.0,5.991620200320526,0.0032192294432715,9.817201432720196,0
1572,0.0499690205320015,0.0139475426170929,0.0076541033328285,0.0,0.0,1.265992364,0.0,0.0,6.943444464943241,0.059930813,0.0307193500879322,0.011162211,0.0,0.0,7.423207151144721,0.001178918177017,15.807205938834835,0
1573,0.0074975,0.0085136667692175,0.0027281299697939,0.0,0.0,0.289050664,0.0,0.0,3.782236038774717,0.026083847,0.0662380694477059,0.022847566,0.0,0.0,10.621141883358346,0.0023085583145288,14.828645923634308,0
1574,0.00425,0.0139475426170929,0.0,0.0,0.0,0.210881564,0.0,0.0,5.15269495014708,0.005967741,0.081598277514988,0.007420905,0.0,0.0,3.7973722392837304,0.0012794513631171,9.275412670926007,0
1575,0.0137475,0.0393054009277666,0.0,0.0,0.0,1.760646136,0.0,0.0,5.2139434738330195,0.247923817,0.0508789205934236,0.002908029,0.0,0.0,18.85372925844417,0.0155129712550477,26.19859550705343,0
1576,0.0036064490071114,0.042927963224519,0.0,0.0,0.0,1.196257106,0.0,0.0,4.508360421104677,0.123005955,0.0681585592889056,0.0,0.0,0.0,8.042840092830325,0.0064245453377934,13.99158109179333,0
1577,0.0009975,0.0338715769242863,0.0,0.0,0.0,0.106461647,0.0,0.0,1.0804026226479877,0.0,0.0307193500879322,0.0,0.0,0.0,3.2255974082403256,0.0004809919196734,4.4785310968202054,0
1578,0.0,0.0041826838776248,0.0,0.0,0.0,0.0,0.0,0.0,0.24214438209158423,0.000333086,0.0002667303342349,0.0,0.0,0.0,0.3247990639166628,4.17634226460493e-06,0.5717301225623713,0
1579,0.0056425,0.100336294011637,0.0,0.0,0.0,0.0,0.0,0.0,1.298146749630258,0.003128007,0.0235229681303822,0.0,0.0,0.0,4.951561872267345,0.0003968269732357,6.382735218012858,0
1580,0.0024975,0.148559781715732,0.0,0.0,0.0,0.0,0.0,0.0,1.6796826650845424,0.005964188,0.0431990864882567,0.0,0.0,0.0,1.6894949868019653,0.0008059515643495,3.570204159654846,0
1581,0.0,0.0175699753028577,0.0,0.0,0.0,0.0,0.0,0.0,1.7142250762207012,0.020961247,0.0412787948223924,0.0,0.0,0.0,2.8677112623541237,0.0006463277213773,4.662392683421452,0
1582,0.003495,0.0900211434713116,0.155953060581848,0.0,0.0,0.492604696,0.0,0.0,1.440572844342579,0.032350533,0.040319147844615,0.0,0.0,0.0,7.948792986914403,0.0006700668633932,10.20477947901815,0
1583,0.0002475,0.0303451074843803,0.0,0.0,0.0,0.106461647,0.0,0.0,2.8177829911936683,0.021998457,0.0854375077875297,0.00033947,0.0,0.0,8.578855946328297,0.0027882651312426,11.644256891925117,0
1584,0.003,0.301809849583128,0.0,0.0,0.0,0.0,0.0,0.0,1.0706100699906025,0.0,0.0211195523312493,0.0,0.0,0.0,5.336946247539135,0.0003306819447754,6.73381640138889,0
1585,0.0,0.0712101952931898,0.0,0.0,0.0,0.0,0.0,0.0,0.1995929648176328,0.024092034,0.0033851012409373,0.0,0.0,0.0,0.2323440853373274,0.0002930021196138,0.5309173828087012,0
1586,0.0,0.051696149817189,0.0,0.0,0.0,0.0,0.0,0.0,0.3616613590780904,0.02035141,0.0024155318291235,0.0,0.0,0.0,0.07962624221995018,3.7821492424894e-05,0.515788514436778,0
1587,0.00324,0.146461608945839,0.0,0.0,0.0,0.0,0.0,0.0,1.274599680404485,0.071602263,0.0211198461774364,0.0,0.0,0.0,4.1132903120538185,0.0014065035260698,5.631720214107649,0
1588,0.0,0.0954551489301745,0.0,0.0,0.0,0.0,0.0,0.0,0.6939765459322,0.001990595,0.0374392843709282,0.0,0.0,0.0,1.2315169892210103,0.0008145717393926,2.0611931351937054,0
1589,0.0,0.006702482829082,0.0,0.0,0.0,0.0,0.0,0.0,1.923996581908645,0.035067089,0.08447939837701,0.003692537,0.0,0.0,5.926718402184519,0.001862117002342,7.982518608301597,0
1590,0.0,0.0783757623627128,0.0,0.0,0.0,0.0,0.0,0.0,1.3912687942597382,0.201927535,0.0702044736165407,0.010594538,0.0,0.0,2.9592223764876726,0.001768938497876,4.71336241822454,0
1591,0.0,0.0030920212854434,0.0,0.0,0.0,0.0,0.0,0.0,0.0395851386707996,0.002563972,1.13164950167298e-05,0.0,0.0,0.0,0.25226300591115214,1.77225984597283e-07,0.29751563158839645,0
1592,0.0,0.0030800371822185,0.0,0.0,0.0,0.0,0.0,0.0,0.007950624199775099,2.29e-05,5.94526006313703e-07,0.0,0.0,0.0,0.0006408075937925839,9.30530512867101e-09,0.011694972807097626,0
1593,0.0074975,0.0228941224886665,0.0,0.0,0.0,1.068503248,0.0,0.0,4.554016190824391,0.008264437,0.0773298268004169,0.002732358,0.0,0.0,8.753406849285883,0.0192783828247055,14.513922915224063,0
1594,0.0005507245035557,0.0816825552533304,0.0,0.0,0.0,0.32226606,0.0,0.0,2.6620582480922854,0.01380914,0.0595188595297291,0.0,0.0,0.0,2.1648640717292853,0.0012978652042619,5.306047524312448,0
1595,0.003,0.003495410226185,0.0,0.0,0.0,0.319384942,0.0,0.0,0.30392848601126704,0.001508427,0.0009780089476505,0.0,0.0,0.0,1.0903943949074666,1.53132881543526e-05,1.7227049823807237,0
1596,0.003495,0.0316648587818305,0.0,0.0,0.0,0.026250817,0.0,0.0,2.5606481324534127,0.012510935,0.0672778065955292,0.0,0.0,0.0,6.645130747327401,0.003467024325395,9.350445321483567,0
1597,0.0051014490071114,0.0535186066288707,0.035944927576029,0.0,0.0,0.877261812,0.0,0.0,3.135914643090082,0.006975135,0.0465911375331988,0.024768917,0.0,0.0,9.882468463479016,0.0011701616929706,14.06971525300728,0
1598,0.0,0.0038196493216195,0.0005327687568449,0.0,0.0,0.0,0.0,0.0,0.18089389172744547,0.000844728,0.0006833290574866,0.0,0.0,0.0,0.06211098194365391,1.06993485150147e-05,0.2488960481555654,0
1599,0.0025,0.0030798816490334,0.0728304936100447,0.0,0.0,0.737006594,0.0,0.0,2.303212974440345,0.011693628,0.0911993463272706,0.0,0.0,0.0,3.534886479543777,0.002983296062749,6.75939269363322,0
1600,0.0067475,0.0048911822390577,0.0,0.0,0.0,0.572352781,0.0,0.0,2.8412750490694982,0.0,0.0787194390861397,0.0,0.0,0.0,7.0490728849834765,0.0030789602801098,10.556137796658282,0
1601,0.0056057245035557,0.131682288346252,0.0,0.0,0.0,0.0,0.0,0.0,1.2407532000101316,0.0,0.0182398665320012,0.0,0.0,0.0,2.3275025185968894,0.0002855929505674,3.7240691909393973,0
1602,0.0,0.158439658490968,0.0,0.0,0.0,0.0,0.0,0.0,0.6048471907899333,0.443306486,0.0036481072455924,0.0,0.0,0.0,1.061331171739921,0.001670259462269,2.273242873728684,0
1603,0.00075,0.0133042800114918,0.0,0.0,0.0,0.0,0.0,0.0,0.5624208800758453,0.113724366,0.0002400860020668,0.0,0.0,0.0,0.5372723911392361,3.75917112271187e-06,1.2277157623997628,0
1604,0.00075,0.172342850866316,0.0,0.0,0.0,0.0,0.0,0.0,0.7692773248999526,0.004040525,0.0259195024618327,0.0,0.0,0.0,3.780837928543357,0.0004460883324638,4.7536142201039215,0
1605,0.0003032245035557,0.267635436396597,0.0,0.0,0.0,0.0,0.0,0.0,0.9059229602789849,0.0,0.0124799140747631,0.0,0.0,0.0,0.6694717038618673,0.0001954057030198,1.8560086448187878,0
1606,0.0,0.23516906273386,0.0,0.0,0.0,0.0,0.0,0.0,0.9016020474567452,0.013945093,0.0076798546060636,0.0,0.0,0.0,2.309403747511447,0.0001333953847401,3.467933200692856,0
1607,0.0,0.0122533663439474,0.0,0.0,0.0,0.0,0.0,0.0,0.1386499603746729,0.011484418,0.0039163819807173,0.0,0.0,0.0,0.1308483069793997,6.132122397515e-05,0.29721375490271246,0
1608,0.0002475,0.0540822117484885,0.0,0.0,0.0,0.116378623,0.0,0.0,0.791766417160841,0.027079301,0.021774132297833,0.0,0.0,0.0,6.21453785109522,0.0011749871134672,7.2270410234158495,0
1609,0.0,0.0343966908867647,0.0,0.0,0.0,0.0,0.0,0.0,0.5395336595131632,0.0,0.0230395569845588,0.196091352,0.0,0.0,7.2848022755593895,0.0003607446612458,8.078224279605122,0
1610,0.0,0.0438957543049163,0.0,0.0,0.0,0.0,0.0,0.0,0.2078291117826805,0.0,0.0002939896933059,0.0,0.0,0.0,0.07740381939293532,4.60318943786759e-06,0.3294272783632759,0
1611,0.0,0.101841460077789,0.0,0.0,0.0,0.0,0.0,0.0,0.759085075825163,0.0,0.0007113674506349,0.0,0.0,0.0,0.5957337359985828,1.1138270471712e-05,1.4573827776226416,0
1612,0.0,0.0103250062425381,0.0,0.0,0.0,0.0,0.0,0.0,1.81056455764649,0.007220965,0.043199175325476,0.006447237,0.0,0.0,2.5282189994931143,0.0015045976936441,4.407480538401263,0
1613,0.0,0.0211929005103752,0.0,0.0,0.0,0.0,0.0,0.0,4.012260237975412,0.01698828,0.0662395250113766,0.004192303,0.0,0.0,5.8575281482941595,0.0012361131031688,9.979637507894493,0
1614,0.0,0.0939801370084682,0.0,0.0,0.0,0.0,0.0,0.0,1.187727462112834,0.0,0.0300120896502834,0.002903382,0.0,0.0,5.325145717947063,0.0006011389120448,6.640369927630693,0
1615,0.0,0.004034738755472,0.0,0.0,0.0,0.0,0.0,0.0,0.2222633553165823,0.0,0.0003152627905204,0.0,0.0,0.0,0.06306495014603887,4.93622888705973e-06,0.28968324323750066,0
1616,0.0,0.0193815999203509,0.0,0.0,0.0,0.0,0.0,0.0,3.478834935958044,0.016594065,0.0575995860750711,0.002005758,0.0,0.0,5.834026936309813,0.0015527787462474,9.409995660009526,0
1617,0.0,0.0771029709224491,0.0,0.0,0.0,0.0,0.0,0.0,0.9704821025831335,0.011750951,0.0076281308435144,0.0,0.0,0.0,1.4532210734717637,0.0002253523716475,2.520410581192508,0
1618,0.0,0.0160754375329275,0.0,0.0,0.0,0.0,0.0,0.0,0.3450244252947864,0.004923638,0.0013392005805667,0.0,0.0,0.0,0.6313593950409433,2.09686983226979e-05,0.9987430651475465,0
1619,0.0,0.0101333504752361,0.0,0.0,0.0,0.0,0.0,0.0,0.358352731006398,0.001540957,0.0037383521931715,0.0,0.0,0.0,0.037191940923272805,5.85336588189509e-05,0.4110158652568974,0
1620,0.003,0.0501492653185105,0.0,0.0,0.0,0.275925255,0.0,0.0,2.2206233855861193,0.003980687,0.0249468647491357,0.0,0.0,0.0,4.08324748367631,0.0003958527996524,6.662268794129727,0
1621,0.0064975,0.012136384599155,0.0,0.0,0.0,0.842438766,0.0,0.0,3.0466713583957516,0.025754931,0.0815994187315749,0.028815668,0.0,0.0,4.274887281783148,0.0019232892225599,8.32072459773219,0
1622,0.0032475,0.166149791646692,0.0,0.0,0.0,0.0,0.0,0.0,1.1863492104158666,0.0,0.024959821315894,0.019938495,0.0,0.0,2.1354428582641596,0.0003908114060396,3.5364784880486515,0
1623,0.0,0.0032607995733136,0.0,0.0,0.0,0.0,0.0,0.0,0.0172470365577352,0.0,1.62367102413949e-05,0.0,0.0,0.0,0.004562713376887869,2.54205751223913e-07,0.02508704042392929,0
1624,0.0015,0.0707836600528048,0.0,0.0,0.0,0.106461647,0.0,0.0,1.050966950655426,0.0,0.0060755569293713,0.0,0.0,0.0,0.3408291823291006,9.51287198724044e-05,1.576712125686575,0
1625,0.0,0.203137012092326,0.0,0.0,0.0,0.0,0.0,0.0,0.3347763166836733,0.0,0.0019199841524126,0.0,0.0,0.0,0.23720783704630838,3.00624158492035e-05,0.7770712123905695,0
1626,0.0,0.146570639374201,0.0458779536840218,0.0,0.0,0.0,0.0,0.0,0.20530482713482529,0.0,0.0003641369284187,0.0,0.0,0.0,1.2167272190593557,5.70152655794666e-06,1.6148504777073804,0
1627,0.0,0.0045747358927539,0.0,0.0,0.0,0.0,0.0,0.0,0.1798636819101496,0.0,3.79266590234603e-06,0.0,0.0,0.0,0.1648888955182082,5.93973685782611e-08,0.34933116538438264,0
1628,0.0,0.042120721232419,0.026952532643003,0.0,0.0,0.0,0.0,0.0,0.24708356475722498,0.0,9.90740004544375e-05,0.0,0.0,0.0,0.2802301098583232,1.55126623903479e-06,0.5964875537576637,0
1629,0.0018032245035557,0.109087905802557,2.03259838370593,0.0,0.0,0.0,0.0,0.0,0.8474630025470559,0.02594269,0.0134397455606115,0.0,0.0,0.0,4.007169786362747,0.0006223082458187,7.038127046728275,0
1630,0.0,0.134972454022179,0.0,0.0,0.0,0.0,0.0,0.0,0.8263748727258557,0.0,0.0028799796454351,0.0,0.0,0.0,0.3302085692494804,4.50936237738052e-05,1.294480969266724,0
1631,0.0,0.178205433988208,0.0,0.0,0.0,0.0,0.0,0.0,0.8379367987672937,0.0,0.0019199636515159,0.0,0.0,0.0,0.10169068872412254,3.00620551038208e-05,1.1197829471862437,0
1632,0.0,0.0854473272535748,0.0,0.0,0.0,0.0,0.0,0.0,0.3357367549530873,0.031550014,0.0090604533308402,0.0,0.0,0.0,0.5493572785896151,0.0002367746388745,1.011388602765992,0
1633,0.0,0.0036015010684606,0.0,0.0,0.0,0.0,0.0,0.0,0.0640727646495039,0.002510739,5.7382010057657e-05,0.0,0.0,0.0,0.006363379294266978,8.98419246624944e-07,0.07660666444153576,0
1634,0.0,0.149793544498163,0.0,0.0,0.0,0.0,0.0,0.0,0.477254345314439,0.0,0.0086398364318216,0.0,0.0,0.0,0.3628351337049133,0.0001836028003607,0.9987064627496977,0
1635,0.0015,0.0954549674747919,0.0,0.0,0.0,1.204815257,0.0,0.0,1.4385480970261524,0.005920286,0.041279129670373,0.32737412600000004,0.0,0.0,6.43737753450797,0.0007881685152971,9.553057566194585,0
1636,0.0015,0.0501730618958261,0.0,0.0,0.0,0.0,0.0,0.0,1.2644139127979617,0.046493261,0.0278394114442906,0.0,0.0,0.0,1.279789353847504,0.0008299940694201,2.6710389950550026,0
1637,0.0,0.0135545232195208,0.0,0.0,0.0,0.0,0.0,0.0,0.7086921725051745,0.064188179,0.0079067995333013,0.11370959,0.0,0.0,3.9690124778682074,0.0001238016379416,4.877187543764146,0
1638,0.0,0.0232829943346367,0.0,0.0,0.0,0.118128677,0.0,0.0,0.7362387524392827,0.089144597,0.0152503369278624,0.001059737,0.0,0.0,0.33728204176833176,0.0057961891435114,1.326183325613625,0
1639,0.0,0.0646632721995391,0.0,0.0,0.0,0.0,0.0,0.0,1.396008773379479,0.073683043,0.0623986820016224,0.0,0.0,0.0,5.670290976541294,0.0061030279638291,7.273147775085763,0
1640,0.0,0.283075736371751,0.0,0.0,0.0,0.0,0.0,0.0,0.3313335057437248,0.0,0.0047998954615252,0.0,0.0,0.0,0.6208861669653002,7.51549874489758e-05,1.2401704595297502,0
1641,0.0,0.245511212545281,0.0,0.0,0.0,0.0,0.0,0.0,0.32487397394710893,0.0,0.0009599818257579,0.0,0.0,0.0,1.1871072749084737,1.50309974897952e-05,1.7584674742241113,0
1642,0.0,0.00383237305438,0.0,0.0,0.0,0.0,0.0,0.0,0.0857347343811353,0.001487528,0.0022135979959445,0.0,0.0,0.0,0.16030677835229853,3.46596318778941e-05,0.25360967141563623,0
1643,0.0042982245035557,0.0205332843668883,0.0,0.0,0.0,0.163046742,0.0,0.0,2.151377102529909,0.007163987,0.051342616710187,0.0,0.0,0.0,2.0529585123295098,0.0024418100363022,4.453162279476352,0
1644,0.0,0.224537085166232,0.0,0.0,0.0,0.032667684,0.0,0.0,0.7927670513506478,0.0,0.0076798409387991,0.0,0.0,0.0,0.5729661855352469,0.000214657211451,1.6308325042023768,0
1645,0.0,0.0465622293934478,0.0067442336472179,0.0,0.0,0.0,0.0,0.0,0.22488419364378082,0.0,0.0049113861717897,0.0,0.0,0.0,0.329010894538547,7.6900588432297e-05,0.6121898379832155,0
1646,0.0,0.0184240469053711,0.0,0.0,0.0,0.0,0.0,0.0,0.2928472250015543,0.0,0.001733138979256,0.0,0.0,0.0,0.2583458618474567,2.71368810428418e-05,0.571377409614681,0
1647,0.0,0.153564866219367,0.0491408622065433,0.0,0.0,0.0,0.0,0.0,0.3885702175603798,0.0,0.0,0.0,0.0,0.0,0.12177356766564335,0.0,0.7130495136519335,0
1648,0.0,0.23612052708143,0.0277146313863662,0.0,0.0,0.0,0.0,0.0,0.3972990499054781,0.0,0.0057598294518574,0.0,0.0,0.0,2.929080533004476,9.0965077636071e-05,3.5960655359072438,0
1649,0.0,0.161238717351618,0.0,0.0,0.0,0.0,0.0,0.0,1.33974274323988,0.0,0.0287993932700485,0.0,0.0,0.0,0.7636108858096425,0.0004590613408722,2.293850801012061,0
1650,0.0,0.0127528733868995,0.0,0.0,0.0,0.0,0.0,0.0,0.293842733768071,0.0,0.0002250451774703,0.0,0.0,0.0,0.062340469119357735,3.52363417788849e-06,0.3691646450859764,0
1651,0.0,0.0673340000701222,0.0,0.0,0.0,0.0,0.0,0.0,0.624724580450296,0.0,0.0014948775570016,0.0,0.0,0.0,0.7514007158890504,2.34062082465183e-05,1.4449775801747167,0
1652,0.0,0.0356828515921131,0.0,0.0,0.0,0.0,0.0,0.0,1.7917935807610799,0.014609558,0.0681585592889056,0.0,0.0,0.0,2.64148150431509,0.0036646386565741,4.555390692613763,0
1653,0.0,0.112281495653525,0.0,0.0,0.0,0.0,0.0,0.0,0.6363022441859614,0.0,0.0076798409387991,0.40364333599999996,0.0,0.0,0.9314248835804351,0.0001202479799183,2.0914520483386387,0
1654,0.0,0.0791534825032521,0.0,0.0,0.0,0.0,0.0,0.0,0.717174504872089,0.0,0.0441590683140146,0.0,0.0,0.0,0.4897525968271512,0.0014931987388439,1.3317328512553508,0
1655,0.0,0.308101152586298,0.225550002929703,0.0,0.0,0.0,0.0,0.0,0.3270833239079438,0.0,0.0,0.0,0.0,0.0,0.3974130031758867,0.0,1.2581474825998316,0
1656,0.0,0.128581978439862,0.0,0.0,0.0,0.0,0.0,0.0,0.4934218942377726,0.0,0.0191994383398238,0.0,0.0,0.0,0.6169450810399197,0.0006695647297403,1.2588179567871185,0
1657,0.0,0.0724852585593099,0.0,0.0,0.0,0.0,0.0,0.0,0.2371469246720837,0.001779955,0.0071341207340612,0.0,0.0,0.0,1.6275332742007564,0.0026503119857815,1.9487298451519928,0
1658,0.0,0.0153645950096704,0.0,0.0,0.0,0.0,0.0,0.0,0.22297633428831298,0.00074885,0.001262739069249,0.0,0.0,0.0,0.4774875519078657,1.97714378724916e-05,0.7178598417129706,0
1659,0.0,0.292948080562771,0.0,0.0,0.0,0.0,0.0,0.0,0.30673690389089303,0.0,0.0,0.0,0.0,0.0,0.1304720795700709,0.0,0.7301570640237349,0
1660,0.0,0.005636490924855,0.0,0.0,0.0,0.0,0.0,0.0,0.0643706280519072,0.0,0.0,0.0,0.0,0.0,0.03188903304594737,0.0,0.10189615202270957,0
1661,0.0,0.334701718040991,0.0,0.0,0.0,0.0,0.0,0.0,0.3695807563095228,0.0,0.0047998954615252,0.0,0.0,0.0,22.905038677766274,7.51549874489758e-05,23.614196202565765,0
1662,0.0,0.211620347075203,0.0,0.0,0.0,0.0,0.0,0.0,0.5170559610273421,0.0,0.0086397475946023,0.0,0.0,0.0,23.703184605294513,0.000135277895172,24.44063593888683,0
1663,0.0,0.208667225577106,0.0,0.0,0.0,0.0,0.0,0.0,1.8963941161468019,0.0,0.0095999344293279,1.810302191,0.0,0.0,22.571329835489994,0.000150312079246,26.496443614722477,0
1664,0.0,0.0031592114880703,0.0,0.0,0.0,0.0,0.0,0.0,0.0273720342248329,0.0,1.84508070924942e-07,0.0,0.0,0.0,0.0013133245982299409,2.9292980930572304e-09,0.03184475774850216,0
1665,0.0,0.398826274065475,0.0071287759644205,0.0,0.0,0.0,0.0,0.0,1.5154808364947705,0.0,0.0009333648281189,0.0,0.0,0.0,2.888590671160125,1.46142911889836e-05,4.810974536804099,0
1666,0.0,0.340805168282717,0.0073883981244244,0.0,0.0,0.0,0.0,0.0,1.1836760660916577,0.000632201,0.0067199547838928,0.0,0.0,0.0,2.6606572192553792,0.0001957888995892,4.200074796437661,0
1667,0.0003032245035557,0.0974601683393773,0.0044807652328609,0.0,0.0,0.0,0.0,0.0,1.3067335001623648,0.0,0.0374397353906572,0.34228566299999996,0.0,0.0,1.4320502232735417,0.0006385859882464,3.221391865890604,0
1668,0.0,0.1808763331174,0.0,0.0,0.0,0.0,0.0,0.0,1.2478900733906833,0.002420349,0.0019199841524126,0.0,0.0,0.0,0.6625762976107785,5.15395502463396e-05,2.0957345768215205,0
1669,0.0166546735106672,0.0257693078427895,0.0,0.0,0.0,0.154588145,0.0,0.0,3.2072747467406937,0.011238316,0.0739194684546596,0.0380087,0.0,0.0,6.934345279350796,0.0018781357398835,10.46367677263949,0
1670,0.0,0.02787516383081,0.0,0.0,0.0,0.0,0.0,0.0,0.793152738747371,0.007634246,0.0014617412741899,0.0,0.0,0.00735,10.7657122354219,2.28873512253255e-05,11.603209012625497,0
1671,0.0,0.044479446610862,0.0,0.0,0.0,0.324771718,0.0,0.0,0.9575220361011599,0.009864603,0.0024405975922403,0.0,0.0,0.06227,16.53683516367778,3.82139887504704e-05,17.93822177897079,0
1672,0.0,0.230927891590934,0.0080479906602825,0.0,0.0,0.0,0.0,0.0,1.992111887898701,0.0,0.0057599592908703,1.905676752,0.0,0.0,1.2936075690698734,9.01872475476105e-05,5.436222237758209,0
1673,0.0,0.0067024439457858,0.022053992629778,0.0,0.0,0.0,0.0,0.0,4.038885760782534,0.004136581,0.0921582347718675,0.0,0.0,0.0,3.319217753440035,0.0021358003934241,7.485290566963424,0
1674,0.0,0.172913480620179,0.022054175679012,0.0,0.0,0.0,0.0,0.0,2.4514208523121703,0.0,0.0038399751384576,0.0,0.0,0.0,11.034385908532869,6.0124831698407e-05,13.684674517114386,0
1675,0.0,0.0667871944915533,0.0,0.0,0.0,0.0,0.0,0.0,1.0764770744351773,0.0,0.003215715998196,0.0,0.0,0.0,0.8336930723998965,5.03504274006212e-05,1.9802234077522238,0
1676,0.0,0.0220295394350621,0.0,0.0,0.0,0.0,0.0,0.0,0.9131327120613371,0.0,0.0009565103405716,0.0,0.0,0.0,0.2077765152007704,1.49766726713459e-05,1.1439102537104124,0
1677,0.0,0.0035943636657053,0.0,0.0,0.0,0.0,0.0,0.0,0.1429796119237807,0.010814306,0.0001602555100466,0.0,0.0,0.0,0.005612731336348358,2.50924898519567e-06,0.16316377768486615,0
1678,0.0011975,0.0522195450886959,0.0,0.0,0.0,0.020125626,0.0,0.0,1.317347741504594,0.105689142,0.0153067007267139,0.0,0.0,0.0,1.253936772697365,0.0031462522776465,2.768969280295015,0
1679,0.0,0.0060609695669349,0.0,0.0,0.0,0.212923294,0.0,0.0,0.47570071776448997,0.026031603,0.0009285949528039,0.0,0.0,0.0,0.4027463988017039,1.45395436168903e-05,1.1244061176295497,0
1680,0.0014975,0.191173622353121,0.0,0.0,0.0,0.177630529,0.0,0.0,1.8139230393055836,0.0,0.014837237024326,0.0,0.0,0.0,3.930096412432736,0.0002323157739654,6.129390655889733,0
1681,0.0,0.0031371804566323,0.0,0.0,0.0,0.0,0.0,0.0,0.0323672080848601,0.0,4.51703092153284e-06,0.0,0.0,0.0,0.0033327485372772994,7.07766177434344e-08,0.03884172488630898,0
1682,0.00095,0.201710926135303,0.0,0.0,0.0,0.32226606,0.0,0.0,1.543782289576598,0.0,0.0038399751384576,0.0,0.0,0.0,0.22368550379101979,6.0124831698407e-05,2.2962948794730766,0
1683,0.0063032245035557,0.012136384599155,0.0,0.0,0.0,0.34115088,0.0,0.0,4.975552927569138,0.007872179,0.0863993825294227,0.1722572,0.0,0.0,8.446608266316439,0.0039971161648804,14.05227756068259,0
1684,0.0047475,0.0211929005103752,0.0,0.0,0.0,0.0,0.0,0.0,4.661488366668896,0.015999799,0.0777594435931172,0.0,0.0,0.0,5.783946996055238,0.0025211132538801,10.567656119081507,0
1685,0.0109925,0.0048911822390577,0.0,0.0,0.0,0.282633798,0.0,0.0,5.325769122505994,0.059523369,0.0758394594407045,0.026621061,0.0,0.0,8.844559913024087,0.0044155786055214,14.635245983815363,0
1686,0.0,0.0068118874636797,0.0,0.0,0.0,0.0,0.0,0.0,0.2031754781146817,0.174685138,0.0003296612536848,0.0,0.0,0.0,0.0075118413304148726,5.16172585192714e-06,0.392519167888313,0
1687,0.0015,0.0326696294311672,0.0882140840491634,0.0,0.0,0.0,0.0,0.0,7.800390591427184,0.491875298,0.0026137686672517,0.0,0.0,0.08844,0.26929801296833633,0.0021118254942518,8.777113210037355,0
1688,0.0,0.143792813918156,0.0,0.0,0.0,0.0,0.0,0.0,2.6543480044239076,0.093068301,0.0316797760997868,0.0,0.0,0.0,6.61139982988629,0.0025119748715852,9.536800700199725,0
1689,0.0,0.0762420308897368,0.0,0.0,0.0,0.0,0.0,0.0,3.527508273649974,0.009311315,0.0362471982255789,6.847531535,0.0,0.0,2.7960065873783586,0.0007638585959731,13.293610798739621,0
1690,0.0,0.0034098453011586,0.0,0.0,0.0,0.0,0.0,0.0,0.0862450562753113,0.00062532,0.0001634741508394,0.0,0.0,0.0,0.007234801953062257,2.55966740517247e-06,0.09768105734777673,0
1691,0.0,0.0031636838302533,0.0,0.0,0.0,0.0,0.0,0.0,0.1071972199381872,0.0,1.57651896156978e-05,0.0,0.0,0.0,0.4383568073996479,2.46889489329609e-07,0.5487337232471935,0
1692,0.00075,0.134123022085801,0.0,0.0,0.0,0.0,0.0,0.0,1.358104579730227,0.0,0.024656879564332,0.0,0.0,0.0,7.475632966900887,0.0003860680591405,8.993653516340387,0
1693,0.0109975,0.0537957149202697,0.0,0.0,0.0,0.203589671,0.0,0.0,3.3068722149315946,0.011314386,0.0681586959615507,0.0,0.0,0.0,2.2352795024001804,0.0026054083000092,5.892613093513605,0
1694,0.0068032245035557,0.0465511217318141,0.0,0.0,0.0,0.381405022,0.0,0.0,3.6367974068007087,0.033537857,0.0719994843022469,0.0,0.0,0.0,13.157713170561781,0.009915248425472,17.344722535325577,0
1695,0.0,0.0030814369808841,0.0,0.0,0.0,0.0,0.0,0.0,0.0200085181028663,0.000204272,5.84958921154631e-06,0.0,0.0,0.0,0.016508487910503383,9.15792512363257e-08,0.03980865616271657,0
1696,0.0064875,0.0226533311959812,0.0,0.0,0.0,0.622992974,0.0,0.0,3.192509993792083,0.022908528,0.0735608462674718,0.0,0.0,0.0,6.899994187140979,0.0034946350197825,10.844601995416296,0
1697,0.0103514490071114,0.012136384599155,0.0,0.0,0.0,0.32226606,0.0,0.0,4.455877590333099,0.114496102,0.0883193666818354,0.0,0.0,0.0,6.809969786493007,0.0362394135346596,11.849656152648869,0
1698,0.0029925,0.0175702993303266,0.0,0.0,0.0,0.290509043,0.0,0.0,3.0775334867280013,0.018021945,0.0806394232385524,0.356250414,0.0,0.0,7.402173683396008,0.0051755140171997,11.250866308710087,0
1699,0.0085532245035557,0.006702482829082,0.0,0.0,0.0,0.017500545,0.0,0.0,5.912407980765889,0.020801428,0.0729594797952694,0.010143886,0.0,0.0,4.148256083657602,0.0077902699281924,10.20511538047959,0
1700,0.01674,0.0157589857792035,0.0,0.0,0.0,0.69732543,0.0,0.0,6.232795754235196,0.189902554,0.0374397353906572,0.023164764,0.0,0.0,9.041787100726005,0.0067850510326597,16.261699375163722,0
1701,0.0,0.0030882396841305,0.0,0.0,0.0,0.0,0.0,0.0,0.0185581133552653,0.006138259,1.51501627126147e-05,0.0,0.0,0.0,0.0005017090269722685,2.37214818917858e-07,0.0283017084438996,0
1702,0.0,0.0084154247198981,0.0,0.0,0.0,0.0,0.0,0.0,6.552212260016188,0.155164745,0.0096807626316576,0.0,0.0,0.0,1.9550230099233545,0.0049671332313491,8.685463335522448,0
1703,0.0003032245035557,0.005585221783281,0.0,0.0,0.0,0.003500109,0.0,0.0,1.200518268258918,0.106325163,0.0045456570070552,0.0,0.0,0.0,3.7363259902483854,7.11741994968372e-05,5.057174808000692,0
1704,0.0,0.0175809364159431,0.0,0.0,0.0,0.0,0.0,0.0,0.362097029863754,0.0,0.0025822382880203,0.0,0.0,0.0,0.1409807569268577,0.0001522090242128,0.5233931705187879,0
1705,0.0007425,0.0155713220452508,0.0,0.0,0.0,0.0,0.0,0.0,0.8068521126677131,0.0,0.0022243814676453,0.0,0.0,0.0,0.09167122994304834,3.48285007428936e-05,0.9170963746244004,0
1706,0.0,0.120812825785466,0.0012975062288267,0.0,0.0,0.0,0.0,0.0,1.37186531504141,0.0,0.0211195523312493,0.0,0.0,0.0,3.880022812694385,0.0003306819447754,5.395448694026112,0
1707,0.0,0.0393054009277666,0.0090954625845185,0.0,0.0,0.0,0.0,0.0,1.8883523054465852,0.052061237,0.063358656993748,3.781697974,0.0,0.0,2.9984875591422466,0.0011731444020148,8.83353174049688,0
1708,0.0,0.132788376462418,0.0,0.0,0.0,0.0,0.0,0.0,1.7887317511746779,0.0,0.0,0.0,0.0,0.0,0.07073296378265584,0.0,1.9922530914197518,0
1709,0.00075,0.0035588890421371,0.0,0.0,0.0,0.0,0.0,0.0,0.0437107290686239,0.0,0.0,0.0,0.0,0.0,0.0036196084198153035,0.0,0.0516392265305763,0
1710,0.0,0.0032299841337244,0.0,0.0,0.0,0.0,0.0,0.0,0.2573055259225019,0.002055066,0.00037125757323,0.0,0.0,0.0,0.843021177015557,5.81304227903409e-06,1.1059888236872923,0
1711,0.0,0.0164029450097867,0.0,0.0,0.0,0.106461647,0.0,0.0,1.888690649040675,0.019361133,0.032952485438498,0.0,0.0,0.0,4.528835220737428,0.0007692687796697,6.593473349006058,0
1712,0.0015,0.0679811932349834,0.0,0.0,0.0,0.0,0.0,0.0,1.7146544498524439,0.0,0.0056123186659691,0.0,0.0,0.0,0.8478787035065898,8.78755071106814e-05,2.6377145407670968,0
1713,0.0,0.0092309261355953,0.0,0.0,0.0,0.0,0.0,0.0,0.2471070443221779,0.0,0.0005319094339475,0.0,0.0,0.0,2.285974490633717,8.32843385500405e-06,2.542852698959293,0
1714,0.0075482245035557,0.0547489935598105,0.0,0.0,0.0,0.031209305,0.0,0.0,2.8461416234846415,0.053454641,0.0710379307410699,0.0,0.0,0.0,1.5583137123515165,0.0019541197474559,4.62440855038805,0
1715,0.00225,0.028437752920806,0.0,0.0,0.0,0.222256918,0.0,0.0,2.304230238732406,0.056226946,0.0719984797583052,0.0,0.0,0.0,5.275057513290288,0.0022380196870457,7.962695868388851,0
1716,0.0002475,0.176961005494924,0.0,0.0,0.0,0.0,0.0,0.0,1.5221554282551013,0.0,0.0028799181427448,0.0,0.0,0.0,0.11569217480934475,4.50926317240027e-05,1.8179811193338387,0
1717,0.00075,0.0175700919527465,0.0,0.0,0.0,0.115795271,0.0,0.0,3.3020536959787936,0.018341183,0.0844782161586297,0.0,0.0,0.0,4.4799328379952295,0.0014489373352987,8.020370233420698,0
1718,0.0041014490071114,0.0103249284759456,0.0,0.0,0.0,0.2934258,0.0,0.0,3.752278728823984,0.013395976,0.0835175646369106,3.441208188,0.0,0.0,9.199692708666023,0.0016597381509162,16.79960508176089,0
1719,0.0099603980142228,0.0182421249232347,0.0,0.0,0.0,0.017500545,0.0,0.0,2.7486274873998533,0.010563092,0.0378165487069117,0.0,0.0,0.0,6.796616762516537,0.0037624554446804,9.64308941400544,0
1720,0.0,0.0058194172486519,0.0,0.0,0.0,0.0,0.0,0.0,0.8175724911834829,0.004490017,0.006832743884286,0.0,0.0,0.0,0.8546822523532939,0.0001069845571032,1.6895039062268178,0
1721,0.0116175,0.0030798816490334,0.0,0.0,0.0,0.443055458,0.0,0.0,4.440867015902398,0.079329499,0.0575987797064648,0.356789559,0.0,0.0,9.928238527199433,0.0028737647508767,15.323449985208205,0
1722,0.0119014490071114,0.0338715769242863,0.0,0.0,0.0,0.0,0.0,0.0,4.153524217124113,0.005255592,0.0393591660188571,0.0,0.0,0.0,7.921455309317006,0.001480997849748,12.166848308241123,0
1723,0.0050507245035557,0.0048911563168602,0.0,0.0,0.0,0.035292765,0.0,0.0,3.702644612135022,0.593958185,0.0047998954615252,0.062339653,0.0,0.0,10.5821498447626,97.88868596593701,112.87981280211658,1
1724,0.0080625,0.0030798816490334,0.0,0.0,0.0,0.106461647,0.0,0.0,3.7848876020794284,0.041291752,0.064769508208524,0.0,0.0,0.0,5.716242889437243,0.0033892407534568,9.728185021127686,0
1725,0.0,0.0030798816490334,0.0,0.0,0.0,0.0,0.0,0.0,0.004588689547419098,0.000161975,9.97710309445984e-07,0.0,0.0,0.0,0.0006255554110869085,1.56050586114834e-08,0.008457114922907464,0
1726,0.0014925,0.0045110720958464,0.0,0.0,0.0,0.0,0.0,0.0,0.5891397848462814,0.003100185,0.0027812746611225,0.0,0.0,0.0,0.382772857500881,4.35481861447753e-05,0.9838412222902762,0
1727,0.0070457245035557,0.0150916058431686,0.0882140840491634,0.0,0.0,0.36339234,0.0,0.0,2.0367436416707156,0.008981379,0.0233428677522626,0.0,0.0,0.0,5.028562724226824,0.0010541347866246,7.572428501832315,0
1728,0.0,0.0065767860933483,0.0,0.0,0.0,0.0,0.0,0.0,2.684251699380628,0.231815376,0.0398473265390987,0.0,0.0,0.0,2.958644651501619,0.0044325876801634,5.925568427194857,0
1729,0.0,0.0030809963035264,0.0,0.0,0.0,0.0,0.0,0.0,0.0436190515517647,0.004127112,1.26285524099738e-05,0.0,0.0,0.0,0.005305717913288671,1.97757370898015e-07,0.05614570407836064,0
1730,0.0,0.121530476761193,0.0,0.0,0.0,0.0,0.0,0.0,1.0941149293924122,0.0,0.0383991910267314,0.0,0.0,0.0,8.879466044082218,0.0006012398995918,10.134111881162145,0
1731,0.0,0.250899527742163,0.0,0.0,0.0,0.0,0.0,0.0,0.7067274088812501,0.003708242,0.0201594133319495,0.0,0.0,0.0,0.990806996243206,0.000315648422068,1.9726172366206367,0
1732,0.0,0.0232540159852358,0.0,0.0,0.0,0.0,0.0,0.0,0.3159800120504027,0.0,0.0005475789527116,0.0,0.0,0.0,0.24637266234679506,8.57376836658798e-06,0.5861628431035117,0
1733,0.0,0.0184377438347074,0.0,0.0,0.0,0.0,0.0,0.0,0.6227497287535948,0.0,0.0004168515676452,0.0,0.0,0.0,0.02690234614271924,6.52691005834243e-06,0.6685131972087249,0
1734,0.0,0.021783505055503,0.0,0.0,0.0,0.0,0.0,0.0,0.0650538828781321,0.0,0.0,0.0,0.0,0.0,0.0037301517185264256,0.0,0.09056753965216152,0
1735,0.0,0.24570954477238,0.0,0.0,0.0,0.0,0.0,0.0,0.6935532048473575,0.0,0.0,0.0,0.0,0.0,0.06988691144383763,0.0,1.009149661063575,0
1736,0.0,0.0030799201784912,0.0,0.0,0.0,0.0,0.0,0.0,0.00017812717407785894,1.9e-06,6.833632256479341e-09,0.0,0.0,0.0,8.27316900049997e-06,7.246653113168769e-11,0.0032682274276683463,0
1737,0.0002475,0.197190056504789,0.0,0.0,0.0,0.053084986,0.0,0.0,0.8291004357216885,0.004147417,0.0220593202727926,0.0,0.0,0.0,1.9968056685194477,0.0005417338756237,3.1031771178943415,0
1738,0.0028125,0.178825035885246,0.0,0.0,0.0,0.0,0.0,0.0,0.998297343439648,0.020689918,0.030719104077171,0.0,0.0,0.0,1.5970519789002624,0.0004809880717226,2.82887686837405,0
1739,0.0,0.0208223324228304,0.0,0.0,0.0,0.0,0.0,0.0,0.2248920062788278,0.0,0.0,0.0,0.0,0.0,0.005930927717963413,0.0,0.2516452664196216,0
1740,0.000495,0.133688224316484,0.0,0.0,0.0,0.0,0.0,0.0,0.6108113971393465,0.0,0.0,0.0,0.0,0.0,28.41834553258911,0.0,29.163340154044942,1
1741,0.0,0.0723163603374813,0.0,0.0,0.0,0.0,0.0,0.0,0.8859775991541174,2.73583259,0.0284389806712095,0.0,0.0,0.0,2.141155789698499,0.0886931934168097,5.952414513278117,0
1742,0.0,0.003116367142031,0.0,0.0,0.0,0.0,0.0,0.0,0.108933314990414,0.062804158,1.49861555384592e-05,0.0,0.0,0.0,0.00034868101230475036,2.34660005364159e-07,0.17521774196029358,0
1743,0.0,0.0452911184092736,0.0,0.0,0.0,0.0,0.0,0.0,0.608268000638363,0.0134645,0.0002040659264429,0.0,0.0,0.0,0.2880691945753669,3.19514273341628e-06,0.9553000746921797,0
1744,0.0,0.0607589054577862,0.0,0.0,0.0,0.0,0.0,0.0,2.694521368577447,0.015739303,0.0002788395305933,0.0,0.0,0.0,0.12580345768891918,2.14263072221167e-05,2.897123300561968,0
1745,0.0,0.0867662227407675,0.0,0.0,0.0,0.0,0.0,0.0,1.1093190986065151,0.006155686,0.0181778308183769,0.0,0.0,0.0,4.195256709093636,0.0003428369318234,5.416018384191118,0
1746,0.000495,0.0049385939383065,0.0,0.0,0.0,0.0,0.0,0.0,0.7646132530300254,0.000917393,0.000403737827345,0.0,0.0,0.0,1.4571522966935317,6.3215928374087e-06,2.228526596082046,0
1747,0.0,0.143364066699327,0.0,0.0,0.0,0.0,0.0,0.0,1.1747608269817826,0.021969195,0.0335997602521995,0.992978705,0.0,0.0,2.8516546346353526,0.0009923575337363,5.219319546102398,0
1748,0.0,0.0030814860865543,0.0,0.0,0.0,0.0,0.0,0.0,0.0381370123958809,0.000731821,2.94734559221954e-05,0.0,0.0,0.0,0.01770361174974518,4.61510324566229e-07,0.059683866198427145,0
1749,0.0088539490071114,0.0079076011131108,0.0,0.0,0.0,1.0063892,0.0,0.0,7.551004378909777,0.040189203,0.0888921344030445,0.156888205,0.0,0.0,6.02527165668477,0.0042580349770058,14.889654363094818,0
1750,0.0,0.003763774641524,0.0,0.0,0.0,0.0,0.0,0.0,0.12255468632196206,0.0,0.0001031331780147,0.0,0.0,0.0,0.010275765873653793,1.61482516810936e-06,0.13669897484032267,0
1751,0.0024975,0.112417167892002,0.0,0.0,0.0,0.0,0.0,0.0,1.4628254376989238,0.0,0.0164885637582075,0.0,0.0,0.0,0.4292927931407641,0.0002581716906623,2.02377963418056,0
1752,0.003,0.0483624223218384,0.0,0.0,0.0,0.164505121,0.0,0.0,2.856810351770365,0.147212508,0.0681595159974215,2.102219618,0.0,0.0,9.680002249119186,0.0207878711755415,15.091059657384353,0
1753,0.00699,0.012136384599155,0.0,0.0,0.0,0.351469274,0.0,0.0,3.25075524930436,0.048282355,0.0883193666818354,0.0,0.0,0.0,11.017390672724972,0.0176575532387503,14.793000855549073,0
1754,0.0072375,0.0193815999203509,0.0,0.0,0.0,0.0,0.0,0.0,3.495258416305923,0.015351542,0.08447939837701,0.0,0.0,0.0,9.065460419422052,0.0035229108603554,12.690691786885692,0
1755,0.0033564490071114,0.0036685488323244,0.0,0.0,0.0,0.615367462,0.0,0.0,1.2827602761414207,0.023957733000000002,0.0053039578440277,0.0,0.0,0.0,5.801161894325701,8.30473196805387e-05,7.735659368470266,0
1756,0.0187561225177786,0.0055253817622778,0.0,0.0,0.0,0.329145196,0.0,0.0,4.003859511687362,0.035378497,0.0220340426670759,0.0,0.0,0.0,8.707620114317367,0.0042999428523124,13.126618808804173,0
1757,0.0068489490071114,0.0139476851891792,0.0,0.0,0.0,0.123962192,0.0,0.0,3.9882365760424157,0.023420555,0.0681595159974215,7.6340917710000005,0.0,0.0,33.32136113343533,0.0015882786266608,45.18161665629812,1
1758,0.0086064490071114,0.0320603541008545,0.0,0.0,0.0,0.710824945,0.0,0.0,3.398339262862814,0.020906682,0.0739185869160985,0.0,0.0,0.0,4.115842572337241,0.0018038465805392,8.36230269880466,0
1759,0.0128564490071114,0.0030798816490334,0.0466625788616457,0.0,0.0,0.106461647,0.0,0.0,4.402981208935952,0.316460373,0.0835194028839876,0.0,0.0,0.0,7.792571613987991,0.041883497515655,12.806476652841376,0
1760,0.0099975,0.0207709878027084,0.0,0.0,0.0,0.142282892,0.0,0.0,2.1699853950974424,0.024375002,0.0270412636976305,0.0,0.0,0.0,14.939717886579412,0.0011160609205658,17.33528698809776,0
1761,0.0,0.003106918501038,0.0,0.0,0.0,0.0,0.0,0.0,0.1286582463788799,0.084867805,0.0002937436825447,0.0,0.0,0.0,4.68530451174478,4.59934916843362e-06,4.902235824656412,0
1762,0.0052907245035557,0.049882318528536,0.0,0.0,0.0,0.464020472,0.0,0.0,3.40554673907328,0.050309754,0.0133640084143129,0.0,0.0,0.0,15.512321863591986,0.0032508674853998,19.503986747597068,0
1763,0.0039957245035557,0.0120457865188519,0.0,0.0,0.0,0.0,0.0,0.0,2.741794785826278,0.008555842,0.0308876419495125,0.0,0.0,0.0,1.4763695313963043,0.0010279400443107,4.2746772522388135,0
1764,0.003,0.0037397311866912,0.0,0.0,0.0,0.0,0.0,0.0,0.7981000469769112,0.002321058,0.0022731736019565,0.0,0.0,0.0,8.024423933623794,3.55924550392982e-05,8.833893535844393,0
1765,0.01475,0.0338716417297801,0.0,0.0,0.0,0.126878949,0.0,0.0,2.858752896759173,9.40582434853027,0.0393592480224442,0.0,0.0,0.0,21.555272082030374,0.0023123181883949,34.037021484260435,1
1766,0.0,0.003577704491145,0.0,0.0,0.0,0.0,0.0,0.0,0.6831489560393429,0.004597406,0.005892586425704,0.0,0.0,0.0,1.7788381008785088,9.22639123017726e-05,2.476147017747002,0
1767,0.0052425,0.0057221442024896,0.0,0.0,0.0,0.106461647,0.0,0.0,1.9732101589605704,0.010591641,0.0312756624226677,0.0,0.0,0.0,1.5278009699436526,0.0004897024584768,3.660794425987857,0
1768,0.0,0.0030798816490334,0.0,0.0,0.0,0.0,0.0,0.0,9.895623926886948e-05,2.13e-06,0.0,0.0,0.0,0.0,1.5215627168472447e-05,9.87724108454135e-13,0.003196183516458466,0
1769,0.0020914490071114,0.0909684913006642,0.0014327228338398,0.0,0.0,0.279829846,0.0,0.0,2.7102482381784556,0.056919682,0.0451157426617604,0.0,0.0,0.0,3.53809368391246,0.0013398780181507,6.726039733912442,0
1770,0.0,0.398819572949842,0.0,0.0,0.0,0.0,0.0,0.0,0.9749060421449957,0.777844202463257,0.0028799796454351,0.0,0.0,0.0,2.658111409824917,4.63821332470931e-05,4.8126075891616935,0
1771,0.0057932245035557,0.0338716417297801,0.0,0.0,0.0,0.333968729,0.0,0.0,2.520284685156871,0.020758404,0.0729586050903405,0.0,0.0,0.0,5.006838725492467,0.0030270222132662,7.9975010371862805,0
1772,0.0036707245035557,0.105895319905984,0.0,0.0,0.0,0.056001743,0.0,0.0,1.7165506049520383,0.011211554,0.0355197444046122,0.0,0.0,0.0,3.565775876797633,0.0010449282016019,5.495670495765426,0
1773,0.0112957245035557,0.0067024439457858,0.0,0.0,0.0,0.625588531,0.0,0.0,3.313412050808981,0.141828491,0.0739185869160985,0.0,0.0,0.0,6.478148800515116,0.0086272760683649,10.659521904757902,0
1774,0.0,0.244145391328306,0.0,0.0,0.0,0.0,0.0,0.0,0.6195500222755759,0.0,0.0018701259714694,0.0,0.0,0.0,1.883591293255361,2.92817245789784e-05,2.749186114555291,0
1775,0.0,0.0031221134764227,0.0,0.0,0.0,0.0,0.0,0.0,0.06310257757569031,0.0,3.28014348311008e-07,0.0,0.0,0.0,0.0010268298303921215,5.12971922427003e-09,0.06725185402657266,0
1776,0.0015,0.0501726860239622,0.0156470663215388,0.0,0.0,0.126878949,0.0,0.0,5.633610127741376,0.018761227,0.0691179875904508,0.0,0.0,0.0,3.516554192975707,0.0023447966509722,9.434587033304007,0
1777,0.0007425,0.108133903110678,0.0,0.0,0.0,0.48126498,0.0,0.0,5.782279719843873,0.006790874,0.0191995955133657,0.0,0.0,0.0,3.4536925813171235,0.0004289767698734,9.852533130554914,0
1778,0.002,0.101413847646564,0.0,0.0,0.0,0.116086947,0.0,0.0,1.6861607358919812,0.009584604,0.0278394114442906,0.408321052,0.0,0.0,1.8295097077458784,0.0008965928503781,4.181812898579093,0
1779,0.0,0.0464112384314296,0.0,0.0,0.0,0.0,0.0,0.0,0.47998037453021647,0.0,0.0028896902368716,0.0,0.0,0.0,0.5726375751695187,4.52456225865516e-05,1.101964123990623,0
1780,0.0,0.0202910067465982,0.0,0.0,0.0,0.0,0.0,0.0,0.44845554508481855,0.0,0.0011477768737982,0.0,0.0,0.0,25.10486590247897,1.79714722831098e-05,25.574778202656468,0
1781,0.0027,0.0356833052305695,0.0,0.0,0.0,0.0,0.0,0.0,6.032278601888326,0.0,0.0278398009613292,0.0,0.0,0.0,0.585950266573849,0.0017227617927775,6.686174736446851,0
1782,0.0015,0.0030798816490334,0.0,0.0,0.0,0.0,0.0,0.0,1.313613288478943,0.011384129,0.0035300084129359,0.012328516,0.0,0.0,2.319619797671618,5.52715688538028e-05,3.665110892781384,0
1783,0.0014925,0.0030798816490334,0.0,0.0,0.0,0.136212573,0.0,0.0,2.397860572306165,0.045558583,0.0565351726811696,0.143580264,0.0,0.0,2.970992947592121,0.0035586957534989,5.7588711899819875,0
1784,0.0040575,0.0501737229118626,0.0,0.0,0.0,0.274758552,0.0,0.0,2.2812600704635675,0.0,0.0710394888092244,0.0,0.0,0.0,7.624740800423923,0.0014110646132706,10.307441199221849,0
1785,0.01275,0.006702482829082,0.0,0.0,0.0,1.398798088,0.0,0.0,5.715774082125077,0.164900295,0.042239699188505,4.452626661,0.0,0.0,13.450719851076201,0.0234383838836381,25.267949543102503,0
1786,0.0058514490071114,0.0030798816490334,0.0,0.0,0.0,0.307426236,0.0,0.0,4.3171698071227445,0.040619362,0.0950393214657282,0.0,0.0,0.0,7.812372837111228,0.0067460715049242,12.58830496586077,0
1787,0.0029925,0.0188734341214322,0.0600398896865913,0.0,0.0,0.253757899,0.0,0.0,6.078330174557874,0.014421969,0.0818459761833887,0.0,0.0,0.0,3.9263119801652415,0.0020663679545458,10.438640190669073,0
1788,0.0,0.0030838995896477,0.0,0.0,0.0,0.0,0.0,0.0,0.070901205834092,0.000230088,2.0828911117749e-05,0.0,0.0,0.0,1.36852517560718,3.26182572771801e-07,1.4427615241246101,0
1789,0.0015,0.0031253103001725,0.0,0.0,0.0,0.0,0.0,0.0,0.6637233336309396,0.00361926,0.0001444834867987,0.0,0.0,0.0,0.859621638040533,2.26224514022215e-06,1.531736287703584,0
1790,0.0129975,0.0177057428123247,0.0461017445537749,0.0,0.0,1.677549354,0.0,0.0,9.644549182036478,0.064936243,0.0465104050017208,0.0,0.0,0.0,7.93803975732316,0.0025246135981534,19.45091454232561,0
1791,0.0202425,0.0030798816490334,0.0,0.0,0.0,1.545858684,0.0,0.0,6.806221791383912,0.737846963,0.0748785687418565,0.0,0.0,0.0,14.922654691289415,0.0326664634275235,24.14344954349174,0
1792,0.0005,0.0036241688783016,0.0,0.0,0.0,0.106461647,0.0,0.0,1.6231419733918302,0.025005013,0.0291247903372053,0.0,0.0,0.0,5.595093291432093,0.0010048252670754,7.383955709306505,0
1793,0.0015,0.0198467089492028,0.0882140840491634,0.0,0.0,0.0,0.0,0.0,1.542578586132898,0.041926431,0.0231427721661607,0.0,0.0,0.0,16.890147622735128,0.0016476708891758,18.60900387592173,0
1794,0.0098032245035557,0.0199066458927886,0.003820655287403,0.0,0.0,0.141171061,0.0,0.0,4.063941112956455,0.01054282,0.0787194390861397,0.0,0.0,0.0,5.30633767090902,0.0024533445271973,9.636695974162558,0
1795,0.0007425,0.139450919725989,0.0,0.0,0.0,0.0,0.0,0.0,1.4723374237743592,0.0066,0.0220795751588008,0.0,0.0,0.0,1.0479824269552274,0.0003457136336939,2.6895385592480703,0
1796,0.0044114490071114,0.0537795466336279,0.0,0.0,0.0,0.026542493,0.0,0.0,0.9382282930690637,0.022950787,0.0148966281222671,0.0,0.0,0.0,5.527214323166887,0.0002332457159989,6.588256765714956,0
1797,0.0074925,0.0294899462431578,0.0,0.0,0.0,0.106461647,0.0,0.0,2.0962030765204904,0.016564521,0.0077598286043612,0.0,0.0,0.0,3.062418539633742,0.0004035601553831,5.326793619157135,0
1798,0.002745,0.190932679615548,0.0,0.0,0.0,0.106461647,0.0,0.0,1.9133761882476632,0.005655796,0.0335150437131159,0.0,0.0,0.0,8.825231335386237,0.0008242579332367,11.0787419478958,0
1799,0.0,0.0048409149942591,0.0,0.0,0.0,0.0,0.0,0.0,0.4775501229354585,0.000547607,0.0003141899102561,0.0,0.0,0.0,0.016600073854101897,4.91944869905225e-06,0.49985782814277463,0
1800,0.0088007245035557,0.0048911822390577,0.0,0.0,0.0,0.477764871,0.0,0.0,4.963643032436421,0.014942942,0.0787194390861397,0.0,0.0,0.0,15.322373373974267,0.0043762652184691,20.87551183045791,0
1801,0.0086975,0.0103250062425381,0.0,0.0,0.0,0.0,0.0,0.0,3.269911433562995,0.025393936,0.0815984346885299,0.945255074,0.0,0.0,9.936816993187142,0.0026643626480559,14.28066274032926,0
1802,0.0,0.0863985811745592,0.067530998207643,0.0,0.0,0.0,0.0,0.0,1.1113533178067148,0.0,0.0326393069058159,0.0,0.0,0.0,1.1444391008955708,0.000511053914653,2.4428723589049564,0
1803,0.0,0.106321798932531,0.0,0.0,0.0,0.0,0.0,0.0,5.09003075792215,0.115127557,0.0115196657373472,0.0,0.0,0.03853,1.708072708425567,0.0024874797290785,7.072089967746675,0
1804,0.0022475,0.173961183607748,0.0,0.0,0.0,0.0,0.0,0.0,5.157479167098729,0.004914454,0.0134397182260824,0.0,0.0,0.0,1.0426336302112706,0.0002104339648571,6.394886087108687,0
1805,0.0009096735106671,0.119001551117639,0.0,0.0,0.0,0.02945925,0.0,0.0,1.960886715740425,0.012785673,0.0326393069058159,0.0,0.0,0.0,2.3251918719562674,0.0015579250857815,4.482431967316596,0
1806,0.0007425,0.0739122596108379,0.0,0.0,0.0,0.216423403,0.0,0.0,1.5656615066540696,0.007484571,0.0499189456012979,0.0,0.0,0.0,10.094339939733995,0.0025120889088753,12.010995214509075,0
1807,0.0,0.331315307094117,0.0,0.0,0.0,0.0,0.0,0.0,0.7746879660561228,0.0,0.0076798409387991,0.0,0.0,0.0,0.3205440180459457,0.0001202479799183,1.4343473801149027,0
1808,0.0087982245035557,0.006702482829082,0.0,0.0,0.0,2.480165346,0.0,0.0,7.221301654395482,0.083204446,0.0863993825294227,0.0,0.0,0.0,11.915499586765959,0.0078527736662435,21.809923896689746,0
1809,0.002,0.0092319190178689,0.0,0.0,0.0,1.248835373,0.0,0.0,5.824263094988489,0.078982968,0.0599949176872445,0.0,0.0,0.0,5.603362952738883,0.007925146789188,12.834596372221673,0
1810,0.0,0.0033597895377637,0.0,0.0,0.0,0.0,0.0,0.0,0.3511542984662104,0.016847416,0.0027297012384829,0.0,0.0,0.0,0.617310845835988,4.27406512226846e-05,0.9914447917296677,0
1811,0.0123389490071114,0.01351893797035,0.0,0.0,0.0,0.629432478,0.0,0.0,3.3167672129079713,0.047314522,0.0854393870364002,0.0,0.0,0.0,6.424593439561263,0.0016985209182931,10.531103447401389,0
1812,0.0037375,0.084588447083423,0.171418934285384,0.0,0.0,0.236644134,0.0,0.0,4.040906947650518,0.039296429,0.0393597195430699,0.092586061,0.0,0.0,6.319567569003887,0.0064720275274956,11.034577769093778,0
1813,0.002745,0.0374946058205938,0.017619271335959,0.0,0.0,0.0,0.0,0.0,6.223170087775658,0.026050611,0.0777594435931172,3.6825243489999995,0.0,0.0,3.0261887358628705,0.0025702599641415,13.09612236435234,0
1814,0.0051875,0.0787248918791236,0.0,0.0,0.0,0.212923294,0.0,0.0,4.149611536997807,0.0,0.0278394661133486,0.0,0.0,0.0,5.967285726867061,0.0004358997990054,10.442008315656345,0
1815,0.000495,0.0259632847518424,0.0,0.0,0.0,0.32226606,0.0,0.0,2.031025700772134,0.101013725,0.0072011449992328,0.0,0.0,0.0,1.0895094717334213,0.0014849494139629,3.5789593366705934,0
1816,0.0,0.0110843710964429,0.0,0.0,0.0,0.0,0.0,0.0,1.4407618561751745,0.059750532,0.0025192390322478,0.0,0.0,0.0,0.8063360765832619,3.94453285215384e-05,2.320491520215649,0
1817,0.0014975,0.0042339767655461,0.0,0.0,0.0,0.0,0.0,0.0,0.7525564923437638,0.987252544,0.0053420690111221,0.0,0.0,0.0,15.29427496246749,0.0063100434435245,17.051467588031446,0
1818,0.0,0.0030801927154036,0.0,0.0,0.0,0.0,0.0,0.0,0.005794473323033501,0.0,4.16099868097027e-05,0.0,0.0,0.0,0.7789607902986945,6.51550370009825e-07,0.7878777178743113,0
1819,0.0070964490071114,0.0592302258619841,0.0,0.0,0.0,0.699682447,0.0,0.0,3.7789705041103505,0.009081673,0.0163198823795885,0.0,0.0,0.0,6.597326843668761,0.0003760471830324,11.168084072210828,0
1820,0.013245,0.0030798816490334,0.0,0.0,0.0,2.118543786,0.0,0.0,5.602106129852441,0.044796384,0.0076798546060636,0.825194937,0.0,0.0,8.169262520800734,0.0003594988221867,16.78426799273046,0
1821,0.0064925,0.0030798816490334,0.0,0.0,0.0,0.132129113,0.0,0.0,3.2436564081632935,0.046058254,0.0015041371287091,0.254268323,0.0,0.0,5.590737027746144,2.35511947146964e-05,9.277949195881895,0
1822,0.0108439490071114,0.0030798816490334,0.0,0.0,0.0,0.331308008,0.0,0.0,2.385371777976848,0.058015762,0.0023865093929302,0.603507411,0.0,0.0,4.844103861475615,0.0002298993858212,8.238847059887359,0
1823,0.0067475,0.040367381203707,0.0,0.0,0.0,0.046959795,0.0,0.0,1.4193615562012796,0.046124309,0.0105346386493692,0.835707743,0.0,0.0,2.466363657331438,0.008353514385235,4.880520094771029,0
1824,0.0030532245035557,0.016385176827889,0.0,0.0,0.0,0.0,0.0,0.0,2.1995543579522114,0.027552511,0.0037590717661731,0.0,0.0,0.0,1.6039971737767547,5.88581493362873e-05,3.8543603739759202,0
1825,0.00225,0.003180641230761,0.0,0.0,0.0,0.0,0.0,0.0,0.8726332307539889,0.021664328,0.0010412952159778,0.0,0.0,0.0,0.4563346214714275,1.63041965540691e-05,1.3571204208687093,0
1826,0.0168539490071114,0.0055949310182014,0.0,0.0,0.0,0.849184541,0.0,0.0,3.259973474308415,0.108239871,0.0259931895184543,0.0,0.0,0.0,17.34741457917761,0.0066048559286241,21.619859390958418,0
1827,0.0088489490071114,0.0139475555781917,0.0,0.0,0.0,0.424224279,0.0,0.0,3.0856958032875426,0.037112053,0.061438823181245,0.00225152,0.0,0.0,10.809216311086775,0.0019815717314552,14.444716865872321,0
1828,0.0,0.176396237499692,0.0,0.0,0.0,0.0,0.0,0.0,0.9060093229990159,0.004939618,0.024959821315894,0.0,0.0,0.0,7.583267548460062,0.0003908114060396,8.695963359680704,0
1829,0.0,0.0061524326399144,0.0,0.0,0.0,0.0,0.0,0.0,0.1336200932700535,0.0,9.91150022479763e-05,0.0,0.0,0.0018,0.04037983305339527,1.55190712065533e-06,0.1820530258727318,0
1830,0.0,0.0623055464298105,0.0,0.0,0.0,0.0,0.0,0.0,4.326259819211243,0.0,0.0019105195717374,0.0,0.0,0.05935,0.07502656617530597,2.99141463694552e-05,4.5248823655344665,0
1831,0.0032475,0.0103250840091307,0.0,0.0,0.0,0.385887012,0.0,0.0,6.128075747205225,0.055636449000000004,0.0883193666818354,0.112948732,0.0,0.0,5.427297979801487,0.0053903136705744,12.217128184368251,0
1832,0.0031039490071114,0.0280093556516431,0.0,0.0,0.0,0.366347799,0.0,0.0,2.8674678864877365,0.022684436,0.0623995567065512,0.060384361,0.0,0.0,6.645460473116181,0.0014707253911565,10.057328542360379,0
1833,0.0002475,0.230788060251498,0.0,0.0,0.0,0.030042602,0.0,0.0,1.341278142654414,0.028255711,0.0297597851137419,0.050240815,0.0,0.0,2.5585335789564385,0.0006542496159514,4.269800444592044,0
1834,0.0,0.311824332920131,0.0,0.0,0.0,0.0,0.0,0.0,0.7175221164292336,0.0,0.0115199185817407,0.0,0.0,0.0,2.5667549663483085,0.0001803744950952,3.6078017087745087,0
1835,0.0,0.088209855842386,0.193168356383467,0.0,0.0,0.106461647,0.0,0.0,5.315886818960773,0.002889533,0.0220795341570073,0.009241383,0.0,0.0,0.5425771640864016,0.0003457129422652,6.2808600053723005,0
1836,0.008745,0.029391535627844,0.171418934285543,0.0,0.0,0.641651002,0.0,0.0,7.010827829777045,0.194459577,0.0547188410628232,2.3442709180000003,0.0,0.0,7.024504038333984,0.0028912922142893,17.48287896830153,0
1837,0.0100507245035557,0.0053898993969834,0.0,0.0,0.0,0.567172916,0.0,0.0,1.9644605978555307,0.024504562,0.0130083383562599,0.737168241,0.0,0.0,5.4800467322260085,0.0002036795830448,8.802005690921384,0
1838,0.00624,0.0083089980587647,0.0,0.0,0.0,0.015458815,0.0,0.0,2.1540412398983673,0.03686835,0.0294465655792661,1.2418691689999999,0.0,0.0,4.227839156610155,0.0010664372474196,7.721138731393974,0
1839,0.0,0.0052419743768835,0.0,0.0,0.0,0.044334713,0.0,0.0,1.415911307876934,0.003172619,0.0030210463161056,0.831473908,0.0,0.0,0.7563462270568823,0.000563879423462,3.0600656750502675,0
1840,0.0072,0.0127477207441698,0.0,0.0,0.0,0.526725309,0.0,0.0,2.4947602590406186,0.006708817,0.0135086490746535,0.0,0.0,0.0,6.189528747967084,0.0002115132818711,9.251391016108398,0
1841,0.003,0.0060825275533946,0.0,0.0,0.0,0.004375136,0.0,0.0,1.1438620075259314,0.003738811,0.0041955358583945,1.173582543,0.0,0.0,3.0524237447705667,6.56921059913498e-05,5.3913259978142785,0
1842,0.0094957245035557,0.0411166755955934,0.0,0.0,0.0,0.381511875,0.0,0.0,5.57133716042858,0.011528498,0.063358656993748,4.102997934,0.0,0.0,5.705700173716965,0.0025513021617037,15.889598000400145,0
1843,0.012745,0.0067024050624895,0.0,0.0,0.0,5.221979508,0.0,0.0,14.18640477811076,0.180709649,0.0239992996331878,1.98358158,0.0,0.0,4.594179306730243,0.007244043835079,26.217545570371758,0
1844,0.0003032245035557,0.0032632423131317,0.0,0.0,0.0,0.0,0.0,0.0,0.7033754610959351,0.262340332,0.0023221297434419,0.444596979,0.0,0.0,9.8672911616699,0.0020176474530709,11.285510177779036,0
1845,0.0165382245035557,0.004518628416421,0.0,0.0,0.0,0.284675528,0.0,0.0,3.9806249815335004,0.105533238,0.0035585251603422,0.0,0.0,0.0,6.662937668790488,0.001321143324157,11.059707937728465,0
1846,0.0146232960284458,0.0099503656830017,0.0,0.0,0.0,0.0,0.0,0.0,2.866226691825487,0.012773692,0.0059172285036209,0.0,0.0,0.0,4.906706235554472,0.0001223249607409,7.816319834555768,0
1847,0.0024975,0.0044851110150385,0.0,0.0,0.0,0.382491243,0.0,0.0,2.0594347906765784,0.005776924,0.0012102567735192,0.0,0.0,0.0,3.2438736341265075,1.8949761746275e-05,5.69978840935339,0
1848,0.0136496735106672,0.0356828515921131,0.0,0.0,0.0,0.795418615,0.0,0.0,5.732612071162395,0.01009246,0.0172796318618498,0.0,0.0,4.218361272e-05,11.677100117679405,0.0004996333719656,18.282377237791113,0
1849,0.0149875,0.0048911433557615,0.0,0.0,0.0,0.025667466,0.0,0.0,6.153760548117216,0.438062753,0.0499185424169947,0.0,0.0,0.0,6.384593360695932,0.0063197528439862,13.07820106642989,0
1850,0.00099,0.016730889963246,0.0,0.0,0.0,0.02741752,0.0,0.0,0.46708433045497283,0.58145847,0.0007647586194548,0.018674491,0.0,0.0,4.215648263113885,1.19743437004725e-05,5.328780697495259,0
1851,0.0007425,0.044617849187285,0.0,0.0,0.0,0.0,0.0,0.0,2.4058362653056133,1.014282132,0.0023270499586666,0.038488706,0.0,0.0,0.13462810980523462,0.0017096872728842,3.642632299529684,0
1852,0.00075,0.0320600689566819,0.0,0.0,0.0,0.212923294,0.0,0.0,2.7353982674698543,0.013629571,0.0489585742585013,0.018200713,0.0,0.0,4.258539916140964,0.0014944775460753,7.321954882372077,0
1853,0.0,0.035720300745179,0.0,0.0,0.0,0.0,0.0,0.0,0.0225030238758886,0.0,0.0,0.0,0.0,0.0,0.00809611353600799,0.0,0.0663194381570756,0
1854,0.0,0.269763759737926,0.0,0.0,0.0,0.0,0.0,0.0,0.530876368142975,0.0,0.0,0.0,0.0,0.0,0.0307789190400362,0.0,0.8314190469209372,0
1855,0.0,0.142121344667569,0.0,0.0,0.0,0.0,0.0,0.0,0.6979641736643444,0.0,0.0019199841524126,0.0,0.0,0.0,20.142783030584987,3.00624158492035e-05,20.984818595485162,0
1856,0.0,0.0031122195904292,0.0,0.0,0.0,0.0,0.0,0.0,0.1528182406753528,0.006897479,0.0009599339903321,0.0,0.0,0.01808,0.6953407055672389,1.50302697831941e-05,0.8772236090931362,0
1857,0.0222982245035557,0.0044394361030231,0.0,0.0,0.0,2.539572195,0.0,0.0,8.4819135128967,0.044719847,0.0403515870969365,0.0,0.0,0.02918,9.709967545939278,0.0014598324583563,20.87390218099785,0
1858,0.0060407245035557,0.0443110609618617,0.175421621532449,0.0,0.0,0.830912922,0.0,0.0,6.299515347756095,0.007318344,0.0719994843022469,0.0,0.0,0.0,11.316982350360398,0.0026793942903783,18.755181249706983,0
1859,0.0007425,0.257432523129424,0.0,0.0,0.0,0.061251907,0.0,0.0,0.8558461891510931,0.007899705,0.007679943443283,0.0,0.0,0.0,1.1628406970146496,0.0006076273301252,2.354301092068575,0
1860,0.0,0.0031116280237458,0.0,0.0,0.0,0.0,0.0,0.0,0.0054037488850920004,0.0,3.48515245080446e-07,0.0,0.0,0.0,0.0007094284709959408,5.50398306221906e-09,0.009225159399061884,0
1861,0.0,0.257439450579563,0.0,0.0,0.0,0.0,0.0,0.0,0.7913391613299303,0.0,0.0028166865434756,0.0,0.0,0.0,1.1811460555092292,4.4102564579656e-05,2.232785456526778,0
1862,0.0,0.106845177602379,0.0,0.0,0.0,0.0,0.0,0.0,0.20951767916527494,0.0,0.0007588065257594,0.0,0.0,0.0,0.3695320943913307,1.18810868395215e-05,0.6866656387715836,0
1863,0.0,0.0963689870473969,0.0,0.0,0.0,0.0,0.0,0.0,0.35197954635539214,0.0,0.000682194674532,0.0,0.0,0.0,0.891246673113181,1.06815664757216e-05,1.3402880827569776,0
1864,0.0054553980142228,0.103330345640253,0.0,0.0,0.0,0.0,0.0,0.0,5.101952368233598,0.0,0.0143251314566577,0.0,0.0,0.0,0.7603975086127647,0.0002242974185625,5.985685049376059,0
1865,0.0002475,0.0040485435512955,0.0,0.0,0.0,0.0,0.0,0.0,0.2375451825088621,0.0,0.0001384152213549,0.0,0.0,0.0,0.013403900422374538,2.16725821083162e-06,0.2553857089620979,0
1866,0.0,0.0034077359121292,0.0,0.0,0.0,0.0,0.0,0.0,0.3771492201478821,0.003316943,0.0002163664645046,0.0,0.0,0.0,0.6801654489502298,3.38778376228747e-06,1.064259102258508,0
1867,0.0068996735106671,0.0772586046291639,0.0,0.0,0.0,0.074668991,0.0,0.0,3.4115007484438706,0.049892657,0.0489539273885669,0.0,0.0,0.0,14.708376747615127,0.0015537138395346,18.37910506342693,0
1868,0.0113389490071114,0.0574189252719598,0.0,0.0,0.0,1.107803339,0.0,0.0,5.117364847385695,2.046753066,0.0335997602521995,0.0,0.0,0.11901,23.853834399518174,0.0454237151067723,32.392547001541914,1
1869,0.0101039490071114,0.0411172070006424,0.0,0.0,0.0,0.668380438,0.0,0.0,4.5549285725641555,0.068505167,0.0278398009613292,0.311181825,0.0,0.04795,10.886408803453751,0.0030216330176355,16.619437396004624,0
1870,0.0037425,0.0066822246317267,0.0,0.0,0.0,0.008458597,0.0,0.0,2.6810744757622222,0.147107047,0.0038184970322755,0.0,0.0,0.04394,6.527824000374652,5.97885288051673e-05,9.422707130329682,0
1871,0.0087982245035557,0.0096625644851291,0.0,0.0,0.0,0.824139248,0.0,0.0,3.2630092628310323,0.198858078,0.0069776715571814,0.003146157,0.0,0.02033,2.2454683767455235,0.0028882953693442,6.583277878491766,0
1872,0.0,0.0030844569168942,0.0,0.0,0.0,0.0,0.0,0.0,0.6204262020438343,1.128386432,4.961217018204e-05,0.0,0.0,0.0018956844515797,4.438593748024223,7.76860594571359e-07,6.192436912467308,0
1873,0.002,0.0034175053105233,0.0,0.0,0.0,0.106461647,0.0,0.0,3.237294886476987,3.947259084,0.0014881942646547,0.38294147300000003,0.0,0.0307944942580084,6.0000474238879065,0.009509169041763,13.721213877239842,0
1874,0.0,0.0030883322854222,0.0,0.0,0.0,0.0,0.0,0.0,0.1317536226670808,0.0,0.0004274368640105,0.0,0.0,7.33296704488554e-07,0.2292169147572427,9.91852696086471e-06,0.3644969583974215,0
1875,0.000495,0.0034856029233862,0.0,0.0,0.0,0.64453212,0.0,0.0,1.1941969179365042,0.0,0.0006451017186439,0.0,0.0,0.00014764264452,3.1367615507214683,1.01007754034511e-05,4.980274036719926,0
1876,0.0224925,0.0085137186136125,0.0,0.0,0.0,0.316287783,0.0,0.0,6.527645715608636,0.261091423,0.0134397455606115,2.325325849,0.0,0.0,28.89801508781316,0.0019505765541662,38.374762399150185,1
1877,0.009245,0.0657142454991299,0.0,0.0,0.0,0.0,0.0,0.0,5.241454246774442,0.86898509,0.0067199547838928,1.3535908,0.0,0.0,18.514048910707583,0.0017990847348471,26.061557332499895,0
1878,0.0094603980142228,0.029916629971755,0.0,0.0,0.0,0.263110372,0.0,0.0,4.931244784061431,0.05633434,0.0028799454772738,0.0,0.0,3.163770954e-05,12.940884256444624,0.0001608763988317,18.23402324007768,0
1879,0.0060407245035557,0.0103250840091307,0.0,0.0,0.0,0.296050882,0.0,0.0,3.48134254967179,0.030926582,0.0489596471387656,0.0,0.0,0.0,7.3199695764124515,0.0012680349034404,11.194883080639134,0
1880,0.001445,0.0525094894094276,0.0,0.0,0.0,0.213798322,0.0,0.0,1.8165004623854384,0.010720351,0.0383992661966862,0.0,0.0,0.0,1.072869536402084,0.0006012411020764,3.2068436684957127,0
1881,0.0,0.146170697057238,0.262748787054328,0.0,0.0,0.0,0.0,0.0,0.9489499557826038,0.003207953,0.0134397182260824,0.0,0.0,0.0,0.27263318107940904,0.0008698884432989,1.6480201806429602,0
1882,0.0120382245035557,0.0266262838364978,0.0,0.0,0.0,0.212923294,0.0,0.0,8.765932150527517,0.122177196,0.0662380694477059,0.0,0.0,0.05292,7.111378645715663,0.0036026089889443,16.373836473019885,0
1883,0.0107425,0.0121362679492662,0.0,0.0,0.0,0.455305839,0.0,0.0,7.831097198037715,0.067847926,0.0835182343328717,0.0,0.0,0.0,16.536777021676926,0.0053441007995302,25.00276908779631,0
1884,0.0,0.0336282720713931,0.0,0.0,0.0,0.0,0.0,0.0,0.7039629224735394,0.0,0.0,0.0,0.0,0.0,0.02276875506009955,0.0,0.7603599496050321,0
1885,0.0,0.0661301441276863,0.0,0.0,0.0,0.0,0.0,0.0,0.6255665408793802,0.0,0.0,0.0,0.0,0.0,0.13046485695016893,0.0,0.8221615419572355,0
1886,0.0,0.0550208109357667,0.0,0.0,0.0,0.0,0.0,0.0,0.46082651020863913,0.0,0.0,0.0,0.0,4.01062384961776e-05,24.804315164433135,0.0,25.320202591816034,0
1887,0.0,0.0045144679037204,0.0,0.0,0.0,0.0,0.0,0.0,0.11348562730766928,0.0,0.0,0.0,0.0,0.0,0.0011499395751784689,0.0,0.11915003478656817,0
1888,0.0197657245035557,0.0266268022804481,0.0,0.0,0.0,1.003328926,0.0,0.0,8.297938166970562,0.018119453,0.0787194390861397,0.0,0.0,0.0,9.99123418400666,0.0025818229219562,19.43831451876932,0
1889,0.0187757245035557,0.0374946058205938,0.0,0.0,0.0,0.106461647,0.0,0.0,6.536489542863372,0.025845229,0.0623995567065512,0.0,0.0,0.0,9.135786689517058,0.0019766536606598,15.92522964907179,0
1890,0.0143564490071114,0.0171415391503986,0.0,0.0,0.0,0.422054804,0.0,0.0,7.051648526217422,0.138718592,0.0719994843022469,0.0,0.0,0.0,5.423341661667456,0.0063850144118595,13.145646070756495,0
1891,0.0131014490071114,0.0248155016904238,0.0,0.0,0.0,0.604608182,0.0,0.0,5.850340691519962,0.048662088,0.067199520504399,0.315166835,0.0,0.0,4.449455498800523,0.0075013067202334,11.380851073242653,0
1892,0.009495,0.0048911822390577,0.0,0.0,0.0,0.857012042,0.0,0.0,8.397210290712355,0.02582896,0.067199520504399,0.0,0.0,0.0,7.402160537558517,0.0021206521871345,16.765918185201464,0
1893,0.0,0.0031358217512635,0.0,0.0,0.0,0.0,0.0,0.0,1.5101080349396327,0.013995138,0.0006748075180628,0.0,0.0,4.09778471940423e-06,3.0365954542705524,0.0003682965112474,4.564881650775479,0
1894,0.0003032245035557,0.0031864737252011,0.0,0.0,0.0,0.0,0.0,0.0,0.7698743278625628,0.0,0.0,0.0,0.0,3.04497321369854,0.15838769834757838,0.0,3.976724938137438,0
1895,0.0,0.0035556835843589,0.0,0.0,0.0,0.0,0.0,0.0,1.521504827010426,0.0,0.0,0.0,0.0,4.813576918962,0.10261285998562807,0.0,6.441250289542413,0
1896,0.0,0.003188495656607,0.0,0.0,0.0,0.0,0.0,0.0,0.0980463617325058,0.0,0.0,0.0,0.0,0.9782748595846,0.04596749421176736,0.0,1.12547721118548,0
1897,0.0,0.0030798816490334,0.0,0.0,0.0,0.0,0.0,0.0,0.40991746188076394,0.002139152,0.0,0.0,0.0,0.01030846809628,0.3138219286354144,0.0,0.7392668922614918,0
1898,0.0,0.0030798816490334,0.0,0.0,0.0,0.0,0.0,0.0,0.0162355810318018,0.005878985,0.0,0.0,0.0,4.91914468156788,0.015142852220026497,0.0,4.959481981468742,0
1899,0.0070532245035557,0.0030798816490334,0.0,0.0,0.0,0.0,0.0,0.0,2.844667510885523,0.011194132,0.0,0.0,0.0,1.1835201370528,1.1495827981268294,0.0,5.199097684217741,0
1900,0.0,0.0118382257185385,0.0,0.0,0.0,0.0,0.0,0.0,1.558296134819904,36.0,0.0,0.0,0.0,24.351988917214598,0.2296580333845695,0.0,62.15178131113761,1
1901,0.0,0.0034243298138682,0.0,0.0,0.0,0.0,0.0,0.0,0.0101471198924522,0.0,0.0,0.0,0.0,2.82805717923527,0.011470467857375002,0.0,2.853099096798965,0
1902,0.0,0.0031878643424502,0.0,0.0,0.0,0.0,0.0,0.0,0.0799693045910304,0.0,0.0,0.0,0.0,0.33696231396542997,0.008462989593340192,0.0,0.4285824724922508,0
1903,0.0096953980142228,0.124393553400327,0.0,0.0,0.0,0.382491243,0.0,0.0,1.2793587416217145,2.204853034,0.0,0.0,0.0,0.0,17.448065182138652,0.0,21.448857152174917,0
1904,0.0005,0.324167156227408,0.0,0.0,0.0,0.106461647,0.0,0.0,1.434050156162876,0.0,0.0028799454772738,0.228129193,0.0,0.0,1.5022218498749482,4.50930826557311e-05,3.598455040825162,0
1905,0.0,0.0371805765474802,0.0,0.0,0.0,0.0,0.0,0.0,0.6899408148359619,0.038134655,0.0085758121312106,1.589726167,0.0,0.0211,27.097335613140373,0.000134276769775,29.4821279154248,1
1906,0.0,0.0039420022732731,0.0,0.0,0.0,0.0,0.0,0.0,0.8729527418605859,0.00606347,0.0002168106506013,0.0,0.0,0.00645,0.02072013618908316,3.3947225107127e-06,0.9103485556960541,0
1907,0.0156546735106672,0.0193813666205733,0.0,0.0,0.0,2.243329955,0.0,0.0,7.140635846492364,2.100484949,0.0547188410628232,1.983519695,0.0,0.02804,8.299733944172324,0.038493608284728,21.92399287914348,0
1908,0.0,0.0488864633438284,0.0,0.0,0.0,0.0,0.0,0.0,3.397892621717415,0.018191281,0.0681580125983251,0.0,0.0,0.0,3.3463189541626335,0.0024117888046566,6.881859121626859,0
1909,0.0082475,0.017570117874944,0.0,0.0,0.0,0.0,0.0,0.0,10.622718788465697,1.057502779,0.0470391026285078,2.343696428,0.0,0.01849,4.270456919770588,0.0431865506931239,18.42890818643286,0
1910,0.000495,0.0030860381709424,0.0,0.0,0.0,0.0,0.0,0.0,0.0984268939304696,0.030645624,9.79259502353489e-06,0.0,0.0,0.0055,1.6447781366299443,1.5333584014093e-07,1.7829416386622199,0
1911,0.00075,0.0031763640681716,0.0,0.0,0.0,0.0,0.0,0.0,0.6006657131169272,0.121290424,0.0001534013768934,0.241671563,0.0,0.02793,0.2061582088474209,2.40193878758579e-06,1.2017980763482006,0
1912,0.005235,0.0099458811428322,0.0,0.0,0.0,0.871402127,0.0,0.0,10.495965335567893,24.7552002319521,0.010916973540487,2.021285623,0.0,0.04473,11.444346030724299,0.0157227542472118,49.674749957174825,1
1913,0.0160482245035557,0.0030798816490334,0.0,0.0,0.0,2.808510657,0.0,0.0,7.213856726991798,0.404899758,0.019199629681527,2.49598935,0.0,2e-05,7.626790462891833,0.0057891147718677,20.594183805489614,0
1914,0.0068539490071114,0.112598872021064,0.0,0.0,0.0,0.0,0.0,0.0,10.808781913557677,8.4779534080354,0.0092135335270176,0.151464263,0.0,0.02944,5.160309036495142,0.0004834762045156,24.75709845184793,0
1915,0.0,0.0031270470874058,0.0,0.0,0.0,0.0,0.0,0.0,0.0660878906903606,0.03111133,3.9703403410145e-06,0.0,0.0,0.0,0.002276191588924672,6.2122392851763e-08,0.10260649182942494,0
1916,0.00424,0.0048911563168602,0.0,0.0,0.0,0.667645782,0.0,0.0,7.19887261049653,0.038924497,0.0220795751588008,0.0,0.0,0.0,5.165782534528091,0.0005757018685853,13.103011857368868,0
1917,0.0017475,0.0095570092968619,0.0,0.0,0.0,0.382491243,0.0,0.0,2.5748902989653053,0.009781298,0.0052637624190951,0.0,0.0,0.0,0.3548715264076148,8.24180361011943e-05,3.3386850561249783,0
1918,0.0053539490071114,0.0206139541511511,0.0,0.0,0.0,0.109086729,0.0,0.0,3.8835362793629837,0.018549593,0.0164242114432482,0.0,0.0,0.0,3.7314856990555105,0.0015301142944855,7.78658052931449,0
1919,0.0,0.0031183890734369,0.0,0.0,0.0,0.0,0.0,0.0,0.015268161308226698,0.047202054,1.63255474607291e-05,0.0,0.0,1.79655509514602,0.024568978180771976,2.55656040340202e-07,1.8867292589119566,0
1920,0.0075939490071114,0.0109937600550411,0.0,0.0,0.0,0.0,0.0,0.0,5.439761525026643,0.67666477,0.0033554979460022,0.0,0.0,0.10351014844688,6.453241248598905,0.0015620412871236,12.696682940367706,0
1921,0.0200789490071114,0.0103250840091307,0.0,0.0,0.0,0.0,0.0,0.0,4.471465387880073,0.233538191,0.0383997240500474,0.021557864,0.0,0.0,9.295473096701818,0.0138644763510395,14.10470277299922,0
1922,0.0088564490071114,0.0678579815932763,0.0,0.0,0.0,0.125985458,0.0,0.0,5.949957389763697,0.176220208,0.0134399027341534,0.166881841,0.0,0.0,2.3933148625631877,0.0043421429611392,8.906856235622564,0
1923,0.0101064490071114,0.0030798816490334,0.0,0.0,0.0,0.612320513,0.0,0.0,7.059743312879816,12.305290084,0.0,0.067025049,0.0,12.70202350735822,4.020287100735131,0.0,36.77987589762931,1
1924,0.0009975,0.0307744623940331,0.0,0.0,0.0,0.0,0.0,0.0,1.0439140593628529,0.0,0.0,0.0,0.0,0.0,0.4529252687383313,0.0,1.5286112904952172,0
1925,0.0,0.0980331716009294,0.0,0.0,0.0,0.0,0.0,0.0,2.454874513236037,0.0,0.0059642712280745,0.217355602,0.0,0.0,39.37924700217227,9.33862471708492e-05,42.15556794648448,1
1926,0.0,0.0048039615341545,0.0,0.0,0.0,0.0,0.0,0.0,0.7562917895460173,0.0,0.0001082925703684,0.0,0.0,0.0,5.992408551189226,1.69562509533815e-06,6.753614290464862,0
1927,0.00225,0.128873649018034,0.0,0.0,0.0,0.364886358,0.0,0.0,6.832021969064959,0.002667767,0.0508796381248105,0.0,0.0,0.0,27.40737316056932,0.0007966540200038,34.78974919579713,1
1928,0.0,0.0243168258261523,0.0,0.0,0.0,0.0,0.0,0.0,1.253624190131159,0.0,0.0026039760722282,0.0,0.0,7.543766160547509,0.5033704666147851,4.07721075990763e-05,9.327722391299433,0
1929,0.0,0.0040556519418534,0.0,0.0,0.0,0.0,0.0,0.0,0.0181402522349131,0.0,0.0001196432335464,0.0,0.0,2.04422798617491,0.01257132584503673,1.87335494211606e-06,2.079116732785202,0
1930,0.0,0.0193814055038695,0.0,0.0,0.0,0.0,0.0,0.0,9.597540103826816,0.060964901,0.0163196842042531,0.04618879,0.0,0.0046322705463085,4.885197847054152,0.0014771450948085,14.631702147230207,0
1931,0.0095457245035557,0.0942643125500856,0.0,0.0,0.0,0.0,0.0,0.0,7.808801145379592,0.024257233,0.0508785174091204,0.0,0.0,0.0,4.600501810174183,0.0013311230899966,12.589579866106535,0
1932,0.0068489490071114,0.0740784865188261,0.0,0.0,0.0,0.0,0.0,0.0,3.6852510223540826,0.00378159,0.0168683497044936,0.0,0.0,0.0,16.15974056799712,0.0002641181650602,19.946833083746693,0
1933,0.0007475,0.006405103379229,0.0,0.0,0.0,0.0,0.0,0.0,1.3449014565885364,0.000818388,0.0007900293915393,0.0,0.0,0.0,0.10742053584933745,1.2369990437136e-05,1.4610953831990794,0
1934,0.0039925,0.0121361901826736,0.0,0.0,0.0,0.054251689,0.0,0.0,3.697716209687246,0.158408689,0.0662380694477059,0.0,0.0,0.0,20.68910350063734,0.0066253586197631,24.68847220657473,0
1935,0.0062475,0.151989729940319,0.0,0.0,0.0,0.154004794,0.0,0.0,2.4625846796564623,0.063491295,0.0297593682621742,0.0,0.0,0.0,5.964403655796293,0.0006219630768239,8.833102985732072,0
1936,0.007745,0.0175699753028577,0.0,0.0,0.0,3.244595842,0.0,0.0,4.0010639677482756,0.519643887,0.025919242783807,0.132396878,0.0,0.01368,14.201832714196264,0.0018368988707763,22.16628440590198,0
1937,0.00225,0.0239732765321731,0.0,0.0,0.0,0.102378187,0.0,0.0,1.5571621404446203,0.006879897,0.0016428666971479,0.0,0.0,0.038574934533377,1.503601658681359,0.0002097263853191,3.2366726872739964,0
1938,0.0075,0.0088547510440752,0.0,0.0,0.0,0.428727707,0.0,0.0,2.45230993139227,0.00363082,0.0004558169387716,0.0,0.0,0.0330862103992288,5.2529263773792385,7.13701732673165e-06,8.18749875117091,0
1939,0.0,0.0031996047617862,0.0,0.0,0.0,0.0,0.0,0.0,0.2512849366753539,0.012735457,0.000553182531162,0.0,0.0,0.0,2.023752080125864,2.58106611751851e-05,2.291551071755342,0
1940,0.0101571735106672,0.0266264652918804,0.0882140840491634,0.0,0.0,0.0,0.0,0.0,5.098945877952413,0.008328127,0.0268794296185326,0.0,0.0,0.0,5.850187755545427,0.0007165610402999,11.110055474008384,0
1941,0.006995,0.0470039019183716,0.0,0.0,0.0,0.0,0.0,0.0,2.271788155684811,0.003576999,0.0153899958702881,0.0,0.0,0.0,4.919970046441132,0.0006007919284681,7.265324890843071,0
1942,0.000495,0.0057981443108153,0.0,0.0,0.0,0.0,0.0,0.0,0.597360718708356,0.000889842,0.00095241699485,0.0,0.0,0.0,0.8158114920053621,1.49125935500866e-05,1.4213225266129335,0
1943,0.00275,0.0030798816490334,0.0,0.0,0.0,0.0,0.0,0.0,4.171261666924622,0.004734025,0.0873581548022713,0.0,0.0,0.0,4.5436486665742075,0.0021968573391891,8.815029252289323,0
1944,0.0066014490071114,0.0175700919527465,0.0,0.0,0.0,0.364886358,0.0,0.0,6.720111044525559,0.14437277,0.0518389024191815,0.0,0.0,0.0,6.169501035909033,0.0080856443943743,13.482967296208008,0
1945,0.0104875,0.0211926412884001,0.0,0.0,0.0,0.64453212,0.0,0.0,2.564791823813997,0.209999263,0.0019199568178836,0.0,0.0,0.00514083307753,2.2889283288084608,0.0003764463607262,5.747368913166998,0
1946,0.0015,0.0642222318625215,103.490079770752,0.0,0.0,0.0,0.0,0.0,6.518404655136556,2.270304034,0.0265766382068803,0.0,0.0,0.0,3.026097155872783,0.0398890186806733,115.43707350451142,1
1947,0.0,0.0031825812622767,4.54693957653543,0.0,0.0,0.0,0.0,0.0,0.2506661910972114,0.093044957,4.4637285899323e-05,0.0,0.0,0.0,15.375289678703634,6.9894552130855e-07,20.269168320829973,0
1948,0.003,0.0537957149202697,141.288938188622,0.0,0.0,0.0,0.0,0.0,6.360246852630982,0.0,0.0076798546060636,0.0,0.0,0.0,4.292999641017732,0.0001202482204152,152.00678050001747,1
1949,0.011995,0.0085137834191063,336.036737470673,0.0,0.0,0.384875575,0.0,0.0,6.346283831215809,0.117141378,0.0,0.000502012,0.0,0.0,1.3608048549890812,0.0,344.266853905297,1
1950,0.001,0.0262854328614178,57.3093128812833,0.0,0.0,0.0,0.0,0.0,5.129664630601144,1.163677985,0.0,0.0,0.0,0.0,13.863457867595455,0.0,77.49339879734131,1
1951,0.0015,0.0049029638778268,45.714246670904,0.0,0.0,0.769751149,0.0,0.0,0.6640950494257016,0.326166818,0.0,0.0,0.0,0.0,2.045907105329098,0.0,49.526569756536624,1
1952,0.0117982245035557,0.0338720046405452,82.9982921593748,0.0,0.0,1.089632878,0.0,0.0,5.243785401403296,0.073882196,0.0364797398976347,0.0,0.0,0.0,2.5594319733501454,0.0048066656499967,92.05198124281998,1
1953,0.0366050715248901,0.0048911822390577,73.1844864353364,0.0,0.0,3.928665104,0.0,0.0,12.492151853264737,0.865487157,0.0124799140747631,0.006410903999999999,0.0,0.0,15.09918606471017,0.0018086548306977,105.63217234098072,1
1954,0.0082425,0.012136384599155,70.6043035334826,0.0,0.0,0.106461647,0.0,0.0,5.634394316917212,0.603399367,0.0393597195430699,0.018277983,0.0,0.0,3.5190538513809435,155.109410382853,235.65503968577596,1
1955,0.0024975,0.142550091886398,39.4856301556485,0.0,0.0,0.451267984,0.0,0.0,3.5414373506678967,0.147458303,0.0143998982271758,0.050041682,0.0,0.00323,5.556717312262222,0.0004291095856139,49.39565938727781,1
1956,0.0087475,0.0097869780720861,19.5428571198955,0.0,0.0,1.515029414,0.0,0.0,4.563717167605036,0.006321518,0.023131831520918,0.067464084,0.0,0.0,11.240373775213028,0.0008103524229396,36.978239740729514,1
1957,0.0,0.0035274154279725,0.0,0.0,0.0,0.0,0.0,0.0,0.460387307247978,0.056011805,0.0011726991306376,0.0,0.0,0.0,1.4553576124590484,7.58898766587095e-05,1.9765327291422952,0
1958,0.00375,0.0065223365174752,0.0,0.0,0.0,0.311063821,0.0,0.0,2.7734574609330083,0.029456923,0.0017104786546935,0.0,0.0,0.0,0.9134542675222757,2.67819943238188e-05,4.039442069621777,0
1959,0.0015,0.0033648962106735,0.0,0.0,0.0,0.073793964,0.0,0.0,1.5619362277223445,0.052113349,0.0013212622958935,0.0,0.0,0.0010200902199533,2.018189892167334,0.0002257171479244,3.713465398764123,0
1960,0.0054975,0.0030798816490334,0.0,0.0,0.0,0.155171497,0.0,0.0,0.8417485073004779,0.029816748,0.0008828301175823,0.0,0.0,0.0,2.975293977599291,8.70542520435869e-05,4.011577995918429,0
1961,0.0,0.0030799982989222,0.0,0.0,0.0,0.0,0.0,0.0,0.0171919456191823,0.006287336,0.0002118357663186,0.002774211,0.0,0.0,0.3490568817716089,5.32712219567131e-06,0.3786075355782277,0
1962,0.007235,0.0424997603718374,0.0,0.0,0.0,0.156921551,0.0,0.0,3.9022954437543462,0.029162793,0.0479996584793753,0.086866551,0.0,0.0,16.721843556738538,0.0025350884875285,20.997359402831627,0
1963,0.0,0.0030798816490334,0.0,0.0,0.0,0.0,0.0,0.0,0.0093409017851005,2.77e-05,4.64686993440595e-07,0.0,0.0,0.0,0.047136168196752884,7.265841631564971e-09,0.05958512358372185,0
1964,0.0065,0.0030798816490334,0.0,0.0,0.0,0.212923294,0.0,0.0,4.948779751363493,0.011567318,0.0812097035176201,0.084919589,0.0,0.0,12.3204407946588,0.0028755178246004,17.672295850013548,0
1965,0.0045964490071114,0.0519850235018869,0.0,0.0,0.0,0.305384506,0.0,0.0,4.410525014947196,0.021453092,0.034559755745222,0.0,0.0,0.0,11.764753578471032,0.0006473568912766,16.593904776563726,0
1966,0.01275,0.0030798816490334,0.0882140840491634,0.0,0.0,0.901498452,0.0,0.0,5.772015307618552,0.03738238,0.0479990776206336,0.0,0.0,0.0,18.133131549030256,0.0013599392579407,24.99743067122558,0
1967,0.005,0.106324067124813,0.0882140840491634,0.0,0.0,0.236840706,0.0,0.0,3.4389026453416793,0.015194181,0.034559755745222,0.0,0.0,0.0,4.359229042681267,0.0020409799038063,8.28630546184595,0
1968,0.0,0.0411172070006424,0.0882140840491634,0.0,0.0,0.0,0.0,0.0,2.9890680358103703,0.037744836,0.034559755745222,0.0,0.0,0.0,5.034239596434697,0.0005411234852856,8.22548463852538,0
1969,0.0,0.154851103983631,0.0,0.0,0.0,0.0,0.0,0.0,1.9683437372789534,0.0,0.0105597795824408,0.0,0.0,0.0,25.511441366021288,0.0001653409723877,27.6453613278387,1
1970,0.0,0.0220861923977237,0.0,0.0,0.0,0.0,0.0,0.0,1.8329088016310555,0.017274279,0.0155679436542468,0.0,0.0,0.0,2.1946158177665263,0.0002437569815315,4.082696791431084,0
1971,0.0006064490071114,0.0068936460746313,5.50851365344194,0.0,0.0,0.0,0.0,0.0,1.9525190746217929,0.007737983,0.0031238309788753,0.0,0.0,0.0,5.833520953684095,4.89117298311882e-05,13.312964502538279,0
1972,0.0,0.0082503986823499,0.0,0.0,0.0,0.0,0.0,0.0,0.28472292491201723,0.002751672,0.0001109166851549,0.0,0.0,0.0,0.8520092612124925,1.73671675599114e-06,1.1478469102087705,0
1973,0.0,0.151277919247936,0.0,0.0,0.0,0.18129037,0.0,0.0,1.946365666897413,0.014731648,0.0031791560656238,0.0,0.0,0.0,6.048606869859739,9.85218207121149e-05,8.345550151891423,0
1974,0.0,0.0033408066528678,0.0062696786355053,0.0,0.0,0.0,0.0,0.0,0.213481569827378,0.000618144,5.59674481805658e-06,0.0,0.0,0.0,0.00582991329131352,8.76424579667582e-08,0.22954579679434067,0
1975,0.0157325,0.0284381028704724,0.0,0.0,0.0,1.411898938,0.0,0.0,4.257555051165624,0.026003376,0.067199520504399,0.050804077,0.0,0.0,4.569675224938699,0.0011831397865496,10.428489930265744,0
1976,0.0070332245035557,0.0302494034604967,0.0,0.0,0.0,0.263621534,0.0,0.0,3.4548942519409636,0.027086315,0.0537596177702457,0.20165518400000002,0.0,0.0,5.1241188754686515,0.0009259945031173,9.16334440064703,0
1977,0.0047475,0.0374946058205938,0.0,0.0,0.0,0.115795271,0.0,0.0,2.9136417006788093,0.003737836,0.0739194684546596,0.103675947,0.0,0.0,5.701071169035703,0.002455320840743,8.95653881883051,0
1978,0.0037982245035557,0.006702482829082,0.0,0.0,0.0,1.769008882,0.0,0.0,5.951049379433764,0.610063088,0.0335997602521995,0.085263358,0.0,0.0,7.975876031165772,0.0193708751645561,16.45473208134893,0
1979,0.0040482245035557,0.0972675641746918,0.0,0.0,0.0,0.0,0.0,0.0,2.107610197861989,0.003050027,0.0134399027341534,0.0,0.0,0.07746,1.494819598382486,0.0002806578190515,3.797976172475927,0
1980,0.0002475,0.120244489084566,0.0,0.0,0.0,0.0,0.0,0.0,1.256019369959801,0.0,0.0009599818257579,0.0,0.0,0.0,0.6552330143286351,1.50310275519104e-05,2.032719386226312,0
1981,0.0033032245035557,0.0046141279375378,0.0,0.0,0.0,0.0,0.0,0.0,0.6904401007988417,0.0,8.36573260838201e-05,0.0,0.0,0.0,0.19492110651442343,1.30982282376435e-06,0.8933635269032661,0
1982,0.0,0.11606553514764,0.0,0.0,0.0,0.0,0.0,0.0,0.790519029475706,0.0,0.0061604989783193,0.0,0.0,0.0,0.2305533060839157,9.64587794068631e-05,1.1433948284649877,0
1983,0.013245,0.0157588432071172,0.0,0.0,0.0,0.079462864,0.0,0.0,4.700169952205624,0.039669044,0.0278394661133486,0.0,0.0,0.0,14.13283644120598,0.0005276013875993,19.00950921211967,0
1984,0.0167425,0.0211929005103752,0.0,0.0,0.0,1.963944218,0.0,0.0,7.7344724388249535,0.765482625,0.0057599592908703,0.0,0.0,0.0,10.678367889291952,0.0030564970824075,21.18901902800056,0
1985,0.013995,0.028437804765201,0.0,0.0,0.0,0.895550749,0.0,0.0,6.8925799023651795,0.073851082,0.018239647855769,0.3977269,0.0,0.0,10.40196246575632,0.0055950527213117,18.72793860446378,0
1986,0.0,0.0030798816490334,0.0,0.0,0.0,0.078752451,0.0,0.0,0.3168064593619061,0.004925292,5.79628687994578e-05,0.018488846,0.0,0.0,0.23965821842974283,9.07601126624991e-07,0.6617700189106084,0
1987,0.011745,0.0030798816490334,0.0,0.0,0.0,0.153421442,0.0,0.0,5.741281542567368,0.064508498,0.0089506846959043,0.0,0.0,0.0,5.262179853692907,0.0005192918412957,11.245686194446508,0
1988,0.00075,0.0031280082149131,0.0,0.0,0.0,0.0,0.0,0.0,0.2519524774573108,0.008674065,0.0006181772075533,0.0,0.0,0.0,0.36019538694553727,4.34926363094021e-05,0.625361607461624,0
1989,0.0,0.0065560404600776,0.0,0.0,0.0,0.0,0.0,0.0,0.5870772876773404,0.002343322,0.0091651650779062,0.0,0.0,0.0,0.8058888909414896,0.000143504633501,1.4111742107903147,0
1990,0.0015,0.0030798816490334,0.0,0.0,0.0,0.212923294,0.0,0.0,0.5082594089821879,0.030589376,0.004500917216672,0.013092013999999999,0.0,0.0,3.55639451058189,0.0004858065563617,4.330825208986146,0
1991,0.011745,0.0049925121091306,0.0,0.0,0.0,0.730576465,0.0,0.0,3.584199764270615,0.003776431,0.0062649852155209,0.1504195,0.0,0.0,13.70823016583233,0.0001587390822759,18.200363562509875,0
1992,0.0106978980142229,0.0030798816490334,0.0,0.0,0.0,0.259591414,0.0,0.0,2.2413899732679368,0.011934689,0.0126854765666703,0.124824858,0.0,0.0,3.6105989108628243,0.0003910769384258,6.275194178299113,0
1993,0.0,0.0141116042051439,0.0,0.0,0.0,0.0,0.0,0.0,0.8661442340130396,0.001078318,0.0092574874496912,0.0,0.0,0.0,2.7035269495095124,0.0001468890353876,3.5942654822127746,0
1994,0.006,0.0234083411207041,0.0,0.0,0.0,0.0,0.0,0.0,1.9858103421333995,0.001463785,0.0170590217117138,0.749808372,0.0,0.0,7.285868521198196,0.0002671036660664,10.06968548683008,0
1995,0.0,0.0031398656140753,0.0,0.0,0.0,0.0,0.0,0.0,0.1187636495289155,7.95e-05,5.03365352012268e-05,0.0,0.0,0.0,0.17890007704463592,7.8813871122978e-07,0.3009342168615392,0
1996,0.003495,0.102701465944765,0.0,0.0,0.0,0.0,0.0,0.0,3.4432138799874554,0.036137668,0.0364797398976347,0.65528057,0.0,0.0,4.6098411081059,0.0023743070099328,8.889523738945687,0
1997,0.0094925,0.008008676439494,0.0,0.0,0.0,0.167713554,0.0,0.0,4.428229508464482,0.005034878,0.0792389113093805,0.0,0.0,0.0,4.763287395940587,0.0020436950136719,9.463049119167616,0
1998,0.0,0.0030921946928515,0.0,0.0,0.0,0.0,0.0,0.0,0.2260085152864266,0.000251667,0.0001979771601024,0.0,0.0,0.0,0.09295758849553398,3.09982997860499e-06,0.3225110424648931,0
1999,0.00375,0.0157589857792035,0.0447467322804256,0.0,0.0,0.165088472,0.0,0.0,3.886074114397972,0.048703886,0.0825594073909651,0.0,0.0,0.0,8.432174132409726,0.0039519507934929,12.682807681051784,0
2000,0.0037425,0.0682859511461802,0.0,0.0,0.0,0.502712576,0.0,0.0,3.111271364066647,0.018146485,0.0345593388936543,0.721776095,0.0,0.0,10.547426520695325,0.0013621053504617,15.009282936152267,0
2001,0.0,0.0239241021234936,0.0,0.0,0.0,0.0,0.0,0.0,1.348058030815742,4.990545391,0.0131188723580085,0.0,0.0,0.0,17.353711953924147,0.189811829510384,23.919170179731776,0
2002,0.0,0.0037487261892277,0.0,0.0,0.0,0.0,0.0,0.0,0.5969356417533787,0.893957993,0.0004209517469991,0.0,0.0,0.0,0.35005242910236367,6.59112835333069e-06,1.8451223329203223,0
2003,0.0,0.0374946058205938,0.0,0.0,0.0,0.0,0.0,0.0,3.8526536525690354,0.143139916,0.0278398009613292,0.0,0.0,0.0,8.848933064869048,0.0016244095420455,12.91168544976205,0
2004,0.0,0.0121358402330072,0.0,0.0,0.0,0.0,0.0,0.0,3.1612893287288983,0.014338305,0.0787146965453537,0.0,0.0,0.0,7.9014465796265725,0.0016612753821419,11.169586025515974,0
2005,0.0,0.0030798816490334,0.0,0.0,0.0,0.0,0.0,0.0,7.74280871160143e-05,4.03e-07,0.0,0.0,0.0,0.0,3.1024626256697555e-06,9.72945430489507e-13,0.0031608151997480293,0
2006,0.001,0.01416336115068,0.0,0.0,0.0,0.0,0.0,0.0,1.274915414855733,0.004443001,0.004650416589547,0.0,0.0,0.0,1.9419262529069612,7.28144179653845e-05,3.2411712609208867,0
2007,0.001745,0.0449875532401744,0.0,0.0,0.0,0.106461647,0.0,0.0,2.309964911274591,0.008639433,0.017583646493676,0.0,0.0,0.0,2.4046116674024827,0.0004371552417188,4.8944310136526425,0
2008,0.0137375,0.0447398211417898,0.0,0.0,0.0,0.917680597,0.0,0.0,3.6866350115526245,0.037744836,0.0547196064296359,0.0,0.0,0.0,17.682692250875064,0.0032477216833241,22.44119734468244,0
2009,0.0045,0.0755319441333015,0.0,0.0,0.0,0.106461647,0.0,0.0,2.9140720472904325,0.0,0.0460796674933304,0.0,0.0,0.0,7.104091946821081,0.0007214979803808,10.251458750718525,0
2010,0.004245,0.006702482829082,0.0,0.0,0.0,1.072428952,0.0,0.0,4.98986218948816,0.502310428,0.0335997602521995,0.005843305,0.0,0.0,8.893417743605267,0.0064484457267795,15.51485830690149,0
2011,0.0045,0.0148978892611645,0.0,0.0,0.0,0.310926345,0.0,0.0,1.672807589751662,0.006335003,0.0195736412085563,0.0,0.0,0.14896,3.021556718955476,0.0003064766616336,5.199863663838492,0
2012,0.0,0.0068653908793437,0.0,0.0,0.0,0.062126934,0.0,0.0,1.1862251512639728,0.003585391,0.0062697824253649,0.0,0.0,0.06735,2.9694983982279406,0.0005677763480318,4.302488824144654,0
2013,0.0,0.0030816544888546,0.0,0.0,0.0,0.0,0.0,0.0,0.0244104486851821,0.0,6.15026903083141e-08,0.0,0.0,0.0,0.005830331793691778,9.276771822422651e-10,0.03332249739809597,0
2014,0.0002475,0.0599746747009481,0.0,0.0,0.0,0.0,0.0,0.0,0.877930826151402,0.0,0.0018986905543015,0.0,0.0,0.0,2.061688744785323,2.97289921229346e-05,3.0017701651840976,0
2015,0.0,0.0102908407862178,0.0,0.0,0.0,0.0,0.0,0.0,1.1536828249853355,0.009550794,0.0041403064424976,0.0,0.0,0.0,0.018348236317067012,0.0002121754192695,1.1962251779503876,0
2016,0.0,0.0031123751236142,0.0,0.0,0.0,0.0,0.0,0.0,0.07233036222791504,0.000641145,1.86558160601886e-05,0.0,0.0,0.0,0.002759618701915672,2.92140580030275e-07,0.07886244901008514,0
2017,0.0002475,0.0169754108196329,0.0,0.0,0.0,0.212923294,0.0,0.0,2.2836503185047925,0.013258095,0.0079783749975557,0.0,0.0,0.0,9.252789118925298,0.0001249223668622,11.78794703461414,0
2018,0.0026975,0.0653810443595931,0.0,0.0,0.0,1.552589994,0.0,0.0,3.45879170675487,0.052488137,0.0393592480224442,0.0,0.0,0.0,4.3314859740840035,0.0022250446581856,9.505018648879096,0
2019,0.0,0.0030798816490334,0.0,0.0,0.0,0.0,0.0,0.0,0.074378605491047,0.000113549,7.80400803689941e-06,0.0,0.0,0.0,0.027814742911129252,1.22188572621384e-07,0.10539470524781917,0
2020,0.0082475,0.0030798816490334,0.0,0.0,0.0,0.915570166,0.0,0.0,4.980956382084513,0.005657779,0.0193742973220026,0.394506778,0.0,0.0,9.14660710867713,0.0006887280966535,15.474688620829333,0
2021,0.0371953980142229,0.0067024439457858,0.0,0.0,0.0,3.646183165,0.0,0.0,9.530394414828587,0.226732339,0.0028799454772738,0.0,0.0,0.0,14.003235326851264,0.0002083550517583,27.45353138816889,0
2022,0.0082425,0.0057497513428394,0.0,0.0,0.0,0.689229787,0.0,0.0,3.766986000758695,0.062610631,0.0044472663698264,0.262227378,0.0,0.0,7.120947467831531,6.96335636611964e-05,11.920510415866552,0
2023,0.0227375,0.0067924069322498,0.0,0.0,0.0,1.271746679,0.0,0.0,2.659673025505269,0.073830869,0.0061840271741784,0.188206178,0.0,0.0,6.26839994018583,0.0006853557121258,10.498255981509654,0
2024,0.0184925,0.0030798816490334,0.0,0.0,0.0,0.381866414,0.0,0.0,6.3165230029346695,0.173266214,0.0419725110009089,0.0015110520000000001,0.0,0.0,9.397153614827367,0.005048235241341,16.33891342565332,0
2025,0.0,0.0030798816490334,0.0,0.0,0.0,0.106461647,0.0,0.0,0.0344832511847358,0.002514353,8.83588650762779e-06,0.0,0.0,0.0,0.21244088136800776,1.38393254555044e-07,0.35898898848153915,0
2026,0.0022475,0.0048753826596744,0.0,0.0,0.0,0.674354324,0.0,0.0,3.0422525101647637,0.021107389,0.0285485237962809,0.015955102999999998,0.0,0.0,8.58641539167763,0.0010923308940375,12.376848455192386,0
2027,0.0015,0.0032469631730945,0.0,0.0,0.0,0.046668119,0.0,0.0,1.298049505160815,0.006438926,0.0026566907114547,0.007208636,0.0,0.0,1.6384859543285586,4.15974033575473e-05,3.00429639177728,0
2028,0.00075,0.0030820202303281,0.0,0.0,0.0,0.0,0.0,0.0,0.074857944195799,0.000727699,3.39358177856764e-05,0.003165896,0.0,0.0,0.08146346995744817,5.31306052626068e-07,0.16408149650741358,0
2029,0.0002475,0.0030916244045062,0.0,0.0,0.0,0.0,0.0,0.0,0.20940597620989282,0.001707355,0.0001867973377308,0.0,0.0,0.0,0.3915131489203314,2.9247541645544e-06,0.6061553266266257,0
2030,0.0110482245035557,0.0084442989686765,0.0,0.0,0.0,0.559398441,0.0,0.0,4.343788588279414,0.18607869,0.0199020519075382,0.265110531,0.0,0.0,10.453706924045363,0.0056576220837798,15.853135371788326,0
2031,0.0005,0.0032209372867928,0.0,0.0,0.0,0.0,0.0,0.0,0.7065939105503696,0.030173209,0.0005232990573044,0.039362056,0.0,0.0,0.7163877456575924,8.19357906816132e-06,1.4967693511311273,0
2032,0.0102882245035557,0.0216540952874028,0.0,0.0,0.0,0.0,0.0,0.0,2.557007238373173,0.002178978,0.0347834341962411,0.178168263,0.0,0.0,5.979485381299194,0.0038465926587559,8.787412207318322,0
2033,0.0,0.0038946552001193,0.0,0.0,0.0,0.0,0.0,0.0,0.5916961645972196,0.00045637,0.0015258065765944,0.0,0.0,0.0,0.41889809131982764,2.38904635825545e-05,1.0164949781573436,0
2034,0.0034875,0.0308146369772371,0.0,0.0,0.0,0.0,0.0,0.0,3.1466027816710933,0.00430222,0.0571646185483139,0.0,0.0,0.0,4.147044301379878,0.0021566183032053,7.391572676879727,0
2035,0.0,0.0032766181670477,0.0,0.0,0.0,0.0,0.0,0.0,0.21847496230941163,0.000362344,0.0004054940708349,0.0,0.0,0.0,0.17360646387487444,6.34906347522569e-06,0.3961322314856439,0
2036,0.001245,0.0097906849463302,0.0,0.0,0.0,0.106461647,0.0,0.0,0.8516894530882589,0.011674558,0.0080413195842701,0.0,0.0,0.0,1.2727930370794103,0.0006446735368063,2.2623403732350758,0
2037,0.00075,0.0180095250449631,0.0,0.0,0.0,0.0,0.0,0.0,1.1349736580885232,0.017413181,0.0178896770470179,0.170016586,0.0,0.0,0.721330138990279,0.0002801097726437,2.080662875943427,0
2038,0.0022475,0.0033093579025049,0.0,0.0,0.0,0.106461647,0.0,0.0,1.4656583936259047,0.005046283,0.0110673681191876,0.0,0.0,0.0,1.5516269667710094,0.000473739020082,3.1458912554386886,0
2039,0.0015,0.0038312495050059,0.0,0.0,0.0,0.080502506,0.0,0.0,2.027575713411257,0.009131333,0.0362384785108197,0.0,0.0,0.0,5.5489156174135035,0.0005674083444608,7.7082623061850475,0
2040,0.0,0.0150207993606657,0.0,0.0,0.0,0.0,0.0,0.0,0.5449658482153659,0.088837627,0.0064793972612002,0.0,0.0,0.0,0.08833589952111943,0.0001014519030948,0.743741023261446,0
2041,0.0003032245035557,0.0308155053708537,0.0,0.0,0.0,0.035001089,0.0,0.0,3.0752665983219014,0.135393017,0.0150499338283089,0.0,0.0,0.0,9.193691606579739,0.0040873384024205,12.489608313006778,0
2042,0.002,0.10089016535474,0.0,0.0,0.0,0.0,0.0,0.0,3.318956316102344,0.65326165,0.0259198168089165,0.0,0.0,0.0,2.510226903050919,0.0005920210423254,6.611846872359244,0
2043,0.0,0.0054388534669841,0.0,0.0,0.0,0.0,0.0,0.0,0.30745110124994,0.0,0.0004167558967936,0.0,0.0,0.0,0.016135108427627783,6.52535338510877e-06,0.3294483443947306,0
2044,0.0,0.0414623351383119,0.0,0.0,0.0,0.106461647,0.0,0.0,2.213775510891578,0.0,0.0067809244508851,0.0,0.0,0.0,0.2425432157986371,0.0001061731133823,2.6111298063927944,0
2045,0.0,0.12462969015084,0.0,0.0,0.0,0.0,0.0,0.0,1.980068384094073,0.019244502,0.0403197150360923,0.0,0.0,0.0,3.112151531339041,0.0012002323402066,5.277614054960253,0
2046,0.0,0.393481982894477,0.0,0.0,0.0,0.0,0.0,0.0,1.630081542733498,0.0,0.0163198823795885,0.0,0.0,0.0,5.361542560197179,0.0002555305347182,7.401681498739461,0
2047,0.0,0.109183996182533,0.0,0.0,0.0,0.0,0.0,0.0,2.7067636029100317,0.002099263,0.0451190433061403,0.0,0.0,0.05294,4.4073696831227425,0.0008452907500266,7.3243208792714745,0
2048,0.0,0.0032193819549421,0.0,0.0,0.0,0.0,0.0,0.0,0.3225203954692824,0.01917605,0.0009857787875261,0.0,0.0,0.06252,0.20278759180460743,1.54349807914273e-05,0.6112246329971495,0
2049,0.002745,0.0069119341849758,0.0,0.0,0.0,0.783052863,0.0,0.0,1.9489334347079936,0.100506291,0.0270799762243635,0.001593417,0.0,0.22608,6.566326118831858,0.0017505193024765,9.664979554251667,0
2050,0.000495,0.142548147721585,0.0,0.0,0.0,0.0,0.0,0.0,1.9766521816180627,0.0,0.0,0.0,0.0,0.0,1.4830654466604736,0.0,3.602760776000121,0
2051,0.00725,0.0075882183958559,0.0,0.0,0.0,0.418541752,0.0,0.0,2.3355102576489197,0.03811152,0.0013033240112202,0.001129843,0.0,0.1362,4.0385221727860445,2.04069454435481e-05,6.984177494787484,0
2052,0.003495,0.0345290805030693,0.0,0.0,0.0,0.663235007,0.0,0.0,2.019721161556452,0.100659178,0.0090917103647813,0.003110072,0.0,0.14561,7.989233328256972,0.0404420362196013,11.009126573900875,0
2053,0.0267475,0.0103249284759456,0.0,0.0,0.0,1.169380837,0.0,0.0,10.064484043336902,0.090463427,0.0431987379730116,0.002733356,0.0,0.0,13.466880683048254,0.005376838898822,24.879590351732936,0
2054,0.0,0.0034231693106796,0.0,0.0,0.0,0.0,0.0,0.0,0.2870786499333049,0.001974416,0.000222878916045,0.0,0.0,0.0,1.6581020592444626,3.48973326675394e-06,1.950804663137759,0
2055,0.003,0.0658999813595213,0.0,0.0,0.0,0.340512184,0.0,0.0,3.418593319285627,0.026709265,0.0407860899367003,0.0,0.0,0.0,9.79206467372115,0.0010480598905625,13.68861357319356,0
2056,0.01074,0.0067024050624895,0.0,0.0,0.0,3.10016908,0.0,0.0,5.371835280754918,0.229815123,0.0220793564825686,0.443047084,0.0,0.0,17.159043223518427,0.002670590907542,26.346102143725943,0
2057,0.01324,0.0175700919527465,0.0,0.0,0.0,0.681062866,0.0,0.0,8.506982943241432,0.982301669,0.0460790251318983,0.0,0.0,0.0,11.37205006606136,0.0042219736886216,21.623508635076057,0
2058,0.02475,0.0157587135961297,0.0,0.0,0.0,0.26805001,0.0,0.0,4.887745684318572,0.4053423180003452,0.0163195270307112,0.0,0.0,0.0,14.830374620789268,0.0029967880762463,20.451337661811273,0
2059,0.0,0.0030799268359598,0.0,0.0,0.0,0.0,0.0,0.0,0.0065998268411537,9.22e-05,4.1001793538876e-08,0.0,0.0,0.0,0.0010814918648114314,6.56380739436511e-10,0.01085348720009921,0
2060,0.0024975,0.018046760043667,0.0,0.0,0.0,0.550648169,0.0,0.0,3.111142632544257,0.566201313463257,0.0155614517036032,0.0,0.0,0.0,4.5833005349336435,0.0010974139852497,8.848495775673678,0
2061,0.00375,0.0043294719431013,0.0,0.0,0.0,0.485187522,0.0,0.0,0.9450626523111205,0.016239193,0.0012992306654986,0.0,0.0,0.0,1.2655955918736184,2.03428772072368e-05,2.721484004670546,0
2062,0.006495,0.0139475426170929,0.0,0.0,0.0,0.431665435,0.0,0.0,3.6299942346537146,0.136530217,0.0700785161067893,0.324789547,0.0,0.0,5.52774516003243,0.0027061130492448,10.143951765459272,0
2063,0.010495,0.0266264652918804,0.0,0.0,0.0,1.02575232,0.0,0.0,3.7791919605287134,0.005354467,0.0719984797583052,0.0,0.0,0.0,7.924956338339413,0.0012194562910371,12.84559448720935,0
2064,0.0162982245035557,0.0030798816490334,0.0,0.0,0.0,1.078188822,0.0,0.0,4.7120838865317785,0.085514252,0.0220795341570073,0.00427071,0.0,0.0,10.8540346883847,0.0025349499295392,16.778084949155613,0
2065,0.010495,0.0048911563168602,0.0,0.0,0.0,0.440103061,0.0,0.0,4.340894180053695,0.050558102,0.0508789205934236,0.04482485,0.0,0.0,13.676155960861474,0.0026448082284261,18.62144603905388,0
2066,0.0065,0.042927963224519,0.0,0.0,0.0,0.406887665,0.0,0.0,4.043872594030839,0.02918522,0.0518389024191815,0.306336376,0.0,0.0,10.34155202198283,0.0025878218261437,15.231688564483512,0
2067,0.004,0.0030798816490334,0.0,0.0,0.0,0.782822063,0.0,0.0,3.8455113738187032,0.0,0.0796776783356722,0.0,0.0,0.0,10.502517414809375,0.0040860341749884,15.221694445787772,0
2068,0.0055457245035557,0.0411166755955934,0.0,0.0,0.0,0.603452958,0.0,0.0,2.3798076098781165,0.028865805,0.0614387001758644,0.112019956,0.0,0.0,10.269644495567684,0.0015725704115621,13.503464495132375,0
2069,0.0027475,0.0175699753028577,0.155953044986182,0.0,0.0,0.0,0.0,0.0,1.9624619353840211,0.004534974,0.0268792177759327,0.0,0.0,0.0,4.082798260144074,0.0004769734678556,6.253421881060922,0
2070,0.009235,0.0936436928069651,0.0,0.0,0.0,0.212923294,0.0,0.0,2.392164150541314,0.146746277,0.0211195523312493,0.0,0.0,0.0,5.9504483442793585,0.001066345184732,8.827346656143618,0
2071,0.0,0.0081262224773784,0.0,0.0,0.0,0.0,0.0,0.0,0.2227276759684528,0.001545242,8.57894193478416e-05,0.0,0.0,0.0,6.028110706574272,1.34330257576705e-06,6.260596979742027,0
2072,0.0007475,0.203972831925274,0.0,0.0,0.0,0.0,0.0,0.0,0.7508854728068397,0.009749713,0.003415360564569,0.0,0.0,0.0,4.492974426641079,0.0011371534450377,5.4628824583828,0
2073,0.0,0.0032262575176182,0.0,0.0,0.0,0.0,0.0,0.0,0.0614768116134313,0.000263177,2.48744214135848e-06,0.0,0.0,0.0,0.2597650553667625,3.89649699770919e-08,0.3247338279049233,0
2074,0.0,0.0792497799069701,0.0,0.0,0.0,0.0,0.0,0.0,1.2262705447304536,0.0,0.0470390069576563,0.0,0.0,0.0,2.0237735857407504,0.0007597726875905,3.377092690023421,0
2075,0.0,0.495389479387131,0.0,0.0,0.0,0.0,0.0,0.0,1.3693797423256442,0.0,0.0009599818257579,0.032586264,0.0,0.0,2.3288436914049644,1.50309974897952e-05,4.227174189940987,0
2076,0.0,0.0483624223218384,0.0,0.0,0.0,0.0,0.0,0.0,0.7286354834086205,0.000632201,0.0134399027341534,0.0,0.0,0.0,2.4996830365962746,0.0002181371342436,3.2909711831951305,0
2077,0.0,0.0737206435432772,0.0,0.0,0.0,0.0,0.0,0.0,1.969104323057563,0.01091218,0.0374397353906572,0.0,0.0,0.0,0.8113172502834417,0.0056401895832326,2.9081343218581717,0
2078,0.0,0.0445436289899232,0.0,0.0,0.0,0.0,0.0,0.0,2.5282904619498643,0.007582093,0.0595179574902712,0.002587979,0.0,0.04278,5.4695484589002135,0.0044546180168012,8.159305197347074,0
2079,0.0,0.0031036004597566,0.0,0.0,0.0,0.0,0.0,0.0,0.022286888761262426,0.00018136,3.40519895340365e-05,0.0,0.0,0.03893,0.0014930555393085887,5.33184890033157e-07,0.06602948993475168,0
2080,0.0,0.0034466548216251,0.0,0.0,0.0,0.0,0.0,0.0,0.33932650608295223,0.020018099,0.0001143471685476,0.0,0.0,0.02762,0.8909184334330834,1.79039571043625e-06,1.2814458309019188,0
2081,0.010245,0.0166367761924401,0.0,0.0,0.0,0.64411849,0.0,0.0,5.093437677419061,0.121703806,0.0042265742161034,0.138835197,0.0,0.13069,7.740073761442124,0.0007735305280667,13.900740812797796,0
2082,0.0,0.0046711935098755,0.0,0.0,0.0,0.0,0.0,0.0,0.2377531431030625,0.041696696,0.0004961148681881,0.0,0.0,0.11126,0.01453511721612096,7.7679862355051e-06,0.41042003268348254,0
2083,0.004245,0.0085137186136125,0.0,0.0,0.0,0.0,0.0,0.0,3.337028884537043,0.027303756999999998,0.0873583256430777,0.15958328700000002,0.0,0.0,1.9253780866696812,0.0042740635516949,5.553685123015109,0
2084,0.0117425,0.0030798816490334,0.0,0.0,0.0,0.437521917,0.0,0.0,3.9205078870263144,0.092431131,0.0777594435931172,0.0,0.0,0.0,24.237394937451707,0.0048627691012338,28.785300466821408,1
2085,0.004245,0.0664746764783535,0.0,0.0,0.0,0.63564729,0.0,0.0,2.61531560863866,0.519305809463257,0.0556789322266972,0.0,0.0,0.0,5.908226536725006,0.0008717995980108,9.805765653129985,0
2086,0.005245,0.0411172070006424,0.0,0.0,0.0,0.84462712,0.0,0.0,3.4571914649839055,0.039426798,0.049919642631788,0.009838884,0.0,0.0,6.98746653049022,0.0170656619479255,11.451898309054481,0
2087,0.0100889490071114,0.0056576108917845,0.0,0.0,0.0,0.0,0.0,0.0,0.7834279056355968,0.496412191,0.0021018476076543,0.0,0.0,0.0,0.4373862764179855,3.29099814389843e-05,1.7351076905415714,0
2088,0.0069925,0.013622607871285,0.0,0.0,0.0,0.0,0.0,0.0,3.10038143854754,1.003921482,0.0085964086988317,0.0,0.0,0.0,2.4103684802176835,0.0202479292197759,6.564130846555116,0
2089,0.0,0.0030896431131651,0.0,0.0,0.0,0.0,0.0,0.0,0.0296775911277187,0.014876747,1.01821120621542e-06,0.0,0.0,0.0,0.5451734512148116,1.59088689269527e-08,0.5928184665757706,0
2090,0.00575,0.0184404052900395,0.0,0.0,0.0,0.0,0.0,0.0,1.3409574525642887,0.590070198,0.0015984617547453,0.0,0.0,0.0,0.9112472843094526,2.50281449078596e-05,2.868088830063434,0
2091,0.0019925,0.0630691051958139,0.0,0.0,0.0,0.0,0.0,0.0,1.8857079552332172,1.166102993,0.0062426665725712,0.0,0.0,0.0,7.500808086821812,0.0049754790240083,10.628898785847422,0
2092,0.02498,0.0030798816490334,0.0,0.0,0.0,3.399520622,0.0,0.0,12.830600975021238,0.170875709,0.0086399389363055,0.0,0.0,0.0,12.624321526331729,0.0013470634276946,29.063365716366,1
2093,0.0090939490071114,0.0303457151752038,0.0,0.0,0.0,0.329885268,0.0,0.0,4.3285842911089265,0.026005996,0.0191998620250237,0.755305672,0.0,0.0,4.560006030012348,0.0004405912249943,10.058867374553607,0
2094,0.0,0.0032905902315065,0.0,0.0,0.0,0.0,0.0,0.0,0.2923355025014488,0.000603637,0.0002791948794707,0.00046828,0.0,0.0,0.665948433945754,4.37157744365506e-06,0.9629300101356236,0
2095,0.0200307245035557,0.037343647903385,0.0,0.0,0.0,1.165024798,0.0,0.0,2.4868346526591343,0.007697446,0.0453996459138559,0.0,0.0,0.0,5.587107637823079,0.0019125305066021,9.351351083309613,0
2096,0.0017475,0.0592302258619841,0.0,0.0,0.0,0.384875575,0.0,0.0,3.068855117423624,0.0,0.042239699188505,0.00184309,0.0,0.0,6.066091728720906,0.0006613731486824,9.6255443093437,0
2097,0.00125,0.0139476851891792,0.0,0.0,0.0,0.319384942,0.0,0.0,3.000444020515943,0.028352603,0.08447939837701,0.0,0.0,0.0,6.837379328699135,0.0039122133751632,10.28915019115643,0
2098,0.00375,0.0755310757396849,0.0,0.0,0.0,0.212923294,0.0,0.0,2.5491942584579945,0.001768928,0.0153597092121274,0.0,0.0,0.0,6.981194095688938,0.000810840979667,9.840532202078412,0
2099,0.0047475,0.0610415264520084,0.0,0.0,0.0,0.0,0.0,0.0,2.593187880552856,0.004846915,0.0575995860750711,0.0,0.0,0.0,4.191033406133549,0.0013213121019979,6.913778126315482,0
2100,0.0037982245035557,0.0103250062425381,0.0,0.0,0.0,0.164213445,0.0,0.0,3.145151387843197,0.007629862,0.0854383619915618,0.0,0.0,0.0,6.0961633382612135,0.0023771991666567,9.515096825008722,0
2101,0.0092907245035557,0.106184222824278,0.0,0.0,0.0,0.202422968,0.0,0.0,1.897675734836643,0.06309381,0.049919642631788,0.0,0.0,0.0,2.5664249058218727,0.0502750980141422,4.945287106632279,0
2102,0.0,0.0479745018112117,0.0,0.0,0.0,0.0,0.0,0.0,0.12833287051336303,0.0,0.0001020944659118,0.0,0.0,0.0,0.2723184941638584,1.59853941346051e-06,0.4487295594937584,0
2103,0.0,0.194785335483242,0.0,0.0,0.0,0.0,0.0,0.0,0.5994804876904611,0.0,0.000435951569802,0.0,0.0,0.0,0.5397494579729449,6.82595749888616e-06,1.334458058673949,0
2104,0.0,0.0592295518848488,0.0,0.0,0.0,0.0,0.0,0.0,1.647915973530455,0.006704082,0.0518390049236654,0.000217421,0.0,0.0,5.401293203865602,0.0012741294147358,7.168473366619307,0
2105,0.006495,0.0211929005103752,0.0,0.0,0.0,0.416140807,0.0,0.0,4.319549572463951,0.840307072,0.0566395974156808,0.0,0.0,0.0,23.681281294030033,0.0075778685639378,29.349184111983977,1
2106,0.0,0.0085096995928187,0.0,0.0,0.0,0.0,0.0,0.0,0.6865996355414457,0.0,0.0018392516209346,0.0,0.0,0.0,2.677785480833012,2.8798314250652e-05,3.3747628659024618,0
2107,0.0002475,0.0612867326873143,0.0,0.0,0.0,0.0,0.0,0.0,1.6969845484397061,0.0,0.0197165051245103,0.024391836,0.0,0.0,4.805681150628793,0.0003087135926033,6.608616986472927,0
2108,0.0,0.0030798816490334,0.0,0.0,0.0,0.0,0.0,0.0,0.710676070942371,0.010547577,0.0054490221895682,0.003696358,0.0,0.0,0.47243872456820657,8.53187165331302e-05,1.2059729530657124,0
2109,0.0063539490071114,0.0030798816490334,0.0,0.0,0.0,0.285842231,0.0,0.0,2.875385883337756,0.031218295,0.0477344247106046,0.0,0.0,0.0,5.022355826283061,0.0056105760267176,8.277581067014284,0
2110,0.00849,0.006702482829082,0.0,0.0,0.0,0.58623261,0.0,0.0,4.442611651680071,1.569451318,0.0662395250113766,0.0,0.0,0.0,8.81512418291898,0.115238088040116,15.610089858479627,0
2111,0.0092882245035557,0.006702482829082,0.0,0.0,0.0,0.026542493,0.0,0.0,5.090996583641062,0.015332822,0.0863993825294227,0.0,0.0,0.0,3.5968198448302764,0.0017425565238741,8.833824389857273,0
2112,0.00375,0.0612341306166939,0.0,0.0,0.0,1.996205875,0.0,0.0,3.8489122044112993,0.207582238,0.0259198168089165,0.019695957,0.0,0.0,5.7529926306669505,0.0063462346146825,11.922639087118542,0
2113,0.0031521735106671,0.0045852225418283,0.0,0.0,0.0,1.578381285,0.0,0.0,1.744756658863058,0.296212315,0.0041487391447021,0.0,0.0,0.0,3.340193771725211,6.49594321541478e-05,6.971495125217621,0
2114,0.00225,0.0062570487481415,0.0,0.0,0.0,0.249391955,0.0,0.0,2.8339782170341135,0.430334206,0.0087563020263688,0.0,0.0,0.0,3.4356747958807454,0.0019755784117216,6.9686181031010905,0
2115,0.0378650715248901,0.006702482829082,0.0,0.0,0.0,5.046396834,0.0,0.0,11.364805512522938,0.10180458,0.0057599592908703,0.694708999,0.0,0.0,25.598350670499492,0.0095114150699124,42.86590552473719,1
2116,0.0009975,0.0610408395137744,0.0,0.0,0.0,0.127753977,0.0,0.0,2.3310495664463984,0.002210869,0.0643187686585189,0.0,0.0,0.0,6.267634066258502,0.0013394657687279,8.85634505264592,0
2117,0.002395,0.006702482829082,0.0,0.0,0.0,0.118420353,0.0,0.0,2.9881319931257386,0.099241091,0.0863993825294227,0.0,0.0,0.0,6.040933056818371,0.0085187641886786,9.350742123491294,0
2118,0.0044975,0.0338716417297801,0.0,0.0,0.0,0.053376661,0.0,0.0,2.7625171732379936,0.030213785,0.0652787504842768,0.0,0.0,0.0,7.999161263286441,0.0041811510392035,10.953097925777694,0
2119,0.00199,0.0248155016904238,0.0,0.0,0.0,0.0,0.0,0.0,1.3768680142564114,0.0,0.0355197444046122,0.0,0.0,0.0,7.039030959974473,0.0006659477337862,8.478890168059706,0
2120,0.001995,0.0103250840091307,0.0,0.0,0.0,0.425846589,0.0,0.0,2.374465662389765,0.019597256,0.0748794639476821,0.0,0.0,0.0,13.541230473286316,0.0011915732315,16.449531101864395,0
2121,0.0003032245035557,0.0139476851891792,0.0,0.0,0.0,0.204756373,0.0,0.0,2.2884008235959987,0.002644126,0.0796794277455299,0.0,0.0,0.0,5.02511743972877,0.0013674916885621,7.616216591451595,0
2122,0.00525,0.0030798816490334,0.0,0.0,0.0,0.0,0.0,0.0,2.9995166517591345,0.015256981,0.0911993463272706,0.0,0.0,0.0,8.477440757631834,0.0020503432165302,11.593793961583803,0
2123,0.0,0.246039660655742,0.0,0.0,0.0,0.0,0.0,0.0,0.9500334088708436,0.0,0.0134399027341534,0.0,0.0,0.0,0.3695704274233375,0.0002104369109444,1.5792938365950209,0
2124,0.0,0.455258833042186,0.0,0.0,0.0,0.0,0.0,0.0,0.3476500206953913,0.0,0.0009599954930224,0.0,0.0,0.0,15.86245921907045,1.50312079246017e-05,16.666343099508975,0
2125,0.0,0.0346761760128489,0.0,0.0,0.0,0.0,0.0,0.0,1.4289238452264343,0.041582095,0.058170645388216,0.0,0.0,0.0,7.732391033025611,0.0014991904697438,9.297242985122853,0
2126,0.0,0.0031400600305566,0.0,0.0,0.0,0.0,0.0,0.0,0.05759145809189899,0.001814704,0.0001107936797743,0.0,0.0,0.0,0.07490059957934657,1.73471869705821e-06,0.1375593501002735,0
2127,0.0,0.0030798816490334,0.0,0.0,0.0,0.0,0.0,0.0,0.0001750505573559941,9.09e-07,0.0,0.0,0.0,0.0,1.5224907715026897e-05,3.46746654393217e-11,0.0032710661487790863,0
2128,0.00525,0.073788404105305,0.0,0.0,0.0,0.219048485,0.0,0.0,2.581708699433764,0.004557883,0.0556571397734313,0.000733261,0.0,0.0,3.0172587586469937,0.002447511031242,5.960450141990735,0
2129,0.0,0.0610415264520084,0.0,0.0,0.0,0.0,0.0,0.0,1.645438674158451,0.003329088,0.0614395612135287,0.0,0.0,0.0,3.8705809012433874,0.0009619973071745,5.64279174837455,0
2130,0.0,0.0574189252719598,0.0,0.0,0.0,0.0,0.0,0.0,1.7061386399538963,0.058543719,0.0527996222772232,0.0,0.0,0.0,7.717866437830233,0.002899863166729,9.59566720750004,0
2131,0.0065532245035557,0.0085137834191063,0.0,0.0,0.0,0.366275992,0.0,0.0,3.925095115710586,0.039309095,0.08447939837701,0.012888879,0.0,0.0,12.095186586984148,0.0030375190038507,16.54133959399826,0
2132,0.0144975,0.0030798816490334,0.0,0.0,0.0,1.152722691,0.0,0.0,6.722367222388774,0.076755048,0.0796794277455299,0.015865845,0.0,0.0,4.259847626537883,0.0135255128570888,12.33834075517831,0
2133,0.0047475,0.006702482829082,0.0076541025674141,0.0,0.0,0.274175201,0.0,0.0,3.599683857590234,0.002092403,0.0825594073909651,0.006770541,0.0,0.0,8.939835517239697,0.0026111603317229,12.926832172949116,0
2134,0.0100457245035557,0.0624145086043091,0.0076540398039109,0.0,0.0,0.0,0.0,0.0,3.073091267223111,0.555224014,0.0259441582070141,0.0,0.0,0.0,2.2534191503751515,0.0056263776081214,5.993419240325173,0
2135,0.0,0.0037342486419175,0.0,0.0,0.0,0.0,0.0,0.0,0.3115841465342902,0.064907285,0.0002861241825787,0.0,0.0,0.0,0.196077881085888,4.47997289276313e-06,0.5765941654175671,0
2136,0.013995,0.0157589857792035,0.0,0.0,0.0,1.542923016,0.0,0.0,4.202783495008124,0.18952191499999999,0.0489596471387656,0.713656463,0.0,0.0,11.438776840384927,0.0053485248965784,18.171723887207598,0
2137,0.0017475,0.0393054786943592,0.0,0.0,0.0,0.111772085,0.0,0.0,2.0897374620019717,0.0,0.0508790230979074,0.0,0.0,0.0,1.8632942253695624,0.0007966444602512,4.157532418624052,0
2138,0.003,0.11557317423962,0.0,0.0,0.0,0.0,0.0,0.0,1.3972756012225713,0.0,0.0441596833409177,0.0,0.0,0.0,12.605243561405654,0.0020022261075656,14.167254246316329,0
2139,0.0,0.0053482101254901,0.0,0.0,0.0,0.0,0.0,0.0,0.1335099333584184,0.0,0.0014888366260869,0.0,0.0,0.0,0.007333461018286529,2.33116614911246e-05,0.14770375278977305,0
2140,0.0152561225177786,0.0648858853776972,0.0,0.0,0.0,0.233923948,0.0,0.0,2.176256228666571,0.0,0.0405668328457511,0.0,0.0,0.0,2.117312851474013,0.0007530069644496,4.648954875846261,0
2141,0.0,0.180780034363791,0.0,0.0,0.0,0.058335149,0.0,0.0,0.8926802647705737,0.001480021,0.0028799796454351,0.0,0.0,0.0,0.4669511400209383,4.50936237738052e-05,1.603151682424512,0
2142,0.0,0.129870987756228,0.135967128491469,0.0,0.0,0.0,0.0,0.0,1.1008995058215891,0.0,0.0028799796454351,0.0,0.0,0.0,0.9047581101756413,4.50936237738052e-05,2.2744208055141364,0
2143,0.0005507245035557,0.180972644832107,0.0,0.0,0.0,0.0,0.0,0.0,0.8722382734259388,0.0,0.0019199841524126,0.0,0.0,0.0,1.411686873803856,3.00624158492035e-05,2.4673985631337194,0
2144,0.0,0.0611378381667156,0.0,0.0,0.0,0.559142405,0.0,0.0,1.7280349959923944,0.0,0.059519577061116,0.013684183,0.0,0.0,1.0826515272494022,0.0013240382356581,3.5054945647052866,0
2145,0.0,0.0030798816490334,0.0,0.0,0.0,0.0,0.0,0.0,9.095851082761074e-05,9.35e-06,0.0,0.0,0.0,0.0,4.559866115414075e-06,2.3658159640368198e-12,0.003184750028342241,0
2146,0.0003032245035557,0.248205180317832,0.0,0.0,0.0,0.0,0.0,0.0,0.7928691645954299,0.06236677,0.0067179115278481,0.032820352,0.0,0.0,7.813707970621342,0.0001051864754057,8.957095760041414,0
2147,0.0,0.185881500629742,0.0,0.0,0.0,0.0,0.0,0.0,0.375644725856975,0.0,0.0047999637978478,0.0,0.0,0.0,20.765318112407112,7.51560396230087e-05,21.3317194587313,0
2148,0.0,0.0283400860782579,0.0,0.0,0.0,0.0,0.0,0.0,0.5871475831279179,0.0,0.000756291749089,0.0,0.0,0.0,0.8652420969461235,1.18417211301832e-05,1.4814978996225185,0
2149,0.0,0.0259442020730086,0.0,0.0,0.0,0.0,0.0,0.0,0.613788062697881,0.0,0.0006845591112928,0.0,0.0,0.0,0.6927895620369672,1.07185599723974e-05,1.333217104479122,0
2150,0.0,0.0850622044979042,0.0,0.0,0.0,0.0,0.0,0.0,0.5415499395803378,0.001809947,0.016360152974476,0.0,0.0,0.0,1.4746326096032827,0.000256161049374,2.1196710147053746,0
2151,0.001125,0.0076136123266794,0.0,0.0,0.0,0.0,0.0,0.0,0.2370780268244843,0.000425631,0.0009047387425965,0.0,0.0,0.0,0.3937627447537659,1.41660421968928e-05,0.640923919689723,0
2152,0.0,0.0266264652918804,0.0,0.0,0.0,0.0,0.0,0.0,2.568134431546998,0.059596393,0.065278620645264,0.001152488,0.0,0.0,3.1159349510093683,0.0035167520813735,5.840240101574884,0
2153,0.0,0.133255623032573,0.0,0.0,0.0,0.0,0.0,0.0,1.2178097924507278,0.0,0.0393591660188571,0.006479592,0.0,0.0,3.405994248065383,0.0008634397039669,4.803761861271508,0
2154,0.0,0.0043869566141608,0.0,0.0,0.0,0.0,0.0,0.0,0.18802301365187102,0.001217376,0.0010968594798552,0.0,0.0,0.0,0.015104560503095502,1.71741859763383e-05,0.20984594043495886,0
2155,0.0005,0.0511289688512639,0.0,0.0,0.0,0.150796361,0.0,0.0,2.049222027963425,0.007381032,0.0403213346069371,0.0,0.0,0.0,0.7358567623716498,0.0068362203516498,3.0420427071449256,0
2156,0.0,0.0274318550074671,0.0,0.0,0.0,0.0,0.0,0.0,1.251026248785701,0.0,0.01562376759615,0.0,0.0,0.0,0.10945214572002099,0.0002446310696849,1.403778648179024,0
2157,0.0002475,0.0143797045329076,0.0,0.0,0.0,0.0,0.0,0.0,0.9857926541329449,0.0,0.0072497526254731,0.0,0.0,0.0,0.6744487852333221,0.0001135139221658,1.6822319104468135,0
2158,0.002,0.249991253841723,0.0,0.0,0.0,0.094900827,0.0,0.0,1.2088262696094099,0.0,0.0057598772872832,0.0,0.0,0.0,5.186719930588812,9.01859849387709e-05,6.748288344312167,0
2159,0.002495,0.0030798816490334,0.0,0.0,0.0,2.295952449,0.0,0.0,2.9776826897542534,0.0,0.094077255382132,0.000115737,0.0,0.0,4.805559556165131,0.0014730259696507,10.180435594920201,0
2160,0.0,0.0664745468673659,0.0,0.0,0.0,0.536683372,0.0,0.0,2.569909121779257,0.015945229,0.0518389024191815,0.396588332,0.0,0.0,2.0971904801068573,0.0010303394737308,5.7356603236463926,0
2161,0.0002475,0.0932142281932669,0.0175536950084593,0.0,0.0,0.680699913,0.0,0.0,1.5467400331299352,0.006937653,0.0364789335290284,0.0,0.0,0.0,6.382516805580067,0.0009916610540361,8.765380422494793,0
2162,0.0,0.0199237645532421,0.0295582004856098,0.0,0.0,0.0,0.0,0.0,0.1396356160101782,0.0,0.0006599785360662,0.0,0.0,0.0,0.0027352258001156655,1.0333735175762e-05,0.19252311912038775,0
2163,0.0005,0.036667008738469,0.0432722858414128,0.0,0.0,0.0,0.0,0.0,0.6319668606136011,0.0,0.0013160208999527,0.0,0.0,0.0,0.15518385496089734,2.06057251503774e-05,0.8689266367794832,0
2164,0.0,0.0044991349238923,0.0251671225062384,0.0,0.0,0.0,0.0,0.0,0.0749981109493383,0.000672702,0.0019468881626064,0.0,0.0,0.0,0.006207750479734607,3.04836186259965e-05,0.113522192640436,0
2165,0.0113514490071114,0.0220692652027486,0.0083498619695688,0.0,0.0,0.04316801,0.0,0.0,2.333234555375967,0.002460644,0.026049054462151,0.0,0.0,0.0,1.9079966636361256,0.0004078661599899,4.3550873698136625,0
2166,0.0,0.147981971725065,0.0,0.0,0.0,0.0,0.0,0.0,0.7828844375968687,0.0,0.0047998954615252,0.0,0.0,0.0,0.7654307731730556,8.55076315755835e-05,1.70118258558809,0
2167,0.0,0.13668557125716,0.190239967406698,0.0,0.0,0.0,0.0,0.0,0.8147216234202682,0.0,0.0047998954615252,0.0,0.0,0.0,0.18902149334772017,7.51549874489758e-05,1.3355437058808206,0
2168,0.000495,0.145838254961111,0.0,0.0,0.0,0.0,0.0,0.0,0.8277591892400036,0.0,0.0143996932182081,0.0,0.0,0.0,0.7445593900664041,0.0002254649623469,1.7332769924480738,0
2169,0.0015,0.194935323947895,0.0,0.0,0.0,0.106461647,0.0,0.0,0.8729884065379108,0.000270493,0.0028799386436416,0.0,0.0,0.0,0.43571508635207973,4.94486253633026e-05,1.6148003441068903,0
2170,0.0,0.119955346785776,0.0,0.0,0.0,0.0,0.0,0.0,0.48970225639907783,0.0,0.0143996932182081,0.0,0.0,0.0,0.39403328086244727,0.0002254649623469,1.018316042227856,0
2171,0.0,0.0537956112314797,0.0,0.0,0.0,0.0,0.0,0.0,0.4325890458091244,0.0,0.0,0.072835126,0.0,0.0,19.53977293527555,0.0,20.098992718316154,0
2172,0.0,0.0579008702603802,0.0,0.0,0.0,0.0,0.0,0.0,0.9532099002554499,0.0,0.0164653567430645,0.0,0.0,0.0,2.6033988613774097,0.0002578083518947,3.6312327969881992,0
2173,0.0,0.0031125963539373,0.0,0.0,0.0,0.0,0.0,0.0,0.0290385005206314,0.0,9.82676318481729e-06,0.0,0.0,0.0,0.15315114884847542,1.53860332810918e-07,0.18531222634656175,0
2174,0.0,0.0048911822390577,0.0,0.0,0.0,0.0,0.0,0.0,1.2470834154505557,0.024233344,0.0460796674933304,0.015999807,0.0,0.0,0.7934535475671052,0.0007214979803808,2.1324624617304297,0
2175,0.0,0.0338720046405452,0.0,0.0,0.0,0.0,0.0,0.0,1.962839756872775,0.024171392,0.0614395612135287,0.0,0.0,0.0,2.4398100285821456,0.0009619973071745,4.523094740616169,0
2176,0.0,0.107277873277179,0.0,0.0,0.0,0.0,0.0,0.0,1.6090019251585659,0.005745434,0.0403197150360923,0.000526652,0.0,0.0,2.216091356451451,0.0015090307131263,3.9804719866364144,0
2177,0.0,0.0048911822390577,0.0,0.0,0.0,0.0,0.0,0.0,2.850581077035627,0.004976121,0.0911993463272706,0.0,0.0,0.0,4.06649968006277,0.0019567406913345,7.02010414735606,0
2178,0.0,0.133064841717447,0.0,0.0,0.0,0.0,0.0,0.0,1.9136561885239671,0.018933515,0.0259198168089165,0.0,0.0,0.0,0.5502638365544015,0.0012163583814625,2.6430545569861943,0
2179,0.0,0.010839610690249,0.0,0.0,0.0,0.0,0.0,0.0,0.4515353875890401,0.0,0.0079865343544699,0.001709443,0.0,0.0,0.539146907226188,0.0001250501426681,1.0113429330026151,0
2180,0.0015,0.0050383436398606,0.0,0.0,0.0,0.0,0.0,0.0,0.42989529179267877,0.0,0.0020157096730614,0.0,0.0,0.0,0.23842806375403736,3.15612067916668e-05,0.6769089700664298,0
2181,0.0002475,0.0200778040259067,0.0,0.0,0.0,0.11521192,0.0,0.0,1.697936501765662,0.0,0.0174947477716515,0.005456842,0.0,0.0,1.9697143138058772,0.001096591070708,3.8272362204398056,0
2182,0.0057932245035557,0.0393054786943592,0.0,0.0,0.0,0.079919154,0.0,0.0,2.253574791548957,0.008918271,0.0662387323100348,0.21551045900000002,0.0,0.0,3.423207963009984,0.0014762763235714,6.093944350390462,0
2183,0.0021064490071114,0.0211929005103752,0.0,0.0,0.0,0.296342558,0.0,0.0,1.8063893165204572,0.019545999,0.0748794639476821,0.001559446,0.0,0.0,2.565505448458906,0.0026205450495673,4.790142126494099,0
2184,0.0,0.0405756793335263,0.0,0.0,0.0,0.0,0.0,0.0,0.6020014463644183,0.014401233,0.0131302708566123,0.0,0.0,0.0,0.2820744821153792,0.0003361828829438,0.9525192945528799,0
2185,0.0038032245035557,0.0186661731912282,0.0,0.0,0.0,0.147004576,0.0,0.0,0.8467001407434187,0.009284951,0.0054580015823532,0.0,0.0,0.0,2.038057838590521,8.54593562272544e-05,3.069060364967304,0
2186,0.0,0.164049568873644,0.0,0.0,0.0,0.0,0.0,0.0,0.5341602770294539,0.0,0.015359886886566,0.0,0.0,0.0,1.0221892045217449,0.0008060413362992,1.736564978647708,0
2187,0.0,0.168956435031165,0.0,0.0,0.0,0.0,0.0,0.0,0.3270619080831909,0.0,0.0009599818257579,0.0,0.0,0.0,0.22029179733714582,1.50310275519104e-05,0.7172851533048115,0
2188,0.0,0.0041423668904077,0.0,0.0,0.0,0.0,0.0,0.0,0.0186611046891009,0.000881241,6.06826544375365e-06,0.0,0.0,0.0,0.0003706484845341223,9.49652960683441e-08,0.024061524294782543,0
2189,0.0,0.302675915354771,0.113388127172411,0.0,0.0,0.0,0.0,0.0,0.781879555833353,0.014797917,0.0017102189766678,0.0,0.0,0.0,0.09665325835026735,2.67779851341698e-05,1.3111317706726042,0
2190,0.0017475,0.104512766534789,0.788655096522068,0.0,0.0,0.186380802,0.0,0.0,1.049093394967008,0.0,0.024959821315894,0.0,0.0,0.0,0.5647249773095928,0.0003908114060396,2.7204651700553915,0
2191,0.0007475,0.128059687166204,0.0491408622065431,0.0,0.0,0.0,0.0,0.0,0.8454813520611819,0.003847351,0.0105599230887182,0.0,0.0,0.0,0.6059467327812923,0.0001694135276662,1.6439528218316057,0
2192,0.0,0.151553972775571,0.0,0.0,0.0,0.0,0.0,0.0,0.3571866898649164,0.0,0.0009596538114096,0.0,0.0,0.0,0.13508314927908538,1.50258818857981e-05,0.6447984916128682,0
2193,0.0,0.0030798816490334,0.0,0.0,0.0,0.0,0.0,0.0,9.7746286048182e-05,0.0,0.0,0.0,0.0,0.0,4.563544671349733e-06,4.62338627412841e-13,0.0031821914802152703,0
2194,0.0,0.141981513328132,0.0,0.0,0.0,0.0,0.0,0.0,0.553129655496891,0.017989879,0.0230398371634813,0.0,0.0,0.0,0.6992208202210659,0.0006858410057544,1.4360475462153246,0
2195,0.0,0.154424474404158,0.0,0.0,0.0,0.0,0.0,0.0,0.4124414503623155,0.000473363,0.0095999344293279,0.181059055,0.0,0.0,20.932669401448766,0.0001597987411429,21.69082747738571,0
2196,0.0,0.102746849441998,0.0,0.0,0.0,0.0,0.0,0.0,1.074840635741903,0.0,0.0164049611011817,0.036045899,0.0,0.0,2.2817537963047663,0.0005975557889348,3.512389697378784,0
2197,0.0,0.0108961854638384,0.0,0.0,0.0,0.212923294,0.0,0.0,0.21532267701192886,0.0,0.0012865474440306,0.0,0.0,0.0,0.23562377889057862,2.01442350870408e-05,0.6760726270454636,0
2198,0.0,0.0031465686268347,0.0,0.0,0.0,0.0,0.0,0.0,0.0326107733512869,0.0,1.66535618090401e-05,0.0,0.0,0.0,0.001788075604361648,2.60796304015808e-07,0.03756233194059631,0
2199,0.00131,0.101653544351374,0.0,0.0,0.0,0.32226606,0.0,0.0,1.056143344171921,0.0,0.0246220485407208,0.0,0.0,0.0,0.5836805430045019,0.0003855226663188,2.0900610627348364,0
2200,0.0,0.0038596701526579,0.0,0.0,0.0,0.0,0.0,0.0,0.392728951864553,0.000120259,0.0003513170343056,0.0,0.0,0.0,0.3083331756573062,5.50073586383573e-06,0.7053988744446865,0
2201,0.0,0.0479962660662292,0.0,0.0,0.0,0.0,0.0,0.0,0.976797532601826,0.000912703,0.0202358065069447,0.0,0.0,0.0,0.7935219052179702,0.0003427509323794,1.8398069643253494,0
2202,0.0,0.0429280409911115,0.0,0.0,0.0,0.0,0.0,0.0,1.3241931888536,0.060340723,0.0556789322266972,0.45274547800000003,0.0,0.0,4.584111783863132,0.0016678931280966,6.521666040062637,0
2203,0.0,0.0990788647647161,0.0,0.0,0.0,0.0,0.0,0.0,0.7314622377442097,0.0,0.0191998620250237,0.0,0.0,0.0,0.5111963230007468,0.000300624158492,1.3612379116931883,0
2204,0.0,0.240410300002727,0.0,0.0,0.0,0.0,0.0,0.0,0.3248745912071616,0.0,0.0009599818257579,0.0,0.0,0.0,2.319454329091256,1.50310275519104e-05,2.885714233154454,0
2205,0.0,0.0542051692876203,0.136393036553453,0.0,0.0,0.0,0.0,0.0,0.1296831350912503,0.0,0.0006980487013671,0.0,0.0,0.0,0.1141543195475731,1.09297833393095e-05,0.43514463896460315,0
2206,0.0,0.137627214832497,0.0174026873215985,0.0,0.0,0.0,0.0,0.0,0.5667622469825853,0.0,0.0018370648586125,0.0,0.0,0.0,0.17961807778775998,2.87641068117242e-05,0.9032760558898649,0
2207,0.0,0.0259419637443891,0.0,0.0,0.0,0.0,0.0,0.0,0.24700043010713468,0.001105897,0.0050048292592648,0.0,0.0,0.0,0.32277684462669837,7.83636761980444e-05,0.601908328413685,0
2208,0.0,0.0219721347286726,0.0,0.0,0.0,0.0,0.0,0.0,0.4072205998033446,0.001005307,0.0041357757443116,0.0,0.0,0.0,0.11478114024088071,6.47563929679973e-05,0.5491797139101775,0
2209,0.0,0.149795307207594,0.0,0.0,0.0,0.0,0.0,0.0,0.7567694827458277,0.0,0.0019199841524126,0.0,0.0,0.0,0.1350939845430279,3.00624158492035e-05,1.0436088210647114,0
2210,0.0,0.227830343040792,0.0,0.0,0.0,0.0,0.0,0.0,0.3413297927740041,0.0,0.0009599954930224,0.0,0.0,0.0,0.13905349089822402,1.50312079246017e-05,0.7091886534139671,0
2211,0.0,0.207284672205911,0.0,0.0,0.0,0.0,0.0,0.0,0.3838557562938818,0.0,0.0028799796454351,0.0,0.0,0.0,0.19503828315977803,4.50936237738052e-05,0.7891037849287798,0
2212,0.0,0.142121344667569,0.0491408671206106,0.0,0.0,0.0,0.0,0.0,0.7271808897171876,0.0,0.0086399389363055,0.0,0.0,0.0,0.27646289074415525,0.0002066981874577,1.2037526293732856,0
2213,0.0,0.307772978217623,0.0,0.0,0.0,0.0,0.0,0.0,1.1534331982955028,0.0,0.0105599230887182,0.286619063,0.0,0.0,8.844733446227945,0.0001653432871706,10.603283952116959,0
2214,0.0,0.373084426194671,0.0,0.0,0.0,0.0,0.0,0.0,0.9186097030902907,0.0,0.0018371741967286,0.0,0.0,0.0,1.1196687717126705,2.87657460429896e-05,2.4132288409404037,0
2215,0.0,0.0032636094345814,0.0,0.0,0.0,0.0,0.0,0.0,0.019047314319446798,0.0,9.15706722368231e-07,0.0,0.0,0.0,0.02378864130315403,1.42843249256136e-08,0.04610049504822952,0
2216,0.0,0.0755319441333015,0.0,0.0,0.0,0.0,0.0,0.0,1.4967603806816274,0.009298803,0.0518396267842007,0.0,0.0,0.0,2.643305210077484,0.0008934028300803,4.277629367506694,0
2217,0.0,0.0628521141816011,0.0,0.0,0.0,0.0,0.0,0.0,1.314016003757675,0.010540955,0.0355193207194123,0.000873123,0.0,0.0,4.7629567269158475,0.001935223460614,6.18869346703515,0
2218,0.0,0.0936449629946432,0.0,0.0,0.0,0.0,0.0,0.0,0.654996550958791,0.0,0.0220798416704589,0.4410693,0.0,0.0,0.5305562292577868,0.0003457177822658,1.7426926026639455,0
2219,0.0,0.160661218427321,0.0301249870750704,0.0,0.0,0.0,0.0,0.0,0.403269555213243,0.0,0.0,0.0,0.0,0.0,0.04557193478426079,0.0,0.6396276954998952,0
2220,0.0,0.319797998957344,0.0,0.0,0.0,0.0,0.0,0.0,1.616078426120429,0.0,0.0007202375053038,2.275141587,0.0,0.0,5.935128967936205,1.12772191996913e-05,10.14687849473848,0
2221,0.0,0.0106403047536507,0.0,0.0,0.0,0.0,0.0,0.0,0.21373144122223608,0.0,1.7193418757302e-05,0.0,0.0,0.0,0.5802801366609851,2.69200056819215e-07,0.804669345255686,0
2222,0.0,0.334610064524964,0.0073883973855876,0.0,0.0,0.0,0.0,0.0,1.2102312521441843,0.0,0.007679943443283,0.0,0.0,0.0,2.1876778693469108,0.0001202496633968,3.7477077765083266,0
2223,0.0,0.336749801824722,0.007388336800862,0.0,0.0,0.0,0.0,0.0,1.2118045902430277,0.0,0.0019199636515159,0.017474055,0.0,0.0,0.8605069610285333,3.00620551038208e-05,2.4358737706037648,0
2224,0.0,0.100654022300597,0.0,0.0,0.0,0.0,0.0,0.0,1.2018555380024054,0.0,0.0019199841524126,0.0,0.0,0.0,0.8337044326552768,3.00624158492035e-05,2.138164039526541,0
2225,0.0032128980142228,0.0624233680242875,0.0,0.0,0.0,0.0,0.0,0.0,1.6396987016971725,0.01133347,0.0537589685751813,0.0,0.0,0.0,22.80802348901842,0.0013160759859552,24.57976697131524,0
2226,0.0,0.0031014878006594,0.0,0.0,0.0,0.0,0.0,0.0,0.14415353754410098,0.032552474,2.90087689287548e-05,0.000502343,0.0,0.0,0.010877579972463199,4.54247341674319e-07,0.191216885333494,0
2227,0.002,0.0287385152174343,0.0882140840491634,0.0,0.0,0.106461647,0.0,0.0,2.4846090748154075,1.12176739,0.034451100992344,0.058543942,0.0,0.0,27.21509383973064,0.0326376699358679,31.172517263740854,1
2228,0.0,0.0656179337844227,0.022114345575465,0.0,0.0,0.0,0.0,0.0,3.5597410125620867,0.0166534,0.0662395250113766,6.266205632,0.0,0.0,3.5028921453842017,0.002673462133749,13.502137456451301,0
2229,0.0,0.0393059064106181,0.0220541734736029,0.0,0.0,0.0,0.0,0.0,4.147696502378108,0.487602486,0.0508796381248105,0.0,0.0,0.0,5.56934160139192,0.0122266544500593,10.329106962229119,0
2230,0.0,0.210586479055361,0.010229949708289,0.0,0.0,0.0,0.0,0.0,1.586738951988004,0.0,0.00437329230065,0.0,0.0,0.0,0.2767702229849064,6.84753314828762e-05,2.0887673713686934,0
2231,0.0,0.0035509208121535,0.0,0.0,0.0,0.0,0.0,0.0,0.06525850194740909,0.0,9.92926766866448e-06,0.0,0.0,0.0,0.018833430721620213,1.55439960653656e-07,0.08765293818881213,0
2232,0.0,0.0031844146937873,0.0,0.0,0.0,0.0,0.0,0.0,0.06277095200284974,0.0,4.47466240154267e-05,0.0,0.0,0.0,0.20173116815688852,7.00597082651031e-07,0.2677319820746236,0
2233,0.001495,0.0889313482216552,0.0,0.0,0.0,0.0,0.0,0.0,2.376289281603385,0.0,0.0367501535596558,0.0,0.0,0.0,4.187686202763178,0.0008254387922795,6.691977424940154,0
2234,0.00075,0.0229346648055746,0.0,0.0,0.0,0.062126934,0.0,0.0,1.5975102959541039,0.005000661,0.0220984564847255,2.57853493,0.0,0.0,0.733466723377326,0.0003460092001249,5.0227686748218545,0
2235,0.002895,0.005522608087144,0.0,0.0,0.0,0.0,0.0,0.0,0.4081917696110421,0.001754016,0.0027187674268725,1.273196044,0.0,0.0,0.12687936476811448,4.25694447751864e-05,1.8212001393379484,0
2236,0.0012932245035557,0.189364257509255,0.0,0.0,0.0,0.106461647,0.0,0.0,1.582926074971792,0.0,0.0019199841524126,0.0,0.0,0.0,0.15858903628467905,3.00624158492035e-05,2.0405842868375434,0
2237,0.0015,0.374218103537197,0.0,0.0,0.0,0.106461647,0.0,0.0,2.1034412454566933,0.0,0.0076798546060636,0.0,0.0,0.0,0.4174900727378243,0.0001202482204152,3.0109111715581935,0
2238,0.0144578980142229,0.012136384599155,0.0,0.0,0.0,0.394947809,0.0,0.0,4.54336290376346,0.03398703,0.0604795657205062,0.213940156,0.0,0.0,6.75961530327373,0.0040766803281261,12.0370037306992,0
2239,0.012485,0.0320603541008545,0.0,0.0,0.0,0.238299084,0.0,0.0,4.067732515106174,0.021906107,0.0652787504842768,0.01088205,0.0,0.0,15.966138357811433,0.0037540669734425,20.41853628547618,0
2240,0.0086064490071114,0.0030798816490334,0.0,0.0,0.0,0.051626607,0.0,0.0,8.595246605242725,308.264416247,0.0259198168089165,0.059318195,0.0,0.04477,8.466210073454969,0.114164864773376,325.6333587399361,1
2241,0.0,0.0936449629946432,0.0,0.0,0.0,0.0,0.0,0.0,2.778265262059183,0.0,0.0364797398976347,0.0,0.0,0.0,3.9391383870091903,0.0005711859011348,6.848099537861786,0
2242,0.0,0.0303151680755836,0.0,0.0,0.0,0.0,0.0,0.0,3.274184272953093,0.368794947,0.0279071805753781,0.0,0.0,0.0,5.3091701490998044,0.0013103357609323,9.01168205346479,0
2243,0.0005,0.0077141873146635,0.0,0.0,0.0,0.0,0.0,0.0,0.43133638770724636,0.152129043,0.0047486363859694,0.0,0.0,0.0,6.0229871450191155,7.43523444592336e-05,6.619489751771454,0
2244,0.0,0.219298886063108,0.0,0.0,0.0,0.702938547,0.0,0.0,1.684412824949333,0.038643207,0.0278398009613292,0.0,0.0,0.0,3.6225529056564323,0.0004359050298134,6.296122076660016,0
2245,0.0047957245035557,0.0501737229118626,0.0,0.0,0.0,0.501245225,0.0,0.0,4.0128765875717765,0.014800632,0.0710394888092244,0.0,0.0,0.0,3.6813375431888673,0.0011123093864205,8.337381233371708,0
2246,0.0061064490071114,0.0030798816490334,0.0,0.0,0.0,0.797087048,0.0,0.0,3.6636357849903227,0.095274144,0.08447939837701,4.110497456,0.0,0.0,9.344477471586137,0.0073173399882571,18.11195497359787,0
2247,0.0033514490071114,0.0180045998274359,0.0,0.0,0.0,0.106461647,0.0,0.0,2.750273634896122,0.02084796,0.0379686106918829,0.0,0.0,0.0,8.20138895907366,0.0070194701379745,11.145316330634184,0
2248,0.0,0.0049001642804955,0.0,0.0,0.0,0.0,0.0,0.0,0.5144194726869633,0.007280809,0.0046308040649709,0.0,0.0,0.0,0.8110959803554946,7.2507410958218e-05,1.3423997377988826,0
2249,0.0043564490071114,0.0356829163976069,0.0,0.0,0.0,0.225465351,0.0,0.0,3.310127522905427,0.023120005,0.0758385505676144,0.0,0.0,0.0,4.006034161879363,0.0034830772490162,7.684108034006139,0
2250,0.0024975,0.0429285205517655,0.0,0.0,0.0,0.373344955,0.0,0.0,2.8908251860321394,0.0,0.0643195408589639,0.0,0.0,0.0,5.074819745650522,0.0024341379896671,8.451169586083058,0
2251,0.0125482245035557,0.0030798816490334,0.0,0.0,0.0,0.009333624,0.0,0.0,4.537319290915983,0.184974288,0.0355193207194123,0.046155926,0.0,0.0,14.186407227999492,0.0159225134018693,19.03126029718935,0
2252,0.003,0.0371621703164717,0.0,0.0,0.0,0.331599684,0.0,0.0,10.193793192874063,0.323802549,0.0067199547838928,0.03912243,0.0,0.14341,13.19912160384254,0.0482433471758215,24.325974931992786,0
2253,0.0002475,0.0147951559910323,0.0,0.0,0.0,0.0,0.0,0.0,0.2650004039824593,0.00072727,0.0017893797727268,0.0,0.0,0.0,0.011539981037599793,2.80174254177192e-05,0.2941277082092359,0
2254,0.00225,0.0385730836214861,0.0882140840491634,0.0,0.0,0.0,0.0,0.0,1.378004998115194,0.001265879,0.0054211956390198,0.0,0.0,0.0,0.3562074833906972,8.78648405529441e-05,1.8700245886561135,0
2255,0.0,0.0062669251053934,0.0,0.0,0.0,0.0,0.0,0.0,0.8295049799934371,0.0,0.0033782812759453,0.0,0.0,0.0,2.7819850708747964,5.28958877803649e-05,3.6211881531373526,0
2256,0.0,0.0030938277912947,0.0,0.0,0.0,0.0,0.0,0.0,0.1025353946707859,0.0,1.47811465707648e-05,0.0,0.0,0.0,0.006744641352058658,2.3140992140406e-07,0.11238887637063143,0
2257,0.0,0.0700970962030195,0.0168300216886511,0.0,0.0,0.0,0.0,0.0,1.5225555971265101,0.0,0.0335992887315738,0.0,0.0,0.0,1.2321562499217724,0.0007427321956902,2.875980985867217,0
2258,0.0,0.0588002557654344,0.0,0.0,0.0,0.0,0.0,0.0,1.9177139737614612,0.012744201,0.0614382081543419,0.0,0.0,0.0,3.2241147655445204,0.0022986232997702,5.277110027525528,0
2259,0.0,0.0375201910295378,0.0,0.0,0.0,0.0,0.0,0.0,1.3912927949698117,0.008884574,0.0086288889529467,0.0,0.0,0.0,0.4134417777924471,0.0006150686699591,1.8603832954147026,0
2260,0.0015,0.0199917566053789,0.0,0.0,0.0,0.517105458,0.0,0.0,0.37380634348460307,0.006225856,0.0042372073478945,0.0,0.0,0.0,1.3444555656002408,6.63445932084869e-05,2.2673885316313256,0
2261,0.0005,0.0543202484640125,0.0,0.0,0.0,0.085410744,0.0,0.0,2.426474846961998,0.007563424,0.0335990222199158,0.0,0.0,0.0,2.0020704403362566,0.0006836433507013,4.6106223693328845,0
2262,0.0,0.228106607289678,0.0,0.0,0.0,0.0,0.0,0.0,1.1370670018520097,0.0,0.0092602140689616,0.0,0.0,0.0,4.539095098599755,0.0001449929614117,5.913673914771816,0
2263,0.0,0.0031541816975188,0.0,0.0,0.0,0.0,0.0,0.0,0.04291148526638226,0.0,3.05463361864627e-06,0.0,0.0,0.0,0.21338648369332958,4.78716056376915e-08,0.25945525316245494,0
2264,0.0067103980142228,0.0393054009277666,0.0,0.0,0.0,0.055710067,0.0,0.0,2.40408890441801,0.043061991,0.0604787183501064,7.442030852,0.0,0.0,25.84753143780556,0.0012119400905738,35.90012970960624,1
2265,0.0005,0.144359422389411,0.0,0.0,0.0,0.0,0.0,0.0,1.9947460031806212,0.0,0.0143996932182081,0.0,0.0,0.0,5.019461532003352,0.0002254649623469,7.17369211575394,0
2266,0.00324,0.19226655731928,0.0,0.0,0.0,0.106461647,0.0,0.0,1.8083680421118964,0.0,0.0115197545745665,0.0,0.0,0.0,1.064357653621551,0.0001803719698775,3.1863940265971715,0
2267,0.003495,0.042927963224519,0.0,0.0,0.0,1.096302211,0.0,0.0,3.7258908241282134,0.193973181,0.0614387001758644,0.0,0.0,0.0,14.377829077080367,0.0010192350736377,19.502876191682603,0
2268,0.0065007245035557,0.0320603022564595,0.0,0.0,0.0,0.310634669,0.0,0.0,2.73739591665286,1.116895842,0.0691185411146636,1.112305251,0.0,0.0,4.006765298258648,0.0085336940204756,9.400210238806661,0
2269,0.0054975,0.0085136667692175,0.0,0.0,0.0,0.085752669,0.0,0.0,4.41869268827545,0.006993331,0.0825575964784171,0.0,0.0,0.0,6.7956370629494,0.0027291011893422,11.406373615661828,0
2270,0.0127957245035557,0.0719083708708462,0.0,0.0,0.0,0.052501634,0.0,0.0,3.17171632758346,0.000889636,0.023999490974891,0.0,0.0,0.0,11.682088460758724,0.0005071527156935,15.01640679740717,0
2271,0.0309328980142229,0.0030798816490334,0.0,0.0,0.0,0.213506646,0.0,0.0,7.042262863860108,0.183225288,0.0057598294518574,0.0485483,0.0,0.0,10.215224734419241,0.0007036332006209,17.743244074595083,0
2272,0.0,0.0079916325946302,0.0,0.0,0.0,0.106461647,0.0,0.0,1.4014613925338861,0.036502847,0.0084605287550438,0.0,0.0,0.14804,0.1510830954275379,4.001438163286175,5.861439306597274,0
2273,0.002,0.0033059102502358,0.0,0.0,0.0,0.0,0.0,0.0,0.7107662767122056,0.007830517,0.0003893393641806,0.0,0.0,0.0,2.4191719440069197,6.09610056297657e-06,3.1434700834341047,0
2274,0.0062425,0.0085136667692175,0.0,0.0,0.0,0.162755066,0.0,0.0,3.8961278684573206,0.018348576,0.0643181262970868,0.012746095,0.0,0.0,6.235656500916785,0.0037498340851567,10.408458233525566,0
2275,0.0,0.0035019339078186,0.0,0.0,0.0,0.0,0.0,0.0,0.7055406143114107,0.006515424,0.003504484796458,0.0,0.0,0.0,2.3870229342919034,5.48718904583162e-05,3.1061402631980486,0
2276,0.0,0.005906982431846,0.0,0.0,0.0,0.065335367,0.0,0.0,1.9390649225281011,0.016862765,0.0234744493413612,0.0,0.0,0.0,6.142148334681996,0.0010663228282449,8.19385914381155,0
2277,0.006495,0.0574189252719598,0.0,0.0,0.0,0.630415627,0.0,0.0,2.9392864734245463,0.030133577,0.0566395974156808,0.0,0.0,0.0,4.6677843745820295,0.0023110072737327,8.390484581967948,0
2278,0.0002475,0.0592302258619841,0.0265710238399466,0.0,0.0,0.90816791,0.0,0.0,3.0601973688119726,0.172930149,0.0383997240500474,0.0,0.0,0.0,5.743665396505117,0.001534214824368,10.010943512893435,0
2279,0.007245,0.0193807056045367,0.0196976006765698,0.0,0.0,0.34826084,0.0,0.0,5.027797553865812,0.057734733,0.0604778163106486,0.0,0.0,0.0,12.203923863064126,0.0057761199038166,17.75029423242551,0
2280,0.0,0.0030952923954541,0.0,0.0,0.0,0.0,0.0,0.0,0.0692098430683632,0.000215012,2.34735268010065e-05,1.0270076529999999,0.0,0.0,0.3292235705159704,3.67589035549553e-07,1.428775212095624,0
2281,0.0015,0.0082118157402937,0.0,0.0,0.0,0.0,0.0,0.0,1.365717913464597,0.00711745,0.0141834702599809,0.0,0.0,0.0,10.113139138896885,0.0003115213989041,11.510181309760661,0
2282,0.0026571735106671,0.0051303533943985,0.0,0.0,0.0,0.0,0.0,0.0,0.9345736414807486,0.149499215,0.0010252635147041,0.0,0.0,0.0,9.787900660544807,0.0001589734598272,10.880945280905152,0
2283,0.0135989490071114,0.0280090586078873,0.0,0.0,0.0,0.813347245,0.0,0.0,4.656118124588426,0.281140293,0.019199629681527,0.012657672,0.0,0.0,6.6144758706656805,0.0056376986800672,12.4441845412307,0
2284,0.0068514490071114,0.006702482829082,0.0882140840491634,0.0,0.0,0.319384942,0.0,0.0,3.955045768262801,0.001033707,0.049919642631788,0.0,0.0,0.0,6.690300157092077,0.0010757566508355,11.118527989522859,0
2285,0.0,0.0031148766156741,0.0,0.0,0.0,0.0,0.0,0.0,0.0677069177968797,0.001499827,3.33822935729016e-05,0.0,0.0,0.0,0.21444577332313391,5.22656910437448e-07,0.2868012996861711,0
2286,0.0048514490071114,0.0370890530405248,0.0,0.0,0.0,0.0,0.0,0.0,2.6910546739477748,0.046759428,0.0324448558999577,0.0,0.0,0.0,10.13176959783494,0.0171992316223077,12.961168289352615,0
2287,0.0,0.0043154502323251,0.0,0.0,0.0,0.0,0.0,0.0,0.7670054171493094,0.006633313,0.0051793192253018,0.0,0.0,0.0,0.9685909239723299,8.10958171766892e-05,1.7518055193964428,0
2288,0.0032475,0.014316415487683,0.0029451049562216,0.0,0.0,0.242965896,0.0,0.0,2.9218909170342937,0.020003807,0.0471016576981837,0.0,0.0,0.0,5.127378687387145,0.0008916755003382,8.380741661063865,0
2289,0.0005,0.284365901886744,0.0,0.0,0.0,0.0,0.0,0.0,1.4566196591699634,0.049742101,0.0105599230887182,0.0,0.0,0.0,4.784214165654999,0.0008875416564195,6.586889292456844,0
2290,0.0,0.221062068138191,0.0,0.0,0.0,0.0,0.0,0.0,1.1248444365938606,0.0,0.0029667394405634,0.0,0.0,0.0,4.334719164430229,4.64520403159214e-05,5.6836388606431605,0
2291,0.0,0.0032097627381966,0.0,0.0,0.0,0.0,0.0,0.0,0.0772331367786574,0.0,1.76991075442815e-06,0.0,0.0,0.0,0.02055849166745618,2.76767797222905e-08,0.10100318877184433,0
2292,0.0017475,0.0058771184911346,0.0,0.0,0.0,0.106461647,0.0,0.0,0.1889518333671914,0.0,3.80701653008464e-05,0.0,0.0,0.0,0.5069519762409734,5.96090820795305e-07,0.810028741355421,0
2293,0.0050964490071114,0.0030798816490334,0.0,0.0,0.0,0.002333406,0.0,0.0,2.853578190655826,0.003803176,0.0911993463272706,0.0,0.0,0.0,5.759529236598986,0.0128958250191045,8.731515511257331,0
2294,0.0014975,0.128059687166204,0.0,0.0,0.0,0.075544018,0.0,0.0,1.7814219006743683,0.00352089,0.024959821315894,0.0,0.0,0.0,1.8317719098765093,0.0003908114060396,3.8471665384390152,0
2295,0.01506,0.006702482829082,0.0,0.0,0.0,0.311671012,0.0,0.0,3.3094054256800067,0.499636196,0.0815994187315749,0.0,0.0,0.0,10.457993286211721,0.0305581511982141,14.7126259726506,0
2296,0.0,0.0214734734654918,0.0,0.0,0.0,0.0,0.0,0.0,0.3099282801750939,0.0,0.0016206710595789,0.62809109,0.0,0.0,0.12560522575751631,2.53758391626498e-05,1.0867441162968436,0
2297,0.0015,0.0680697584779796,0.0,0.0,0.0,0.140296034,0.0,0.0,0.9716100918965218,0.0,0.0057262968183749,0.255969188,0.0,0.0,1.581834576406554,8.96601484160461e-05,3.0250956057478464,0
2298,0.0,0.0043793095658949,0.0,0.0,0.0,0.0,0.0,0.0,0.08166409774060579,0.004082991,0.0003092150259734,0.0,0.0,0.013,0.011571604277131586,4.84154228232505e-06,0.115012059151888,0
2299,0.0012425,0.0716536852802948,0.0,0.0,0.0,0.171837772,0.0,0.0,4.655319047913285,0.029660683,0.0163178254562793,0.0,0.0,0.05474,1.1045009373138086,0.0198439086155728,6.12511635957924,0
2300,0.0,0.225062122069795,0.0115759214580954,0.0,0.0,0.0,0.0,0.0,5.174506729771771,0.000189099,0.0038399204693995,0.0,0.0,0.0,0.22643680879176628,6.01239899591806e-05,5.641670725550786,0
2301,0.00125,0.0519839477306902,0.0,0.0,0.0,0.688938111,0.0,0.0,5.936291314191228,0.0,0.0364789335290284,0.0,0.0,0.0,0.6735289394772861,0.0009564011022671,7.3894276470305,0
2302,0.0,0.0030820461525257,0.0,0.0,0.0,0.0,0.0,0.0,0.027441041649797798,6.17e-05,2.6787838445399e-06,0.0,0.0,0.0,0.011843186183741874,4.19299931725698e-08,0.042430694699903085,0
2303,0.0058489490071114,0.0567348125574312,0.0,0.0,0.0,0.560596258,0.0,0.0,6.567992311634423,0.009715112,0.0663534894965179,0.044320413,0.0,0.0,4.283641689401624,0.0010389377405697,11.596241972837678,0
2304,0.00449,0.0211926801716963,0.0,0.0,0.0,1.015543669,0.0,0.0,3.0855092011271736,0.036320314,0.0758385505676144,0.16784059,0.0,0.0,7.290086085661694,0.0017784922256653,11.698599582753843,0
2305,0.0025532245035557,0.0211929005103752,0.0,0.0,0.0,1.136744369,0.0,0.0,3.9337744783729405,0.464436672,0.0691195046568117,1.382324225,0.0,0.0,6.587210910384697,0.0560032003978326,13.653359484826213,0
2306,0.00824,0.0356829163976069,0.0,0.0,0.0,0.589447753,0.0,0.0,4.354454695813573,1.118141228,0.0710386414388246,0.414063232,0.0,0.0,5.045865365290076,0.0513199110728999,11.68825374301298,0
2307,0.0109096735106672,0.0071312878203189,0.0,0.0,0.0,0.271677181,0.0,0.0,3.5538615862508878,0.107272936,0.0565442750793352,0.0,0.0,0.0,10.247701363750764,0.003761635042233,14.258859938454206,0
2308,0.003,0.00318117263581,0.0,0.0,0.0,0.308139329,0.0,0.0,0.7894009381423046,0.016961674,0.0014136598376333,0.0,0.0,0.0,3.031025015485015,2.21345533239372e-05,4.1531439236540875,0
2309,0.00675,0.0030798816490334,0.007261911237278,0.0,0.0,0.32226606,0.0,0.0,1.6955174127514285,0.053966272,0.001533521747412,0.0,0.0,0.0,4.036530991511549,2.40113309356368e-05,6.126930062227637,0
2310,0.0074975,0.0030798816490334,0.0394006629580852,0.0,0.0,1.810784953,0.0,0.0,7.0766597481023785,0.262692596,0.0363363566256292,0.0,0.0,0.0,7.622189366213041,0.0052613688664443,16.863902433414612,0
2311,0.007995,0.012136384599155,0.0,0.0,0.0,2.789311436,0.0,0.0,5.890531470936809,0.056847979,0.0412797036954825,6.497585403,0.0,0.0,27.983474094197152,0.0018255849580992,43.2809870563867,1
2312,0.011495,0.005858209817228,0.0,0.0,0.0,0.944309655,0.0,0.0,3.479436672963,0.056679111,0.0604068080378715,0.0,0.0,0.0,15.495921258805163,0.0033982233225717,20.057504938945833,0
2313,0.0087425,0.0483624223218384,0.0005571725026501,0.0,0.0,0.0,0.0,0.0,3.6125258665273563,0.008020402,0.049919642631788,0.0,0.0,0.0,9.217287399829402,0.0010549480415429,12.946470353854577,0
2314,0.0083539490071114,0.0551788774631062,0.0,0.0,0.0,0.212923294,0.0,0.0,3.2103349565503945,0.008201618,0.0585595815680935,0.0,0.0,0.0,6.9892264044850805,0.0026617571129612,10.545440438186747,0
2315,0.002,0.129731143455693,0.0,0.0,0.0,0.0,0.0,0.0,1.653560482294048,0.014787951,0.0211198461774364,0.0,0.0,0.0,11.999262252503573,0.0005069700172981,13.82096864544805,0
2316,0.0,0.0031027515571227,0.0,0.0,0.0,0.0,0.0,0.0,0.0177557711361591,0.000256555,2.93846187028612e-06,0.0,0.0,0.0,0.53867987498982,4.59695329045832e-08,0.5597979371145049,0
2317,0.0093464490071114,0.252492575646131,0.0,0.0,0.0,0.025667466,0.0,0.0,4.992709693156462,0.026794319,0.0320234531332297,0.0,0.0,0.0,11.902688532830087,0.0109520815308714,17.252674570303892,0
2318,0.0087907245035557,0.0280093556516431,0.0,0.0,0.0,0.105768936,0.0,0.0,3.6053806438334317,1.308582276697574,0.0470396629863529,0.0,0.0,0.0,17.99903148697256,0.0144944909905443,23.117097577635658,0
2319,0.0015,0.0085137834191063,0.0,0.0,0.0,0.302132157,0.0,0.0,3.385286192677106,0.022813387,0.0892793621748579,0.583466397,0.0,0.0,9.480936385651749,0.0037672459944704,13.877694910917288,0
2320,0.00375,0.0316319568316917,0.0,0.0,0.0,0.037626171,0.0,0.0,2.6180490273704504,0.008998385,0.0787194390861397,0.0,0.0,0.0,13.063289439938474,0.002588617307303,15.84465303653406,0
2321,0.00095,0.210572335236279,0.0,0.0,0.0,0.106461647,0.0,0.0,1.2728848034941915,0.004123441,0.0134397455606115,0.0,0.0,0.0,5.730512048514212,0.0002318267433896,7.339175847548684,0
2322,0.0,0.0098417141595758,0.0,0.0,0.0,0.0,0.0,0.0,0.5193259721912156,0.001771785,0.0034045087565457,0.0,0.0,0.0,2.2814516857759677,5.33064542517242e-05,2.8158489723375566,0
2323,0.0,0.0158594218784618,0.0,0.0,0.0,0.0,0.0,0.0,2.8961333303485186,0.00243577,0.0064343567909977,0.0,0.0,0.02306,0.5949216743730077,0.0001807873003041,3.53902534069129,0
2324,0.0003032245035557,0.137114310757005,0.0,0.0,0.0,0.0,0.0,0.0,4.9476922260744995,0.090417327,0.0009599818257579,0.0,0.0,0.0,0.829144582921804,0.0001639313033677,6.00579558438599,0
2325,0.003,0.0117074513905057,0.0,0.0,0.0,0.212923294,0.0,0.0,6.204691391598146,0.523797259463257,0.0700779557489442,0.0,0.0,0.0,4.832565372352594,0.0010972540386174,11.859859978592064,0
2326,0.0005,0.0749217459439919,0.0,0.0,0.0,0.0,0.0,0.0,0.38216474786904187,0.119376146,0.0016225298075526,0.0,0.0,0.0,5.148480347567019,2.54049335363193e-05,5.727090922121142,0
2327,0.001,0.0800522591154222,0.0,0.0,0.0,0.0,0.0,0.0,0.4564902669484499,0.123565458,0.0017384008760935,0.0,0.0,0.0,31.728095103289125,0.0014035601929123,32.392345048422,1
2328,0.0,0.34461285984539,0.0,0.0,0.0,0.0,0.0,0.0,0.7337686236717957,0.101906193,0.0067198044439831,0.0,0.0,0.0,0.22580237927823052,0.0005895137475519,1.4133993739869513,0
2329,0.003,0.0103250840091307,0.0,0.0,0.0,0.832115264,0.0,0.0,7.057764051026462,0.037000027,0.0883193666818354,0.0,0.0,0.0,5.670457510360344,0.0018397197927236,13.700821022870496,0
2330,0.0089975,0.017570117874944,0.0,0.0,0.0,0.41272118,0.0,0.0,3.10648997519172,0.001356147,0.0825584165142879,0.0,0.0,0.0,6.337108246850546,0.0026004894208714,9.96940207285237,0
2331,0.0132275,0.0574189252719598,0.0582532241272704,0.0,0.0,0.243549248,0.0,0.0,3.7869109553128446,0.011496303,0.0566395974156808,0.0,0.0,0.0,8.304599234068442,0.0012092104675634,12.533304197663762,0
2332,0.0,0.0068765763075699,0.0259596099078088,0.0,0.0,0.0,0.0,0.0,0.5511593493071049,0.003811969,0.0004471655603349,0.006860758,0.0,0.0,2.791553294665346,7.00159564337318e-06,3.3866757243438075,0
2333,0.00525,0.0793581771359025,0.145457901603717,0.0,0.0,0.094900827,0.0,0.0,7.813219308951364,0.017086239,0.0089839166495676,0.5512416609999999,0.0,0.0,6.1797829640926345,0.0003863671899082,14.895667362623094,0
2334,0.0089975,0.0175702993303266,0.0,0.0,0.0,0.313259751,0.0,0.0,5.052037206785679,0.110790377,0.0767994481000947,0.114140407,0.0,0.0,7.164245308754422,0.0108110122488169,12.86865131021934,0
2335,0.00624,0.0157589857792035,0.0,0.0,0.0,0.061835258,0.0,0.0,5.198125180998531,0.010215712,0.0767994481000947,0.0,0.0,0.0,6.25115892806548,0.0068091163341444,11.626942629277455,0
2336,0.0054975,0.0030798816490334,0.0,0.0,0.0,0.361677925,0.0,0.0,2.6977946936529693,0.082511581,0.0118017717441592,5.381136504,0.0,0.0,21.07149877836763,0.0044628672295339,29.619461502643325,1
2337,0.00225,0.0030798816490334,0.0,0.0,0.0,0.143405694,0.0,0.0,0.736093273695166,0.029284806,0.0009672391432143,0.0,0.0,0.0,4.757442665700323,1.5144707643848e-05,5.67253870489538,0
2338,0.0059975,0.0128081453865693,9.59962354626044e-05,0.0,0.0,0.0,0.0,0.0,3.1122477171292675,0.007279943,0.0211058098967816,0.0,0.0,0.0,19.476610896934236,0.0005812300893801,22.6367272386717,0
2339,0.0125,0.006702482829082,0.0,0.0,0.0,0.251424493,0.0,0.0,5.276442316953122,0.059052444,0.0143998982271758,9.07e-05,0.0,0.0,7.7460189480220905,0.0012989653853725,13.367930248416842,0
2340,0.0208514490071114,0.0048895361795157,0.0,0.0,0.0,1.203764659,0.0,0.0,6.426252636072629,0.028587666,0.008632093926475,0.860035626,0.0,0.0,12.499657675392756,0.0021361316085833,21.05480747318707,0
2341,0.0,0.0030798816490334,0.0,0.0,0.0,0.0,0.0,0.0,0.0028772846004865,1.29e-05,0.0,0.0,0.0,0.0,0.00027106461707676263,2.7616553248291e-11,0.006241130894213216,0
2342,0.0079553980142228,0.0083884625552365,0.0,0.0,0.0,0.0,0.0,0.0,6.7627610636033975,2.647407181,0.0178191881302923,0.824815467,0.0,0.0,5.659480635688902,0.0161931925635413,15.944820588555592,0
2343,0.0,0.0030806074705638,0.0,0.0,0.0,0.0,0.0,0.0,0.043934289090578046,0.023154589,2.45327398007608e-06,0.021236809,0.0,0.0,0.0703340621697188,3.84108803215758e-08,0.16174284841572104,0
2344,0.0065,0.0315248573331047,0.0,0.0,0.0,0.293127762,0.0,0.0,2.1005616761180033,0.294099375,0.0214055740093443,0.0,0.0,0.0,8.798482937598541,0.0051848838650273,11.550887065924021,0
2345,0.002995,0.0057338592479082,0.0,0.0,0.0,0.025667466,0.0,0.0,1.314726263883625,0.08983384,0.0019971836960141,0.0,0.0,0.0,1.4547355976840626,3.12711233592416e-05,2.895720481634969,0
2346,0.0052957245035557,0.006702482829082,0.0,0.0,0.0,0.230423839,0.0,0.0,4.042029970618012,0.037008674,0.0681595159974215,0.0,0.0,0.0,7.63912006246791,0.0034433278008183,12.0321835972168,0
2347,0.0015,0.0048911822390577,0.0,0.0,0.0,0.519474503,0.0,0.0,3.1184809432967513,0.067899641,0.0863993825294227,0.006722179,0.0,0.0,4.9528679083989,0.0090323833066276,8.767268122770759,0
2348,0.0,0.0773423504075117,0.0,0.0,0.0,0.088961102,0.0,0.0,2.2300276533245276,0.039529478,0.0518390049236654,0.0,0.0,0.0,3.3206926159551915,0.0024202445521982,5.810812449163095,0
2349,0.0,0.123150831368568,0.0,0.0,0.0,0.0,0.0,0.0,1.158589705542615,0.0,0.0268798054683067,0.0,0.0,0.0,2.5717911901238812,0.0006618589459547,3.8810733914493256,0
2350,0.0,0.10684912605835,0.0,0.0,0.0,0.541029045,0.0,0.0,5.388520799525038,0.008089586,0.042239699188505,0.0,0.0,0.0,6.579619483398183,0.0021621232593139,12.66850986242939,0
2351,0.0084975,0.0579433263740067,0.0,0.0,0.0,1.928301134,0.0,0.0,6.04854304495427,0.011582898,0.0604788413554871,2.296243369,0.0,0.0,6.126416675004964,0.001361654170505,16.53936844285923,0
2352,0.0,0.290132258425668,0.0,0.0,0.0,0.0,0.0,0.0,0.7175221881812098,0.038926371,0.0009599954930224,0.0,0.0,0.0,25.871106685765035,1.50312079246017e-05,26.918662530072858,0
2353,0.0,0.0094722217088329,0.0,0.0,0.0,0.0,0.0,0.0,0.0106114933483206,0.0,2.70338492066323e-05,0.0,0.0,0.0,0.0037067250832152725,4.23288996386287e-07,0.02381789727857179,0
2354,0.0,0.355715670241671,0.0,0.0,0.0,0.0,0.0,0.0,0.6320809163945587,0.0,0.001491344569125,0.0,0.0,0.0,0.13417932041420824,0.0001327372632142,1.123599988882777,0
2355,0.0020507245035557,0.0593257455997768,0.552606928797243,0.0,0.0,0.880972173,0.0,0.0,6.304148666616477,0.436188431,0.0451190433061403,2.307439548,0.0,0.0,8.570043958587224,0.0115670832004056,19.169462302610825,0
2356,0.0024975,0.0030798816490334,0.0372932222818927,0.0,0.0,0.767366818,0.0,0.0,2.8509867401309137,0.083952857,0.013850023174026,1.0734889399999998,0.0,0.0,3.434390373983979,0.0002168584325013,8.267123214652345,0
2357,0.0,0.0030798816490334,0.0,0.0,0.0,0.179088908,0.0,0.0,0.4331247559579507,0.017708472,0.0006162296223602,0.0,0.0,0.0,0.6228970495261335,9.64868002392355e-06,1.2565249454355016,0
2358,0.007745,0.0030798816490334,0.0,0.0,0.0,0.714861614,0.0,0.0,1.574171125557437,0.093541657,0.0171945599738889,0.879209408,0.0,0.0,2.2528030327994992,0.0048473614209911,5.54745364040085,0
2359,0.0009975,0.00589631544757,0.0,0.0,0.0,0.113461865,0.0,0.0,0.8946344059356919,0.026696677,0.0052637760863596,0.629850781,0.0,0.0,0.2786664497197016,8.24181883049257e-05,1.955550188377628,0
2360,0.01024,0.020620434700529,0.0,0.0,0.0,0.954809982,0.0,0.0,4.3980303334637085,0.066623782,0.0327824783352214,1.336553684,0.0,0.0,5.130487160071558,0.0066361772128171,11.956784031783835,0
2361,0.0166928980142229,0.0233155124922319,0.0,0.0,0.0,0.23654903,0.0,0.0,4.861181578903131,0.016982942,0.0544843859737356,1.9862757759999998,0.0,0.0,8.775404184488146,0.0018357929896701,15.972722100861137,0
2362,0.003,0.0035323920325956,0.0,0.0,0.0,0.0,0.0,0.0,0.7276001768718608,0.00253962,0.0012183819622722,0.0,0.0,0.0,1.0250845114225544,1.90769960611039e-05,1.7629941592853442,0
2363,0.0308921735106672,0.0266264652918804,0.0,0.0,0.0,2.182558472,0.0,0.0,8.175566308996592,0.104497047,0.041279129670373,3.843175439,0.0,0.0,15.486405238823355,0.0042723681033618,29.89527264239623,1
2364,0.0128032245035557,0.0112972441824082,0.0,0.0,0.0,0.04112628,0.0,0.0,6.883737422545621,0.204409642,0.0118876089989328,2.173886289,0.0,0.0,11.71094396461452,0.0280934491236434,21.07818512496868,0
2365,0.012735,0.0176972662537384,0.0,0.0,0.0,0.0,0.0,0.0,5.365304917394113,0.019606508,0.0046483459989733,0.0,0.0,0.0,4.520314545990552,0.0001156593365481,9.940422242973925,0
2366,0.0002475,0.0032670528761659,0.0,0.0,0.0,0.0,0.0,0.0,0.493623117040776,0.002218664,5.9520936953935e-05,0.0,0.0,0.0,0.07810898652327547,9.3198195417776e-07,0.5775257733591255,0
2367,0.0108032245035557,0.0223538779703272,0.0,0.0,0.0,0.051334931,0.0,0.0,4.4899439358503574,0.001831236,0.0116745773469693,0.0,0.0,0.0,7.016192491157358,0.0004001593540929,11.60453443318266,0
2368,0.0021064490071114,0.0034964772852424,0.0,0.0,0.0,0.0,0.0,0.0,0.48163039190240176,0.000269227,0.0002523387047027,0.0,0.0,0.0,1.7821233584007223,3.95105103002489e-06,2.2698821933512106,0
2369,0.0083946735106671,0.0302490275886327,0.0,0.0,0.0,0.025667466,0.0,0.0,6.199467468878311,0.020037109,0.0451190433061403,0.0,0.0,3.163770954e-05,6.27837740689041,0.0007064568820203,12.608050289765721,0
2370,0.003495,0.0751021807066548,0.0,0.0,0.0,0.553777861,0.0,0.0,4.6026463756341585,0.003412858,0.0057598772872832,0.044324794,0.0,0.0,4.098602302818487,9.38488397999758e-05,9.387215098286385,0
2371,0.0107425,0.006702430984687,0.0,0.0,0.0,0.141754412,0.0,0.0,3.2704239512710993,0.022565662,0.0489589637755399,0.05767217,0.0,0.0,9.135958699966439,0.0009257550716645,12.69570454506943,0
2372,0.0002475,0.190744181166237,0.0,0.0,0.0,0.36824783,0.0,0.0,1.5187662717451598,0.003630525,0.023999490974891,0.0,0.0,0.0,2.468348557797177,0.0004707447416109,4.574455101425076,0
2373,0.00075,0.1494161034818,0.0,0.0,0.0,0.060668555,0.0,0.0,1.7117129362784325,0.526420930463257,0.0499185424169947,0.0,0.0,0.0,1.6131911130560754,0.0019151412818281,4.113993321978388,0
2374,0.0,0.117307822762774,0.0,0.0,0.0,0.0,0.0,0.0,0.7776362896170255,0.0,0.0160169337943943,0.0,0.0,0.0,1.0657457425416512,0.0003691641598488,1.9770759528756938,0
2375,0.0,0.0035947565175295,0.0,0.0,0.0,0.0,0.0,0.0,0.5440547371493639,0.0,7.21973247897042e-05,0.0,0.0,0.01738,0.03324122918503695,1.13039638698131e-06,0.598344050573107,0
2376,0.0024975,0.066046681003252,0.0,0.0,0.0,1.786562292,0.0,0.0,7.761823723763477,0.006743068,0.059519577061116,0.0,0.0,0.0,5.5018491289265175,0.0009319348913253,15.185973905645687,0
2377,0.0051107245035557,0.102700273523679,0.326801419730676,0.0,0.0,0.491337222,0.0,0.0,5.601671501132771,0.0,0.0287994479391066,0.0,0.0,0.0,19.560113426578756,0.0021403112055929,26.118674326614137,0
2378,0.0,0.0127301530736878,0.0,0.0,0.0,0.0,0.0,0.0,0.06212471603831969,0.0,0.0001320736106209,0.007637338,0.0,0.0,2.074290552253248,2.06797306954574e-06,2.156916900948946,0
2379,0.0012475,0.306131782190403,0.0,0.0,0.0,0.0,0.0,0.0,0.6782711768858596,0.0,0.0041475979281153,0.040744257,0.0,0.0,21.739325396344682,6.49415501272525e-05,22.769932651899186,0
2380,0.0,0.32824095830371,0.0,0.0,0.0,0.0,0.0,0.0,0.3457688240253723,0.0,0.0,0.0,0.0,0.0,0.154020467929359,0.0,0.8280302502584412,0
2381,0.0,0.0135919362893333,0.0,0.0,0.0,0.0,0.0,0.0,0.1088649926114263,0.0,0.0,0.0,0.0,0.0,0.0032920953314374756,0.0,0.12574902423219708,0
2382,0.00075,0.0172228649428776,0.0,0.0,0.0,0.0,0.0,0.0,1.594587106922209,0.003183933,0.0008675774503858,0.0,0.0,0.0,0.08748012618785814,1.35842100503447e-05,1.704105192713381,0
2383,0.0015,0.113384931787518,0.0,0.0,0.0,0.0,0.0,0.0,2.1369943621059333,0.008891839,0.0067664781522949,0.0,0.0,0.0,0.40274925159344127,0.0001868920782494,2.670473754717437,0
2384,0.0100814490071114,0.0841587288437026,0.0,0.0,0.0,0.224006973,0.0,0.0,3.83145037282477,0.044129862,0.0470391026285078,0.0,0.0,0.00034,28.731917375766045,0.0021758000617483,32.97529966413188,1
2385,0.007235,0.0193815999203509,0.0,0.0,0.0,0.000583351,0.0,0.0,4.883241408254331,0.055668694,0.0518396267842007,0.10512073,0.0,0.0,30.977949399471402,0.005579537677238,36.106599347107526,1
2386,0.0124046735106672,0.0338716417297801,0.0,0.0,0.0,0.792929943,0.0,0.0,4.446924971756074,0.734440063,0.0287994479391066,0.014422769,0.0,0.05727,5.446005032670902,0.0149374629142809,11.58200600552081,0
2387,0.0190989490071114,0.0030798816490334,0.0,0.0,0.0,1.649206383,0.0,0.0,7.485105381919071,2.593019545,0.0121041736387729,0.0,0.0,0.09315,8.560045944664294,0.0321552085387582,20.44696546741704,0
2388,0.0026064490071114,0.0030798816490334,0.0,0.0,0.0,0.0,0.0,0.0,3.190702124828091,0.672756678,0.0005966444323132,0.0,0.0,0.0,6.9286139813594945,9.34204855697846e-06,10.7983651013246,0
2389,0.0341546735106672,0.0077085492367047,0.0,0.0,0.0,0.196156408,0.0,0.0,7.6873047213336765,0.165289631,0.0024531988101212,0.425948723,0.0,0.00032692299858,19.552396021966693,0.0007635291384113,28.072502378994855,1
2390,0.0,0.0031121547849354,0.0,0.0,0.0,0.382491243,0.0,0.0,0.32593734683247033,0.013801054,1.71045815379678e-05,0.0,0.0,0.00068788675368,1.4522643248714708,2.67787913767416e-07,2.178311382612008,0
2391,0.0130432245035557,0.0117076373803257,0.0,0.0,0.0,0.0,0.0,0.0,5.451745879871733,0.040218124,0.0095999344293279,2.138229352,0.0,0.0,23.87944361627403,0.0003344242805955,31.54432219273957,1
2392,0.0079975,0.0153302385603743,0.0,0.0,0.0,0.092791919,0.0,0.0,5.145438515722418,0.003218682,0.0143998982271758,0.887847187,0.0,4.218361272e-05,21.623768775308843,0.000225468118869,27.7910603675504,1
2393,0.00225,0.0560162133367888,0.0,0.0,0.0,0.675449749,0.0,0.0,1.4686300053026264,0.008586435,0.0015923729884048,0.0,0.0,0.0,1.6915107494039652,2.93896434680843e-05,3.9040649146752533,0
2394,0.0080432245035557,0.0461389909025329,0.0,0.0,0.0,0.0,0.0,0.0,2.0778711295102874,0.007744064,0.0012952603251576,0.0,0.0,0.0,1.462608163613166,2.0280651520834e-05,3.60372111350622,0
2395,0.0062489490071114,0.15670806110247,0.0,0.0,0.0,0.09187786,0.0,0.0,1.6747133146993485,0.015069064,0.0105599230887182,0.0,0.0,0.0,4.34493584134064,0.000307759287085,6.300420772525373,0
2396,0.0007475,0.29723761648523,0.0,0.0,0.0,0.0,0.0,0.0,1.2057134969154413,0.008459084,0.0038399751384576,0.0,0.0,0.0,1.1760907419974678,7.57354548387725e-05,2.6921641499914357,0
2397,0.0,0.0071798073994843,0.0,0.0,0.0,0.0,0.0,0.0,0.2187468858498742,0.00448034,4.68377154859094e-05,0.0,0.0,0.0,0.5654563610668004,7.33324860699905e-07,0.7959109653565055,0
2398,0.0,0.194989177364322,0.0,0.0,0.0,0.0,0.0,0.0,0.6973183725972447,0.030652829,0.0021922565624076,0.0,0.0,0.0,1.3221030387795756,5.81674018112832e-05,2.247313841705361,0
2399,0.0,0.0822620379567519,0.173600245960765,0.0,0.0,0.0,0.0,0.0,0.6694919658154395,0.100045097,0.0037289012797608,0.0,0.0,0.0,26.8552241352731,0.0002776740859789,27.884630057371798,1
2400,0.00675,0.0077494469680266,0.0601792470379496,0.0,0.0,0.0,0.0,0.0,1.6068684957338313,0.024295191,0.0002198994523812,0.0,0.0,0.00871,0.28540334777097565,3.44315065571057e-06,2.00017907111382,0
2401,0.0141039490071114,0.0601832309030968,0.0,0.0,0.0,0.094900827,0.0,0.0,9.631909110640335,0.056823871,0.0595187433579807,0.0,0.0,0.0,9.40756595460161,0.0028836803058354,19.327889366815967,0
2402,0.004995,0.0827753967450667,0.0,0.0,0.0,0.212923294,0.0,0.0,5.958660477751368,0.382069622,0.0499185424169947,0.0,0.0,0.0,4.896977402190586,0.020705614739731,11.609025349843748,0
2403,0.01749,0.0157589857792035,0.0,0.0,0.0,0.354969383,0.0,0.0,7.5325905053934,0.025493167,0.0719994843022469,0.0,0.0,0.0,8.695917159793895,0.0016788476459379,16.715897532914685,0
2404,0.0002475,0.0168888177188454,0.0,0.0,0.0,0.0,0.0,0.0,2.9711957299638447,0.156638831,0.0117622938506135,0.0,0.0,0.06313,0.5687375921169555,0.0040611964713534,3.792661961121613,0
2405,0.0088007245035557,0.0146770969438594,0.0,0.0,0.0,0.0,0.0,0.0,2.5034763754222435,0.143547634,0.0098783707756182,0.0,0.0,0.03561,4.030688223335661,0.0001546717892674,6.746833096770205,0
2406,0.008495,0.103226524878301,0.0,0.0,0.0,0.102489078,0.0,0.0,6.088625420897134,0.079838165,0.0355197444046122,0.0,0.0,0.0,5.076731677062476,0.0169470687091072,11.511872678951631,0
2407,0.0075,0.0103250062425381,0.0,0.0,0.0,0.756023533,0.0,0.0,7.224565533944422,0.002880143,0.0547189504009393,0.0,0.0,0.0,7.928687413802626,0.0024724048171985,15.987172985207724,0
2408,0.0005,0.0130337470458814,0.0,0.0,0.0,0.224298648,0.0,0.0,7.065362662075023,0.017301358,0.0430690219655191,0.0,0.0,0.0,7.192163469498206,0.0010070614400438,14.556735968024674,0
2409,0.002495,0.0030798816490334,0.0,0.0,0.0,0.0,0.0,0.0,7.44080706650546,0.084282727,0.0,0.0,0.0,1.7593186408005799,1.593057741639371,0.0,10.883041057594443,0
2410,0.0,0.0030798816490334,0.0,0.0,0.0,0.0,0.0,0.0,0.0001863066992117,5.82e-05,0.0,0.0,0.0,0.00037,0.0001296297567421291,0.0,0.003824018104987229,0
2411,0.0015,0.0046181566937668,0.0,0.0,0.0,0.0,0.0,0.0,1.5332477384381837,0.011346407,0.0,0.0,0.0,6.16074028169432,0.2778564187253082,0.0,7.989309002551579,0
2412,0.0005,0.0035194961966327,0.0,0.0,0.0,0.0,0.0,0.0,0.6141890508573284,0.006065649,0.0,0.0,0.0,0.28823018751944,0.2901569121543808,0.0,1.202661295727782,0
2413,0.0,0.0043777801562417,0.0,0.0,0.0,0.0,0.0,0.0,0.3460160602101729,11.8660001754761,0.0003439435451008,0.0,0.0,33.239974213008416,0.09605034863330972,5.38535907931429e-06,45.552767906388425,1
2414,0.0005,0.0054899331571807,0.0,0.0,0.0,0.0,0.0,0.0,1.2775909875796598,0.0,0.0006386644370583,0.0,0.0,3.3565142967348,0.1807346751718344,0.000283792123607,4.82175234920414,0
2415,0.0,0.0030836334748687,0.0,0.0,0.0,0.0,0.0,0.0,0.0010382422680399,0.013354311,1.23005380616628e-07,0.0,0.0,0.45373738878902997,0.0007929943198126984,1.9703939701711403e-09,0.4720066948275259,0
2416,0.0015,0.0310759096006989,0.0,0.0,0.0,0.0,0.0,0.0,1.5737015530287455,1.159627454,0.0009381347034339,0.0,0.0,1.12098229978817,0.3864249912969528,0.00108668100219,4.2753370234201915,0
2417,0.0047475,0.119624541903227,0.0,0.0,0.0,0.183464044,0.0,0.0,1.9843471692644914,0.010925265,0.0220798416704589,0.835847815,0.0,0.0,16.40044400811022,0.0005244818409114,19.56200466678931,0
2418,0.0,0.0030800924995353,0.0,0.0,0.0,0.0,0.0,0.0,0.0025358128164947574,1.78e-05,0.0,0.0,0.0,0.0,6.141511741341301e-05,0.0,0.00569512043344347,0
2419,0.0020357245035557,0.162249749937694,0.0,0.0,0.0,0.0,0.0,0.0,1.053450985309667,0.015170043,0.0,0.0,0.0,0.0,3.0464998282691598,0.0,4.279406331020077,0
2420,0.0,0.175729279662565,0.0,0.0,0.0,0.0,0.0,0.0,2.161613623032115,0.003669758,0.0259195024618327,0.0,0.0,0.0,1.0258192777324358,0.0005201843124289,3.393271625201377,0
2421,0.0,0.0031140471053537,0.0,0.0,0.0,0.0,0.0,0.0,0.029167746233645098,0.004905937,2.01182133630752e-05,0.414865684,0.0,0.0,0.013731631759252055,3.14983071221921e-07,0.4658054792946852,0
2422,0.0079875,0.0336060947384712,0.0,0.0,0.0,2.348650946,0.0,0.0,6.586222606108583,0.15325419699999998,0.0179766076829526,2.172441604,0.0,0.03957,4.093535865279762,0.0012144182157203,15.454459839025489,0
2423,0.003,0.106322628442851,0.0,0.0,0.0,0.764982486,0.0,0.0,6.456556126056721,0.007815718,0.0211195523312493,0.0,0.0,0.00562,8.022618388191628,0.0004201942396059,15.388455093262055,0
2424,0.0095432245035557,0.006702482829082,0.0,0.0,0.0,3.446988792,0.0,0.0,13.031431680577677,1.3153247689999998,0.0124799140747631,2.276633821,0.0,0.02876,13.169858118543196,0.0199181403258775,33.317640942854155,1
2425,0.010245,0.0125374454207611,0.0,0.0,0.0,0.707141635,0.0,0.0,5.170295824320527,0.520498692,0.0064567027684764,2.263156704,0.0,0.03713,3.2565967011278505,0.000926603115814,11.984985307753428,0
2426,0.0,0.0035349224218603,0.0,0.0,0.0,0.0,0.0,0.0,2.0528263765896977,0.114170555,0.0003106569223795,0.0,0.0,0.0326,0.05882796240842888,4.86413610411822e-06,2.2622753374784703,0
2427,0.0063489490071114,0.0266268022804481,0.0,0.0,0.0,2.978880319,0.0,0.0,10.912971428349962,1.672718868,0.0403197150360923,1.031974068,0.0,0.02827,2.9971693015730647,0.139749524750236,19.835028975996917,0
2428,0.00275,0.0610415264520084,0.0,0.0,0.0,0.805028504,0.0,0.0,5.925259646868496,0.172807476,0.0163198823795885,0.09868671,0.0,0.0239,3.87570162566002,0.0020406574667812,10.983536028826896,0
2429,0.0066064490071114,0.0157589857792035,0.0,0.0,0.0,0.732397797,0.0,0.0,6.761628168776804,0.067167735,0.0230398371634813,0.0,0.0,0.0,8.616016648088912,0.0114422211235551,16.234057841939066,0
2430,0.0,0.0030815017863779,0.0,0.0,0.0,0.0,0.0,0.0,0.0743829699225919,0.382702818,6.26985759531979e-05,0.0,0.0,0.0,0.5425843566112171,9.8174452420463e-07,1.0028153266406643,0
2431,0.00275,0.0032169193461785,0.0,0.0,0.0,0.0,0.0,0.0,0.7244017313917298,0.175698138,0.0002643727311064,0.0,0.0,0.0,1.1269199388407087,0.0020545848246521,2.0353056851343756,0
2432,0.0075,0.0034540037646196,0.0,0.0,0.0,1.82146543,0.0,0.0,3.3273333677326744,0.014753403,0.0002427579522791,0.015175035,0.0,5.1202671654978955,9.139907229872325,1.85192026846755e-05,19.450116912022477,0
2433,0.00125,0.0032343390629063,0.0,0.0,0.0,0.32226606,0.0,0.0,0.6481813012325081,0.011762498,0.0001243584398034,0.0,0.0,9.977605268064462,0.5213106725728605,1.94711169773819e-06,11.485736444484237,0
2434,0.0207425,0.0157588432071172,0.0,0.0,0.0,0.50355643,0.0,0.0,4.958106783069336,0.722018559,0.0009599818257579,0.0,0.0,0.0,11.859791937489092,0.000418624477566,18.081353659068867,0
2435,0.0085332245035557,0.0030798816490334,0.0,0.0,0.0,0.32226606,0.0,0.0,1.5464352795807113,0.055530052,0.0022527683760387,0.060936845,0.0,0.0,3.1303453267453505,3.52730135709496e-05,5.129414710868261,0
2436,0.0315383675533358,0.0030798816490334,0.0,0.0,0.0,0.371559261,0.0,0.0,3.639080761053001,0.106582862,0.0082992003647329,0.105869753,0.0,0.0,5.975269803141008,0.000756400584585,10.242036290345695,0
2437,0.0098007245035557,0.0275803124505737,0.0,0.0,0.0,0.008458597,0.0,0.0,4.977837350758118,1.692182356,0.0047999091287898,0.167254034,0.0,0.0,11.41602521154076,0.0038958826868473,18.307834378068645,0
2438,0.0,0.0030798816490334,0.0,0.0,0.0,0.0,0.0,0.0,0.0479073285144176,0.0,0.0,0.0,0.0,7.71942380169299,0.07730868616064396,0.0,7.847719698017086,0
2439,0.0,0.0030798816490334,0.0,0.0,0.0,0.0,0.0,0.0,0.33799731653629916,0.0,0.0,0.0,0.0,5.56163249637015,0.03588791427552121,0.0,5.938597608831003,0
2440,0.0,0.0185375745942067,0.0,0.0,0.0,0.0,0.0,0.0,0.40325049780444344,0.0,0.0,0.0,0.0,0.0,0.0998540387443875,0.0,0.5216421111430376,0
2441,0.0003032245035557,0.122347817755704,0.0,0.0,0.0,0.0,0.0,0.0,0.7410672376661837,0.0,0.0,0.0,0.0,0.00019517292421,0.23974928968315476,0.0,1.103662742532808,0
2442,0.0,0.140598959956937,0.0,0.0,0.0,0.0,0.0,0.0,1.9068490141384513,0.0,0.0105599230887182,0.469903376,0.0,0.0,14.864973179564478,0.0002644146383847,17.39314886738697,0
2443,0.0,0.10365527209713,0.0,0.0,0.0,0.0,0.0,0.0,9.026028659715916,0.0,0.0134399027341534,0.0,0.0,0.0,28.7598884650657,0.0002104369109444,37.903222736523844,1
2444,0.0,0.0030799464545272,0.0,0.0,0.0,0.0,0.0,0.0,0.0016800031861492148,8.21e-05,2.73345290259174e-08,0.0,0.0,0.0,0.00012324164045472464,3.9711049256637003e-10,0.004965319012770658,0
2445,0.0036732245035557,0.069971490194977,0.0,0.0,0.0,0.0,0.0,0.0,6.672568059841305,0.087355552,0.0287454075752223,0.0,0.0,0.0,22.476661246270357,0.0007977598131873,29.339772740198605,1
2446,0.001745,0.146129160480618,0.0,0.0,0.0,0.25434125,0.0,0.0,7.100651946746302,0.002162588,0.0220798416704589,0.000639376,0.0,0.0,41.86621590283507,0.0003685393574655,49.39433360508992,1
2447,0.0009975,0.351431955473475,0.0,0.0,0.0,0.106461647,0.0,0.0,7.568889789306347,0.0,0.0134397182260824,0.0,0.0,0.0,1.0837449703092756,0.0002104339648571,9.125176014280036,0
2448,0.013485,0.0320603022564595,0.0,0.0,0.0,0.595414537,0.0,0.0,3.9043304401951255,0.009143726,0.0499189456012979,0.0,0.0,0.0,15.855788212928863,0.0022835478855037,20.46242471186725,0
2449,0.008245,0.12186291885732,0.0,0.0,0.0,0.081669209,0.0,0.0,2.9681711366424013,0.023321566,0.023999490974891,0.0,0.0,0.0,9.079230412087043,0.000812901703392,12.307312635265047,0
2450,0.0089975,0.0760559763747916,0.0,0.0,0.0,0.0,0.0,0.0,3.2856515135779922,0.015888963,0.047998981949782,0.0,0.0,0.0,11.189577229638175,0.0013926383212181,14.62556280286196,0
2451,0.0116064490071114,0.0030798816490334,0.0,0.0,0.0,0.635504428,0.0,0.0,6.1960221233843775,0.859562398,0.0085945157826966,0.094734159,0.0,0.0459,10.461136966051022,0.002137471134935,18.318278392009177,0
2452,0.0,0.0030798816490334,0.0,0.0,0.0,0.0,0.0,0.0,0.00013192406995152792,0.002262618,6.15026903083141e-08,0.0,0.0,0.00157,0.00011996737435975817,9.32426627778629e-10,0.007164453528461622,0
2453,0.001245,0.0030798816490334,0.0,0.0,0.0,0.0,0.0,0.0,0.4912453069495204,0.044985706,0.0003495607908156,0.000539163,0.0,0.0046216654760958,1.0729006050003889,4.82953608760939e-05,1.6190151842267302,0
2454,0.0287475,0.0182350740855116,0.0882140840491634,0.0,0.0,1.33084515,0.0,0.0,7.010043381805077,0.003484943,0.0263433995043344,0.0,0.0,7.01456733974598e-05,9.737882096679582,0.0026753147552746,18.24654108955234,0
2455,0.0,0.0032517989623999,0.0,0.0,0.0,0.0,0.0,0.0,0.1746805279561937,0.001287311,0.0001529025217387,0.0,0.0,0.0,0.17230287023444618,2.39411055092215e-06,0.3516778047853294,0
2456,0.007995,0.0460439375031119,0.0882140840491634,0.0,0.0,0.126963917,0.0,0.0,3.807200724703054,0.020350343,0.0382114779822781,0.0,0.0,0.0,5.41205392235375,0.001923747686237,9.548957154277595,0
2457,0.0015,0.0040015324204596,0.0,0.0,0.0,0.0,0.0,0.0,0.5063137780402109,0.0,0.0034193104040132,0.0,0.0,0.0,4.923815070100636,5.35383167743546e-05,5.439103229282094,0
2458,0.006745,0.0139427470105533,0.0,0.0,0.0,0.0,0.0,0.0,3.2759086537881417,0.0,0.0403013735671159,0.0,0.0,0.0,6.117903559931108,0.0023242060311944,9.457125540328112,0
2459,0.0060532245035557,0.018095014329452,0.0254852120649181,0.0,0.0,0.401501092,0.0,0.0,7.797215829273347,0.010394947,0.0835175646369106,0.0,0.0,0.0,4.519427945735768,0.0059933433170355,12.867684172860988,0
2460,0.0325246735106672,0.006702430984687,0.0,0.0,0.0,0.447166427,0.0,0.0,5.78421809818234,0.00951398,0.0335992887315738,0.207518511,0.0,0.0,14.288961969861475,0.0020614322627005,20.812266811533444,0
2461,0.0,0.0071410984909075,0.0,0.0,0.0,0.0,0.0,0.0,0.35982381761149107,0.065201518,6.9969560674092e-05,0.0,0.0,0.0,0.0069170913826146286,1.09553395214974e-06,0.43915459057963946,0
2462,0.0017475,0.0760337605736023,0.0,0.0,0.0,0.0,0.0,0.0,1.7039398098145693,0.276347207,0.0012568758127729,0.0,0.0,0.00028993852498,0.32396510857068606,0.0006650045781373,2.384245204874748,0
2463,0.0,0.0030958517678439,0.0,0.0,0.0,0.0,0.0,0.0,0.0766888084746493,0.0,1.6195708447856e-06,0.0,0.0,0.0,0.0019169028035217874,2.54109254624218e-08,0.08170320802778523,0
2464,0.0010532245035557,0.113755482963888,101.226166880264,0.0,0.0,0.0,0.0,0.0,6.318535650486887,0.0,0.0112480356887844,0.0,0.0,0.0,26.622125161907356,0.0001761174570829,134.29306055327154,1
2465,0.0055,0.0330145102028867,189.269857559615,0.0,0.0,0.382491243,0.0,0.0,6.375891571464295,0.0,0.0009599954930224,0.0,0.0,0.0,4.090480189460496,1.50312079246017e-05,200.15821010044363,1
2466,0.000495,0.0298203332757141,361.60061615799,0.0,0.0,0.0,0.0,0.0,6.342832418668447,0.0,0.0,0.0,0.0,0.0,0.444650590845107,0.0,368.41841450077925,1
2467,0.00349,0.0214705013235269,86.8756223155553,0.0,0.0,0.60206583,0.0,0.0,3.323892725074016,0.074318349,0.0090508452438876,0.0,0.0,0.0,10.624090176157502,0.0002237555138914,101.53422449786814,1
2468,0.001,0.0036382717056308,0.178074334434958,0.0,0.0,0.0,0.0,0.0,1.0893017763141777,0.012949951,0.000274807687562,0.0,0.0,0.0,3.764807356922005,4.3028678681225e-06,5.050050800932202,0
2469,0.0110507245035557,0.0085137186136125,73.8250546149673,0.0,0.0,0.2152567,0.0,0.0,6.133077303887712,0.102755077,0.0307194115906225,0.0,0.0,0.0,11.359358880429214,0.0022910906796953,91.68807752167172,1
2470,0.0173871735106672,0.0193815999203509,73.0193913357023,0.0,0.0,0.888320293,0.0,0.0,5.25007858481789,0.272343077,0.0489596471387656,0.15907437400000002,0.0,0.0,9.196783429499536,35.15519791749323,124.02691743208274,1
2471,0.00175,0.0054635832434101,23.4934581754607,0.0,0.0,0.028875899,0.0,0.0,1.134002552623072,0.046950406,0.0015792045790465,0.0,0.0,0.04403,1.053725621910763,2.47266295454714e-05,25.809860169446537,0
2472,0.0075,0.0128030257525608,33.3371120022856,0.0,0.0,0.961586266,0.0,0.0,4.33135759996307,0.094823737,0.0064416072748218,0.0,0.0,0.01988,7.773237787932651,0.0007212178761347,46.54546324408484,1
2473,0.0185,0.0338720046405452,30.2486964424732,0.0,0.0,1.395888841,0.0,0.0,5.492585011506934,0.084717757,0.0067199547838928,0.08858032299999999,0.0,0.0,18.11366460709834,0.0003127613959723,55.483537702898886,1
2474,0.00425,0.003902367053879,0.0,0.0,0.0,0.390262148,0.0,0.0,2.1163749719207763,0.057550662,0.0026143973614193,0.0,0.0,0.0,3.7584219673877386,0.0003823107664725,6.333758824490286,0
2475,0.0032475,0.0064313366431107,0.0,0.0,0.0,1.147556724,0.0,0.0,3.0792966468057164,0.028542113,0.0049892280768233,0.0,0.0,0.0,4.897296111358817,7.81193910092472e-05,9.167437779275476,0
2476,0.0,0.0030798946101322,0.0,0.0,0.0,0.0,0.0,0.0,0.010602515686106284,0.0322073,7.20264839832922e-06,0.0,0.0,4.7333147648673373e-05,0.3026598237324486,1.45781058493795e-06,0.348605527635319,0
2477,0.0,0.0031077739335559,0.0,0.0,0.0,0.0,0.0,0.0,0.1022973504536015,0.032404175,5.07602204011285e-05,0.0,0.0,0.0,0.5221565656777031,4.34602665530747e-06,0.660020971311917,0
2478,0.0018032245035557,0.0077078622984707,0.0,0.0,0.0,0.0,0.0,0.0,3.344199065837294,0.022371408,0.0350816675751783,0.018045868,0.0,0.0,10.98674413489402,0.0049701812410512,14.42092341234957,0
2479,0.0,0.0045321209202258,0.0,0.0,0.0,0.32226606,0.0,0.0,1.089946713205677,0.001844894,0.0020011950381486,0.042017728,0.0,0.0,2.219113146070805,3.13339069891134e-05,3.6817531911418455,0
2480,0.0017475,0.0191386570852722,0.0,0.0,0.0,0.0,0.0,0.0,2.079119069036887,1.006134928,0.0221290643236023,0.04467897,0.0,1.095505118e-05,16.70110813069055,0.0009272245363304,19.87499449872382,0
2481,0.00724,0.0211929005103752,0.0,0.0,0.0,1.583497958,0.0,0.0,4.65192953044816,0.096973012,0.0460796674933304,0.0,0.0,0.0,8.684779671822733,0.0032959637423833,15.094988704016982,0
2482,0.0090482245035557,0.006702482829082,0.132960816329674,0.0,0.0,1.510990732,0.0,0.0,7.7777599933575425,0.511885262,0.0383997240500474,0.014507448,0.0,0.0,9.672959196622346,0.0032281372986068,19.678442016990854,0
2483,0.001245,0.0302494034604967,0.0882140840491634,0.0,0.0,0.520745546,0.0,0.0,3.88090177913417,0.052460317,0.0691195046568117,0.0,0.0,0.0,3.018928313373884,0.005346386100003,7.667210333774529,0
2484,0.00299,0.0266268022804481,0.0882140840491634,0.0,0.0,0.04316801,0.0,0.0,3.3116931806991596,0.608309323,0.015359886886566,0.205584705,0.0,0.00027878704325,14.399771346183114,0.0026315574547741,18.704627682596474,0
2485,0.0,0.048272744479547,0.0,0.0,0.0,0.0,0.0,0.0,2.0352891927831296,0.341855289,0.0188196660608022,0.0,0.0,0.0,3.4671275169490885,0.0040860367311497,5.9154504460037165,0
2486,0.0,0.0032390309806559,0.0,0.0,0.0,0.0,0.0,0.0,0.35331782094941316,0.020286581,6.62725656233366e-05,0.0,0.0,0.0,3.520432806602563,1.03769908913902e-06,3.8973435497973443,0
2487,0.0,0.0043460513864875,0.0,0.0,0.0,0.0,0.0,0.0,1.007567941862291,0.002891507,0.0011184537577857,0.0,0.0,0.0,1.0062196492310265,1.7512299478286e-05,2.022161115537069,0
2488,0.00375,0.0077947405434308,14.8411936060682,0.0,0.0,0.0,0.0,0.0,4.166650412608659,0.005579721,0.0041648050141371,0.00023620099999999998,0.0,0.0,5.213869903483056,0.0002644889527452,24.24350387867023,0
2489,0.0,0.0031319979561942,0.0,0.0,0.0,0.0,0.0,0.0,0.2233901174110297,0.016350108,5.3917358503622e-05,0.0,0.0,0.0,0.8440656596885513,8.44165006768096e-07,1.0869926445792855,0
2490,0.0109675,0.0419374596919045,0.0,0.0,0.0,0.034709414,0.0,0.0,3.088686774628038,0.446464484,0.0402008303357263,0.0,0.0,0.0,14.038348993674202,0.0090367731456382,17.71035222947551,0
2491,0.0237375,0.0411172070006424,0.0,0.0,0.0,0.829573711,0.0,0.0,4.351778835101715,0.045811541,0.0355197444046122,0.20561324,0.0,0.0,8.576996473555843,0.0028097745235622,14.112958026586375,0
2492,0.005245,0.0151770842894631,0.0,0.0,0.0,0.757446273,0.0,0.0,1.612752691863974,0.010533538,0.0157082722926336,0.071122978,0.0,0.0,4.066957686859497,0.0008542131812338,6.555797737486801,0
2493,0.0003032245035557,0.009534871740187,0.0,0.0,0.0,0.0,0.0,0.0,1.153472896057217,0.5176944774632569,0.0083818326459782,0.125542491,0.0,0.0,0.6586350897677494,0.0001312395354563,2.4736961227134002,0
2494,0.0020625,0.0030798816490334,0.0,0.0,0.0,0.114920244,0.0,0.0,4.191273064934188,0.049815696,0.0729594797952694,0.07979618399999999,0.0,0.0,12.172176631994956,0.0062505694134393,16.692334251786885,0
2495,0.0080432245035557,0.017570117874944,0.0,0.0,0.0,0.837365427,0.0,0.0,5.161572118356471,0.026747465,0.019199629681527,0.05664634,0.0,0.04411,13.76637076385861,0.0005941635298672,19.938219249804973,0
2496,0.004485,0.0755319441333015,0.0,0.0,0.0,0.106461647,0.0,0.0,2.3482582662707365,0.0,0.0182398665320012,0.0,0.0,0.00333,8.846151253882693,0.0003392998546537,11.402797277673386,0
2497,0.0,0.129870987756228,0.0,0.0,0.0,0.0,0.0,0.0,0.887659208971794,0.0,0.0019199841524126,0.0,0.0,0.0,0.9524529580506931,3.00624158492035e-05,1.9719332013469768,0
2498,0.0,0.0032309614575213,0.0,0.0,0.0,0.0,0.0,0.0,0.0753134933713356,0.003242562,0.0002639695468032,0.0,0.0,0.0,0.0028268291047118593,4.13317506160321e-06,0.08488194865543357,0
2499,0.0152475,0.0205569983835421,0.0,0.0,0.0,0.599883053,0.0,0.0,4.182123182592688,0.041475759,0.0305372542891938,0.0,0.0,0.0,16.522997183898354,0.0023237254240283,21.415144656587806,0
2500,0.0142275,0.0030798816490334,0.0,0.0,0.0,1.517809303,0.0,0.0,6.113815120322672,0.04772177,0.0259198168089165,0.0,0.0,0.0,4.340155120685876,0.0013283479630017,12.064056860429499,0
2501,0.0345457245035557,0.012136384599155,0.0,0.0,0.0,1.248783495,0.0,0.0,7.197867561211026,0.078011435,0.0259198168089165,0.345298623,0.0,0.0,6.889847427228831,0.0016247789702825,15.834035246321767,0
2502,0.0157475,0.0030798816490334,0.0,0.0,0.0,2.878338796,0.0,0.0,9.335622653528063,0.093535753,0.0018833012144599,0.44977720299999996,0.0,0.0,9.700245085392389,0.0001335270989373,22.478363700882884,0
2503,0.0,0.0030798816490334,0.0,0.0,0.0,0.0,0.0,0.0,0.0448908187405569,0.000906342,1.77674438668463e-07,0.0,0.0,0.0,0.2115880228192516,2.7686917011390103e-09,0.26046524565197227,0
2504,0.0095,0.0030798816490334,0.0,0.0,0.0,0.718326084,0.0,0.0,3.832617189032735,0.167093661,0.00521332337941,0.0,0.0,0.0,5.403777090598768,0.0004173727260442,10.140024602385992,0
2505,0.0,0.0030833552235,0.0,0.0,0.0,0.0,0.0,0.0,0.0400728159429557,0.003448016,0.0001180168290693,0.0,0.0,0.0,0.384289539101285,1.84785713474901e-06,0.43101359095394476,0
2506,0.00075,0.0031132694394284,0.0,0.0,0.0,0.0,0.0,0.0,0.0941996133202894,0.004170424,0.0004429082074391,0.003156869,0.0,0.0,0.7440554542341279,2.84624762050848e-05,0.8499170006774899,0
2507,0.0,0.0039273560522802,0.0,0.0,0.0,0.0,0.0,0.0,0.6244822126209686,0.007939671,0.0074552467810577,0.0,0.0,0.0,1.1418833285113676,0.0001866985351495,1.7858745135008238,0
2508,0.00275,0.0030995825191423,0.0,0.0,0.0,0.0,0.0,0.0,0.11227033753531913,0.003503687,0.0005015681067288,0.0,0.0,0.0,1.664977345751126,7.85340915710036e-06,1.7871103743214736,0
2509,0.0060532245035557,0.0042590694527374,0.0,0.0,0.0,0.031792656,0.0,0.0,1.8018576810406561,0.039765988,0.0076118189633181,0.0,0.0,0.0,5.089933775693963,0.0005864906599381,6.981860704314168,0
2510,0.00575,0.0105232592091068,0.0,0.0,0.0,0.106461647,0.0,0.0,3.429061203972743,0.012097935,0.0077842178378846,0.0,0.0,0.0,4.5577872422651495,0.00031121718942,8.129776722474304,0
2511,0.0080407245035557,0.008272201499397,0.0,0.0,0.0,0.35788614,0.0,0.0,2.2920605218376666,0.004008239,0.0338574155227978,0.0,0.0,0.0,7.445114824777224,0.0011215425774191,10.15036160971806,0
2512,0.0015,0.003816383124733,0.0,0.0,0.0,0.0,0.0,0.0,1.0281986520454671,0.001411046,0.00448897886112,0.0,0.0,0.0,0.3950672221694099,7.02867031455585e-05,1.4345525689038754,0
2513,0.0,0.0030798816490334,0.0,0.0,0.0,0.0,0.0,0.0,0.0003663707238226309,1.05e-06,0.0,0.0,0.0,0.0,2.7275763205613625e-05,3.8577519759007295e-11,0.003474578174639164,0
2514,0.0052832245035557,0.0829885808974021,0.0,0.0,0.0,0.060038608,0.0,0.0,3.308897311489681,0.0,0.0385871569155781,0.667526288,0.0,0.0,10.437172259004686,0.0008009347394131,14.601294363550318,0
2515,0.0,0.0030878008803732,0.0,0.0,0.0,0.0,0.0,0.0,0.03302524672492956,0.0,3.82683406362843e-06,0.0,0.0,0.0,0.011678174069971597,5.99234140813238e-08,0.04779510843275207,0
2516,0.0039975,0.0570247850176675,0.0,0.0,0.0,0.707141635,0.0,0.0,3.4039793603826993,0.068790437,0.0350694148725425,0.173798621,0.0,0.0,4.169250667528087,0.0015812816579978,8.620633702458994,0
2517,0.0015,0.0046373083013179,0.0,0.0,0.0,0.261633144,0.0,0.0,0.6391791903438269,0.011688454,0.0010124777887522,0.0,0.0,0.0,0.5684713974419334,1.58530121719132e-05,1.4881378248880022,0
2518,0.0047475,0.0537963240919112,0.0,0.0,0.0,0.0,0.0,0.0,3.6741840920217292,0.019308529,0.0604795657205062,0.0,0.0,0.0,3.70636407937997,0.0012026607327478,7.520082750946865,0
2519,0.0010532245035557,0.0211929005103752,0.0,0.0,0.0,0.0,0.0,0.0,3.5032296978502346,0.007384551,0.0729594797952694,0.443111755,0.0,0.0,4.22073948477942,0.0013071057667649,8.27097819920562,0
2520,0.0,0.0036463423086667,0.0,0.0,0.0,0.0,0.0,0.0,0.1848059568422314,0.001395154,0.0002213276815228,0.0,0.0,0.0,0.6624088563769415,3.46545086841801e-06,0.8524811026602308,0
2521,0.001,0.0711718280070723,0.0,0.0,0.0,0.0,0.0,0.0,2.475350098746125,0.015296359,0.0266051071188608,0.39682632,0.0,0.0,17.750797595015936,0.0004613489649577,20.737508656852953,0
2522,0.0,0.0356833052305695,0.0,0.0,0.0,0.0,0.0,0.0,2.4143031162309008,0.033551069,0.0489596471387656,0.0,0.0,0.0,7.24705215861547,0.0036444480104396,9.783193744226146,0
2523,0.0,0.0226356781794758,0.0,0.0,0.0,0.0,0.0,0.0,2.0523956515890727,0.025799223,0.0132436681502763,0.0,0.0,0.0,1.5058201282725912,0.0003282596327614,3.6202226088241773,0
2524,0.0002475,0.0164230735961545,0.0,0.0,0.0,0.0,0.0,0.0,1.2281481233856109,0.021310748,0.0090363442762393,0.0,0.0,0.0,0.8040348908010427,0.0001414876046975,2.0793421676637447,0
2525,0.0,0.0073251896492005,0.0,0.0,0.0,0.0,0.0,0.0,0.6878221350806873,0.001991187,0.0006994905977732,0.0,0.0,0.0,0.29476129123603806,1.09523839107931e-05,0.9926102459476098,0
2526,0.0028007245035557,0.108090371064498,0.0,0.0,0.0,0.0,0.0,0.0,2.7956915568410317,0.009903143,0.0173023946908961,0.0,0.0,0.0,4.133609899124241,0.0003063248908498,7.067704414115071,0
2527,0.001995,0.0093861949763592,0.0,0.0,0.0,0.0,0.0,0.0,1.9157244887534361,0.069629471,0.0200541343934062,0.0,0.0,0.0,1.6883908456053005,0.0052002945700771,3.710380429298579,0
2528,0.0065,0.0077061773556324,0.0,0.0,0.0,0.212923294,0.0,0.0,2.176088615298016,0.059637884,0.0147116758652454,0.0,0.0,0.0,6.408959744605673,0.0002303497802846,8.886757740904851,0
2529,0.0045,0.0501737229118626,0.0,0.0,0.0,0.360916086,0.0,0.0,3.2813608575602293,0.047248487,0.0403197150360923,0.00314001,0.0,0.0,6.243855741799881,0.0018741430830198,10.033388763391084,0
2530,0.00848,0.0302490794330278,0.0,0.0,0.0,0.963917062,0.0,0.0,3.3525145739482887,0.198418388,0.0345593388936543,0.0,0.0,0.06946,5.3206150559776635,0.007682918364642,9.985896416617276,0
2531,0.001745,0.0065904082081406,0.0,0.0,0.0,0.64453212,0.0,0.0,0.695110335969144,0.018234138,0.0189780013201848,0.0,0.0,0.0,0.5780977481342088,0.0006449075967641,1.9639326592284423,0
2532,0.00225,0.0043698220416057,0.0,0.0,0.0,0.17305246,0.0,0.0,1.6235509676595008,0.011053108,0.0069734483724469,0.0,0.0,0.0,1.8018616937819396,0.0001091875865779,3.623220687442071,0
2533,0.0,0.0126565807235012,0.0,0.0,0.0,0.747856612,0.0,0.0,2.223654790439543,0.048769919,0.0188079395478501,0.0,0.0,0.0,3.4274633540325454,0.0015713428105529,6.480780538553992,0
2534,0.0,0.0066834531636218,0.0,0.0,0.0,0.0,0.0,0.0,0.33492278909586015,0.029916513,0.0070771487419389,0.0,0.0,0.0,0.17488919129536265,0.0001108113148673,0.5535999066116508,0
2535,0.0,0.0030798816490334,0.0,0.0,0.0,0.0,0.0,0.0,0.0005983492181197081,0.0,0.0,0.0,0.0,0.0,2.147905415430057e-05,3.4144799416103297e-12,0.0036997099247218887,0
2536,0.0015,0.0615414269481761,0.0,0.0,0.0,0.0,0.0,0.0,2.831914723373879,0.0,0.0047979000409064,0.0,0.0,0.0,0.42099541225535253,7.51237160913589e-05,3.3208245863344055,0
2537,0.00075,0.0316319568316917,0.0,0.0,0.0,2.609933429,0.0,0.0,6.187577383393927,0.06658363,0.0470396629863529,0.0,0.0,0.0,3.9607987709640042,0.0008272570865555,12.905142090262531,0
2538,0.012245,0.0100148730715093,0.0,0.0,0.0,0.11521192,0.0,0.0,9.418556229136424,0.556448631463257,0.0122518689327322,0.0,0.0,0.0,6.80087574177778,0.0018008174427056,16.927405081824407,0
2539,0.0,0.0050513554974819,0.0,0.0,0.0,0.387601427,0.0,0.0,1.434994968602865,0.024765438,0.0034829520212178,0.067835404,0.0,0.0,3.194472007719825,5.45347230307873e-05,5.118258087564421,0
2540,0.0217475,0.0103250840091307,0.0,0.0,0.0,0.198631183,0.0,0.0,5.932032238092026,0.053458177,0.0086399389363055,0.0,0.0,0.0,7.542608414667234,0.0004176850592559,13.767860220763952,0
2541,0.010245,0.0085137186136125,0.0,0.0,0.0,1.06199139,0.0,0.0,7.220600900334341,0.04905016,0.0201596115072849,0.062168995000000005,0.0,0.0,16.800019649324998,0.0019455012503791,25.234694926030617,0
2542,0.0,0.0030811518367115,0.0,0.0,0.0,0.0,0.0,0.0,0.0301564655576242,0.00213307,2.07742420596972e-06,0.0,0.0,0.0,0.258621202904863,3.25061346231156e-08,0.29399400022953937,0
2543,0.0,0.0030815665918717,0.0,0.0,0.0,0.0,0.0,0.0,0.0313608544846272,0.002455315,2.75395379936117e-06,0.0,0.0,0.0,0.10472232380416584,4.30696334882723e-08,0.1416228569040976,0
2544,0.0143007245035557,0.0223263485965699,0.0,0.0,0.0,0.567172916,0.0,0.0,5.891813596758564,0.26287076,0.0315293268520282,0.021924161,0.0,0.0,6.849252105916094,0.0063028922412824,13.667492831868094,0
2545,0.0088007245035557,0.012827003785259,0.0,0.0,0.0,0.212923294,0.0,0.0,2.5244606994417427,0.00140476,0.0214019590178806,0.028695302,0.0,0.0,4.62567972096612,0.000968971133023,7.437162434847581,0
2546,0.0,0.0030798816490334,0.0,0.0,0.0,0.0,0.0,0.0,0.0004001513398960865,2.65e-07,0.0,0.0,0.0,0.0,0.09875900990309674,1.190697641498e-11,0.10223930790393321,0
2547,0.0026496735106671,0.0067396034159186,0.0,0.0,0.0,0.229945017,0.0,0.0,1.5123205953507497,0.000860772,0.0080357228394521,0.01978843,0.0,0.0,1.8925733855957858,0.0001258202491994,3.673039019961773,0
2548,0.0141571735106672,0.0110114130715465,0.0,0.0,0.0,0.988216283,0.0,0.0,2.8452139953917284,0.284835078,0.0088745375316704,0.002418189,0.0,0.0,8.980395264010161,0.0047604891236033,13.139882422639376,0
2549,0.00225,0.0045712893606658,0.0,0.0,0.0,0.670199586,0.0,0.0,0.8613156780245562,0.123513031,0.0016687251616064,0.001635284,0.0,0.0,0.9503156544533021,2.61282600320237e-05,2.6154953762601627,0
2550,0.0178489490071114,0.0429280409911115,0.0,0.0,0.0,0.089544454,0.0,0.0,2.8719147037533563,0.022584443,0.0355193207194123,0.165790416,0.0,0.0,14.092065422893713,0.0011401199483866,17.33933587031309,0
2551,0.0027475,0.0050611800103388,0.0,0.0,0.0,0.0,0.0,0.0,1.0690477407282135,0.020049353,0.0058966729377934,0.014183256,0.0,0.0,2.72126971816067,9.23278358125027e-05,3.8383477486728284,0
2552,0.0032475,0.0149473617751153,0.0,0.0,0.0,0.189005883,0.0,0.0,2.0583285527655657,0.049068772,0.0353195736485554,0.026848734,0.0,0.0,3.3737627968664863,0.0006232674302882,5.751152441486011,0
2553,0.0156578980142229,0.0118085595283245,0.0,0.0,0.0,0.15837993,0.0,0.0,3.2411671240946145,0.054134844,0.0629165551549151,0.0,0.0,0.0,4.676060865793908,0.0039461126954098,8.224071889281396,0
2554,0.0005,0.0030829015850435,0.0,0.0,0.0,0.0,0.0,0.0,0.0667161834637213,0.001007086,2.17719523691432e-05,0.0,0.0,0.0,1.0384131732048547,3.40934977804002e-07,1.1097414571409665,0
2555,0.0047982245035557,0.0646242333700867,0.0,0.0,0.0,0.0,0.0,0.0,1.8734454871787047,0.015248245,0.0335779882998304,0.0,0.0,0.0,1.1398100409015826,0.0013952602630286,3.1328994795167886,0
2556,0.0,0.0030798816490334,0.0,0.0,0.0,0.0,0.0,0.0,0.0016830371527852,4.91e-06,6.833632256479341e-09,0.0,0.0,0.0,0.00011988239409904784,5.45646675126122e-11,0.004887718084114572,0
2557,0.0076064490071114,0.0338720046405452,0.0447713459148216,0.0,0.0,0.415018947,0.0,0.0,4.5164859633254935,11.877245815476101,0.0451196788339402,0.0,0.0,0.0,12.589611642728816,0.002415114238781,29.53214696116561,1
2558,0.0054925,0.0972675641746918,0.0,0.0,0.0,0.106461647,0.0,0.0,3.182571859781693,0.000135246,0.042239699188505,0.0,0.0,0.0,4.577525858625234,0.0006732992257441,8.012367673995866,0
2559,0.0,0.0139476851891792,0.0,0.0,0.0,0.0,0.0,0.0,2.0953949251242845,0.110495292,0.0383997240500474,0.0,0.0,0.0,1.2370510409749034,0.0034085654421917,3.498697232780606,0
2560,0.0,0.232599360841522,0.0,0.0,0.0,0.0,0.0,0.0,1.5883067041235144,0.0,0.0105599230887182,0.0,0.0,0.0,0.3782505935549367,0.0002534604960618,2.2099700421047532,0
2561,0.0,0.0060840294211937,0.0,0.0,0.0,0.0,0.0,0.0,0.5097871237829357,0.094608979,0.0010025416874513,0.0,0.0,0.12306,1.073101046515573,1.56974315469712e-05,1.8076594178387007,0
2562,0.0005,0.0373224396520953,0.0,0.0,0.0,0.0,0.0,0.0,0.9488751789775055,0.319414242,0.011427418535517,0.00098029,0.0,0.00078,2.7785909350962914,0.0051905244928139,4.103081028754223,0
2563,0.0,0.005998008228408,0.0,0.0,0.0,0.0,0.0,0.0,0.20776675471778136,0.000550444,0.0006766457651398,0.0,0.0,0.07735,0.12155856661308927,1.05946410180354e-05,0.41391101396543645,0
2564,0.0015,0.0610829630847307,0.0,0.0,0.0,0.0,0.0,0.0,1.635760011820833,0.002454061,0.013449510821106,0.0,0.0,0.1936,8.379090234881463,0.0003074887674473,10.28724427037558,0
2565,0.0002475,0.17705730572935,0.0,0.0,0.0,0.0,0.0,0.0,2.1048198656843073,0.0,0.0009599749921257,0.0,0.0,0.0,0.7399014173817039,1.50308772413342e-05,3.0230010946647283,0
2566,0.0334986225177786,0.0030798816490334,0.0,0.0,0.0,3.095350201,0.0,0.0,7.304468363255604,2.25135219,0.0076798409387991,0.002673592,0.0,0.0,26.46545693884716,0.0010233870286657,39.16458301723704,1
2567,0.0007425,0.0048911563168602,0.0,0.0,0.0,0.383845281,0.0,0.0,4.307284663735176,0.004897773,0.0902380934459129,4.88e-05,0.0,0.0,5.159218655835106,0.0018271913303681,9.952994114663424,0
2568,0.0,0.0030862585096213,0.0,0.0,0.0,0.0,0.0,0.0,0.042439165383489505,0.009431363,8.22769323680112e-06,0.0,0.0,0.0,0.002658411245334898,1.28820144907174e-07,0.05762355465182741,0
2569,0.0077475,0.0437148833743786,0.0,0.0,0.0,0.974921353,0.0,0.0,3.901006144735626,0.75294532,0.0524369955815331,0.213051839,0.0,0.0,12.08525956404613,0.0027199943634245,18.03380359410109,0
2570,0.0076039490071114,0.0030798816490334,0.0,0.0,0.0,0.319384942,0.0,0.0,4.730878043688697,0.032489814,0.0374392092009734,0.129127513,0.0,0.0,9.012332336536224,0.0015451168963988,14.273880805978438,0
2571,0.0087425,0.006702430984687,0.0,0.0,0.0,0.942167293,0.0,0.0,6.203315613181405,1.785487779,0.0153596750439661,0.0,0.0,0.0,10.108074212964505,0.0102812237124371,19.080130727887,0
2572,0.0172807245035557,0.0172283077785561,0.0,0.0,0.0,0.928559165,0.0,0.0,4.03282661375761,0.081374137,0.0159347183647166,0.019666246,0.0,0.0,8.415705124990406,0.0004237588813095,13.528998796276154,0
2573,0.0,0.0030819165415381,0.0,0.0,0.0,0.0,0.0,0.0,0.037161838829213,0.00097701,2.29610043817706e-06,0.0,0.0,0.0,0.014258145922832019,3.59662653232564e-08,0.05548124336028662,0
2574,0.0015,0.0033352282556215,0.0,0.0,0.0,0.0,0.0,0.0,0.4911223286552211,0.002921144,0.0001691665665091,0.106448672,0.0,0.0,0.3376421172107577,2.64874527950715e-06,0.9431413054333889,0
2575,0.0,0.0032765015171589,0.0,0.0,0.0,0.0,0.0,0.0,0.20805226269381819,0.002563332,0.000130262698073,0.0,0.0,0.0,0.14048605577076617,2.0395943777225e-06,0.354510454274194,0
2576,0.014985,0.0227454586859374,0.0,0.0,0.0,0.63760318,0.0,0.0,3.904650438418546,0.025635539,0.0130284907377843,0.28342661999999996,0.0,0.0,7.956020116091182,0.0009310559028583,12.859025898836308,0
2577,0.01724,0.0217176974566919,0.0,0.0,0.0,1.254426184,0.0,0.0,4.48569916818675,0.140912222,0.0499189456012979,0.0,0.0,0.0,4.980404636121929,0.0028471870206537,10.953166040387323,0
2578,0.0114925,0.0230989208101069,0.0,0.0,0.0,1.308677793,0.0,0.0,3.733464459200093,0.029682981,0.0224685045050461,0.250267105,0.0,0.0,6.588092600736626,0.0003864734620171,11.96763133771389,0
2579,0.0,0.0042349488479528,0.0,0.0,0.0,0.0,0.0,0.0,0.6827021829992457,0.007130009,0.0012963947081121,0.07585921100000001,0.0,0.0,0.23437665402595317,2.0298480902144e-05,1.005619699062166,0
2580,0.0035432245035557,0.0139475426170929,0.0,0.0,0.0,0.181130638,0.0,0.0,4.204892309872706,0.400817902,0.0335992887315738,0.046559134,0.0,0.0,10.262382891202389,0.0078657154587591,15.154738646386075,0
2581,0.0015,0.0030798816490334,0.0,0.0,0.0,0.606933694,0.0,0.0,3.452257793163838,0.029734432,0.0883174259302746,0.177674008,0.0,0.0,5.9414543812218,0.0039447893529429,10.304896405317889,0
2582,0.013,0.0030798816490334,0.0,0.0,0.0,0.648103507,0.0,0.0,5.032929774676184,0.064383135,0.0307193500879322,0.000531571,0.0,0.0,18.009780058975334,0.0079170683547091,23.810444346743193,0
2583,0.0009975,0.006702430984687,0.0,0.0,0.0,0.681610579,0.0,0.0,2.586302932519353,0.0,0.088318129794397,0.066648194,0.0,0.0,2.831578812455865,0.0024955788250473,6.26465415757935,0
2584,0.0005,0.0755309331675986,0.0,0.0,0.0,0.106461647,0.0,0.0,1.7587674032479756,0.031898542,0.0383991910267314,0.0,0.0,0.0,4.613055325812254,0.0006012398995918,6.625214282154151,0
2585,0.0178996735106672,0.0266264652918804,0.0,0.0,0.0,0.201256265,0.0,0.0,4.791884075525045,0.10205104,0.0796783138634721,0.0,0.0,0.0,3.8108757497662147,0.0022654482850177,9.032537031242297,0
2586,0.0037982245035557,0.184303801368615,0.0,0.0,0.0,0.0,0.0,0.0,0.8897310008859176,0.0,0.0019199568178836,0.0,0.0,0.0,4.954158545510085,3.00619949795903e-05,6.033941591081036,0
2587,0.0,0.073351325273411,0.0,0.0,0.0,0.0,0.0,0.0,1.9718967031529702,0.009684679,0.053586945550389,0.0,0.0,0.0,7.575541696597331,0.0018555823560078,9.685916931930109,0
2588,0.0,0.0032244725130161,0.0,0.0,0.0,0.0,0.0,0.0,0.038218880039124103,0.00043931,0.0001102606564582,0.0,0.0,0.0,0.012087680221100927,1.72645633361237e-06,0.05408232988603294,0
2589,0.0,0.280503267146854,0.0,0.0,0.0,0.0,0.0,0.0,0.6033088149971606,0.014827281,0.0335992887315738,0.020206274,0.0,0.0,0.8680544836047892,0.0006667505389356,1.8211661600193132,0
2590,0.0,0.0501731526235174,0.0,0.0,0.0,0.0,0.0,0.0,1.362709781112518,0.40783143,0.0153597092121274,0.0,0.0,0.0,1.7567570230937692,0.0034751503149113,3.596306246356843,0
2591,0.0,0.0465511217318141,0.0,0.0,0.0,0.0,0.0,0.0,1.8717383114171788,0.0,0.0479996584793753,0.0,0.0,0.0,3.193541102096125,0.0010372919014314,5.160867485625925,0
2592,0.0,0.0144394422370731,0.0,0.0,0.0,0.0,0.0,0.0,1.0415214004541589,0.0272402,0.0010856796574836,0.0,0.0,0.17619,1.642835072895159,1.69991605472265e-05,2.903328794404422,0
2593,0.0,0.0540728491338662,0.0,0.0,0.0,0.0,0.0,0.0,0.6551615708622924,0.057714379,0.0048736098526759,0.0,0.0,0.19463,0.043419986312627834,0.0001927381248862,1.0100651332863486,0
2594,0.0216039490071114,0.0030798816490334,0.0,0.0,0.0,1.655182983,0.0,0.0,6.727938316543588,0.03331505,0.0633595453659414,0.37052409199999997,0.0,0.0,9.287115315324588,0.004665801660888,18.16678493455115,0
2595,0.0021546735106671,0.0592302258619841,0.0,0.0,0.0,0.336593811,0.0,0.0,3.070785994116526,0.013371535,0.0547196064296359,0.0,0.0,0.0,10.611545120200573,0.0015128779348228,14.149913844054208,0
2596,0.0,0.0129015301031049,0.0,0.0,0.0,0.256740697,0.0,0.0,0.900619272550755,0.001196111,0.004833674105769,0.022225768,0.0,0.0,1.7365051250171106,7.5683795794649e-05,2.935097861572534,0
2597,0.003,0.0296489027940417,0.0,0.0,0.0,0.213806215,0.0,0.0,1.9285109291133034,0.001967281,0.0130757999738959,0.038215857,0.0,0.0,3.2651290317934256,0.0002200970847821,5.493574113759449,0
2598,0.0,0.0032678823864863,0.0,0.0,0.0,0.0,0.0,0.0,0.0895050184365616,0.000165486,9.25273807527303e-05,0.0,0.0,0.0,0.01037220988028305,1.44872393341351e-06,0.1034045728080171,0
2599,0.0057475,0.0936449629946432,0.0,0.0,0.0,0.026250817,0.0,0.0,2.717446928526639,0.0,0.0374397353906572,0.0,0.0,0.0,5.525112939710349,0.000852189647515,8.406495073269802,0
2600,0.00549,0.004518680260816,0.0,0.0,0.0,0.212923294,0.0,0.0,4.274294204766605,0.077810168,0.0274524570177674,0.0,0.0,0.0,9.913504105326572,0.0025777948384677,14.518570704210228,0
2601,0.0002475,0.003101293384178,0.0,0.0,0.0,0.0,0.0,0.0,0.34231556535525365,0.009493028,0.0004086170407761,0.0,0.0,0.0,1.386652030473615,6.39799512346292e-06,1.7422244322489462,0
2602,0.0042375,0.11502703030743,0.0,0.0,0.0,0.0,0.0,0.0,3.0097030457258214,0.171278515,0.0054181478390334,0.017700741,0.0,0.0,9.144271965835328,0.0001442110911421,12.467781156798756,0
2603,0.0,0.0108103679131342,0.0,0.0,0.0,0.0,0.0,0.0,0.5672293650241239,0.045009105,0.0003741481996745,0.004341616,0.0,0.0,0.6114331397548721,5.85828775801446e-06,1.2392036001795628,0
2604,0.0,0.0031321537603156,0.0,0.0,0.0,0.0,0.0,0.0,0.1349354485088536,0.012468146,2.25714873431513e-05,0.0,0.0,0.0,0.060161592701244215,3.53451169436068e-07,0.210720265908926,0
2605,0.0032475,0.0038682015975587,0.0,0.0,0.0,0.0,0.0,0.0,0.3509795153104396,0.048419466,0.0003404378917532,0.0,0.0,0.0,0.24178474832522506,5.3304918933559e-06,0.6486451996168698,0
2606,0.0084078980142228,0.0376151699612203,0.0,0.0,0.0,0.266591632,0.0,0.0,3.4879203731768604,0.830478588463257,0.014914183723534,0.0,0.0,0.0,8.105294362096421,0.0059894535584755,12.757211660993992,0
2607,0.0215507245035557,0.0048911822390577,0.0,0.0,0.0,1.517607448,0.0,0.0,10.23154613568598,0.301370036,0.0307197806067644,0.17155531799999998,0.0,0.0,8.19539230462063,0.0040851899524275,20.478718119608413,0
2608,0.0375457245035557,0.0085137186136125,0.0,0.0,0.0,1.643619406,0.0,0.0,4.215456954661979,0.14796415899999998,0.0316793934163805,0.0,0.0,0.0,9.651053345404488,0.0023848636944698,15.738217565294486,0
2609,0.0,0.0054803419441014,0.0,0.0,0.0,0.068835476,0.0,0.0,1.2149324819203702,0.016255563,0.0054524936747545,0.0,0.0,0.0,1.154410438394993,8.53730378568986e-05,2.4654521679720762,0
2610,0.001745,0.0152344760347538,0.0,0.0,0.0,0.0,0.0,0.0,2.738626358183002,0.036578369,0.0276083800049635,0.001582866,0.0,0.0,4.450975200897749,0.0029138991808087,7.275264549301276,0
2611,0.000495,0.0519844402524429,0.0,0.0,0.0,0.014875463,0.0,0.0,2.803518498561077,0.038306887,0.0595188595297291,0.0,0.0,0.0,1.1201376978192938,0.0059274599185626,4.094764306081105,0
2612,0.0047475,0.0700980423632286,0.0,0.0,0.0,0.289919651,0.0,0.0,2.8167482011011953,0.0,0.0537596177702457,0.0,0.0,0.0,4.512297775873843,0.0012126188633198,7.748783406971833,0
2613,0.0027475,0.0356833052305695,0.0,0.0,0.0,0.235376287,0.0,0.0,3.2291870713119395,0.014148098,0.0719994843022469,0.0,0.0,0.0,5.056846570735658,0.0024963390369078,8.648484655617322,0
2614,0.0029975,0.006702482829082,0.155954604526707,0.0,0.0,0.212923294,0.0,0.0,3.002633250333343,0.032674557,0.0825594073909651,0.265908419,0.0,0.0,5.762847533487638,0.0022181204321624,9.527419168999897,0
2615,0.01398,0.0230042011003995,0.0,0.0,0.0,0.414435596,0.0,0.0,2.9951001216238198,1.770533859,0.0681595159974215,0.0,0.0,0.0,7.055023765578763,0.109414221035438,12.449651280335843,0
2616,0.0007982245035557,0.190650499165743,0.0,0.0,0.0,0.0,0.0,0.0,0.919186672342875,0.011558132,0.0115199185817407,0.0,0.0,0.0,1.0362493986075876,0.0002110557281117,2.1701739009296137,0
2617,0.0,0.157854471419521,0.0,0.0,0.0,0.0,0.0,0.0,0.5361143252338899,0.0,0.0287997964543517,0.0,0.0,0.0,3.6876082583541447,0.000450936237738,4.410827787699645,0
2618,0.0,0.0449530240593328,0.0,0.0,0.0,0.0,0.0,0.0,0.9871569158178863,0.0,0.0150592754036035,0.0,0.0,0.0,15.322949219497366,0.0002357924206829,16.37035422719887,0
2619,0.0049553980142228,0.0141811357583897,0.0,0.0,0.0,0.0,0.0,0.0,0.9699151055896023,0.0,0.0039924608086287,0.0,0.0,0.0,2.96187108284052,6.25124369910547e-05,3.954977695448355,0
2620,0.0080007245035557,0.0501731526235174,0.0,0.0,0.0,0.785986008,0.0,0.0,3.1000835986912985,0.052165991,0.0479990776206336,0.017742449,0.0,0.0,26.912309655462522,0.0030366283176361,30.977497285219165,1
2621,0.0,0.0115400185232031,0.0,0.0,0.0,0.0,0.0,0.0,2.021908012763313,0.0,0.0642691086529111,0.0,0.0,0.0,1.600649718447731,0.004647509144571,3.7030143675317295,0
2622,0.0,0.0032304248110821,0.0,0.0,0.0,0.0,0.0,0.0,0.3683431347468701,0.0,0.0011436220253863,0.0,0.0,0.0,0.21978896751229016,1.79063744549506e-05,0.5925240554700836,0
2623,0.0074975,0.0085137186136125,0.0,0.0,0.0,0.56701765,0.0,0.0,4.091145436789374,0.013206145,0.0787184960448883,0.0,0.0,0.0,8.474232563618745,0.0045823700881497,13.244913880154769,0
2624,0.0093564490071114,0.0257693078427895,0.0,0.0,0.0,0.530849857,0.0,0.0,4.106735357224351,0.017184809,0.067199520504399,0.009796192,0.0,0.0,12.51056337367266,0.0025395347094025,17.279994400960714,0
2625,0.0084925,0.0030798816490334,0.0,0.0,0.0,0.455175469,0.0,0.0,3.8849573719803567,0.122692518,0.0700786596130667,0.000365633,0.0,0.0,8.297848278733506,0.0057363298778236,12.848426641853786,0
2626,0.00249,0.150512957344717,0.0,0.0,0.0,0.08021083,0.0,0.0,4.0518437076086675,0.01860398,0.0163198823795885,0.0,0.0,0.0,3.76098199604359,0.4304197649618307,8.511383118338394,0
2627,0.0180382245035557,0.0139476851891792,0.0,0.0,0.0,0.721562645,0.0,0.0,7.659214020192087,8.72348356264275,0.007679943443283,0.007987322,0.0,0.0,15.953835615632364,0.0007512226470791,33.106500241250295,1
2628,0.0111064490071114,0.0048911822390577,0.0,0.0,0.0,1.48073575,0.0,0.0,4.918856790787456,0.023940461,0.0633595453659414,0.0,0.0,0.0,10.22271341835645,0.006832812416852,16.73243640917287,0
2629,0.0005,0.0610415264520084,0.0,0.0,0.0,0.343302353,0.0,0.0,1.942055213732552,0.0129045,0.0585595815680935,0.0,0.0,0.0,9.70231544243455,0.0023581527344207,12.123036769921624,0
2630,0.0,0.0030798816490334,0.0,0.0,0.0,0.0,0.0,0.0,1.5020990212758965,0.003067933,0.0120545956367521,0.0,0.0,0.0,0.7476547345595691,0.0001887462522678,2.268144912373519,0
2631,0.00075,0.0030798816490334,0.0,0.0,0.0,0.290800718,0.0,0.0,1.6587714466077998,0.005099736,0.0333085040117961,0.0,0.0,0.0,1.9766387966394188,0.001225545577665,3.969674628485713,0
2632,0.0015,0.0193815999203509,0.0,0.0,0.0,0.0,0.0,0.0,2.3601080239484697,0.00135829,0.0767994481000947,0.0,0.0,0.0,10.023006539542116,0.0028303184462733,12.484984219957306,0
2633,0.00075,0.0737197881107593,0.0,0.0,0.0,0.0,0.0,0.0,1.3234716677069684,0.0,0.0134397455606115,0.0,0.0,0.0,6.161377676276054,0.0002104343857267,7.5729693120401205,0
2634,0.0039975,0.0175702993303266,0.155954604526424,0.0,0.0,0.430805076,0.0,0.0,2.285874956587394,0.014093106,0.0739194684546596,0.0,0.0,0.0,5.947135247480408,0.0348644697867142,8.964214728165926,0
2635,0.0016014490071114,0.0030798816490334,0.0,0.0,0.0,0.106461647,0.0,0.0,3.2100147072241354,0.119530354,0.0911982529461095,0.249053188,0.0,0.0,7.09733912970317,0.0053833800684593,10.88366198959802,0
2636,0.001,0.0760569901057392,0.0,0.0,0.0,0.425846589,0.0,0.0,2.0811975690322786,0.014252509,0.0623995567065512,0.0,0.0,0.0,2.3530753608051285,0.0013621908248679,5.015190765474565,0
2637,0.0,0.0316956278408319,0.0,0.0,0.0,0.0,0.0,0.0,0.0997209068322147,0.0,0.0002236579501223,0.0,0.0,0.0,0.07492739012322265,3.50197840605575e-06,0.2065710847247976,0
2638,0.0,0.194796849106109,0.0,0.0,0.0,0.0,0.0,0.0,0.6190056345380629,0.0,0.0014984515466717,0.0,0.0,0.0,0.21706415900126558,2.34622136173715e-05,1.0323885564057267,0
2639,0.0,0.0032428933880851,0.0,0.0,0.0,0.0,0.0,0.0,0.0446967607987188,7.7e-05,0.0001227730371199,0.0,0.0,0.0,5.200979772255428,1.92235017352352e-06,5.249121121829525,0
2640,0.003995,0.0653728405120241,0.0,0.0,0.0,0.437403628,0.0,0.0,2.024888529514606,0.00150428,0.0469165961030459,0.000241998,0.0,0.0,5.901998093024444,0.0010204249070895,8.48334139006121,0
2641,0.0,0.0504467484571536,0.0,0.0,0.0,0.0,0.0,0.0,0.818415982541508,0.0,0.02043391350606,0.0,0.0,0.0,2.4285779820579125,0.0003199464851261,3.31819457304776,0
2642,0.0011571735106671,0.0068547109339689,0.0,0.0,0.0,0.046959795,0.0,0.0,0.622838433564729,0.0,0.0016284477330867,0.0,0.0,0.0,0.8836529243764822,2.54976167886216e-05,1.5631169827357225,0
2643,0.0,0.0139476851891792,0.0,0.0,0.0,0.0,0.0,0.0,1.9470135559123802,0.0,0.0777594435931172,0.003852539,0.0,0.0,5.3074969022343605,0.0022233685075698,7.352293494436608,0
2644,0.0,0.0872932637698622,0.0,0.0,0.0,0.0,0.0,0.0,0.5761003160852467,0.0,0.009329261089281,0.003097528,0.0,0.0,0.24371353801119858,0.0001460740654625,0.919679981021051,0
2645,0.0,0.0080271301018193,0.0,0.0,0.0,0.0,0.0,0.0,0.6093918309876042,0.0,0.0005480641406019,0.001430801,0.0,0.0,1.370288884031417,8.58135786890642e-06,1.9896952916193111,0
2646,0.0002475,0.0030798816490334,0.0,0.0,0.0,0.641651002,0.0,0.0,6.038897096726728,0.074286716,0.0767994481000947,0.024153755,0.0,0.0,5.407893298601536,0.007316699348613,12.274325397426006,0
2647,0.002745,0.0085137186136125,0.0049259098341169,0.0,0.0,0.535189354,0.0,0.0,3.950687746136083,0.046442421,0.0892782892945936,0.007548112,0.0,0.0,5.678237871496065,0.0250911419260373,10.348659564300508,0
2648,0.0095,0.0085137834191063,0.0076541033328214,0.0,0.0,0.57502785,0.0,0.0,4.192925170415491,0.136981579,0.0729594797952694,0.0,0.0,0.0,11.35183332670547,0.0150335336467495,16.37042882631491,0
2649,0.0034046735106671,0.0807937225118974,0.0,0.0,0.0,0.61318028,0.0,0.0,3.6694441865296445,0.062143477,0.0256283828940744,0.0,0.0,0.0,8.455087933008269,0.0009244557507947,12.910607111205348,0
2650,0.0,0.0031251029225924,0.0004416942577367,0.0,0.0,0.0,0.0,0.0,0.0602828427045722,0.001499001,1.49109855836379e-05,0.0,0.0,0.0,0.005551098290547476,2.33484381571137e-07,0.07091488364541398,0
2651,0.0034875,0.012136384599155,0.0,0.0,0.0,0.288657904,0.0,0.0,2.5974453687987653,0.005021246,0.0604795657205062,0.0,0.0,0.0,3.6821752843264126,0.0021901768927782,6.651593430337617,0
2652,0.00425,0.0783933496293,0.0,0.0,0.0,0.04870985,0.0,0.0,1.6271339685283732,0.03342474,0.0479996584793753,0.0,0.0,0.0,4.545025980766702,0.0008911193717555,6.385828666775506,0
2653,0.0078514490071114,0.122818389560816,0.0,0.0,0.0,0.0,0.0,0.0,1.7602350391707016,0.0,0.0460796674933304,0.0,0.0,0.0,9.184650654962597,0.0007214979803808,11.122356698174938,0
2654,0.0,0.0031752482097585,0.0,0.0,0.0,0.0,0.0,0.0,0.020232234416745792,0.0,4.98855154722992e-07,0.0,0.0,0.0,0.008270643938906119,7.79171066958526e-09,0.031678633212275806,0
2655,0.0,0.359275419111978,0.0,0.0,0.0,0.0,0.0,0.0,0.8101740419463594,0.0,0.001858659136543,0.0,0.0,0.0,0.6992411017769257,2.91021416863164e-05,1.8705783241134923,0
2656,0.000495,0.16071399427967,0.0,0.0,0.0,0.0,0.0,0.0,1.3919236527306253,0.0,0.0038399273030318,0.0,0.0,0.0,4.225473275489996,6.01241102076415e-05,5.782505973913531,0
2657,0.00075,0.289896115371524,0.0199874760349524,0.0,0.0,0.0,0.0,0.0,0.8328224955671113,0.0,0.0009599954930224,0.0,0.0,0.0,0.9437766586441411,1.50312079246017e-05,2.088207772318676,0
2658,0.0018032245035557,0.0770099139073377,0.0,0.0,0.0,0.106461647,0.0,0.0,1.54176445518,0.013432849,0.0451191389769919,0.0,0.0,0.0,9.698567007555793,0.00115498349163,11.485313219615307,0
2659,0.0,0.248997371562818,0.0,0.0,0.0,0.292842449,0.0,0.0,1.000616720410067,0.0,0.0297597851137419,0.294303446,0.0,0.0,0.32508661982916076,0.0011521452947265,2.1927585372105143,0
2660,0.0,0.0331070794752742,0.0,0.0,0.0,0.0,0.0,0.0,0.285490128846551,0.0,0.0120730464438446,0.0,0.0,0.0,1.9048095429481102,0.0002058100687073,2.2356856077824876,0
2661,0.000495,0.0062051784309207,0.0,0.0,0.0,0.0,0.0,0.0,0.1923140775162597,0.0,0.0012565888002181,0.0,0.0,0.0,0.3937198069294362,1.96752021794681e-05,0.5940103268790141,0
2662,0.0005,0.310008743922572,0.0,0.0,0.0,0.106461647,0.0,0.0,1.254469898450382,0.000790616,0.0115197545745665,0.0,0.0,0.0,6.009377107624599,0.0004665774496893,7.6935943450218085,0
2663,0.0,0.0628515179710584,0.0,0.0,0.0,0.0,0.0,0.0,1.465336884548956,0.0,0.0595182650037228,0.0,0.0,0.0,2.0018368543841483,0.0022167715836503,3.591760293491536,0
2664,0.0,0.0030798816490334,0.0,0.0,0.0,0.0,0.0,0.0,2.737265656446558,0.158237251,0.0470390069576563,0.014064354,0.0,0.0,6.360017374413067,0.0058835178790142,9.325587042345328,0
2665,0.0,0.109453396310136,0.0,0.0,0.0,0.0,0.0,0.0,0.66517930562788,0.0,0.012688374026747,0.0,0.0,0.0,1.1402301025922579,0.0001986697695772,1.927749848326598,0
2666,0.0013032245035557,0.0180622462554825,0.0,0.0,0.0,0.0,0.0,0.0,0.6300934919386709,0.0,0.0017871178404499,0.0,0.0,0.0,0.8547802070295458,2.79819842171294e-05,1.5060542695519221,0
2667,0.0,0.0194030634998905,0.0,0.0,0.0,0.0,0.0,0.0,1.8682353814358885,0.0,0.013842109827873,0.002253558,0.0,0.0,5.398576503644218,0.0003596524410433,7.302670268848914,0
2668,0.0007475,0.0044539525336296,0.0,0.0,0.0,0.106461647,0.0,0.0,0.670327347850246,0.0,0.0011652163033168,0.000398492,0.0,0.0,3.569598110936339,1.82444927999263e-05,4.353170511116331,0
2669,0.0,0.0031382328305266,0.0,0.0,0.0,0.0,0.0,0.0,0.0266471929910134,0.001436158,2.480608509102e-06,0.0,0.0,0.0,0.008746292565810995,3.8859140205328e-08,0.0399703958550003,0
2670,0.0,0.132932208058998,0.0,0.0,0.0,0.0,0.0,0.0,1.1551303119374494,0.067750559,0.0055231876004478,0.0,0.0,0.0,4.138889550709268,0.0001937553131806,5.500419572619344,0
2671,0.002,0.0473556489868369,0.0,0.0,0.0,0.365178034,0.0,0.0,1.8741527842911645,0.002386186,0.0391137292827334,0.0,0.0,0.0,5.671937094251184,0.0033273265040893,8.005450803316009,0
2672,0.0,0.0084315909957478,0.0,0.0,0.0,0.0,0.0,0.0,0.3402050604286226,0.000829598,0.0047277596394259,0.0,0.0,0.0,1.5622222588465737,7.4025476141662e-05,1.9164902933865118,0
2673,0.00824,0.0030798816490334,0.0,0.0,0.0,3.027892675,0.0,0.0,3.9296420774234058,0.109623016,0.0614387001758644,0.450790207,0.0,0.0,21.583239985285644,0.0066015236534261,29.180548066187374,1
2674,0.003,0.0334428374244413,0.0,0.0,0.0,0.311509696,0.0,0.0,2.3314799756467477,0.011671815,0.0796783138634721,0.0,0.0,0.0,5.30604711965476,0.0030860453142052,8.079915802903626,0
2675,0.0,0.0030824958987581,0.0,0.0,0.0,0.0,0.0,0.0,0.0022327848319135257,2.55e-05,2.0500896769438e-06,0.0,0.0,0.0,0.009389946570083112,3.20462272857419e-08,0.014732809436658967,0
2676,0.0,0.063438449513656,0.0728304863270246,0.0,0.0,0.212923294,0.0,0.0,1.302507782803629,0.003879183,0.0473741624516753,0.0,0.0,0.0,2.914620658685201,0.0027603210000546,4.62033433778124,0
2677,0.0,0.0491813434245261,0.0728304936100419,0.0,0.0,0.0,0.0,0.0,0.2423980506679056,0.0,0.0004986501457552,0.0,0.0,0.0,0.03575859931337784,7.80767565591627e-06,0.40067494483726257,0
2678,0.0,0.0100023267279137,0.0,0.0,0.0,0.0,0.0,0.0,0.2236495734395743,0.0,7.48761086342441e-05,0.0,0.0,0.0,0.13544875638106502,1.17237586394627e-06,0.3691767050330512,0
2679,0.0,0.0031270545321109,0.0,0.0,0.0,0.0,0.0,0.0,0.01355425575145236,0.000811134,2.00908788340493e-05,0.0,0.0,0.0,0.00015364726854361335,3.14571322994842e-07,0.017666497002263918,0
2680,0.00475,0.0200539998673232,0.0,0.0,0.0,0.130672265,0.0,0.0,1.547208823110185,0.015387554,0.0072301879363228,0.0,0.0,0.0,2.5476290814552205,0.000113207514358,4.2730451188834095,0
2681,0.0013564490071114,0.0284622574537332,0.0,0.0,0.0,0.0,0.0,0.0,0.4016805549046462,0.018816624,0.0108117151028404,0.0,0.0,0.0,1.9538926509694718,0.0007958694632887,2.4158161209010918,0
2682,0.0,0.123576938415476,0.535957209876625,0.0,0.0,0.106461647,0.0,0.0,0.895274480038193,0.0,0.0182394701813303,0.0,0.0,0.0,3.5143929517138055,0.0002855866675853,5.194188283893015,0
2683,0.0005,0.159996023168697,0.0,0.0,0.0,0.051918283,0.0,0.0,0.8319124534239171,0.0,0.0172796318618498,0.0,0.0,0.0,0.4869866101749821,0.0002705579548163,1.5488635595842621,0
2684,0.0,0.210473962483958,0.0,0.0,0.0,0.0,0.0,0.0,0.8561846935654512,0.0,0.0009599749921257,0.0,0.0,0.0,0.10335540473795196,1.50308772413342e-05,1.1709890666567282,0
2685,0.0,0.007981185949033,0.0,0.0,0.0,0.0,0.0,0.0,0.12053319461210821,0.000531447,0.0007722892822015,0.0,0.0,0.0,0.05689952292656667,1.20922167626603e-05,0.18672973198667203,0
2686,0.0,0.0387508214342035,0.0,0.0,0.0,0.0,0.0,0.0,0.6381597092481708,0.001433712,0.0056206010282639,0.0,0.0,0.0,0.950912832578442,9.84795149001164e-05,1.6349761558039804,0
2687,0.0,0.123576938415476,0.0,0.0,0.0,0.0,0.0,0.0,0.575362390928617,0.0,0.0153595520385855,0.178383372,0.0,0.0,2.221794786748342,0.0003520113092585,3.114829051440279,0
2688,0.0,0.0501737229118626,0.0,0.0,0.0,0.0,0.0,0.0,0.5219406551710242,0.0,0.007679943443283,0.0,0.0,0.0,0.28289279213752333,0.0001202496633968,0.8628073633270898,0
2689,0.0,0.0230039548395231,0.0,0.0,0.0,0.0,0.0,0.0,1.3347592751095054,0.005380649,0.0316793934163805,0.012601698,0.0,0.0,4.420511284291825,0.0007003802327589,5.828636634889993,0
2690,0.0,0.102272718725935,0.0,0.0,0.0,0.0,0.0,0.0,2.010114179888252,0.010238572,0.0403197150360923,0.0,0.0,0.0,2.6407762596960977,0.0006313107328332,4.8043527560792105,0
2691,0.0,0.0356829163976069,0.0,0.0,0.0,0.0,0.0,0.0,2.478734210532808,0.01417249,0.0719986232645826,0.0,0.0,0.0,2.9884245928948747,0.0019444522218711,5.5909572853117435,0
2692,0.0,0.0465511217318141,0.0,0.0,0.0,0.0,0.0,0.0,3.7515408820726726,0.217412862,0.0681595159974215,0.0,0.0,0.0,3.887679041478296,0.0126865655615883,7.984029988841793,0
2693,0.0,0.134113379457451,0.0,0.0,0.0,0.0,0.0,0.0,1.6720592244929797,0.0,0.0345593388936543,0.0,0.0,0.0,1.1533651951134114,0.0019352534316788,2.9960323913891753,0
2694,0.0027982245035557,0.035215681748559,0.0,0.0,0.0,2.143712626,0.0,0.0,2.3868837011041655,0.038884405,0.0579089104391606,0.120954061,0.0,0.0,7.585522168777838,0.0034100934193449,12.375289871992624,0
2695,0.0,0.003202351071177,0.0,0.0,0.0,0.0,0.0,0.0,0.103600842062817,0.002400433,0.0002206853200907,0.0,0.0,0.0,0.02104664978575419,3.45540235613214e-06,0.13047441664219503,0
2696,0.0005,0.0193815999203509,0.0,0.0,0.0,0.216715079,0.0,0.0,2.132200413326787,0.001340822,0.0633595453659414,0.0,0.0,0.0,1.422154523991351,0.0010621337920138,3.856714117396444,0
2697,0.0,0.0038802424583028,0.0,0.0,0.0,0.0,0.0,0.0,0.14184714344520022,0.009319337,0.00060599284124,0.12599316,0.0,0.0,0.8463197420634326,9.48840645418861e-06,1.12797510621463,0
2698,0.0002475,0.041854188036996,0.0,0.0,0.0,0.140004358,0.0,0.0,1.2428232807975315,0.064865266,0.0293577898626222,0.39599874700000004,0.0,0.0,3.6195227405612833,0.0010809573197475,5.53575482757818,0
2699,0.0,0.0674884158564396,0.0,0.0,0.0,0.0,0.0,0.0,0.6179709318229704,0.0,0.0150432642032266,0.0,0.0,0.0,1.9229408330054876,0.0002355417467127,2.623678986634837,0
2700,0.0015,0.0084258164418507,0.0,0.0,0.0,0.0,0.0,0.0,0.3437113162483733,0.0,0.0012485934504781,0.0,0.0,0.0,0.21213970651666894,1.95500498578841e-05,0.5670449827072289,0
2701,0.0,0.0682867417732043,0.0,0.0,0.0,0.0,0.0,0.0,0.4095843100978452,0.0,0.0115199185817407,0.0,0.0,0.0,0.4804299795217796,0.0008873020069772,0.970708251981547,0
2702,0.0,0.303216109826349,0.0,0.0,0.0,0.0,0.0,0.0,0.2938113876324354,0.0,0.0007832709292376,0.0,0.0,0.0,1.8061816922307137,1.22641819144984e-05,2.40400472480065,0
2703,0.0,0.0065209005942424,0.0,0.0,0.0,0.0,0.0,0.0,0.0739945166370267,0.0,8.97939278501385e-06,0.0,0.0,0.0,0.541887139289768,1.40607232861255e-07,0.622411676521055,0
2704,0.0072375,0.0612334392094862,0.439119537527294,0.0,0.0,0.457160234,0.0,0.0,1.5550560695027573,0.204717291,0.0595188595297291,0.0,0.0,0.0,4.26434838233798,0.0048967003962296,7.053288013503476,0
2705,0.0013007245035557,0.0972675641746918,0.0491408622065432,0.0,0.0,0.185214099,0.0,0.0,0.8851020557385443,0.0,0.0211198461774364,0.0,0.0,0.0,0.5352366876285392,0.0008126509317011,1.7751944903610117,0
2706,0.0,0.0335291058118618,0.0219924146807019,0.0,0.0,0.0,0.0,0.0,0.1665484811418879,0.0,0.0004137969340265,0.0,0.0,0.0,0.16616690191017194,6.47910100025409e-06,0.3886571795796503,0
2707,0.0,0.0436317768091564,0.0204038109244371,0.0,0.0,0.0,0.0,0.0,0.4211533086901305,0.0,0.0005510914396915,0.0,0.0,0.0,0.07057198480372273,8.62878602102254e-06,0.5563206014531593,0
2708,0.0,0.139881296858715,0.0,0.0,0.0,0.0,0.0,0.0,0.4833172334083893,0.0,0.0134399027341534,0.0,0.0,0.0,0.3370232438285963,0.0002592257180556,0.9739209025479095,0
2709,0.0,0.0773423504075117,0.0,0.0,0.0,0.0,0.0,0.0,0.4684207616996191,0.0,0.0355193207194123,0.0,0.0,0.0,0.4466028905941601,0.0005561480194206,1.0284414714401238,0
2710,0.0,0.0170558196477339,0.0,0.0,0.0,0.0,0.0,0.0,0.4202130791271952,0.000926311,0.0030887266099738,0.058476850000000004,0.0,0.0,0.15495191187283308,4.83621360238233e-05,0.6547610603937598,0
2711,0.0,0.0649498348870193,0.0,0.0,0.0,0.036459468,0.0,0.0,0.764067041159894,0.001948973,0.0136734626174153,0.21135858899999999,0.0,0.0,4.566922188194773,0.0002273766701309,5.659606933529232,0
2712,0.0,0.0393059064106181,0.0,0.0,0.0,0.574036717,0.0,0.0,1.9933025462497302,0.0,0.0691195046568117,0.0,0.0,0.0,4.062990186525767,0.0017902645853021,6.74054512542823,0
2713,0.0,0.0304748358511563,0.0,0.0,0.0,0.0,0.0,0.0,1.0992535447107539,0.0,0.0298029326678093,0.0,0.0,0.0,1.1228137987101174,0.00126812875222,2.283613240692057,0
2714,0.0002475,0.0034797833900449,0.0,0.0,0.0,0.0,0.0,0.0,0.0926990094863412,0.0,0.0004350495303442,0.0,0.0,0.0,0.008846871707837241,6.8118634464074e-06,0.10571502597801394,0
2715,0.0,0.0809658459033744,0.0,0.0,0.0,0.0,0.0,0.0,1.1230108330074646,0.007184022,0.0451196788339402,0.14238913,0.0,0.0,1.1758740092056361,0.0007064667724562,2.5752499857228717,0
2716,0.0,0.109089173867203,0.0,0.0,0.0,0.0,0.0,0.0,0.5310740328275649,0.023699112,0.007679943443283,0.0,0.0,0.0,1.709074184373899,0.0004354385162349,2.3810518850281848,0
2717,0.0,0.177253731937351,0.0717565571235173,0.0,0.0,0.0,0.0,0.0,0.3251713745848488,0.0,0.0,0.0,0.0,0.0,0.06518366934107311,0.0,0.6393653329867902,0
2718,0.0,0.0922336294942765,0.0,0.0,0.0,0.0,0.0,0.0,0.5925798461008992,0.008111273,0.0215806653350198,0.0,0.0,0.0,0.7145985184429284,0.0005391733865359,1.42964310575966,0
2719,0.0,0.0052275000863823,0.0,0.0,0.0,0.0,0.0,0.0,0.11881669203534209,0.001258922,0.0005198549066471,0.0,0.0,0.0,0.04696527561259711,8.13970140957754e-06,0.17279638434237818,0
2720,0.0,0.163095769024909,0.0,0.0,0.0,0.0,0.0,0.0,0.760967032768039,0.008148235,0.0163198823795885,0.0,0.0,0.0,2.1357726444924823,0.0003414154510864,3.084644979116105,0
2721,0.0,0.0180096676170495,0.0,0.0,0.0,0.0,0.0,0.0,0.1227353139042181,0.0,0.0010472814778344,0.0,0.0,0.0,0.09315930389129552,1.63979773323575e-05,0.2349679648677299,0
2722,0.0,0.0554128971342284,0.0,0.0,0.0,0.10150316,0.0,0.0,0.5023864706671006,0.0,0.0036710204145484,0.0,0.0,0.0,0.3327934233658512,5.74794325376745e-05,0.9958244510142663,0
2723,0.0,0.338993867692693,0.0,0.0,0.0,0.0,0.0,0.0,0.3434873252225828,0.0,0.0009599954930224,0.0,0.0,0.0,0.26938266691052337,1.50312079246017e-05,0.9528388865267462,0
2724,0.0,0.22291884733309,0.0214258278659916,0.0,0.0,0.0,0.0,0.0,0.4019481081120425,0.044443445,0.0028799454772738,0.0,0.0,0.0,19.99911935556454,0.0001557770055993,20.69289130635854,0
2725,0.0,0.346527972971084,0.0,0.0,0.0,0.0,0.0,0.0,1.211883230827178,0.0,0.0028799796454351,0.004481938,0.0,0.0,0.5256662819165681,4.50936237738052e-05,2.0914844969840387,0
2726,0.0,0.109350774767546,0.0,0.0,0.0,0.0,0.0,0.0,0.6513430478069172,0.0,0.0211645244651292,0.0,0.0,0.0,1.2279191328150236,0.0003313861231966,2.010108865977813,0
2727,0.0,0.0032796963299181,0.0,0.0,0.0,0.0,0.0,0.0,0.03565393019053463,0.0,3.97922406294792e-05,0.0,0.0,0.0,0.007778846178245956,6.23064724741334e-07,0.0467528880040529,0
2728,0.0,0.0447398211417898,0.0,0.0,0.0,0.0,0.0,0.0,1.56030641004273,0.063043607,0.0633595453659414,0.00091952,0.0,0.0,2.653528968996853,0.0085703626456398,4.394468235192954,0
2729,0.0,0.13849874348752,0.0,0.0,0.0,0.0,0.0,0.0,0.6217353215486341,0.0,0.0009599954930224,0.0,0.0,0.0,0.11380348659738157,1.50312079246017e-05,0.8750125783344826,0
2730,0.0,0.0791545453133501,0.0,0.0,0.0,0.0,0.0,0.0,0.685391341804579,0.0,0.0307197806067644,0.0,0.0,0.0,0.6617677901383174,0.0004809986535872,1.457514456516598,0
2731,0.0,0.21291117814067,0.195427293923499,0.0,0.0,0.0,0.0,0.0,0.4017070128477085,0.0,0.0009599954930224,0.0,0.0,0.0,2.3317352442723127,1.50312079246017e-05,3.1427557558851373,0
2732,0.001745,0.157425724200692,0.0,0.0,0.0,0.167130202,0.0,0.0,2.1129729218443947,0.0,0.024959821315894,0.0,0.0,0.0,1.1972773422700138,0.0004536292027815,3.6619646408337756,0
2733,0.0184207960284458,0.0211926801716963,0.0,0.0,0.0,0.487789452,0.0,0.0,7.142749079313064,0.077096582,0.0748785687418565,0.0,0.0,0.0,10.742051555259799,0.004868696614873,18.569047410129734,0
2734,0.0,0.0148085601431737,0.0,0.0,0.0,0.0,0.0,0.0,0.4989256205371926,0.002443049,0.0004804316821595,0.0,0.0,0.0,3.324624362568625,7.52241698046399e-06,3.8412895463481314,0
2735,0.002,0.0742019481723654,0.0,0.0,0.0,0.0,0.0,0.0,0.7416784532573093,0.006016034,0.0029133141035822,0.352033581,0.0,0.0,17.447674898515782,0.0001463505426804,18.62666457959172,0
2736,0.004745,0.0788210404071251,0.0,0.0,0.0,0.175588799,0.0,0.0,6.729409305029591,0.07083719,0.0307193500879322,0.000649415,0.0,0.0,10.593817554569148,0.0051344847206166,17.689722138814414,0
2737,0.0,0.0255626312671031,0.0,0.0,0.0,0.0,0.0,0.0,0.7334133399963257,0.0,0.0,0.0,0.0,0.0,0.1312449398670746,0.0,0.8902209111305035,0
2738,0.0,0.0743955538776892,0.0,0.0,0.0,0.0,0.0,0.0,1.3561146851482093,0.0,0.0,0.0,0.0,0.00049066519612,0.14737821333647963,0.0,1.5783791175584982,0
2739,0.0,0.0085093636844306,0.0882140840491634,0.0,0.0,0.0,0.0,0.0,4.49840177555723,0.120702448,0.0287763707629764,0.672429534,0.0,0.0,6.716947331242737,0.0011170636260879,12.135097970922624,0
2740,0.0,0.0030798816490334,0.0,0.0,0.0,0.0,0.0,0.0,0.0010931634064338819,4.78e-05,6.833632256479341e-09,0.0,0.0,0.0,4.146996124799348e-05,7.055883128461349e-11,0.004262321920906363,0
2741,0.0,0.0688103421178367,0.0,0.0,0.0,0.0,0.0,0.0,2.4177534413774566,0.003155078,0.0479985992663756,0.0,0.0,0.0,20.83996832980835,0.001883250287639,23.37956904085766,0
2742,0.0,0.3120567776311,0.0,0.0,0.0,0.0,0.0,0.0,1.1200898458945305,0.0,0.0067198727803057,0.0,0.0,0.0,1.2680806944987002,0.0001052171928633,2.7070524079975,0
2743,0.0015,0.0035704721980392,0.0,0.0,0.0,0.0,0.0,0.0,0.8076971994829661,0.016888736,0.0079299040439605,0.0,0.0,0.0,2.531751735939356,0.0006059340330327,3.3699439816973547,0
2744,0.0015,0.0042311382849186,0.0,0.0,0.0,0.0,0.0,0.0,2.040450489499144,0.027995211,0.009685969859437,0.0,0.0,0.0,12.32979867758399,0.0006536287539722,14.414315114981461,0
2745,0.0089925,0.0049283287480919,0.0,0.0,0.0,0.017500545,0.0,0.0,3.8624137420917064,1.391060563,0.0036654441706271,0.021008983,0.0,0.0,4.76982088615936,0.0012570723608847,10.08064806453067,0
2746,0.0002475,0.0031421986118513,0.0,0.0,0.0,0.0,0.0,0.0,0.6888186906731322,1.735219443,0.0005341987007535,0.010324734,0.0,0.028047435002995,11.845416073533356,0.0008275709740416,14.31257784449613,0
2747,0.0,0.0030798816490334,0.0,0.0,0.0,0.0,0.0,0.0,0.0266722557093859,0.09088709,0.0004476029127993,0.0,0.0,0.0,1.3788022649606562,9.60847123296193e-05,1.4999851799442043,0
2748,0.009,0.0122532937099323,0.0,0.0,0.0,0.0,0.0,0.0,1.8922464054356043,0.018652685,0.0064089015108423,0.0,0.0,0.0,0.5088853454479858,0.0005756318598239,2.4480222629641886,0
2749,0.0007425,0.0138628547978225,0.0,0.0,0.0,0.0,0.0,0.0,1.9490680388714208,1.020223005,0.007533403033175,0.0,0.0,0.0,1.1441679024100146,0.0001179551842542,4.135715659296688,0
2750,0.0091925,0.0338715769242863,0.0,0.0,0.0,0.187547504,0.0,0.0,5.328275491649386,0.051844261,0.0163196568697241,1.2920038660000002,0.0,0.0,5.183035318382732,0.0012031016102346,12.103293276436363,0
2751,0.0354071735106672,0.0085137056525138,0.0,0.0,0.0,0.264549901,0.0,0.0,7.3198960557261765,0.152845703,0.0067198591130412,0.0,0.0,0.0,10.14850719642404,0.0006392954876575,17.937078889914098,0
2752,0.0266978980142229,0.0085137056525138,0.0,0.0,0.0,0.864207489,0.0,0.0,6.446796930212012,0.220475254,0.0124797364003245,0.046897815,0.0,0.0,12.62541344663624,0.0042457311036735,20.255728006018987,0
2753,0.0,0.0038519039902806,0.0,0.0,0.0,0.532632466,0.0,0.0,1.954791781601528,0.061004571,0.0002933678327706,0.0,0.0,0.13226,2.209173950868841,4.5933947656791e-06,4.894012634688186,0
2754,0.0057982245035557,0.0141460637812498,0.0,0.0,0.0,0.145681918,0.0,0.0,2.730853150312101,0.230965134,0.0042051097771858,0.0,0.0,0.0354,3.426381121512444,0.0022227392394247,6.595653461125961,0
2755,0.0138007245035557,0.0387162541838218,0.0,0.0,0.0,0.132438107,0.0,0.0,4.9056155911542065,0.024405259,0.0157963168106261,0.0,0.0,0.0,13.364695477858895,0.0005506753731872,18.496018405884293,0
2756,0.0005,0.0036663957058755,0.0,0.0,0.0,0.0,0.0,0.0,0.9990691176049254,0.015971093,0.002221948694562,0.0,0.0,0.0,5.965611345990501,0.0002465929832308,6.987286493979095,0
2757,0.001495,0.0039011982534529,0.0,0.0,0.0,0.0,0.0,0.0,0.697384787180838,0.015735434,0.002590568485741,0.0,0.0,0.0,15.28218312579892,4.0562176863177e-05,16.003330675895818,0
2758,0.0015,0.0031524767631647,0.0,0.0,0.0,0.0,0.0,0.0,0.15405159019459358,0.44757261,0.0012118695107317,0.0,0.0,0.0,1.597981760587787,0.0001525787549779,2.205622885811255,0
2759,0.003,0.0031595535230853,0.0,0.0,0.0,0.0,0.0,0.0,0.44629928157354243,0.119660699,0.0042952043848552,0.0,0.0,0.0,5.59770849525342,0.0006282258089516,6.174751459543855,0
2760,0.000495,0.0121362679492662,0.0,0.0,0.0,0.0,0.0,0.0,5.651332665698467,1.027184651,0.0806382956892301,0.0,0.0,0.0,3.4864732417396587,0.0031373225802125,10.261397444656835,0
2761,0.0005,0.0047157148841017,0.0,0.0,0.0,0.319384942,0.0,0.0,0.884738582131524,0.147403233,0.0013424465558886,0.0,0.0,0.0,2.5477826770046708,2.10194749543161e-05,3.9058886150511394,0
2762,0.0052425,0.0416970865589769,0.0,0.0,0.0,0.509265852,0.0,0.0,4.942436968533066,0.716189077,0.0316911335965971,0.0,0.0,0.0,8.457786083343825,0.0272046527712413,14.731513353803706,0
2763,0.006995,0.0356828515921131,0.0,0.0,0.0,0.822525603,0.0,0.0,6.331289838321419,0.057013986,0.0364792273752154,0.0,0.0,0.0,6.441714310489365,0.0024908773900221,13.734191694168135,0
2764,0.0155507245035557,0.0030798816490334,0.0,0.0,0.0,0.830505188,0.0,0.0,6.849483701026118,0.091069016,0.0057598772872832,6.170724837,0.0,0.0,10.63924062633598,0.0016180041926158,24.607031855994588,0
2765,0.0015,0.0030930501253693,0.0,0.0,0.0,0.0,0.0,0.0,0.6577088234840898,0.021273581,1.04691246169263e-05,0.001170909,0.0,0.0,0.6936043526636395,1.63917784896665e-07,1.3783613493155005,0
2766,0.0342672450355572,0.0062787845107549,0.0,0.0,0.0,1.417537435,0.0,0.0,6.39238547079335,0.331569888,0.0025431362442487,0.86794245,0.0,0.0,17.2125728643121,0.0006822628860173,26.265779536782027,0
2767,0.006245,0.0316315627566145,0.0,0.0,0.0,0.106461647,0.0,0.0,2.2879651284290805,0.263037713,0.0038399204693995,0.00741173,0.0,0.0,0.6071726539212053,0.0003137224969024,3.3140790780732026,0
2768,0.0432957245035557,0.0030798816490334,0.0,0.0,0.0,2.362769568,0.0,0.0,6.4211332744234255,0.247223921,0.0009599818257579,0.807709646,0.0,0.0,11.09779364347148,0.0002376052889715,20.984203246162224,0
2769,0.0015,0.0036545508456681,0.0,0.0,0.0,0.212923294,0.0,0.0,0.5649497320022643,0.00711147,0.0004061022641057,0.0,0.0,0.0,2.952487696149164,6.35854323009705e-06,3.7430392038044324,0
2770,0.01005,0.0183214727698177,0.0,0.0,0.0,0.0,0.0,0.0,3.4465560053300743,0.036624072,0.0107707543110951,0.0,0.0,0.0,6.184005027060361,0.0002741271967898,9.706601458668137,0
2771,0.001,0.02120076789732,0.0882140840491634,0.0,0.0,0.089252778,0.0,0.0,1.3463122704140404,0.018592134,0.0164614137372525,0.0,0.0,0.0,18.456279013812118,0.0006769803911746,20.03798944230107,0
2772,0.0080332245035557,0.0102389575078984,0.0,0.0,0.0,0.087794399,0.0,0.0,3.830971799352649,0.012444087,0.0126239260409362,0.0,0.0,0.0,14.922397859266438,0.0019831599225922,18.886487412594068,0
2773,0.003995,0.0080540921295344,0.0,0.0,0.0,0.538372779,0.0,0.0,2.849566992174535,0.069113404,0.0110726163487606,9.215022712,0.0,0.0,5.926860009090539,0.0026066985000366,18.624664303243406,0
2774,0.0067907245035557,0.0036868628648663,0.0,0.0,0.0,0.253757899,0.0,0.0,1.7785113686552703,0.024142937,0.0013511526033833,0.157273748,0.0,0.0,4.347278953766717,2.11558674823409e-05,6.572814802261275,0
2775,0.0015,0.0057339517634561,0.0,0.0,0.0,0.106461647,0.0,0.0,5.392487036401805,0.088136208,0.0112532907519896,0.0,0.0,0.0,3.158754736905452,0.0001761997289251,8.764503070551628,0
2776,0.0017475,0.0058604261651152,0.0,0.0,0.0,1.862760939,0.0,0.0,3.616091525659868,0.09021193,0.0117895737105813,0.0,0.0,0.0,6.553371866133267,0.0023393234040316,12.144173084072863,0
2777,0.00324,0.080964912704264,0.0,0.0,0.0,0.391137175,0.0,0.0,7.122923090340263,0.0,0.0067198727803057,0.0,0.0,0.0,0.34888106052734924,0.0003122704629463,7.954178381815129,0
2778,0.0,0.0030799853378235,0.0,0.0,0.0,0.0,0.0,0.0,0.08997480838513071,0.003531863,1.57173541899025e-07,0.004836602,0.0,0.0,0.13029313209332868,2.4641321327767e-09,0.23171655045395692,0
2779,0.0226039490071114,0.0048644953367195,0.0,0.0,0.0,1.14392951,0.0,0.0,12.419053007667321,0.474248145,0.0028375496227546,1.172322491,0.0,0.0,13.730086019172266,0.0014352017001007,28.971380368506274,1
2780,0.0045,0.0033067464175237,0.0,0.0,0.0,1.08494901,0.0,0.0,1.8182193649193403,0.030422739,0.0001305428769955,0.0,0.0,0.0,3.7423094928723226,2.04393756988351e-06,6.683839940023752,0
2781,0.0002475,0.0030907939917889,0.0,0.0,0.0,0.0,0.0,0.0,0.12386499514967955,0.006670945,6.27327441144803e-06,0.513902575,0.0,0.0,0.4821766636049862,9.82756576618126e-08,1.1299598442965237,0
2782,0.021485,0.0058237662518906,0.0,0.0,0.0,1.180455353,0.0,0.0,6.004838274427957,0.10580267,0.0015788423965369,4.103390276,0.0,0.0,9.255715818399734,0.0005927713906794,20.679682771866798,0
2783,0.0347857245035557,0.0030798816490334,0.0,0.0,0.0,2.610944866,0.0,0.0,8.096493724098947,0.305288407,0.0028799796454351,0.020486255,0.0,0.0,14.412871135364009,0.0004986570969376,25.48732863035792,0
2784,0.0064628980142228,0.0302051931526406,0.0,0.0,0.0,0.863105082,0.0,0.0,4.170682142333765,0.474347605,0.0074757613450916,0.002046971,0.0,0.0704,5.39073233284964,0.0078370538466219,11.023295039541981,0
2785,0.0025,0.0053933859325487,0.0,0.0,0.0,0.0,0.0,0.0,1.7010044177757435,0.138529864,0.0006376052240585,0.0,0.0,0.03074,2.1919946741644605,9.98335093266229e-06,4.070809930447744,0
2786,0.0249715205320015,0.0214437107323987,0.0,0.0,0.0,0.413708247,0.0,0.0,3.769896448788273,0.384443467,0.0017696100746088,0.109460242,0.0,0.0,6.914069769815321,0.0004812742525006,11.640244290195104,0
2787,0.0,0.0031116881853802,0.0,0.0,0.0,0.0,0.0,0.0,0.1183707834055786,0.016000604,3.06830088315922e-06,0.0,0.0,0.0,0.00799795165440926,4.79965749506522e-08,0.14548414354282618,0
2788,0.0342982245035557,0.0231328788888471,0.0882140840491634,0.0,0.0,1.022252211,0.0,0.0,5.294173350445472,0.140599727,0.0033212887829263,0.962281803,0.0,0.0,7.440873948091397,0.0012287433673151,15.010376259128678,0
2789,0.0017475,0.0038994767288565,0.0,0.0,0.0,0.0,0.0,0.0,0.18021616288854458,0.028424602,0.0001357432711427,0.0,0.0,0.0,0.06483818900666694,2.12546117363664e-06,0.27926379935638435,0
2790,0.0007982245035557,0.0062675436270975,0.0,0.0,0.0,0.0,0.0,0.0,0.9905227318199213,0.001725964,0.0013006110592144,0.0,0.0,0.0,1.2211843355025243,2.03644443099815e-05,2.2218197749566233,0
2791,0.00722,0.0581056314439814,0.0003450063659058,0.0,0.0,0.256091305,0.0,0.0,1.4248895482460648,0.007170997,0.022451263250863,0.0,0.0,0.0,2.2928309084890364,0.0004507006468954,4.069555360442747,0
2792,0.0,0.0030798816490334,0.0,0.0,0.0,0.0,0.0,0.0,0.068642747867546,0.069228314,0.0,0.125456639,0.0,0.0,0.012394851610437371,0.0,0.2788024341270168,0
2793,0.0035,0.0030798816490334,0.0,0.0,0.0,0.0,0.0,0.0,0.556824574035003,0.005336551,0.0,0.0,0.0,0.0,3.6451875633548374,0.0,4.213928570038874,0
2794,0.0,0.0030874898140031,0.0,0.0,0.0,0.0,0.0,0.0,1.0388338518486986,0.122223754,0.0021782681171785,0.005580692,0.0,0.0,2.449901249448638,0.000623032397122,3.62242833762564,0
2795,0.0338514490071114,0.0157589857792035,0.0,0.0,0.0,0.770817145,0.0,0.0,6.765092799123166,0.297728654,0.0211198461774364,0.366807467,0.0,0.0,9.633406712150117,0.0112369547487063,17.91582001298574,0
2796,0.0135407245035557,0.0030798816490334,0.0,0.0,0.0,1.434437646,0.0,0.0,7.677547667854434,0.033440265,0.0259195024618327,2.2006481559999997,0.0,0.0,8.833161167813682,0.0016913923362272,20.223466403618765,0
2797,0.0015,0.0030798816490334,0.0,0.0,0.0,0.106461647,0.0,0.0,0.11528007261832136,0.001921596,9.36207619137669e-07,0.0,0.0,0.0,0.18476417588696153,1.46581174420926e-08,0.4130083240200529,0
2798,0.0103414490071114,0.0030798816490334,0.0,0.0,0.0,2.276557996,0.0,0.0,14.151468990293044,0.160883335,0.0065622345514132,10.93674236,0.0,0.0,9.345977067470958,0.0006785348107203,36.89229184878228,1
2799,0.0209975,0.0048911563168602,0.0,0.0,0.0,3.069371194,0.0,0.0,19.318052499013287,0.512275721,0.0047999091287898,4.332183325000001,0.0,0.0,9.98981193669555,0.0015430521807739,37.25392629333526,1
2800,0.0275457245035557,0.0030798816490334,0.0,0.0,0.0,2.309244447,0.0,0.0,20.160176960087085,1.491735189,0.0009241530918372,9.431257718,0.0,0.04024,18.267958586881054,0.0012076132204058,51.73337027343297,1
2801,0.0,0.0030798816490334,0.0,0.0,0.0,0.0,0.0,0.0,0.20025257028908378,0.02864536,3.41681612823967e-07,0.0,0.0,0.0,0.4626439646218104,5.3357772303291e-09,0.6946221235773176,0
2802,0.029985,0.0030798816490334,0.0,0.0,0.0,0.973185554,0.0,0.0,9.666510194315292,0.139226333,0.0038399751384576,1.398548411,0.0,0.0,19.632719483399,0.0003565663028504,31.847451398804633,1
2803,0.0262078980142229,0.0030798816490334,0.0,0.0,0.0,2.399217767,0.0,0.0,9.296907401534295,0.942546674,0.0,0.544346271,0.0,0.0,16.256724932874853,0.0,29.469030826072405,1
2804,0.00225,0.0030798816490334,0.0,0.0,0.0,0.127753977,0.0,0.0,0.768846877091407,0.099953803,0.0,4.31e-05,0.0,0.0,0.4062784731312124,0.0,1.4082061118716527,0
2805,0.0459378980142229,0.0085137834191063,0.0,0.0,0.0,2.121070457,0.0,0.0,12.13826953832973,0.512716161,0.0057599592908703,1.398115362,0.0,0.0,13.514243739349117,0.002181066364603,29.74680796476765,1
2806,0.0002475,0.0033834176207955,0.0,0.0,0.0,0.384875575,0.0,0.0,2.7070528271841354,0.534150866,0.0001608705369497,0.601310272,0.0,0.01637,0.4605264831752157,2.51888443356531e-06,4.70808033040153,0
2807,0.00825,0.0032815174623774,0.0882140840491634,0.0,0.0,2.5881093,0.0,0.0,5.007205539258151,29.152972073147197,0.000106871174859,0.0,0.0,0.08378510988915,2.013699230059304,0.0003312727794405,38.94595499781964,1
2808,0.0015,0.0031994996294507,0.0,0.0,0.0,1.327636097,0.0,0.0,0.9658218521820021,0.33532318,6.33956064433588e-05,0.902753057,0.0,0.03604,0.907534749681319,9.92673977538624e-07,4.479872823773193,0
2809,0.0408118470213343,0.0171415391503986,0.0007950228780264,0.0,0.0,0.877943995,0.0,0.0,15.428827241904866,0.022606083,0.0086399389363055,0.548746314,0.0,0.0,11.1903947325722,0.0017103463641063,28.137617060827235,1
2810,0.0243464490071115,0.0030798816490334,0.0,0.0,0.0,0.58480987,0.0,0.0,10.183259874259019,0.515728004,0.0047999091287898,0.003524433,0.0,0.0001165909752,6.785870039547982,0.0018458068542177,18.107380858421354,0
2811,0.0080482245035557,0.0078810744222432,0.0,0.0,0.0,0.0,0.0,0.0,3.170679497296451,0.111122161,0.0030072970480056,0.53012043,0.0,0.0,18.021211635266532,4.70871662416257e-05,21.85211740670303,0
2812,0.0032475,0.0030798816490334,0.0,0.0,0.0,1.169978662,0.0,0.0,8.09591036867892,1.373728264,0.0013314785761169,0.0,0.0,0.0,3.0203640321128673,2.08478120098013e-05,13.667661034828948,0
2813,0.0078539490071114,0.0030798816490334,0.0,0.0,0.0,0.0,0.0,0.0,5.728471697090992,1.712385216,0.0020688821656491,0.003174506,0.0,0.0,15.490137478771063,0.0040674979746788,22.951239108658527,0
2814,0.0015,0.0030798816490334,0.0,0.0,0.0,9.527173633,0.0,0.0,5.4995460988150295,0.815896823,0.0002050431358556,2.176948093,0.0,0.04792,0.2929908759150882,0.0004310216449532,18.36569147015996,0
2815,0.0051064490071114,0.0030798816490334,0.0,0.0,0.0,3.359633959,0.0,0.0,4.565303764281559,0.916599345,0.0002587759862883,1.795582521,0.0,0.05161,6.8956324044651645,4.05184319236018e-06,17.59281115223235,0
2816,0.0,0.0030798816490334,0.0,0.0,0.0,0.0,0.0,0.0,0.1673023819316003,0.032919277,3.34847980567488e-07,0.211538675,0.0,0.0,0.015547074347790797,5.22630609112548e-09,0.4303876300027112,0
2817,0.0015,0.0032031153328001,0.0,0.0,0.0,0.049001525,0.0,0.0,1.3261470814341056,0.030959587,4.77260876792517e-05,0.0,0.0,0.00481,1.522018109629511,7.47319541972948e-07,2.9376878918036375,0
2818,0.0,0.0031382875388355,0.0,0.0,0.0,0.0,0.0,0.0,0.5627396156001264,0.021313781,2.26193227689466e-05,0.083915379,0.0,0.00568,0.025090860085932577,3.54189084073095e-07,0.7019008967367475,0
2819,0.004995,0.0121463909855336,0.0,0.0,0.0,0.376439946,0.0,0.0,4.2044980759621495,1.2655501949999999,0.0035114140995661,1.229803897,0.0,0.08193,5.089061086910301,0.0008185333431071,12.268754539300659,0
2820,0.00975,0.0056972253970003,0.0,0.0,0.0,0.821186851,0.0,0.0,2.513889937696918,0.142677799,0.0010136873416616,3.002962243,0.0,0.0,4.2305103548885175,1.5871879546364e-05,10.727703970203644,0
2821,0.034995,0.0058922067792644,0.0,0.0,0.0,2.270934935,0.0,0.0,18.447700440685455,0.157916361,0.0081979396019564,0.0,0.0,0.01092,9.520607760434263,0.0007174850466692,30.45788212854761,1
2822,0.0090532245035557,0.0031310909502176,0.0,0.0,0.0,0.338266844,0.0,0.0,1.6557082746970244,0.021310108,0.000149287530275,0.0,0.0,0.0,0.9416602939967216,2.33747850612951e-06,2.9692814611563008,0
2823,0.0442475,0.0266262838364978,0.0,0.0,0.0,1.382854855,0.0,0.0,28.001554518006763,0.058764302,0.0115196657373472,1.9749501200000001,0.0,0.06004,16.52195941310811,0.0014715913054775,48.083988248994196,1
2824,0.0416953980142229,0.0030798816490334,0.0882140840491634,0.0,0.0,2.514508942,0.0,0.0,16.40588836932439,0.076151283,0.0038399204693995,0.009777868,0.0,0.01219005491837,13.267449322282708,0.0003179816800324,32.42311310538732,1
2825,0.0351261940426687,0.0030798816490334,0.0,0.0,0.0,1.420583258,0.0,0.0,15.968403953717791,2.460418651,0.0009599818257579,0.020817575,0.0,0.00730554937587,12.53480020803282,0.0020834089159531,32.453578661559895,1
2826,0.0158007245035557,0.0302490275886327,0.0,0.0,0.0,0.158963281,0.0,0.0,8.03944778331056,0.759380363463257,0.0124797364003245,0.004809384,0.0,0.0,6.275996161786917,0.0004428849540422,15.29756934700729,0
2827,0.0294503980142229,0.0153299748039618,0.0,0.0,0.0,0.56916372,0.0,0.0,10.823932894098888,0.002809948,0.0038398863012383,0.0,0.0,0.0,14.07822095808236,0.0001102159206529,25.522857995221322,0
2828,0.0100914490071114,0.0166277423066073,0.0,0.0,0.0,0.201362474,0.0,0.0,7.060560193481016,0.009582196,0.0052509151904529,0.0,0.0,0.0,28.334170241912133,0.0001201421600501,35.63776535405737,1
2829,0.003,0.0064115709675081,0.0,0.0,0.0,0.886985943,0.0,0.0,2.2719380700970557,0.014198182,0.0104390156332043,0.917414576,0.0,0.0,6.977060218835919,0.000198209090066,11.087645785623753,0
2830,0.02323,0.006702430984687,0.0,0.0,0.0,3.021886818,0.0,0.0,9.284545488923833,0.093205051,0.0172796318618498,0.182534096,0.0,0.0,14.655491080692833,0.0023724880825134,27.287247085545715,0
2831,0.0270332245035557,0.0030798816490334,0.0,0.0,0.0,1.063122454,0.0,0.0,10.19360012703092,0.096298714,0.0,0.0,0.0,0.0,20.139262549765725,0.0,31.522396950949233,1
2832,0.0287475,0.0030798816490334,0.0,0.0,0.0,2.610184027,0.0,0.0,15.116810986362584,0.339026738,0.0076798409387991,0.0,0.0,0.0,12.202341405468596,0.0044484616557784,30.31231884107479,1
2833,0.0,0.0030799334934285,0.0,0.0,0.0,0.0,0.0,0.0,0.01695337134877517,0.000222835,6.833632256479341e-09,0.0,0.0,0.0,0.00030440568559261306,7.1308226848876e-11,0.02056055243273677,0
2834,0.0126064490071114,0.0681699233901183,0.0,0.0,0.0,1.541660783,0.0,0.0,39.977088183330586,0.250377596,0.005749640506163,0.0,0.0,0.0,11.454869165367251,0.0007697444804538,53.31129148508168,1
2835,0.0,0.0030798816490334,0.0,0.0,0.0,0.0,0.0,0.0,0.0175598873471557,0.005824119,0.0,0.0,0.0,0.82277712257858,0.011215535865004985,0.0,0.8604565464397741,0
2836,0.0246546735106672,0.0030798816490334,1.96310670163089,0.0,0.0,3.610766425,0.0,0.0,14.758965874891961,0.656807539,0.0,0.001616013,0.0,4.10020211269304,17.63722320146765,0.0,42.75642242284324,1
2837,0.0095,0.0030798816490334,5.01621935874536,0.0,0.0,0.334382054,0.0,0.0,4.817148871749903,0.015066255,0.0,0.0,0.0,11.16278077348144,16.692673964653604,0.0,38.05085115927934,1
2838,0.0047475,0.0030798816490334,3.18997525665755,0.0,0.0,0.319384942,0.0,0.0,1.5172942295902856,0.014525164,0.0,0.0,0.0,11.91503198391004,0.8809470054235045,0.0,17.844985963230414,0
2839,0.01399,0.0030798816490334,8.20612732475477,0.0,0.0,4.385194177,0.0,0.0,12.248300394774315,0.875510979291683,0.0006817299875386,0.0,0.0,22.11702484979159,37.0236793064447,2.79086634609563e-05,84.87361655235709,1
2840,0.0,0.0030798816490334,0.0,0.0,0.0,0.0,0.0,0.0,0.5322618537388782,0.014405158,2.37537057235222e-05,0.0,0.0,0.45801686846762,4.671478236777462,3.7187957867409e-07,5.679266124218296,0
2841,0.0229925,0.0030798816490334,12.6161361469747,0.0,0.0,1.849718893,0.0,0.0,9.825653839724758,0.770300881,0.0,0.0,0.0,0.17857073761632,8.031953930961409,0.0,33.29840681092622,1
2842,0.0074925,0.0153300777850747,51.1946614407475,0.0,0.0,0.583265799,0.0,0.0,7.263880387673049,38.517553207000006,0.0009599818257579,0.0,0.0,0.04122656883072,5.183885088093449,7.28181137534978e-05,102.8083278690693,1
2843,0.0,0.003079959415626,0.0,0.0,0.0,0.0,0.0,0.0,0.008339834444791,1.436478709,2.96374630963509e-05,0.0,0.0,0.0,0.7937603345516103,3.59496043875459e-05,2.241724424479511,0
2844,0.0067475,0.0030798816490334,0.0,0.0,0.0,1.912018501,0.0,0.0,6.941046880533226,0.064706113,0.0028366680841936,0.001166089,0.0,0.0,11.014627015101937,0.0003411629332699,19.946569811301657,0
2845,0.0044975,0.0030798816490334,0.0,0.0,0.0,0.106461647,0.0,0.0,2.105890482838306,0.027497975,0.0005122900757392,0.000968026,0.0,0.0,2.9342304906980865,8.02128742965712e-06,5.183146314548595,0
2846,0.0,0.0033930347560723,0.0,0.0,0.0,0.382491243,0.0,0.0,0.31686784130867623,0.049716746,0.0,0.0,0.0,0.02128,0.15521525644316378,0.0,0.9289641215079123,0
2847,0.0,0.003079959415626,0.0,0.0,0.0,0.0,0.0,0.0,0.0017468218264942,0.000752502,0.0,0.0,0.0,0.00079,0.0009351068830781547,0.0,0.007304390125198355,0
2848,0.0173032245035557,0.0120360916169826,0.0,0.0,0.0,1.224892374,0.0,0.0,9.482805146067363,0.265878432,0.0,0.0,0.0,0.02181,23.554770643191056,0.0,34.579495911378956,1
2849,0.0207475,0.0030798816490334,0.0,0.0,0.0,1.767046307,0.0,0.0,20.283120732026497,0.226002555,0.0007324697070429,0.553121838,0.0,0.0,25.850631148032242,0.0001777836904537,48.704660215105264,1
2850,0.0,0.0030798816490334,0.0,0.0,0.0,2.146519655,0.0,0.0,2.9862550388274145,0.032730782,1.53620053125656e-05,0.162317675,0.0,0.0,5.2299836693210215,2.40547672319549e-07,10.560902304350455,0
2851,0.0300964490071114,0.0030798816490334,0.0,0.0,0.0,2.424191762,0.0,0.0,34.330725885251816,0.988092506,0.0028799796454351,0.0,0.0,0.0,30.18931272250123,0.0010281103773199,67.96940729643195,1
2852,0.006,0.0030798816490334,0.0,0.0,0.0,0.704260516,0.0,0.0,4.300774715669963,0.14038433,4.17124912935499e-05,0.0,0.0,0.0,5.086571353331451,6.53167861201074e-07,10.241113162309603,0
2853,0.0261014490071114,0.0030798816490334,0.0,0.0,0.0,3.111678871,0.0,0.0,25.487362306860717,0.533060347,0.0006014689766862,0.179948345,0.0,0.0,17.008686150601235,0.000495146257308,46.35101396635209,1
2854,0.0272121735106672,0.0030798816490334,0.0,0.0,0.0,2.330404969,0.0,0.0,7.05419121433915,0.437750466,0.0009599818257579,0.352728449,0.0,0.0,13.066523054783048,0.0003734844998531,23.27322367460751,0
2855,0.0,0.0030859474432512,0.0,0.0,0.0,0.0,0.0,0.0,0.0025707944635855583,0.00852919,6.42361432109058e-07,0.0,0.0,0.01778918400549,0.01230035489118415,1.00569694987992e-08,0.04427612322191252,0
2856,0.0105,0.0100509956537418,0.0,0.0,0.0,1.750382158,0.0,0.0,6.431582243758011,0.289296392,0.0007389411567898,0.000726919,0.0,6.226942176145659,7.109311454031544,0.0001190706341007,21.829650350379847,0
2857,0.003,0.0031647120403902,0.0,0.0,0.0,0.294012597,0.0,0.0,0.6587912617063986,0.031914117,8.99306004952681e-06,0.0,0.0,0.0036609546416999997,0.2963143280643405,1.40804008759496e-07,1.2908671043168876,0
2858,0.0014925,0.0043274781319705,0.0,0.0,0.0,0.0,0.0,0.0,1.0285119444209203,2.38946844375731,7.34683803894094e-05,0.0,0.0,0.16710099202784,0.3680603456052485,1.15036614347036e-06,3.959036322689822,0
2859,0.0075939490071114,0.0116095159347317,0.0882140840491634,0.0,0.0,0.154511125,0.0,0.0,4.360036952413161,0.054012769,0.0005022993053802,0.0,0.0,16.921034406572417,1.5245488277466368,1.63848639704414e-05,23.122080313892575,0
2860,0.0121596735106672,0.0030798816490334,0.0882140840491634,0.0,0.0,1.218753238,0.0,0.0,14.322208031881573,24.668434531,0.0009599954930224,0.207207353,0.0,0.00018623587006,21.34789488928585,0.0132492704432427,61.882347184182606,1
2861,0.0192957245035557,0.006702482829082,0.0,0.0,0.0,0.338158633,0.0,0.0,7.045989717998709,0.13504982,0.0182398665320012,0.169697212,0.0,0.0001095505118,6.435487965746615,0.0061947367314703,14.174925709853234,0
2862,0.00125,0.0058273235188929,8.46843411241731,0.0,0.0,0.0,0.0,0.0,1.5927738275247023,0.026615128,0.0079985137118155,0.0,0.0,0.0032584097411363,2.365992627078511,0.001856150659609,12.474006092651978,0
2863,0.0,0.0030918058598888,1.6707690690422,0.0,0.0,0.0,0.0,0.0,0.0513221452019612,0.000667421,1.3216244784031e-05,0.0,0.0,0.00594,0.0093743968750352,2.06893567982672e-07,1.7411782611174371,0
2864,0.0027532245035557,0.009092431673059,3.25444303054036,0.0,0.0,0.0,0.0,0.0,0.7592356143810097,0.044675083,0.0019119956363048,0.114120704,0.0,0.02512,0.36301456108374114,2.99373167323913e-05,4.574396582134763,0
2865,0.00975,0.0158015500275176,2.27486164904805,0.0,0.0,0.400470799,0.0,0.0,3.0198193868920558,0.064984203,0.0040455034622035,0.10336643100000001,0.0,0.02204,6.580641731688395,0.0001865854817686,12.49596783959999,0
2866,0.00225,0.0129602698026661,3.78215587900354,0.0,0.0,0.621665354,0.0,0.0,3.6864133296612414,0.011187002,0.0011383942967101,0.0,0.0,0.02541,1.646657854757182,0.000129860220958,9.789967943742298,0
2867,0.0,0.00773141261491,1.74710290746231,0.0,0.0,0.0,0.0,0.0,0.9059157957361359,0.007675835,0.0005359412769789,0.0,0.0,0.01473,0.03566978943526417,8.39153984736521e-06,2.719370073065446,0
2868,0.0015,0.0044124381343147,0.0,0.0,0.0,0.106461647,0.0,0.0,0.8079719493314569,0.004108368,0.0001535312159063,0.0,0.0,0.00861,0.3191263792180679,2.40397107239134e-06,1.2523467168708182,0
2869,0.0251571735106672,0.006702482829082,0.0,0.0,0.0,1.809264651,0.0,0.0,13.892976090672391,0.522414184,0.0047999637978478,0.0,0.0,0.0,12.425944034111128,0.002166099102558,28.689424679023677,1
2870,0.0278539490071114,0.0085137186136125,0.0,0.0,0.0,2.058556378,0.0,0.0,10.562783620433025,0.666046821,0.0086398364318216,1.058723897,0.0,0.0,15.422521736337234,0.0028279472243719,29.816467904047176,1
2871,0.0120964490071114,0.0043485528785474,0.0,0.0,0.0,1.438523164,0.0,0.0,5.729831322515683,0.140008365,0.0,0.464733583,0.0,0.0,8.642736851354046,0.0,16.432278287755388,0
2872,0.008,0.0036835448235848,0.0,0.0,0.0,1.050885377,0.0,0.0,5.598021885896948,0.096577673,0.0,0.631896045,0.0,0.0,0.8475813497654381,0.0,8.236645875485971,0
2873,0.0292475,0.0030798816490334,0.0,0.0,0.0,0.60596579,0.0,0.0,11.747626384586301,0.091275033,0.0047999637978478,0.005788344,0.0,0.0,9.275858853935453,0.000500808880334,21.76414255984897,0
2874,0.0320532245035557,0.0030798816490334,0.0,0.0,0.0,2.460827324,0.0,0.0,16.852971857799698,0.199332241,0.0086399389363055,1.0645584110000001,0.0,0.0,9.911300833861366,0.0007294107582769,30.533493123508233,1
2875,0.0128464490071114,0.0030798816490334,0.0,0.0,0.0,0.431388428,0.0,0.0,2.5994667224037262,0.129793304,0.0014206096416382,0.44676092,0.0,0.0,3.7969562747495194,2.22433381231514e-05,7.421734832789151,0
2876,0.0217932245035557,0.0030798816490334,0.0,0.0,0.0,0.748696,0.0,0.0,7.593035764364258,0.207609155,0.0036346518236794,0.0,0.0,0.0,11.385208517744495,0.0010644131399805,19.964121608225003,0
2877,0.0060532245035557,0.0030798816490334,0.0,0.0,0.0,0.491337222,0.0,0.0,2.392530323649904,0.03858599,0.0003619091643031,0.0,0.0,0.0,6.429850198340479,5.66664288581425e-06,9.36180441595016,0
2878,0.0285989490071114,0.0030798816490334,0.0,0.0,0.0,0.443055458,0.0,0.0,5.6533953583486625,0.10193719,0.0025258403210076,0.746315779,0.0,0.0,14.503482119555192,0.000984819159469,21.483375395040476,0
2879,0.0071014490071114,0.0508655734023485,0.0,0.0,0.0,0.0,0.0,0.0,2.638335891079698,0.002235604,0.0138578955183854,0.003073128,0.0,0.00175202645904,9.907122324052503,0.0020329841492276,12.626376875668315,0
2880,0.0002475,0.0114040695583535,0.0,0.0,0.0,0.0,0.0,0.0,1.6616562048463097,0.000933077,0.0024140215963948,0.034014749,0.0,0.0,7.18883946020068,3.77978717902562e-05,8.899546880073528,0
2881,0.0039925,0.0429280409911115,0.0,0.0,0.0,0.0,0.0,0.0,4.27127418340328,0.010168777,0.0671987141357928,0.0,0.0,0.0,8.002535103862522,0.0032390318731662,12.401336351265872,0
2882,0.0082475,0.0039824018386961,0.0,0.0,0.0,1.735890486,0.0,0.0,3.0254122080559718,0.100647449,0.0003388183209085,0.019246068999999998,0.0,0.0,15.824868055514434,3.48781242343546e-05,20.718667865854247,0
2883,0.0,0.0030802834430949,0.0,0.0,0.0,0.0,0.0,0.0,0.0114828967907846,0.023651648,1.83961380344424e-05,0.028587774,0.0,0.0,0.0030627012190023325,1.13512475001588e-06,0.0698848347156663,0
2884,0.0164925,0.0062662381671593,0.0,0.0,0.0,2.414872102,0.0,0.0,7.663840310222922,0.007252558,0.004422104935858,0.0,0.0,0.0,8.720292570089736,0.0001426508736476,18.833581034289324,0
2885,0.0262475,0.0461217730603275,0.0,0.0,0.0,0.866218949,0.0,0.0,7.048692454488549,0.181423807,0.0076798409387991,0.054507674,0.0,0.0,8.917495324947856,0.0009716536494431,17.149358977084976,0
2886,0.0058007245035557,0.0193813666205733,0.0,0.0,0.0,2.150289529,0.0,0.0,6.929973647666635,0.088355215,0.0134397182260824,0.009322198,0.0,0.0,8.578712821936346,0.0018677662192565,17.79714298717245,0
2887,0.003,0.0041022790410885,0.0,0.0,0.0,0.106461647,0.0,0.0,0.6133701204263982,0.002031874,0.0004572041661197,0.10397287499999999,0.0,0.0,3.1483539592122667,7.15873166500949e-06,3.9817571175775384,0
2888,0.006,0.0466671365267772,0.0,0.0,0.0,0.284967204,0.0,0.0,3.8024763875442096,0.013266822,0.0194917469595947,0.0,0.0,0.0,1.926131332668353,0.0057980803296142,6.104798710028549,0
2889,0.0207864490071114,0.0211926412884001,0.0,0.0,0.0,0.270675092,0.0,0.0,8.341705388346861,0.008674584,0.0153596750439661,0.177006774,0.0,0.0,8.922012036301284,0.0008891257572954,17.77830176574492,0
2890,0.0,0.0030798816490334,0.0,0.0,0.0,0.0,0.0,0.0,0.050903056277615,4.73e-05,5.94526006313703e-07,0.0,0.0,0.0,0.7379137730080301,9.353283931262511e-09,0.7919446148139687,0
2891,0.01125,0.0030798816490334,0.0,0.0,0.0,0.597798869,0.0,0.0,4.112632394077598,0.005646091,0.0084967333387387,0.744731197,0.0,0.00215021429064,7.314891693456428,0.0010633105301892,12.801740384342628,0
2892,0.00375,0.0106577306086983,0.0,0.0,0.0,0.0,0.0,0.0,2.1070197697828594,0.008897247,0.0145302360952037,0.0,0.0,0.0,12.456216538916246,0.0002912997279967,14.601362822131003,0
2893,0.0015,0.0030798816490334,0.0,0.0,0.0,0.0,0.0,0.0,0.0908432660530384,0.01146382,0.000272463751698,0.000227678,0.0,0.0,1.0614820064669674,1.38385629543273e-05,1.1688829544836916,0
2894,0.0,0.0030798816490334,0.0,0.0,0.0,0.0,0.0,0.0,0.027100641915654602,0.128400693,0.0001596404831436,0.0,0.0,0.0,0.4732812760559679,3.14144120120145e-05,0.6320535475158116,0
2895,0.00375,0.0033969490078966,0.0,0.0,0.0,0.0,0.0,0.0,0.5884259213163044,0.012371187,0.0024353561962995,0.03284066,0.0,0.0,5.351139545782915,0.0001233707752136,5.994482990078629,0
2896,0.0060532245035557,0.0098210787229126,0.0,0.0,0.0,0.0,0.0,0.0,3.327195811578505,11.5284646407094,0.0133549401843085,0.0,0.0,0.0,15.537253234320849,0.0032487970552523,30.425391727074782,1
2897,0.0099925,0.0037634759196118,0.0,0.0,0.0,0.034709414,0.0,0.0,2.244740751170402,0.201604235,0.0034049392753779,0.0,0.0,0.0,11.372095480975604,0.0016376661190424,13.871948462460038,0
2898,0.0,0.0030985585923405,0.0,0.0,0.0,0.0,0.0,0.0,0.1547823560820043,0.002211684,0.0002918986018355,0.0,0.0,0.0051167446944302,0.214299568810299,4.57047565641709e-06,0.37980538125656593,0
2899,0.001,0.0031154339429206,0.0,0.0,0.0,0.0,0.0,0.0,0.20164056546258702,0.006230294,0.0011345947971755,0.0,0.0,0.0,2.3183043863779553,3.84627454722146e-05,2.531463737326111,0
2900,0.0067275,0.0048670298452439,0.0,0.0,0.0,0.016917193,0.0,0.0,2.4646769030030344,0.146820784,0.0407281749033266,0.0,0.0,0.0,10.151436048287772,0.006049503413792,12.838223136453168,0
2901,0.005745,0.0055489191176183,0.0,0.0,0.0,0.106461647,0.0,0.0,1.304583793229007,0.025953547,0.0037244662524263,0.0,0.0,0.0,2.620390115632767,5.83163011546308e-05,4.072465804532973,0
2902,0.0077475,0.0138459276028475,0.0,0.0,0.0,0.200089562,0.0,0.0,4.79192889092122,0.054195139,0.0162402158947425,0.0,0.0,0.0,5.478920534148032,0.0026305254195305,10.565598294986373,0
2903,0.0255939490071114,0.0153299748039618,0.0,0.0,0.0,0.42785268,0.0,0.0,6.2815076867358774,1.655416199,0.0124796338958406,4.436160417,0.0,0.0,13.704558416964376,0.0120890365896131,26.57098799399678,0
2904,0.0325207245035557,0.0393054009277666,0.0,0.0,0.0,0.594691207,0.0,0.0,4.851304529125749,0.078153533,0.023999490974891,0.0,0.0,0.0,11.818948635891001,0.0021709779959492,17.441094499418913,0
2905,0.0173043470213343,0.0193812370095857,0.0,0.0,0.0,0.97466294,0.0,0.0,8.760492057137238,0.171956934,0.0038398863012383,0.062214772,0.0,0.0299,8.007823885221221,0.00160819512068,18.049184253811298,0
2906,0.01674,0.006702430984687,0.0,0.0,0.0,0.849365827,0.0,0.0,4.24846652544249,0.02864612,0.0163196568697241,0.0,0.0,0.0,6.674283947855253,0.0007380257472193,11.841262533899373,0
2907,0.0125,0.0044254381163668,0.0,0.0,0.0,0.231836388,0.0,0.0,4.469615243879883,0.0891101,0.0173755487242017,0.01190965,0.0,0.0,8.19637251646242,0.0046823401373744,13.037827225320246,0
2908,0.00375,0.0035193147412501,0.0882140840491634,0.0,0.0,0.893849751,0.0,0.0,1.9456400023480882,0.267361531,0.0075654664357224,0.0,0.0,0.0,9.974609593841308,0.0010129952858931,13.185522738701424,0
2909,0.012995,0.0030798816490334,0.0,0.0,0.0,2.5263589,0.0,0.0,6.896879713634484,0.079435569,0.0612659801205819,0.0,0.0,0.0,13.09108983937446,0.0041939921130577,22.675298875891617,0
2910,0.002745,0.028185322561438,0.0,0.0,0.0,0.595414537,0.0,0.0,5.961385870152458,0.034769357,0.075083447870538,0.0,0.0,0.0,8.89530139175561,0.0057189003569587,15.598603826697001,0
2911,0.0,0.0030805167428725,0.0,0.0,0.0,0.0,0.0,0.0,0.0241926991861297,0.000174351,1.8860825027883e-06,0.0,0.0,0.0,0.0007441892297277282,2.95616064214763e-08,0.02819367180283914,0
2912,0.00644,0.0085137056525138,0.0,0.0,0.0,0.670854215,0.0,0.0,6.071294251474114,0.04100556,0.0134397182260824,0.0,0.0,0.0,10.288407847414774,0.0004163356277816,17.100371633395266,0
2913,0.0077957245035557,0.0030798816490334,0.0,0.0,0.0,1.966989951,0.0,0.0,7.152138668578792,0.27445433,0.004799861293364,0.055470182,0.0,0.0,10.030753638896545,0.0005709122573401,19.496053150178632,0
2914,0.0,0.0030798946101322,0.0,0.0,0.0,0.0,0.0,0.0,0.0246047336045437,0.001144668,2.73345290259174e-08,0.0,0.0,0.0,0.0007013666804360127,4.38260175293627e-10,0.02953069066790111,0
2915,0.0158032245035557,0.0084967784575387,0.0,0.0,0.0,1.21296734,0.0,0.0,6.520959851665069,0.733196097,0.0114838711715877,0.823954232,0.0,0.0,8.942467810421887,0.0071003899264747,18.276429595146112,0
2916,0.0043539490071114,0.0031947299451086,0.0,0.0,0.0,0.0,0.0,0.0,1.2583864733048606,0.058988413,1.52184990351795e-05,0.0,0.0,0.03002,0.3063220728670991,2.38261490761671e-07,1.6612810948847057,0
2917,0.0121039490071114,0.0041167436272999,0.0,0.0,0.0,0.308878575,0.0,0.0,2.1227270284016204,0.177244444,0.0001373833428842,0.44186746,0.0,0.07302,0.6343300621493007,2.15112568137703e-06,3.774427796653898,0
2918,0.0,0.0048608014235741,0.0,0.0,0.0,0.0,0.0,0.0,0.9533332055324558,0.232290902,0.0002359721554484,0.114468319,0.0,0.10319,0.06890759602180242,0.0002715699649649,1.4775583660982456,0
2919,0.0280407245035557,0.0085137056525138,0.0,0.0,0.0,1.614977559,0.0,0.0,5.846453947639822,0.089466629,0.0057598772872832,0.185791748,0.0,0.0,7.801422165963521,0.0002637909093984,15.580690147956094,0
2920,0.0125,0.0030798816490334,0.0,0.0,0.0,0.671693603,0.0,0.0,8.739034347775805,0.021182946,0.0038398863012383,0.0,0.0,0.0,16.041137972154484,0.0002158158361303,25.49268445271669,0
2921,0.020245,0.006702430984687,0.0882140840491634,0.0,0.0,1.098230607,0.0,0.0,4.358005938364344,0.033943115,0.0182396136876077,0.0,0.0,0.0,20.327219326949912,0.000745794464603,25.951545910500318,0
2922,0.0172375,0.0083125493998238,0.0,0.0,0.0,1.894019526,0.0,0.0,6.377099951041519,0.74823208,0.0462221008904522,0.0,0.0,0.0,6.353685393306044,0.0503949663949965,15.495204067032835,0
2923,0.0,0.0030817739694518,0.0,0.0,0.0,0.0,0.0,0.0,0.0656463349149201,0.014250098,1.67628999251438e-05,0.0,0.0,0.0,0.9216308931986215,2.62506896205255e-07,1.0046261254898148,0
2924,0.0185039490071114,0.0085137834191063,0.0,0.0,0.0,2.05122385,0.0,0.0,5.789898910127331,0.125742464,0.0393597195430699,0.0,0.0,0.0,18.978090602065613,0.0020160881580117,27.013349366320245,0
2925,0.002745,0.0085137834191063,0.0,0.0,0.0,0.72332021,0.0,0.0,7.579655645420126,0.007329296,0.0220798416704589,0.0,0.0,0.0,9.84808916366334,0.0003457177822658,18.1920786579553,0
2926,0.0015,0.0031005857799565,0.0,0.0,0.0,0.0,0.0,0.0,0.4524434036410496,0.001915948,4.49584666153776e-05,0.0,0.0,0.0,0.7807111605689115,7.03990875261904e-07,1.2397167604474082,0
2927,0.019,0.0195745413125801,0.0,0.0,0.0,1.8781232,0.0,0.0,8.910175489882347,0.054076025,0.0358166110570982,0.0,0.0,0.0,5.471390131306427,0.0013996379608983,16.38955563651935,0
2928,0.0289528980142229,0.0030798816490334,0.0,0.0,0.0,2.205133914,0.0,0.0,10.543588835786943,0.641640857,0.0028799454772738,0.028702327,0.0,0.0,14.067566542923677,0.0018415363038729,27.523386738155025,1
2929,0.00425,0.0039642179112121,0.0,0.0,0.0,0.0,0.0,0.0,1.5340160121702193,0.027450555,0.0002497965935033,0.0,0.0,0.0,1.8181977480972131,3.91120610490401e-06,3.3881322409782526,0
2930,0.0272722450355572,0.0269856012052972,0.0,0.0,0.0,0.85428262,0.0,0.0,5.813761430790526,0.142722708,0.0067525853779174,0.0,0.0,0.0,7.504784076401021,0.0007010282246824,14.377262295035003,0
2931,0.0345407245035557,0.0030798816490334,0.0,0.0,0.0,3.592107034,0.0,0.0,8.316353109734951,0.038980006,0.0009599818257579,0.01840737,0.0,0.0,13.419520615849548,4.27228875863717e-05,25.423991446450433,0
2932,0.0012425,0.0324242887928186,0.0,0.0,0.0,0.244569037,0.0,0.0,1.562821968616985,0.088608574,0.0,0.0,0.0,0.0262,0.15637620051827691,0.0,2.1122425689280804,0
2933,0.0011014490071114,0.0308027646107768,0.0,0.0,0.0,0.0,0.0,0.0,3.2278836371388366,0.086125588,0.0,0.112847327,0.0,0.0,1.5001526073417288,0.0,4.958913373098453,0
2934,0.0502636225177786,0.0048911563168602,0.0882140840491634,0.0,0.0,0.353219328,0.0,0.0,5.885215235476787,0.055597086,0.0028799454772738,0.0,0.0,0.0,24.916602444385937,0.0001373018783399,31.35702020410214,1
2935,0.005595,0.0933898367267341,0.0886940987565278,0.0,0.0,0.0,0.0,0.0,1.1825450991083875,0.002888497,0.01623972387322,0.0,0.0,0.0,6.095002558823237,0.0004647498624093,7.484819564150515,0
2936,0.0,0.0031377270327806,0.0,0.0,0.0,0.0,0.0,0.0,0.1876023400136311,7.31e-05,1.04007882943616e-05,0.0,0.0,0.0,0.0969633840064849,1.62851933655548e-07,0.2877871146931246,0
2937,0.00075,0.003187277313324,0.0,0.0,0.0,0.0,0.0,0.0,0.203204985496331,9.96e-05,1.93118447568106e-05,0.077901136,0.0,0.0,0.4241494995214964,3.02390832070847e-07,0.7093121125667403,0
2938,0.0,0.0093915997545404,0.0,0.0,0.0,0.0,0.0,0.0,0.78934530300772,0.044400601,0.0017204147559944,0.091278441,0.0,0.0,2.6014623040612577,2.69376143652749e-05,3.537625601193878,0
2939,0.0010457245035557,0.0357568594660087,0.0,0.0,0.0,0.64453212,0.0,0.0,3.1377489085158246,0.576789331463257,0.0058884110763953,0.331782818,0.0,0.0,2.4474369196626875,9.21985294931389e-05,7.181073291217222,0
2940,0.0184071735106672,0.0051127263000906,0.0,0.0,0.0,0.190172586,0.0,0.0,9.030137639708181,33.930612542399295,0.0230122361227974,0.0,0.0,0.0,8.240454880619994,0.0011702706965233,51.43908005535755,1
2941,0.0283921735106672,0.012136384599155,0.0,0.0,0.0,1.933191204,0.0,0.0,8.060047691073478,0.11223722,0.0191998620250237,0.50706933,0.0,0.0,10.716485346070105,0.0025378230745218,21.391297034352952,0
2942,0.00225,0.0030798816490334,0.0,0.0,0.0,1.63580157,0.0,0.0,4.225035100436917,0.016755669,0.0007886968332493,2.6667442,0.0,0.0,1.9214314221294977,1.23491369861617e-05,10.471898889185683,0
2943,0.0249925,0.0030798816490334,0.0,0.0,0.0,1.673622085,0.0,0.0,6.831463068993901,0.049896028,0.0069938946001582,2.405291689,0.0,0.0,8.62567753591813,0.0006422853134971,19.62165896847472,0
2944,0.0188514490071114,0.0030798816490334,0.0,0.0,0.0,5.13276651,0.0,0.0,23.780262427516753,0.41164295,0.0038399751384576,10.146773251,0.0,0.0,24.618254273586523,0.0013833007227276,64.1168540186206,1
2945,0.0402475,0.0030798816490334,0.0,0.0,0.0,7.14630986,0.0,0.0,19.32063442992298,1.625595794,0.0019199841524126,2.491955843,0.0,0.05081,16.70168782383093,0.0012627762025834,47.383503892757936,1
2946,0.0015,0.0030913262992348,0.0,0.0,0.0,0.106461647,0.0,0.0,1.7782575857906642,0.058381911,1.21296972552508e-05,0.145555241,0.0,0.0,0.616247516374288,1.89873877628779e-07,2.70950754703532,0
2947,0.0289975,0.008026510911382,0.0,0.0,0.0,1.375662444,0.0,0.0,10.463501222962625,1.21399335,0.0052434391967643,5.563124463,0.0,0.0,10.018806669514916,0.0055779969864406,28.682933596572127,1
2948,0.0245161225177786,0.0030798816490334,0.0,0.0,0.0,0.449728361,0.0,0.0,8.639068989913925,0.157787732,0.0,0.412136462,0.0,0.0,12.423641205103364,0.0,22.109958754184103,0
2949,0.0,0.0030798816490334,0.0,0.0,0.0,0.0,0.0,0.0,0.7551026214851722,0.010134512,0.0,0.0,0.0,0.0,2.8189329178567446,0.0,3.58724993299095,0
2950,0.0269046735106672,0.0103250062425381,0.0,0.0,0.0,1.844586915,0.0,0.0,10.20111152146235,0.659726576,0.0038399273030318,1.443904097,0.0,0.0,14.264442654799348,0.0020559796502256,28.456897350968163,1
2951,0.01449,0.01571204067951,0.0,0.0,0.0,0.295255555,0.0,0.0,3.4640279826197506,0.036190412,0.0027896116924754,1.534822663,0.0,0.00189,18.18269351056991,4.36786605681415e-05,23.547915454222213,0
2952,0.0,0.0123158958169228,0.0882140840491634,0.0,0.0,0.32226606,0.0,0.0,7.579945361617993,0.030945485,0.0020396273859591,0.0,0.0,0.02131,6.651955716387412,0.0003632820240101,14.70935551228146,0
2953,0.0368514490071114,0.0030798816490334,0.0882440822444073,0.0,0.0,4.072625392,0.0,0.0,11.91298505798556,26.5280469382329,0.0,2.096196588,0.0,0.00247,12.462731889203393,0.0,57.203231278322406,1
2954,0.0224578980142229,0.0235292470728372,0.0,0.0,0.0,0.58480987,0.0,0.0,14.552564761841305,14.5666692512742,0.0057599592908703,9.27e-05,0.0,0.0,8.019759449398174,0.0032222215491997,37.77886535844081,1
2955,0.0223675715248901,0.0030798816490334,0.0,0.0,0.0,0.990415936,0.0,0.0,10.226242263212232,0.109839996,0.0047999637978478,0.01757907,0.0,0.0,7.484179124362423,0.000200530656408,18.858704337202834,0
2956,0.00225,0.0031350959297331,0.0,0.0,0.0,0.0,0.0,0.0,0.881485534495249,0.013218738,8.59260919929712e-05,0.0,0.0,0.0,1.12134975378528,1.34543034992539e-06,2.021526393732605,0
2957,0.000495,0.0068331955100343,0.0,0.0,0.0,0.704260516,0.0,0.0,8.823580304238067,0.244232964,0.0130892963976024,0.006712751,0.0,0.0,16.62330891696142,0.0041463135326745,26.4266592576398,0
2958,0.0129975,0.0030798816490334,0.0,0.0,0.0,9.27479698,0.0,0.0,7.4273017839984306,2.015574457,0.002766951367913,0.0,0.0,0.00013,11.727445165507403,0.0022685143004155,30.466361233823196,1
2959,0.0015,0.0030798816490334,0.0,0.0,0.0,1.742615099,0.0,0.0,2.72419036727732,0.358852656,8.77096700119123e-05,0.0,0.0,0.0,0.889155596755324,1.37329351778457e-06,5.719482683645207,0
2960,0.0015,0.0033662312038453,0.0,0.0,0.0,0.071752233,0.0,0.0,0.899919355104607,0.059996596,9.10581498175872e-05,0.166955863,0.0,0.0,3.913867769145017,1.425806680732e-06,5.117450531409968,0
2961,0.0,0.0030801408710086,0.0,0.0,0.0,0.0,0.0,0.0,0.023647469876012198,0.001814716,8.20035870777521e-08,0.085965109,0.0,0.0,0.08775161908991477,1.3044435454175701e-09,0.2022591381449662,0
2962,0.0070482245035557,0.0248056901386656,0.0,0.0,0.0,0.570089673,0.0,0.0,10.968445730842475,0.522590999,0.0069088295458296,5.032429179999999,0.0,0.09126,4.870898623037187,0.0038297844617101,22.098306734529423,0
2963,0.0353007245035557,0.0030798816490334,0.0,0.0,0.0,0.934237414,0.0,0.0,15.463157277811776,0.250808889,0.0005414355173131,0.0,0.0,0.04066,9.629137579840924,0.0009757731059227,26.357898975428526,0
2964,0.0149975,0.0030798816490334,0.0,0.0,0.0,0.704260516,0.0,0.0,2.1542369097645278,0.077000598,5.10335656913877e-05,0.486836726,0.0,0.04067,1.0301827943231054,7.9904593135039e-07,4.511316758348289,0
2965,0.0012475,0.0030798816490334,0.0,0.0,0.0,0.0,0.0,0.0,0.2047231075626915,0.006155983,3.28014348311008e-07,0.10681536,0.0,0.0,0.03401065372912598,5.10715573169697e-09,0.3560328190623549,0
2966,0.0310532245035557,0.0030798816490334,0.0,0.0,0.0,2.64005372,0.0,0.0,29.204131587509366,0.418655378,0.0028799386436416,0.20523323200000002,0.0,0.0691,17.314602638538545,0.0010109664370296,49.88980056728118,1
2967,0.0525543470213343,0.0048911433557615,0.0882140840491634,0.0,0.0,3.639103944,0.0,0.0,14.916209845023708,1.385663051,0.004799861293364,0.026364613,0.0,0.0,15.256118375542357,0.0044976126620258,35.37841687694772,1
2968,0.0278350715248901,0.0085137056525138,0.0882140840491634,0.0,0.0,1.378936009,0.0,0.0,14.139726814533454,0.434805698,0.0134397182260824,0.009035516,0.0,0.03774802196036,13.646790097410411,0.0049826994549584,29.790027435811833,1
2969,0.0015,0.0050546087332696,0.0,0.0,0.0,0.0,0.0,0.0,4.77406201996223,0.474465396,0.0,0.010745396,0.0,0.050711341193359995,0.8492848380276021,0.0,6.165823599916461,0
2970,0.00375,0.0033279311570219,0.0,0.0,0.0,0.88027195,0.0,0.0,4.224937190973586,0.168159038,0.0,0.004863004,0.0,0.057390384568349995,12.255398147976432,0.0,17.59809764667539,0
2971,0.0327486225177786,0.0030798816490334,0.0,0.0,0.0,1.262071603,0.0,0.0,10.41243029465351,0.08191298,0.0105597795824408,0.0,0.0,0.0,11.0002757691581,0.0003534554688292,22.80343238602969,0
2972,0.0234775,0.0085137056525138,0.0,0.0,0.0,0.428727707,0.0,0.0,8.447688084090759,0.021189838,0.0028799386436416,0.0,0.0,8.161368264e-05,24.89474390821385,0.0004545721762592,33.82775686745966,1
2973,0.00575,0.0266262838364978,0.0,0.0,0.0,1.604371868,0.0,0.0,7.078989302216664,0.058134576,0.0105596907452215,1.2383665879999999,0.0,0.0,11.909623201934462,0.0006488003405964,21.933070311073443,0
2974,0.0157475,0.0083192891711768,0.0,0.0,0.0,1.22067363,0.0,0.0,5.048775458201968,0.07672765,0.0066645545271895,0.0,0.0,0.0,19.715055922835482,0.0010393101386112,26.09300331487443,0
2975,0.00075,0.0035988699654132,0.0,0.0,0.0,0.440152176,0.0,0.0,1.9301919846902849,0.024148316,0.0006601493768726,0.0,0.0,0.0,10.270630340119181,1.03363851387973e-05,12.670142172536892,0
2976,0.0189596735106672,0.0030798816490334,0.0,0.0,0.0,2.800642437,0.0,0.0,9.772596761418294,0.050611009,0.0005154745483707,0.934651855,0.0,0.0,9.654532631896377,0.0001216480066649,23.235711372029407,0
2977,0.012,0.0030798816490334,0.0,0.0,0.0,1.91960921,0.0,0.0,3.116915182597343,0.018455797,6.85481651647443e-05,0.0,0.0,0.0,7.089089521774878,1.07327790797717e-06,12.159219214464327,0
2978,0.0200507245035557,0.0087771918291204,0.0,0.0,0.0,2.212016434,0.0,0.0,15.8492135250272,0.159468438,0.0060391678376055,0.0,0.0,0.0,11.265287747893659,0.0008606568280371,29.521713885919176,1
2979,0.0092475,0.0039074478045913,0.0,0.0,0.0,1.861855722,0.0,0.0,12.969796146461531,0.060777316,0.0008772265391319,0.0,0.0,0.0,4.438731232229759,1.37353044958267e-05,19.34520632633951,0
2980,0.01825,0.0030798816490334,6.82619670191426,0.0,0.0,0.491337222,0.0,0.0,6.6022475129749445,0.046727429,0.0011891955189047,8.46e-05,0.0,21.44616605829573,19.39793975687673,0.0001787820514783,54.83339714028108,1
2981,0.003,0.0030798816490334,1.37999791348864,0.0,0.0,0.0,0.0,0.0,1.1055303420875247,0.025989763,0.0003678885925275,1.06e-05,0.0,0.5070087542681601,3.7587923815096578,5.76021881748322e-06,6.783783284814361,0
2982,0.0386571735106672,0.0030798816490334,8.20619543601915,0.0,0.0,4.918202935,0.0,0.0,29.736698957427933,5.740240941,0.0019199568178836,0.0,0.0,6.38910867109941,27.666058101519578,0.0003253450768344,82.70048739912049,1
2983,0.0014975,0.0030798816490334,5.52474369026268,0.0,0.0,0.32226606,0.0,0.0,2.5548471613908568,0.028101925,0.0,0.0,0.0,1.1706167243688002,5.583903927274798,0.0,15.189056869946167,0
2984,0.0024975,0.0030798816490334,0.0,0.0,0.0,0.125750546,0.0,0.0,1.2045105244273862,0.018569497,0.0,0.0,0.0,8.31373471013004,1.7546260368597595,0.0,11.42276869606622,0
2985,0.0007982245035557,0.0030798816490334,4.26683765690144,0.0,0.0,0.32226606,0.0,0.0,1.90477898761346,0.014294705,0.0,0.0,0.0,4.91321093520832,1.7278144722898232,0.0,13.153080923165632,0
2986,0.0029925,0.0067024050624895,17.1727877379557,0.0,0.0,1.089632878,0.0,0.0,9.225756079188379,0.174275561,0.0009599749921257,0.0,0.0,0.09722521421928,10.533415626587411,0.0001888264766873,38.303936803482074,1
2987,0.01475,0.0030798816490334,15.9526985741332,0.0,0.0,0.48895289,0.0,0.0,6.339703791211273,0.046859528,0.0,0.0,0.0,0.3552027163081455,4.731879860551162,0.0,27.933127241852812,1
2988,0.0,0.0030801019877123,0.0,0.0,0.0,0.0,0.0,0.0,0.0290506850352545,0.000646796,2.87012554772132e-07,0.0,0.0,0.0,0.0028237844494756895,4.46992204907721e-09,0.03560165895491931,0
2989,0.0094925,0.0089366522271131,0.0,0.0,0.0,1.740721834,0.0,0.0,6.850288806510801,0.144617183,0.0105239030130943,0.191048784,0.0,0.0,25.445467644275706,0.0029776001836686,34.40407490721038,1
2990,0.002,0.0031159653479696,0.0,0.0,0.0,0.0,0.0,0.0,0.6532691265920202,0.011472993,9.5602515268146e-06,0.0,0.0,0.0,3.258858173994176,1.4969473669554e-07,3.9287259688804292,0
2991,0.0,0.0030972754435637,0.0,0.0,0.0,0.0,0.0,0.0,0.3424230837507784,0.007965374,4.60586814086707e-06,0.0,0.0,0.0,0.718456811579782,7.21546843496788e-08,1.0719472227969493,0
2992,0.0147425,0.0086961979229955,0.0,0.0,0.0,1.339942514,0.0,0.0,8.763240940241372,0.143148193,0.0014883309372999,0.0,0.0,8e-05,23.210835541357042,0.0001273757069342,33.482301593165644,1
2993,0.0,0.0030798816490334,0.0,0.0,0.0,0.0,0.0,0.0,0.0012239174697642,0.000213734,0.0,0.0,0.0,0.00014,6.5636396708638e-05,7.62724575811635e-12,0.004723169523133484,0
2994,0.0291928980142229,0.0030798816490334,0.0,0.0,0.0,1.466988219,0.0,0.0,18.43772507087837,0.599873298,0.0038371938501292,0.0,0.0,0.00158,36.97246572229481,0.0030797003014569,57.517821983988014,1
2995,0.0357425,0.0030798816490334,0.0,0.0,0.0,2.843063229,0.0,0.0,21.90355735729183,0.22666102,0.00171576788606,0.439572314,0.0,0.0,36.44625921455364,0.0015948567699859,61.901246141150544,1
2996,0.0,0.0030798816490334,0.0,0.0,0.0,0.32226606,0.0,0.0,0.8916778953920863,0.013109798,5.74025109544265e-06,0.040529842,0.0,0.0,0.2838370084895264,8.98712518436443e-08,1.5545063156529935,0
2997,0.0214875,0.0085137186136125,0.0,0.0,0.0,3.830611049,0.0,0.0,34.003070473055764,0.993264501,0.0019199636515159,0.0,0.0,0.0,17.68554984946155,0.001828371333352,56.546245426115796,1
2998,0.0,0.0030798816490334,0.0,0.0,0.0,0.0,0.0,0.0,0.0,1.41e-05,0.0,0.0,0.0,6e-05,0.0001429860682676885,0.0,0.0032969677173010884,0
2999,0.0331064490071114,0.0030798816490334,0.0,0.0,0.0,2.009697807,0.0,0.0,16.389447215140226,0.220121282,0.0067199547838928,0.0,0.0,0.0,21.733737441396993,0.0023800291752113,40.39829006015247,1
3000,0.006245,0.0042808829819434,0.0,0.0,0.0,0.0,0.0,0.0,3.46980484529267,0.054540116,0.0006365323437942,0.145584445,0.0,0.42643262178816,1.8231079810190722,0.0001531802521636,5.930785604677804,0
3001,0.0107375,0.0056264135270792,0.0,0.0,0.0,1.560612445,0.0,0.0,5.090564421039406,0.079417983,0.0013496628715514,0.138755215,0.0,0.0,11.121143706639792,2.11325282664791e-05,18.008228479606096,0
3002,0.0084975,0.0052527580110483,0.0882140840491634,0.0,0.0,0.32226606,0.0,0.0,6.84826128261569,0.057854645,0.0,0.0,0.0,10.46610367604754,2.374532461389099,0.0,20.17098246711254,0
3003,0.00075,0.0031171448079564,0.0,0.0,0.0,0.384875575,0.0,0.0,0.29034499783414636,0.007576437,0.0,0.0,0.0,9.85478583229716,0.12961557936322912,0.0,10.671065566302492,0
3004,0.0,0.0031356791791772,0.0,0.0,0.0,0.0,0.0,0.0,0.1817848953550364,0.009270651,0.0,0.0,0.0,3.51298036233978,0.058667093188273775,0.0,3.7658386810622675,0
3005,0.02199,0.0030798816490334,0.0882140840491634,0.0,0.0,3.207124867,0.0,0.0,16.072144972181995,1.175162186,0.0038399751384576,0.000327403,0.0,0.0,23.676039307141625,0.0101220283592053,44.25804470451948,1
3006,0.0210496735106672,0.0048911563168602,0.0,0.0,0.0,1.029407695,0.0,0.0,7.996622030904393,1.048593538,0.0057598909545477,0.186840404,0.0,0.000547752559,11.05754312730572,0.0020375939816642,21.353292862532854,0
3007,0.0015,0.0040959151415994,0.0,0.0,0.0,0.535189354,0.0,0.0,2.4407363023121262,0.031192998,0.0016305251572927,0.034399783,0.0,0.0,1.9159754951056283,4.90604221573994e-05,4.964769433138804,0
3008,0.004245,0.0523790177845531,7.41176289538936,0.0,0.0,0.0,0.0,0.0,1.9295400208250215,0.0,0.0057095202511852,0.12305474,0.0,0.02648,5.351534727764547,0.0001099189230692,14.904815840937736,0
3009,0.0,0.0074192049790119,0.0,0.0,0.0,0.0,0.0,0.0,0.5080658250503624,0.509999990463257,0.0005025521497737,0.0,0.0,0.02369,1.9672127482193686,7.86878608946669e-06,3.016898189647863,0
3010,0.0,0.0448015289329661,5.52930412666016,0.0,0.0,0.208839834,0.0,0.0,4.109628976979138,0.094547386,0.0042524121796651,0.0,0.0,0.0,6.130883802300763,0.000261647475241,16.122519714527932,0
3011,0.0,0.0032424915940237,0.0,0.0,0.0,0.0,0.0,0.0,0.21348450466139013,0.005902618,1.65715582219624e-05,0.0,0.0,0.0,0.020425410744680718,2.59508869264711e-07,0.24307185606718576,0
3012,0.0156082245035557,0.0030798816490334,5.0415335033431,0.0,0.0,1.32799967,0.0,0.0,10.857579845815637,0.352674464,0.0038399751384576,0.0,0.0,0.0,12.18904781420803,0.000569884331377,29.79193326298919,1
3013,0.007,0.0030798816490334,2.16531202977988,0.0,0.0,0.741015692,0.0,0.0,3.815542666937137,0.190688516,0.0,0.427170923,0.0,0.01701,5.561772294181928,0.0,12.928592003547978,0
3014,0.0,0.0030798816490334,0.0,0.0,0.0,0.0,0.0,0.0,0.17017662686476512,0.005919684,0.0,0.0,0.0,0.00065,0.041942051564302286,0.0,0.2217682440781008,0
3015,0.0122475,0.0030798816490334,0.0,0.0,0.0,1.834464691,0.0,0.0,6.380152067995685,0.222364697,0.0,0.610492751,0.0,0.05977397440252,2.094586947864112,0.0,11.21716251091135,0
3016,0.0,0.0030798816490334,0.0,0.0,0.0,0.0,0.0,0.0,0.2594642057599437,0.012381262,1.8860825027883e-06,0.0,0.0,0.0,0.6674203408706466,2.95193265386033e-08,0.942347605881453,0
3017,0.0230482245035557,0.0030798816490334,0.0,0.0,0.0,2.100901393,0.0,0.0,10.360827095173557,0.382733139,0.0018015368045111,1.704906216,0.0,0.0,13.130916154875855,0.0008998265147089,27.709113467521224,1
3018,0.0275532245035557,0.0030798816490334,0.0,0.0,0.0,2.252170663,0.0,0.0,12.29420474613184,0.132387009,0.0009599818257579,0.0,0.0,0.0,13.513250374075774,0.0001116540266801,28.22371753421264,1
3019,0.0135,0.0030798816490334,0.0,0.0,0.0,0.534213557,0.0,0.0,2.619921629505037,0.118845203,0.0,0.052914627,0.0,0.0,4.7335213141224,0.0,8.07599621227647,0
3020,0.0243489490071114,0.0030798816490334,0.0,0.0,0.0,0.990200657,0.0,0.0,14.567366610306312,0.324569679,0.0,0.371416076,0.0,0.0,12.535056282442694,0.0,28.81603813540515,1
3021,0.0405593470213343,0.0030798816490334,0.0,0.0,0.0,3.172487785,0.0,0.0,12.411420374920613,0.822239013,0.0009599818257579,1.170353282,0.0,0.0,14.422341748769123,0.0010068103043527,32.04444822449022,1
3022,0.0212586225177786,0.0030798816490334,0.0,0.0,0.0,1.25870047,0.0,0.0,8.404372001743546,0.086763091,0.007679943443283,0.309811985,0.0,0.0,12.13229063013752,0.0008193835289872,22.224776009020147,0
3023,0.00225,0.0066436135185332,0.0,0.0,0.0,0.0,0.0,0.0,2.232880758544527,0.014499041,0.0034942480153378,0.0,0.0,0.00036151668894,8.94713234798563,5.47116526685691e-05,11.207316237405637,0
3024,0.0122475,0.0201449179093762,0.0,0.0,0.0,1.00445999,0.0,0.0,4.718203256425999,0.031727846,0.0167323330880606,0.0,0.0,1.327292772e-05,3.543510807553554,0.0016932922659589,9.348733216170668,0
3025,0.0,0.0031062127190488,0.0,0.0,0.0,0.0,0.0,0.0,0.1243950333058503,0.000523121,0.0001114565421031,0.0,0.0,0.0,2.064159109009789,1.74510729735044e-06,2.192296677684088,0
3026,0.008995,0.0159508435352814,0.0,0.0,0.0,0.334467646,0.0,0.0,4.816733215908397,0.011565664,0.0544796434329496,0.043801662,0.0,0.0,17.052651733579264,0.0030841699932325,22.341729578449126,0
3027,0.0067475,0.0161973042169272,0.0,0.0,0.0,0.0,0.0,0.0,3.6679431319179336,0.004551454,0.0429908110443437,0.0,0.0,0.0,5.729811356445706,0.0022684452439296,9.47051000286884,0
3028,0.00375,0.0030798816490334,0.0,0.0,0.0,0.548898114,0.0,0.0,1.5056636010990647,0.070219622,0.002872701827082,0.21012455200000002,0.0,0.0,2.6851881243396387,0.000635253342523,5.030431850257342,0
3029,0.0035,0.0035285171213667,0.0,0.0,0.0,0.894433635,0.0,0.0,1.662784785794216,0.077809882,0.0021455145177732,0.007901052,0.0,0.0,9.428637036453798,0.0001907304377927,12.080931153324947,0
3030,0.000495,0.0044755068408605,0.0,0.0,0.0,0.026542493,0.0,0.0,0.550053167570206,0.00355953,0.0002122252833572,0.0,0.0,0.0,2.8835190701494646,3.3229033734702e-06,3.468860315747262,0
3031,0.002745,0.0051128299888807,0.0,0.0,0.0,0.0,0.0,0.0,0.6386280839559655,0.014209879,0.0010225095609047,0.0,0.0,0.0,3.016180507399252,7.6421849150632e-05,3.6779752317541536,0
3032,0.0287375,0.0030798816490334,0.0,0.0,0.0,1.252109105,0.0,0.0,11.699819407298774,0.325675971,0.0038398863012383,0.0,0.0,0.0,10.145805546305578,0.0007719891929531,23.459839286747577,0
3033,0.004745,0.0094461400581048,0.0,0.0,0.0,0.296342558,0.0,0.0,4.484247495125085,0.115435598,0.0141713473963579,0.042483575,0.0,0.0,7.74083267800167,0.0004259862521635,12.708130377833381,0
3034,0.0029603980142228,0.003316305051438,0.0,0.0,0.0,0.0,0.0,0.0,1.5302971406132895,0.02097376,0.0005262853546005,0.005836584,0.0,0.0,1.287945074669905,8.240392932765e-06,2.8518637880963884,0
3035,0.007,0.0192866728330634,0.0,0.0,0.0,1.636592609,0.0,0.0,5.548409528534936,0.081014412,0.0143160427257566,0.0,0.0,0.0,5.688294997207748,0.0006307217089003,12.995544984010404,0
3036,0.0,0.0030800242211198,0.0,0.0,0.0,0.0,0.0,0.0,0.0215857982255408,0.000236,1.23005380616628e-07,0.0,0.0,0.0,0.05372611596811724,1.9021677926222603e-09,0.07862806332232625,0
3037,0.0113539490071114,0.0030798816490334,0.0,0.0,0.0,0.140587709,0.0,0.0,4.173333555573144,0.049365411,0.0248752482830878,0.47410933600000005,0.0,0.0,7.664363937009916,0.0012022180944703,12.542271245616764,0
3038,0.0,0.0030798816490334,0.0,0.0,0.0,0.0,0.0,0.0,0.1311624640823077,1.177575166,3.88218648490591e-05,0.0,0.0,0.0,0.047401740474174746,6.07841415461786e-07,1.3592586819117805,0
3039,0.0248514490071114,0.0067024050624895,0.0,0.0,0.0,0.939124623,0.0,0.0,10.863700951787427,0.041251992,0.0086397475946023,0.5651756,0.0,0.0,7.302079601246186,0.0003425392800266,19.751868908977844,0
3040,0.00275,0.0056269708543257,0.0,0.0,0.0,0.106461647,0.0,0.0,1.1026531569382179,0.022491754,0.0053655425379231,0.393677041,0.0,0.0,3.6284319648730614,8.40116036144586e-05,5.267542088807143,0
3041,0.005,0.0130663304737848,0.0,0.0,0.0,0.0,0.0,0.0,3.5209185684650337,0.047653719,0.0225097796438752,0.099486038,0.0,0.0,10.48581456308685,0.0035341090833168,14.19798310775286,0
3042,0.0,0.0030837699786602,0.0,0.0,0.0,0.0,0.0,0.0,0.28752093619478075,0.081967715,0.001194956270897,0.0,0.0,0.0,1.1602043042311614,0.0002642886770024,1.5342359703525017,0
3043,0.00075,0.0031106583883463,0.0,0.0,0.0,0.0,0.0,0.0,0.14307839106522435,0.000827486,3.82888415330537e-05,0.0,0.0,0.0,0.07043338227671796,5.99550435068607e-07,0.21823880612225674,0
3044,0.002495,0.0040050564648054,0.0,0.0,0.0,0.0,0.0,0.0,0.5424736148941944,0.024375002,0.0061838768342687,0.0,0.0,0.0,3.5938081072491816,0.0002552242064779,4.173595881648928,0
3045,0.0070532245035557,0.0170885871339685,0.0,0.0,0.0,0.775857484,0.0,0.0,4.032039115488885,0.345522232,0.027223680677085,4.274462871,0.0,0.0,8.283763404138023,0.03571805466248,17.798728653603998,0
3046,0.001995,0.0036497552391285,0.0,0.0,0.0,0.0,0.0,0.0,1.0349421033005974,0.084867805,0.0013486651612419,0.0,0.0,0.0,0.6159162548753988,2.11168345000245e-05,1.7427407004108666,0
3047,0.007235,0.0192311474859936,0.0,0.0,0.0,0.225173676,0.0,0.0,3.794893679748276,0.04900627,0.0119842775608329,0.0,0.0,0.0,3.096283213403669,0.0013120075750612,7.205119271773833,0
3048,0.00425,0.0070796119195795,0.0,0.0,0.0,0.0,0.0,0.0,1.9056801774138394,0.024387294,0.0029678054871954,0.0,0.0,0.0,1.6725803797429457,4.64687869864647e-05,3.6169917373505465,0
3049,0.00674,0.0046306528541314,0.0,0.0,0.0,0.0,0.0,0.0,2.7847888926466573,0.489159619,0.0005589706176832,0.012164188,0.0,0.0,0.9851429136226771,8.75210646800905e-06,4.283193988847617,0
3050,0.0152932245035557,0.0144410075399196,0.0,0.0,0.0,0.126587274,0.0,0.0,4.892977862743896,1.323997077,0.0040950541296952,0.034831252,0.0,0.0,6.155715555362123,0.0113268960063714,12.579265203285562,0
3051,0.004245,0.0099367824515056,0.0,0.0,0.0,0.32226606,0.0,0.0,1.5496011350781542,0.619735183,0.0003634193970318,0.020086763,0.0,0.09189,3.7985610832174683,5.69024898405742e-06,6.416691116393144,0
3052,0.0005507245035557,0.0045541807103082,0.0,0.0,0.0,0.0,0.0,0.0,0.37800230034426296,0.287365561,7.81357512205848e-05,0.0,0.0,0.01762,0.08261119300456976,1.22345571374702e-06,0.7707833187696309,0
3053,0.0111064490071114,0.0078585480326056,0.0,0.0,0.0,0.0,0.0,0.0,4.795835017304201,0.517363461,0.0002532680786896,0.008033653,0.0,0.07213,4.048826255396975,0.0005658514840607,9.461972503303642,0
3054,0.0008539490071114,0.0033610597254418,0.0,0.0,0.0,0.0,0.0,0.0,0.139231344484744,0.050309754,0.0010358283101726,0.0,0.0,0.0,0.4576576771852521,0.0002519713680926,0.6527015840808145,0
3055,0.0012475,0.0053282467573217,0.0,0.0,0.0,0.0,0.0,0.0,3.5215199569555002,1.025005013,0.059194227829385,0.0,0.0,0.0,19.8356390469792,0.0020422417676065,24.449976233289014,0
3056,0.006,0.0047108860584691,0.0,0.0,0.0,0.0,0.0,0.0,2.0930798750267328,0.017244012,0.0074995013835506,0.0,0.0,0.0,1.6281215060265761,0.0001174243883673,3.756773204883696,0
3057,0.0055575,0.0068973127274463,0.0,0.0,0.0,0.850983677,0.0,0.0,3.7135581620759535,0.026381337,0.0175528678139928,0.0,0.0,0.0,7.379574135084446,0.0044905741309467,12.004995565832786,0
3058,0.0062475,0.0416422659341789,0.0,0.0,0.0,0.714022226,0.0,0.0,4.976840874379123,0.044471551,0.034559755745222,0.0,0.0,0.0,8.436276936760086,0.0017202064441526,14.255781316262762,0
3059,0.0277932245035557,0.006702482829082,0.0,0.0,0.0,0.363136303,0.0,0.0,8.267124034537515,0.094227323,0.0028799796454351,0.000367421,0.0,0.0,17.960528602532634,0.0002457110317413,26.723005082079965,0
3060,0.0667375715248901,0.0030798816490334,0.0,0.0,0.0,1.826728102,0.0,0.0,6.994268250718858,0.368212239,0.0,0.050441212,0.0,0.0,18.608917187807286,0.0,27.918384444700067,1
3061,0.003,0.0242197728028776,0.0,0.0,0.0,2.356696862,0.0,0.0,3.6326831724838886,0.751921837,0.000952471663908,0.757560727,0.0,0.00103,8.83629238882771,0.0002054939676748,16.364562725746058,0
3062,0.0,0.0030802172222469,0.0,0.0,0.0,0.0,0.0,0.0,0.0225547893047045,0.002962225,1.36672645129587e-08,0.0,0.0,1e-05,0.0009344548844426808,2.31454871420851e-10,0.029541700310113463,0
3063,0.0392436225177786,0.0048911822390577,0.0,0.0,0.0,0.85224089,0.0,0.0,6.47367719001038,0.269815626,0.007679943443283,0.008150839,0.0,0.0,11.130531659083502,0.001197716806369,18.787428669100372,0
3064,0.001995,0.0068919222484968,0.0,0.0,0.0,0.0,0.0,0.0,1.729147137740391,0.002676361,0.0067958491037332,0.0,0.0,0.0,0.9134816089737665,0.0001064068371067,2.6610942859034945,0
3065,0.00319,0.0093860783264704,0.0,0.0,0.0,0.0,0.0,0.0,1.750041324522831,0.00344231,0.0112422544358954,0.0,0.0,0.0,7.235658028663089,0.0004331575333232,9.013393153481609,0
3066,0.00075,0.0086479696745251,0.0,0.0,0.0,0.19777424,0.0,0.0,1.00452352917468,0.041926431,0.0133365303790096,0.0,0.0,0.0,6.720262010619395,0.0009495066227905,7.9881702174704,0
3067,0.0,0.0030798816490334,0.0,0.0,0.0,0.0,0.0,0.0,0.0001574879485414278,0.059750532,3.21180716054529e-07,0.0,0.0,0.0,1.2223930188867273e-05,5.000707732917991e-09,0.06300045170918749,0
3068,0.014995,0.0202038779476164,0.0,0.0,0.0,0.0,0.0,0.0,2.9510571527839273,0.987252544,0.0205774061161816,0.291258764,0.0,0.0,17.15179062425343,0.0243059841224099,21.461441353223563,0
3069,0.0137882245035557,0.0374742439344485,0.0,0.0,0.0,0.449180648,0.0,0.0,6.727840867505659,1.203204365,0.0422147017617108,0.0,0.0,0.0,9.58533663414367,0.0083032519422465,18.06734293679129,0
3070,0.0,0.0030798816490334,0.0,0.0,0.0,0.0,0.0,0.0,0.00206898903340635,0.000353675,6.833632256479341e-09,0.0,0.0,0.0,0.051477691784701685,5.711119479900209e-11,0.05698024435788489,0
3071,0.0015,0.0136672588564988,0.0,0.0,0.0,0.630602962,0.0,0.0,2.297153571990948,0.002926589,0.0093522152600306,0.0,0.0,0.0,3.043309019168224,0.0001464334551774,5.998658049730879,0
3072,0.0002475,0.0200347874532482,0.0,0.0,0.0,0.428727707,0.0,0.0,3.9217164440564054,0.003703527,0.0149768822994871,0.0,0.0,0.0,0.5172201237142058,0.0002345023053802,4.906861473828727,0
3073,0.0142475,0.0037864170644096,0.0,0.0,0.0,0.545942272,0.0,0.0,8.780026508825904,0.019448964,0.0063658837957878,0.0,0.0,0.0,6.3597352637549776,0.0003549674344818,15.72990777687556,0
3074,0.0055,0.0033352023334239,0.0,0.0,0.0,0.00408346,0.0,0.0,2.8993926921427637,0.011691471,0.0023004056264986,0.0,0.0,0.0,5.656719226056726,3.60188986537271e-05,8.583058476058067,0
3075,0.0157968470213343,0.062745271986912,0.0,0.0,0.0,0.212923294,0.0,0.0,3.506015564956159,0.091571373,0.010573747526773,4.9952932930000005,0.0,0.0,6.264376188874687,0.0012267838685769,15.160522364234442,0
3076,0.003,0.0031710907580872,0.0,0.0,0.0,0.131545761,0.0,0.0,0.46728358535466596,0.003580333,1.61615402865736e-05,0.0,0.0,0.0,0.677211867888251,2.53093018739291e-07,1.2858090526343098,0
3077,0.0015,0.003545224916107,0.0,0.0,0.0,0.982674444,0.0,0.0,0.7593908175585129,0.008086962,8.24682740711927e-05,0.0,0.0,0.0,4.195590068383678,1.29123988721581e-06,5.950871276372257,0
3078,0.0,0.0030798816490334,0.0,0.0,0.0,0.0,0.0,0.0,0.007914649342432889,0.000328387,0.0,0.0,0.0,0.0,0.00329924003556074,3.38254385477449e-11,0.014622158060852467,0
3079,0.0299540205320015,0.0030798816490334,0.0,0.0,0.0,1.428136631,0.0,0.0,8.541305621783124,0.309253609,0.0019159044739555,0.024524092,0.0,0.0,13.320452801161151,0.0004801374956937,23.65910269909496,0
3080,0.0002475,0.0036680067160684,0.0,0.0,0.0,0.750993767,0.0,0.0,0.4032852491192758,0.131851216,0.0,0.003743497,0.0,0.04073,0.15123728893299004,0.0,1.4857565247683342,0
3081,0.0002475,0.100599320729965,0.0,0.0,0.0,0.178202663,0.0,0.0,4.55245114982545,1.697827366,0.0,0.171747855,0.0,0.05304,0.39753589012483803,0.0,7.151651744680254,0
3082,0.0372908675533358,0.0030798816490334,0.0,0.0,0.0,1.340828266,0.0,0.0,7.219975667847336,0.601387495,0.0028799796454351,0.396077369,0.0,0.0,8.012343768620433,0.0007951497247932,17.614658445040366,0
3083,0.0017475,0.0031002176129813,0.0,0.0,0.0,0.0,0.0,0.0,0.1707336626427926,0.002790153,1.79587855700277e-05,0.0,0.0,0.0,0.5449988581936012,2.81215877030254e-07,0.7233886314508222,0
3084,0.0291039490071115,0.0078693187056717,0.0882140840491634,0.0,0.0,0.809400194,0.0,0.0,5.608111376638312,0.042822952,0.0042306812290895,0.10685108,0.0,0.0,30.312350137912077,0.0001401561770632,37.00909392971849,1
3085,0.0022425,0.0499332945299426,0.0889190943185625,0.0,0.0,0.106461647,0.0,0.0,1.4156472303739729,0.0,0.0162780742174434,0.0,0.0,0.0,0.669965077786172,0.0002548758720349,2.349701794098128,0
3086,0.0220964490071114,0.0097423530090698,0.0,0.0,0.0,0.847191126,0.0,0.0,5.052376380212738,0.262340332,0.0139975202926498,2.083941339,0.0,0.0,23.509592923120632,0.0121621219086634,31.813440544550865,1
3087,0.00225,0.0030798816490334,0.0,0.0,0.0,0.032959359,0.0,0.0,0.5149316004564002,0.009426761,0.0001331874926787,0.997708063,0.0,0.0,3.6001161705625857,2.0853464456343e-06,5.160607108507143,0
3088,0.0,0.0030798816490334,0.0,0.0,0.0,0.0,0.0,0.0,0.0294731003623603,0.000217691,6.83363225647934e-08,0.0,0.0,0.0,0.005518550129121741,1.1120647713412e-09,0.038289292588902776,0
3089,0.019495,0.0030798816490334,0.0,0.0,0.0,1.822866494,0.0,0.0,6.777799072070042,0.081606715,0.0099810597675363,0.008959095,0.0,0.0,8.85311256936176,0.0013107855060213,17.578210672354395,0
3090,0.0,0.0030798816490334,0.0,0.0,0.0,0.0,0.0,0.0,0.005848982897139,0.000107788,6.833632256479341e-09,0.0,0.0,0.0,0.00017886181246362906,5.4663121871973496e-11,0.009215521246931407,0
3091,0.01075,0.0030798816490334,0.0,0.0,0.0,1.952885752,0.0,0.0,14.125709146782127,0.298977642,0.02686006993835,0.030911376,0.0,0.0,21.990914511476536,0.0074477454015537,38.4475361252476,1
3092,0.0267425,0.0225750216308739,0.0,0.0,0.0,1.716801655,0.0,0.0,16.014839110017107,0.10284407,0.0134396088879663,8.775601578,0.0,0.0,9.234743649099142,0.0008703479452549,35.90845754058034,1
3093,0.015995,0.0030798816490334,0.0,0.0,0.0,1.049330181,0.0,0.0,5.646540182504845,0.111704009,0.0001922095744779,2.543527791,0.0,0.0,6.834678996014704,3.0095140503696e-06,16.20505126025711,0
3094,0.015,0.0030798816490334,0.0,0.0,0.0,0.62375801,0.0,0.0,5.379196541030295,0.137936004,0.0002930808202158,0.001640524,0.0,0.0,5.4989652216569045,0.0001654124085733,11.660034675565022,0
3095,0.0225457245035557,0.0030798816490334,0.0,0.0,0.0,1.058938223,0.0,0.0,11.294849424143402,0.108725149,0.0067198591130412,2.053624131,0.0,0.0,13.053828081910897,0.0011792052757769,27.603489679595707,1
3096,0.0306521735106672,0.0030798816490334,0.0,0.0,0.0,2.044730966,0.0,0.0,9.198409744183875,0.393674432,0.0006975635134768,0.235935995,0.0,0.0,9.075203132767005,0.000465602630079,20.982849491254136,0
3097,0.00375,0.0030798816490334,0.0,0.0,0.0,0.009333624,0.0,0.0,1.2936289524852984,0.068148953,2.09040810725703e-05,0.634295713,0.0,0.0,1.0669446720071742,3.27305498329789e-07,3.079203027528077,0
3098,0.023495,0.0030798816490334,0.0,0.0,0.0,2.558439252,0.0,0.0,10.706432851556979,0.238041061,0.0,0.0,0.0,0.0,12.106483586598706,0.0,25.63597163280472,0
3099,0.0017475,0.014435831615609,0.0,0.0,0.0,0.0,0.0,0.0,1.6758675066264455,0.157413485,0.0009519523078565,0.0,0.0,0.00197,13.2896586454915,1.49052712119925e-05,15.142059826312622,0
3100,0.0,0.0064243977152561,0.0882140840491634,0.0,0.0,0.526220745,0.0,0.0,1.7838390102242005,0.085427331,0.0002803634305865,0.0,0.0,0.0,5.546065859719933,4.3898605927449e-06,8.036476180999731,0
3101,0.0005,0.0055429553286866,0.0,0.0,0.0,0.0,0.0,0.0,0.6833827731605469,0.073310769,0.0002064713649972,0.050150688,0.0,0.0,6.174013191324582,3.23290271133054e-06,6.987110081081525,0
3102,0.0085532245035557,0.0030798816490334,0.0,0.0,0.0,0.427596643,0.0,0.0,2.057673237990839,0.02004768,0.0012438850778534,0.0,0.0,0.0,1.921157146622246,1.94762868047093e-05,4.439371175130332,0
3103,0.0115507245035557,0.0030798816490334,0.0884690864166291,0.0,0.0,0.916499062,0.0,0.0,6.218670136789514,0.04345272,0.0058436849532767,0.722013928,0.0,0.0,3.5466234017884126,0.0008381787621706,11.557040804862593,0
3104,0.0127103980142229,0.0083629680739838,0.0,0.0,0.0,0.319384942,0.0,0.0,7.231703577181468,0.6048930944632569,0.028933824483798,2.040640312,0.0,0.0,7.09038682762367,0.0013651713711294,17.33838111521153,0
3105,0.0,0.0030809444591314,0.0,0.0,0.0,0.0,0.0,0.0,0.0247956974102466,0.001343833,5.80175378575096e-06,0.0,0.0,0.0,0.0017979753045532874,9.08563331433944e-08,0.031024342784050182,0
3106,0.011735,0.0043603345173164,0.0,0.0,0.0,0.052501634,0.0,0.0,3.589668724045138,0.099557602,0.003166985366575,0.086896145,0.0,0.0,14.690740643077797,4.95874133797054e-05,18.538676655420204,0
3107,0.001245,0.0032835005104871,0.0,0.0,0.0,0.491337222,0.0,0.0,4.205736036871764,1.128386432,0.0003309391429167,0.0,0.0,0.0126443155484203,0.5208146002777881,5.18169372684682e-06,6.363783228045104,0
3108,0.0032425,0.0045955006931417,0.0,0.0,0.0,0.545152526,0.0,0.0,9.604018539314284,3.940659084,0.0031530994258298,1.39016424,0.0,0.0652455057419916,10.046581032341667,0.0201474627346943,25.622959490251606,0
3109,0.0425543470213343,0.0030798816490334,0.0,0.0,0.0,1.095496931,0.0,0.0,8.496568213887523,0.059487294,0.0047815744934456,3.4440468920000002,0.0,0.0,15.483507452139541,0.0009795717364227,28.6305021579273,1
3110,0.0,0.0030798816490334,0.0,0.0,0.0,0.0,0.0,0.0,4.369642906913649e-06,2.3e-08,0.0,0.0,0.0,0.0,1.1246615091387658e-07,1.12258530873978e-17,0.003084386758091239,0
3111,0.0,0.0030798816490334,0.0,0.0,0.0,0.0,0.0,0.0,0.7766934405877888,0.005802815,4.54983235636394e-05,2.906778552,0.0,0.00963,0.19918879007368004,7.1240149421199e-07,3.90121969003556,0
3112,0.0104925,0.0085137186136125,0.0,0.0,0.0,1.352036709,0.0,0.0,7.2133819815557745,0.100454835,0.0211195933330429,1.582180974,0.0,0.0,6.576712529420787,0.0024310574925378,16.867323898415755,0
3113,0.005495,0.0030798816490334,0.0,0.0,0.0,1.586900816,0.0,0.0,9.106513460523393,0.370041235,0.0009108411762016,2.9078123160000002,0.0,0.0,5.119108869980834,1.4261651908013e-05,19.09987668198137,0
3114,0.0,0.0030798816490334,0.0,0.0,0.0,1.177679744,0.0,0.0,5.26251637921842,0.233310756,0.0003620868387418,0.0,0.0,0.0,3.283217999538682,5.66943135965653e-06,9.960172516676238,0
3115,0.0190482245035557,0.0030798816490334,0.0,0.0,0.0,1.601157164,0.0,0.0,4.949422630775528,0.401750358,0.0010736319638154,1.9321482859999999,0.0,0.0,5.432543841435998,0.0027266637911797,14.34295068211911,0
3116,0.006995,0.012701320010624,0.0,0.0,0.0,0.18171399,0.0,0.0,7.548117889807939,0.415508433,0.0023997051368175,0.0,0.0,0.00021,3.259000387174467,3.75737122668094e-05,11.426684298842114,0
3117,0.0062475,0.0256012812635929,0.0,0.0,0.0,1.088490351,0.0,0.0,16.569118789099832,0.635708888,0.0056171227094454,0.0,0.0,0.08247,7.136913272519117,0.0004346772814569,25.550601881873447,0
3118,0.0595889490071115,0.0030798816490334,0.0,0.0,0.0,3.774299157,0.0,0.0,38.40699674177166,0.626465617,0.0009599954930224,6.450933131,0.0,0.06936,19.605726602697143,0.0004621737396782,68.99787224935764,1
3119,0.0793586940426687,0.0030798816490334,0.0,0.0,0.0,4.981413147,0.0,0.0,14.985302248366475,1.195256637,0.0,0.000312747,0.0,0.07616,10.540025256914825,0.0,31.860908611973002,1
3120,0.0055532245035557,0.0030798816490334,0.0,0.0,0.0,0.0,0.0,0.0,0.40505304804949743,0.031425555,0.0,0.0,0.0,0.0,1.037294101496493,0.0,1.4824058106985794,0
3121,0.0190593470213343,0.0105350926922709,0.0882140840491634,0.0,0.0,0.813412377,0.0,0.0,8.861910413319235,0.05419417,0.0039512745070189,0.0,0.0,0.10394,8.026798983236883,0.001107224391041,17.983122966216946,0
3122,0.012495,0.0042380854338517,0.0,0.0,0.0,0.182764587,0.0,0.0,2.600610247887008,0.021360671,0.000613851518335,0.0,0.0,0.00629,4.063419543383805,9.61141208782386e-06,6.891801597635088,0
3123,0.009245,0.0030798816490334,0.0882140840491634,0.0,0.0,1.000540696,0.0,0.0,5.735900354363417,0.469993748,0.0003032492650135,0.011147732,0.0,0.05854208791132,24.319099485962603,0.0003956621420213,31.696461981342573,1
3124,0.0028007245035557,0.0030798816490334,0.0,0.0,0.0,0.192965014,0.0,0.0,3.0558368240724465,0.3662354,0.0001841322211508,0.118808713,0.0,0.058789046287520005,2.0360028807473904,2.88312164468799e-06,5.834705499602741,0
3125,0.0248168470213343,0.0085137834191063,0.0,0.0,0.0,1.070378709,0.0,0.0,8.204500538228121,0.10297199,0.0057599592908703,0.011222396,0.0,0.0,12.264903621175245,0.0045815830570485,21.697649427191724,0
3126,0.0281682960284458,0.0030798816490334,0.0,0.0,0.0,1.22934199,0.0,0.0,10.312809167649181,0.038796943,0.0028799454772738,0.012568141,0.0,2.331819504e-05,9.007745718738537,0.0001739103130662,20.63558731205058,0
3127,0.0133264490071114,0.0110991856323208,0.0,0.0,0.0,0.517588039,0.0,0.0,5.404136900674243,0.0,0.0131647328640817,0.0,0.0,2.25848983355114e-05,19.61284260132309,0.0003054823596623,25.572485975758845,0
3128,0.00224,0.0139475555781917,0.0,0.0,0.0,0.384875575,0.0,0.0,6.32432242750191,0.994928098,0.0479990776206336,1.2526973350000001,0.0,0.0,3.785897522373972,0.0153495236936201,12.822257114768327,0
3129,0.005195,0.011934904318996,0.0,0.0,0.0,0.0,0.0,0.0,6.960729464181326,0.656510511,0.0022085547753393,0.45758006,0.0,0.0,3.10475565466669,0.0013675648497295,11.20028171379208,0
3130,0.0052475,0.0097018366143592,0.0,0.0,0.0,0.319384942,0.0,0.0,3.7740846943859983,0.567728309,0.0016516000791717,1.301642442,0.0,0.0,3.8158747545866305,2.58601095072365e-05,9.795341938775668,0
3131,0.006,0.0032669232651784,0.0,0.0,0.0,1.474508452,0.0,0.0,2.918675322498693,0.028152419,0.0003965351789467,0.763279996,0.0,0.0,13.076804291309847,6.2087497613023e-06,18.271090148002425,0
3132,0.0145668470213343,0.0052431927201665,0.0,0.0,0.0,0.442272834,0.0,0.0,7.04736146849302,0.108942339,0.0045862214481297,0.0,0.0,0.0,16.24214418990255,0.0006437060031533,23.865760798588354,0
3133,0.0592475,0.0030798816490334,0.0,0.0,0.0,4.526258754,0.0,0.0,26.43198881803874,0.500774283,0.0,1.194819458,0.0,0.08926,26.705131807049693,0.0,59.510560501737466,1
3134,0.0,0.0030798816490334,0.0,0.0,0.0,0.0,0.0,0.0,0.6735286003090796,0.01762812,0.0,0.0,0.0,0.0,0.6903244123578453,0.0,1.3845610143159583,0
3135,0.0426014490071115,0.0030798816490334,0.0882140840491634,0.0,0.0,1.495835601,0.0,0.0,18.005765011230544,1.109707548,0.0057599592908703,0.001425769,0.0,3.906593349e-05,15.440282429998359,0.0031426147423998,36.19585341390097,1
3136,0.0527375,0.0030798816490334,0.0,0.0,0.0,2.895371227,0.0,0.0,16.87733482548768,0.201491592,0.0019199841524126,0.0,0.0,0.06459796662271,8.639989065558044,0.0005315182524029,28.73705356072228,1
3137,0.00375,0.0031096662539743,0.0,0.0,0.0,0.96679818,0.0,0.0,1.2070953562143518,0.042811217,0.0,0.0,0.0,0.00469010983674,3.6524077984534307,0.0,5.880662327758497,0
3138,0.0335840920568916,0.0044564410645907,0.0,0.0,0.0,1.504415433,0.0,0.0,7.866422133727635,0.291061453,0.0,0.0,0.0,0.00331518311392,34.59684264420891,0.0,44.30009738017195,1
3139,0.0245086225177786,0.0248152424684487,0.0,0.0,0.0,0.319384942,0.0,0.0,11.664170721856241,0.021506127,0.0095998182575796,0.0,0.0,0.0,19.93098122841854,0.0003672398898135,31.9953339424084,1
3140,0.0110989490071114,0.0043104990926004,0.0,0.0,0.0,0.0,0.0,0.0,7.568904124898266,0.013995138,0.003165147119498,0.0,0.0,1.92204103205958e-05,7.334605930084293,0.0017274773346022,14.937826485946692,0
3141,0.0002475,0.003488324754125,0.0,0.0,0.0,0.106461647,0.0,0.0,0.5254030696526086,0.018549593,0.0025067403188507,0.0,0.0,0.0,2.9715698172545006,0.0002335329069877,3.6284602248870725,0
3142,0.0195457245035557,0.0030798816490334,0.0,0.0,0.0,1.561188669,0.0,0.0,10.67891687308445,0.387942563,0.007679943443283,0.190468269,0.0,0.0,5.549922649226413,0.0048015221046273,18.40354609501136,0
3143,0.0342475,0.0030798816490334,0.0,0.0,0.0,1.521535956,0.0,0.0,10.749097037306782,0.132826983,0.0047999637978478,0.0,0.0,0.0,12.54033334197512,0.0006390453388048,24.98655970906759,0
3144,0.00225,0.0031831686450184,0.0,0.0,0.0,0.022750708,0.0,0.0,2.6534072985467168,0.04835718,0.0001642326840199,0.116879269,0.0,0.0,0.6911384792063534,2.57151972049535e-06,3.5381329076018293,0
3145,0.004,0.0071186896323283,0.0,0.0,0.0,0.692694257,0.0,0.0,14.924587485867445,0.302380518,0.0064217282385877,0.583273602,0.0,0.0,16.886489720826006,0.0008649549850449,33.40783095654941,1
3146,0.009,0.0045351408562359,0.0,0.0,0.0,1.485398344,0.0,0.0,15.157715592290545,0.04685924,0.0019282186792817,0.0,0.0,0.0,8.769556003877605,3.01913605438657e-05,25.47502273106421,0
3147,0.003,0.0052861328403445,0.0,0.0,0.0,1.594227048,0.0,0.0,20.072573409463942,0.057696926,0.0029232980403089,0.0,0.0,0.0,11.07978296413792,0.0003781439204114,32.81586792240293,1
3148,0.0015,0.0030899394616679,0.0,0.0,0.0,0.131254086,0.0,0.0,1.2344619992790287,0.019293822,2.13209326402155e-06,0.0,0.0,0.0,0.5370925539003202,3.33757502875678e-08,1.926694566110031,0
3149,0.0210532245035557,0.0030798816490334,0.0882140840491634,0.0,0.0,1.848980901,0.0,0.0,8.758698545932235,0.344512263,0.0049749799535685,0.19564511699999998,0.0,0.92780953125988,10.480244389914148,0.0004327296244691,22.673645647886055,0
3150,0.0,0.0030798816490334,0.0,0.0,0.0,0.0,0.0,0.0,0.060846553097370706,0.026182244,2.87354236384956e-05,0.0,0.0,4.50891684736746,0.027381315463006744,4.49906767540794e-07,4.626436026907276,0
3151,0.0092375,0.0043821350854237,0.0882140840491634,0.0,0.0,0.428727707,0.0,0.0,3.903515154862066,0.097674708,0.0006901968579044,0.0,0.0,12.159840944552439,1.7639360870716652,3.90640974337615e-05,18.456257581576097,0
3152,0.0,0.003121460853842,0.0,0.0,0.0,0.0,0.0,0.0,0.1567212294467159,0.017452625,2.20384640271459e-05,0.0,0.0,0.0972488981869,0.07137411247407618,3.45030225684721e-07,0.3459407094557869,0
3153,0.0,0.0030798816490334,0.0,0.0,0.0,0.0,0.0,0.0,0.0003617021703329,6.64e-05,0.0,0.0,0.0,0.00031,0.0002528471341315712,4.98913836094358e-12,0.0040708309584870095,0
3154,0.018995,0.0039198645371993,0.0,0.0,0.0,1.249341324,0.0,0.0,7.076043826163913,0.063383165,0.0,0.0,0.0,33.6544164046408,3.447326249693762,0.0,45.51342583403568,1
3155,0.0,0.0032642014344397,0.0,0.0,0.0,0.384875575,0.0,0.0,1.4152422916308387,0.029691317,0.0,0.0,0.0,2.59584684015358,2.0001864311035895,0.0,6.429106656322448,0
3156,0.0,0.0035803874385874,0.0,0.0,0.0,1.859864326,0.0,0.0,1.643079393215355,0.251983596,0.0,0.0,0.0,10.78895710274058,0.2638373083005111,0.0,14.811302113695033,0
3157,0.00275,0.0034874174772121,0.0,0.0,0.0,0.0,0.0,0.0,2.2957059823615507,0.227378307,0.0,0.0,0.0,31.85743364188138,0.3001791355013792,0.0,34.686934484221524,1
3158,0.0002475,0.0030798816490334,0.0,0.0,0.0,0.0,0.0,0.0,1.3945111367034586,0.17434401,0.0,0.0,0.0,22.79931929215546,0.5379940426371576,0.0,24.90949586314511,0
3159,0.0217957245035557,0.0030798816490334,0.0,0.0,0.0,0.32226606,0.0,0.0,3.563946053483609,0.204065004,0.0,0.0,0.0,1.66473468000552,6.707808914724547,0.0,12.487696318366265,0
3160,0.0,0.0030799205323297,0.0,0.0,0.0,0.0,0.0,0.0,0.0024500674672766577,0.006879897,2.34393586397241e-06,0.0,0.0,5.50654666229777e-05,0.0003605975466031928,2.99382905494449e-07,0.012828191331601995,0
3161,0.0,0.0030800371822185,0.0,0.0,0.0,0.0,0.0,0.0,0.0075639284683804,0.00363082,2.39177128976777e-06,0.0,0.0,0.0001737896007712,0.6430188391286193,3.74881731243282e-08,0.6574698436394523,0
3162,0.0142475,0.0157588172849197,0.0,0.0,0.0,0.369261494,0.0,0.0,4.036789241509689,0.019635452,0.0134397182260824,0.193376246,0.0,0.0,21.997262110038527,0.0002104339648571,26.659981013024073,0
3163,0.007945,0.0247669753366821,0.0,0.0,0.0,0.689933687,0.0,0.0,4.975859880779858,0.053949732,0.0114942036235595,0.0,0.0,0.00309,4.385146579401777,0.00061821192224,10.152804270064115,0
3164,0.0,0.003079907571231,0.0,0.0,0.0,0.0,0.0,0.0,0.0010114410891935,5.99e-05,1.36672645129587e-08,0.0,0.0,0.00045,0.00043572975190130173,2.22073891273634e-10,0.005036992301664206,0
3165,0.0245507245035557,0.0030798816490334,0.487770623317045,0.0,0.0,1.036323925,0.0,0.0,21.340962091910836,0.241290035,0.0028799386436416,0.0,0.0,0.0,9.208542088374145,0.0004273068158639,32.34582661521412,1
3166,0.0391039490071114,0.0030798816490334,0.0,0.0,0.0,1.562829011,0.0,0.0,28.53885947416185,0.941473669,0.0,0.0,0.0,0.032480207098239997,25.289241972549135,0.0,56.407068164465365,1
3167,0.0,0.0030798816490334,0.0,0.0,0.0,0.0,0.0,0.0,0.2993904500824463,0.022005535,0.0,0.217422099,0.0,0.0,0.08420121122759468,0.0,0.6260991769590744,0
3168,0.0,0.0030798816490334,0.0,0.0,0.0,0.0,0.0,0.0,0.2007303273541817,0.085323524,0.0,0.0,0.0,0.008,0.2516891668611427,0.0,0.5488228998643577,0
3169,0.007735,0.0091782565721443,0.0,0.0,0.0,6.412308941,0.0,0.0,6.311068911849289,0.366996916,0.0011216313967849,0.182811818,0.0,0.033740289342339996,9.20149142850919,0.000337163976661,22.52679035664641,0
3170,0.0030532245035557,0.0031582583894276,0.0,0.0,0.0,0.0,0.0,0.0,1.2315052401622784,0.041605641,1.44189640611714e-05,0.036884214,0.0,0.62273800205996,4.530493645142498,2.25713370903675e-07,6.469452869935152,0
3171,0.00225,0.0033117091749194,0.0,0.0,0.0,0.0,0.0,0.0,1.4390066777380832,0.071554224,4.26350316481746e-05,0.0,0.0,0.08923382299516,5.344486400650581,6.67608978125602e-07,6.94988613719937,0
3172,0.0,0.0030798816490334,0.0,0.0,0.0,1.252458667,0.0,0.0,0.6349199956747108,0.001766058,5.66508114062137e-06,0.045204878,0.0,0.00011596283094,1.8829280520037381,8.86987797966886e-08,3.8204792489383426,0
3173,0.0288539490071114,0.0030798816490334,0.0,0.0,0.0,5.108149365,0.0,0.0,13.315482812103486,0.030746641,0.0017170321080275,0.174664234,0.0,0.0004,21.635999549014617,6.9153710020883e-05,40.299162617592295,1
3174,0.0,0.003079907571231,0.0,0.0,0.0,0.0,0.0,0.0,0.02218113738835653,0.002219578,2.0500896769438e-08,0.0,0.0,0.0,0.0029547323495219685,3.16027521892609e-10,0.03043537612603379,0
3175,0.0225136225177786,0.0102952994041898,0.0,0.0,0.0,2.248576673,0.0,0.0,17.173492188570577,1.080176323,0.0047802282678911,0.012968068,0.0,0.0,11.50748702798722,0.0034129001438129,32.06370233089147,1
3176,0.0212475,0.0030798816490334,0.0,0.0,0.0,0.321704475,0.0,0.0,9.11213677511082,0.190927933,0.0019199431506191,0.0,0.0,0.0,15.510884197527204,0.000308953375875,25.162209658813552,0
3177,0.0289578980142229,0.0030798816490334,0.0,0.0,0.0,2.085101846,0.0,0.0,6.3443730924649415,0.254618727,0.0019199568178836,0.140522124,0.0,0.04524741059748,14.01540879193857,0.0003032713467584,22.919532999828892,0
3178,0.0187982245035557,0.0302488072499539,0.0,0.0,0.0,1.0454855,0.0,0.0,8.074447333133971,0.090149032,0.0076797794361088,0.001957435,0.0,0.00122696573216,12.647327123116243,0.0005477992450403,21.917867999417034,0
3179,0.01349,0.0030798816490334,0.0882140840491634,0.0,0.0,0.457347569,0.0,0.0,6.079507840716698,0.107184957,0.0115197545745665,0.015948265,0.0,0.0,23.33281112659744,0.0041556198925556,30.11325909847946,1
3180,0.0069925,0.100332234545209,0.0882140840491634,0.0,0.0,0.177047178,0.0,0.0,5.817147053246234,0.012735457,0.0157664675049298,0.0,0.0,0.0,6.625893785430362,0.0007356366408931,12.844864396416792,0
3181,0.0017475,0.0032559322534335,4.46172278260355,0.0,0.0,0.088086075,0.0,0.0,0.8176922301549292,0.006321518,0.0037476254321435,0.017548453000000002,0.0,0.0,6.143753670437638,0.0001312865202336,11.544007073401929,0
3182,0.001995,0.0112537985793788,5.64815949226044,0.0,0.0,0.799078101,0.0,0.0,2.6390704076499074,0.056011805,0.0050117653960051,0.170309256,0.0,0.0,6.34336750701462,0.0003243304732949,15.674581463373647,0
3183,0.0,0.0030804260151812,0.0,0.0,0.0,0.0,0.0,0.0,0.001402936326939188,0.000456057,5.05688786979471e-07,0.0,0.0,0.00336,0.0018718393142403572,7.918816143370921e-09,0.010171772263963869,0
3184,0.0082425,0.0076357856282897,5.64811261264521,0.0,0.0,1.406424807,0.0,0.0,6.103649350273944,0.052113349,0.0052825207396391,0.336656866,0.0,0.0040784120508464,9.213247242533916,0.0009024384158285,22.786345884287673,0
3185,0.01025,0.0049710226073935,0.0,0.0,0.0,1.732375735,0.0,0.0,2.1943195675856595,0.255706432,0.0008018447417107,0.29808467200000005,0.0,0.02165,3.746016155218997,1.2555011821367e-05,8.264187984165583,0
3186,0.0048125,0.005750516047666,5.28282008696269,0.0,0.0,0.909957049,0.0,0.0,3.509371010325312,0.303869332,0.0011323533657954,0.0,0.0,0.05205738772824,5.962835013693696,0.000914540614871,16.03351978973827,0
3187,0.028745,0.0030798816490334,0.0,0.0,0.0,2.289299056,0.0,0.0,7.686442481330703,0.029816748,0.0067970244884813,1.21604669,0.0,0.0,18.09053284703308,0.0006702406479606,29.35142996914926,1
3188,0.0300482245035557,0.012136384599155,0.0,0.0,0.0,2.910939116,0.0,0.0,10.89536822284655,0.176416203,0.0057599592908703,0.64670709,0.0,0.0,16.810959547319378,0.000919801323968,31.489254548883476,1
3189,0.0398314490071115,0.0030798816490334,0.0,0.0,0.0,6.241178267,0.0,0.0,11.20028865134801,0.311391008,0.0019199841524126,1.447960965,0.0,0.0,14.903869638756822,0.000508958921193,34.15002880383458,1
3190,0.0182982245035557,0.012136384599155,0.0,0.0,0.0,1.530098893,0.0,0.0,9.60441056330318,0.023311782,0.0124799140747631,0.020965193,0.0,0.0,9.679624238467246,0.000301683173535,20.901626876121437,0
3191,0.0115532245035557,0.0203776992430304,0.0,0.0,0.0,0.266299956,0.0,0.0,4.52500649006029,0.036241592,0.0091678711962798,0.214535835,0.0,0.0,3.0957822274198032,0.0008071874358389,8.179772082858799,0
3192,0.00225,0.0038483451942648,0.0,0.0,0.0,0.0,0.0,0.0,0.9867379766064435,0.007638757,0.0004072844824861,0.494588366,0.0,0.0,1.6354200958125762,6.37714874298076e-06,3.1308972022445136,0
3193,0.02523,0.0266268022804481,0.0,0.0,0.0,0.27975957,0.0,0.0,7.341057814293396,0.036566729,0.0124799140747631,0.200185251,0.0,0.0,5.185376492867241,0.000376495822101,13.107659069337949,0
3194,0.0015,0.0032136531492921,0.0,0.0,0.0,0.750993767,0.0,0.0,1.5313574941730388,0.016463208,0.0026941526834847,0.000100064,0.0,0.0,0.4995400838696611,4.21840115476776e-05,2.805904606887024,0
3195,0.0059975,0.004040467561122,0.0,0.0,0.0,0.80237821,0.0,0.0,4.249319796623223,0.044116679,0.0193463340988091,0.065828626,0.0,0.0,9.009881961403748,0.0023701531363154,14.203279727823217,0
3196,0.0133489490071114,0.0084638702277977,0.0,0.0,0.0,1.118026196,0.0,0.0,4.664360841400204,0.006287336,0.0458672918700635,0.093376997,0.0,0.0,22.160815783215497,0.0011534461270828,28.111700710847757,1
3197,0.0,0.0030798816490334,0.0,0.0,0.0,0.32226606,0.0,0.0,0.7464855958725919,0.064508498,0.0009928310960148,0.0,0.0,0.0,4.612752864269381,5.76009285795422e-05,5.7501433318156,0
3198,0.0147957245035557,0.0380455816929141,0.0,0.0,0.0,0.506057419,0.0,0.0,5.967515321848546,0.008674065,0.0166616254951028,0.038705163,0.0,0.0,10.630983405340013,0.0011722450665937,17.222610550946726,0
3199,0.0015,0.0483491133710451,0.0,0.0,0.0,0.168588581,0.0,0.0,2.736598274760434,0.002343322,0.0330743632697924,0.0,0.0,0.0,6.559878790691929,0.0005178658697152,9.550850310962915,0
3200,0.01225,0.0030798816490334,0.0,0.0,0.0,1.474968607,0.0,0.0,4.024785268958093,0.030589376,0.0396167392858683,0.302750612,0.0,0.0,5.428931340319831,0.0042760343122349,11.32124785952506,0
3201,0.0,0.0030798816490334,0.0,0.0,0.0,0.0,0.0,0.0,0.0018662499826758,1.45e-05,6.833632256479341e-09,0.0,0.0,0.0,0.08560708789651578,1.55322534063516e-10,0.09056772651717976,0
3202,0.006,0.0039787597699457,0.0,0.0,0.0,0.279144576,0.0,0.0,3.011100586052262,0.003776431,0.0042948968714037,0.159969758,0.0,0.0,5.116580082736257,0.0001088220977816,8.58495391252765,0
3203,0.00425,0.0030798816490334,0.0,0.0,0.0,0.0,0.0,0.0,1.2102450591048406,0.011934689,0.0045943261359858,0.112980092,0.0,0.0,7.723521469532686,0.0001416371799781,9.070747154602525,0
3204,0.0,0.0030798816490334,0.0,0.0,0.0,0.0,0.0,0.0,8.734484705181359e-05,0.057734733,1.53073362545137e-06,0.0,0.0,0.0,7.476030632011531e-06,1.45935281717792e-07,0.060911112195624395,0
3205,0.0,0.0044031450265068,0.0,0.0,0.0,0.032959359,0.0,0.0,0.8521326973610512,0.001992598,0.0020163315335967,0.126216623,0.0,0.0,0.20544892966435518,3.15709370779261e-05,1.2252012545225877,0
3206,0.0099975,0.0064785150425818,0.0,0.0,0.0,0.0,0.0,0.0,1.1969581522572392,0.00711745,0.0115423465628064,0.0,0.0,0.0,5.659405704207286,0.0002535125569078,6.891753180626821,0
3207,0.0038032245035557,0.0033139072481682,0.0,0.0,0.0,0.060960231,0.0,0.0,2.0774133338260987,0.039291159,0.0011163079972571,0.214584561,0.0,0.0,3.041320328435623,1.7478728010291e-05,5.441820531738713,0
3208,0.0193539490071114,0.0038230580905923,0.0,0.0,0.0,1.272156315,0.0,0.0,4.355607488744461,0.070017746,0.0035449535666809,0.4698055,0.0,0.0,6.667635085714443,0.001934296166804,12.863878392290093,0
3209,0.0014925,0.004291679577207,0.0,0.0,0.0,0.0,0.0,0.0,2.199974412359484,0.013890206,0.0044957919924797,0.0,0.0,0.0,2.8095143239486227,7.03933583348016e-05,5.033729307236128,0
3210,0.0138364490071114,0.0104012434254197,0.0,0.0,0.0,0.32226606,0.0,0.0,2.739290431844676,0.034142089,0.0271623624948476,0.0,0.0,0.0,11.366843856334704,0.0016770214990836,14.515619513605841,0
3211,0.0180939490071114,0.0062343668253188,0.0,0.0,0.0,0.345308444,0.0,0.0,10.272769308272382,0.86665619,0.0011145859219285,0.033967252,0.0,0.0,3.8720644222673077,0.0018887391464576,15.418097257440506,0
3212,0.0053539490071114,0.0033878762387675,0.0,0.0,0.0,0.0,0.0,0.0,1.397159857653303,0.270802979,0.0001088255936844,0.0,0.0,0.0,1.2029248939519064,1.70394113490833e-06,2.8797400853859076,0
3213,0.0,0.0032156621195992,0.0,0.0,0.0,0.0,0.0,0.0,0.2033928254193443,0.009267877,1.63528819897551e-05,0.0,0.0,0.0,0.03589306552844446,2.56094987554091e-07,0.25178603904436525,0
3214,0.0080914490071114,0.0234392014968416,0.0,0.0,0.0,0.0,0.0,0.0,1.4957052187222781,0.149499215,0.0032306543183086,0.0,0.0,0.0,5.4521693251420915,0.0005009329813257,7.132635996667957,0
3215,0.003,0.0035210904117796,0.0,0.0,0.0,0.212923294,0.0,0.0,1.5789643586608657,0.056679111,0.0240722486575257,0.0,0.0,0.0,17.92879318121194,0.0013541995147088,19.80930748345682,0
3216,0.0104925,0.0030798816490334,0.0,0.0,0.0,0.384720309,0.0,0.0,6.306741718670359,0.996366911,0.0835194028839876,0.0,0.0,0.0,7.126245849060275,0.011417412736213,14.922583984999868,0
3217,0.0256521735106672,0.0103250840091307,0.0,0.0,0.0,1.385751468,0.0,0.0,6.576023780835408,0.093935228,0.0259198168089165,0.0,0.0,0.0,10.710940518008629,0.0016203841443777,18.83016845331713,0
3218,0.0271564490071114,0.017570117874944,0.0,0.0,0.0,2.258956031,0.0,0.0,6.012070858257665,0.17137946,0.0095998182575796,4.991228558,0.0,0.0,11.115561655702617,0.0009122583723842,24.6044352064723,0
3219,0.0201961225177786,0.0230042011003995,0.0,0.0,0.0,1.240450953,0.0,0.0,5.775764690715068,0.170874343,0.0124799140747631,0.0,0.0,0.0,9.417970226090242,0.0014518472865814,16.662192297784834,0
3220,0.0225136225177786,0.0093578360922815,0.0,0.0,0.0,1.045243169,0.0,0.0,6.230123227591467,2.081654989,0.0016636682737366,0.419396708,0.0,0.17467,16.35212091799418,0.0014087557781743,26.338152894247617,0
3221,0.0,0.0031145137049089,0.0,0.0,0.0,0.0,0.0,0.0,0.2414869005328448,0.154604542,9.17756812045175e-06,0.116498112,0.0,0.00787,0.21262186525168641,1.4368760244917e-07,0.736205254745163,0
3222,0.0199925,0.0030798816490334,0.0,0.0,0.0,0.881735779,0.0,0.0,6.779985165480148,0.142681765,0.0009599954930224,0.683722012,0.0,0.0,8.31910033544584,0.0001118431380606,16.831369277206104,0
3223,0.0204553980142229,0.0030798816490334,0.0,0.0,0.0,1.635296651,0.0,0.0,6.378753513982013,0.386343842,0.0211195933330429,0.014667508,0.0,0.0,8.199325746197335,0.0060497462911531,16.6650918804668,0
3224,0.0035532245035557,0.0030798816490334,0.0882140840491634,0.0,0.0,0.332802026,0.0,0.0,4.462439991591716,0.119302437,0.0508796381248105,0.0,0.0,0.0,10.61186985855997,0.0051495519680294,15.67729069344628,0
3225,0.001745,0.0030798816490334,0.0,0.0,0.0,0.0,0.0,0.0,0.4241181048217139,0.082511581,0.0023172573636431,5.3813541449999995,0.0,0.0,6.005607846022103,0.0008762751278484,11.901610090984342,0
3226,0.0005,0.0030798816490334,0.0,0.0,0.0,0.321608357,0.0,0.0,0.6251891855569699,0.029284806,0.0008112819878569,0.0,0.0,0.0,9.141126514961657,1.2702695294509e-05,10.121612729850812,0
3227,0.012735,0.0048911822390577,0.0,0.0,0.0,1.833920679,0.0,0.0,7.506570355660491,0.068203243,0.042239699188505,0.0,0.0,0.0,12.985260632859948,0.0026220390773989,22.456442831025402,0
3228,0.0,0.0075315524720955,0.0,0.0,0.0,0.0,0.0,0.0,2.1323885366896085,0.0,0.0039928229911383,0.0,0.0,0.0,1.2643053838624603,6.25181167972988e-05,3.4082808141321,0
3229,0.0,0.0031454907309353,0.0,0.0,0.0,0.0,0.0,0.0,0.18041975374069089,0.0,5.88444073605436e-05,0.0,0.0,0.0,0.4710728629138588,9.21414172594741e-07,0.6546978732070182,0
3230,0.001245,0.0232978088705146,0.0,0.0,0.0,0.510432555,0.0,0.0,3.2536803919424457,0.0,0.0181339930674516,0.0,0.0,0.0,4.06271688636067,0.0014071813245404,7.870913816565623,0
3231,0.00925,0.0037826713068692,0.0,0.0,0.0,0.785346374,0.0,0.0,4.843831983788051,0.047492184,0.0163891890779337,0.0,0.0,0.0,8.06900799580543,0.007618837789314,13.782719235767598,0
3232,0.0015,0.0030815925140692,0.0,0.0,0.0,0.0,0.0,0.0,0.4061257156924107,0.002343839,3.99152460100958e-05,0.0,0.0,0.0,0.8739238627861574,6.25021421871827e-07,1.2870155502600693,0
3233,0.0,0.0032971744696744,0.0,0.0,0.0,0.217881782,0.0,0.0,2.7314489457703783,0.026407502,0.0050671929872374,0.0,0.0,0.0,4.498431873352614,7.93401573900227e-05,7.482613810737295,0
3234,0.0040457245035557,0.0035785858458604,0.0,0.0,0.0,0.234798975,0.0,0.0,1.9900988097005488,0.091009676,0.0009691388929816,0.32596486199999997,0.0,0.0,1.8714113643424326,1.51744610120916e-05,4.5218923107463915,0
3235,0.0130507245035557,0.0057200963488862,0.0,0.0,0.0,1.066039212,0.0,0.0,6.5886044545189755,0.209405406,0.005130834604442,0.766537432,0.0,0.0,7.378971634138624,0.0035220059449338,16.03698180005942,0
3236,0.0,0.0030798816490334,0.0,0.0,0.0,0.195131074,0.0,0.0,0.4739509798159452,0.017079592,7.9693819375062e-05,0.0,0.0,0.0,0.5891050637573392,1.24786617018178e-06,1.2784275329078632,0
3237,0.0219478980142229,0.0030798816490334,0.0,0.0,0.0,2.910609338,0.0,0.0,9.346300295473663,0.150582713,0.0061949199839952,0.0,0.0,0.0,13.485479594744712,0.0006595090257963,25.92485414989142,0
3238,0.02446,0.027397093340604,0.0,0.0,0.0,0.849068096,0.0,0.0,6.683755444432716,0.029544374,0.0088182147346125,0.0,0.0,0.07714,6.2023606438281975,0.0003818739840204,13.902925740320152,0
3239,0.0002475,0.0039543410598898,0.0,0.0,0.0,0.0,0.0,0.0,0.23724648036181012,0.005602553,0.0003171078712296,0.004527514,0.0,0.06405,0.0199870241937099,4.96513008115813e-06,0.3359374856167206,0
3240,0.0236690205320015,0.0157589857792035,0.0,0.0,0.0,1.130071466,0.0,0.0,8.207883760461982,5.352794532,0.0009599954930224,0.053620263,0.0,0.0,10.797237858320242,0.0029386755768354,25.584934557163287,0
3241,0.0249503980142229,0.0030798816490334,0.0,0.0,0.0,1.691994218,0.0,0.0,7.752249294520367,0.45941559,0.0057598909545477,0.852097457,0.0,0.0,9.508295866010377,0.0023369537102292,20.30017954985878,0
3242,0.0,0.0030828108573523,0.0,0.0,0.0,0.0,0.0,0.0,0.0588461721286628,0.0,3.28014348311008e-06,0.0,0.0,0.0,0.22308261952157238,5.14049311892362e-08,0.2850149340560018,0
3243,0.005635,0.0350675234286815,0.0882140840491634,0.0,0.0,0.106461647,0.0,0.0,1.9173900150982894,0.0,0.0357907389253752,0.0,0.0,0.0,11.244649866240383,0.0016309614038686,13.43483983614576,0
3244,0.0,0.0030798816490334,0.0,0.0,0.0,0.0,0.0,0.0,9.579593023121549e-05,1.46e-07,0.0,0.0,0.0,0.0,2.056401549085914e-06,1.82024285574543e-13,0.003177879980995726,0
3245,0.0,0.0043722587281718,2.40146509102171e-05,0.0,0.0,0.0,0.0,0.0,0.47048248833333983,0.007279943,0.0076927086683381,0.0,0.0,0.0,0.05002138046430626,0.0002118485443695,0.5400846423894357,0
3246,0.0012475,0.0031002694573763,0.0,0.0,0.0,0.0,0.0,0.0,0.2813730973400413,0.197809642,0.0005921342350239,0.0,0.0,0.0,3.784649880405773,0.0013993593301275,4.270171882768342,0
3247,0.0149875,0.0664745468673659,0.0,0.0,0.0,0.34826084,0.0,0.0,5.946323159492791,0.020490524,0.0268794296185326,2.0369103749999997,0.0,0.0,3.577674304247879,0.0006865053142507,12.03868718454082,0
3248,0.0039975,0.0033507463544066,0.0,0.0,0.0,0.016917193,0.0,0.0,0.6940688328893341,0.005772561,0.0002666961660736,0.0,0.0,0.0,2.4016363842286386,4.17584244353447e-06,3.1260140894808965,0
3249,0.00125,0.0066586320543407,0.0,0.0,0.0,0.106461647,0.0,0.0,2.22668697584018,0.020982578,0.0035237078039955,1.834620429,0.0,0.0,1.4343497454545602,5.51728850533725e-05,5.63458888803813,0
3250,0.0102507245035557,0.0137076525412173,0.0,0.0,0.0,1.407555871,0.0,0.0,7.081122397580954,0.036158798,0.0104643000725533,7.208147776000001,0.0,0.0,2.9620626569968844,0.0015259265096056,18.73099610320477,0
3251,0.011,0.0030798816490334,0.0,0.0,0.0,3.300339101,0.0,0.0,20.307209963905912,0.141269177,0.0143996932182081,4.688080027,0.0,0.0,9.566752686858312,0.0008948039235667,38.033025334555035,1
3252,0.0245507245035557,0.0139475426170929,0.0,0.0,0.0,3.491503627,0.0,0.0,12.722239654543241,2.986938715,0.0057598772872832,8.823923884,0.0,0.0,8.139871365624073,0.024711791188426,36.23344718176367,1
3253,0.0347536225177786,0.0030798816490334,0.0,0.0,0.0,2.791185302,0.0,0.0,13.450439955131099,0.308570063,0.0,3.378240554,0.0,0.0,18.423309334647524,0.0,38.389578712945436,1
3254,0.02274,0.0030798816490334,0.0,0.0,0.0,0.571976137,0.0,0.0,6.992432232642003,0.116703671,0.0005368911518625,1.041080325,0.0,0.0,6.032875084821759,0.0001757426248868,14.781599965889544,0
3255,0.0093032245035557,0.0030798816490334,0.0,0.0,0.0,0.667354106,0.0,0.0,2.773436545166938,0.039349837,6.10380033148735e-05,0.0,0.0,0.0,3.3625039297377355,9.55714489177843e-07,6.855089517775067,0
3256,0.0295482245035557,0.0266262838364978,0.0,0.0,0.0,2.948443197,0.0,0.0,8.36590215305789,0.168347064,0.004799861293364,0.040524685,0.0,0.0,13.768270034319519,0.0010540398483819,25.35351554285921,0
3257,0.01424,0.0719083708708462,0.0,0.0,0.0,0.0,0.0,0.0,5.017590733395114,0.38601826,0.0038399204693995,0.0,0.0,0.09656,11.528014882328355,0.0001325725012249,17.11830473956494,0
3258,0.00375,0.0030798816490334,0.0,0.0,0.0,1.933224601,0.0,0.0,5.5926496191091175,0.009901411,0.000686165014873,0.06049,0.0,0.0,3.374211286044173,1.07437320620065e-05,10.97800370754926,0
3259,0.0069975,0.0030798816490334,0.0882140840491634,0.0,0.0,0.32226606,0.0,0.0,2.7250914662502823,0.010383458,0.0007546038419217,0.06595248,0.0,0.0,10.616847365412637,7.52933224204016e-05,13.83966219252546,0
3260,0.0,0.0031004120294626,3.8925294462651e-05,0.0,0.0,0.0,0.0,0.0,0.05822763831693849,0.006213511,8.15935691423633e-06,0.0,0.0,0.0,0.006405268143120991,1.27791164230234e-07,0.0739940419320632,0
3261,0.003,0.0030873602030155,0.0,0.0,0.0,0.0,0.0,0.0,0.20982099560260611,0.003749239,2.97263003156851e-06,0.111316654,0.0,0.0,0.15144607843032742,4.6527594109396e-08,0.4824233463935747,0
3262,0.0254021735106672,0.009140945065702,0.000531085243665,0.0,0.0,1.853391676,0.0,0.0,9.839646762747186,0.106756339,0.0024092790556088,1.975535711,0.0,0.0,9.035097197037457,0.0002904876571042,22.848201656317393,0
3263,0.0205939490071114,0.0121362679492662,0.0,0.0,0.0,0.624049686,0.0,0.0,8.727065337944957,0.233607416,0.0028799386436416,1.686687107,0.0,0.0,11.426594838441781,0.0003794561141835,22.733993997100942,0
3264,0.003,0.0030798816490334,0.0,0.0,0.0,0.0,0.0,0.0,1.221273959784225,0.672756678,0.0002181295416268,0.0,0.0,0.0,1.4017497132399397,3.41544116007364e-06,3.3020817776559848,0
3265,0.0015,0.0030879823357558,0.0,0.0,0.0,0.0,0.0,0.0,0.5814955385886375,0.236446385,3.43253348242957e-05,0.0,0.0,0.02405,1.4718625113633972,5.37491185640921e-07,2.3184772801138003,0
3266,0.0265482245035557,0.0046570788733305,0.0,0.0,0.0,0.974105076,0.0,0.0,17.752640052020187,3.327510628315869,0.0066873378571326,6.236399415,0.0,0.06642,5.734391452113143,0.0226784458411469,34.15203771052437,1
3267,0.01574,0.0284268785589498,0.0,0.0,0.0,0.711629941,0.0,0.0,6.732559309609935,0.028562173,0.0211105046021418,1.164604728,0.0,0.0,8.379735849721515,0.0011791416973736,17.083548526189915,0
3268,0.0,0.0030798816490334,0.0,0.0,0.0,0.0,0.0,0.0,0.0027690300888281276,6.27e-06,0.0,0.0,0.0,0.0,0.1146683456662411,1.59302524389867e-11,0.12052352742003287,0
3269,0.015245,0.0130732517005204,0.0,0.0,0.0,1.46975744,0.0,0.0,7.330513287949245,0.130500796,0.0158895070537077,3.640893491,0.0,0.0,6.857910062210642,0.0019737129293418,19.475756548843457,0
3270,0.0045,0.0030982086426741,0.0,0.0,0.0,0.147296252,0.0,0.0,0.7987828907311215,0.005589555,2.91522752061409e-05,0.0,0.0,0.0,1.5655095119808855,4.56419437636533e-07,2.524806027049325,0
3271,0.014495,0.0030798816490334,0.0,0.0,0.0,2.513227345,0.0,0.0,22.07613090074018,0.208763367,0.0,2.3110590699999998,0.0,0.0,8.983204721886695,0.0,36.10996028627591,1
3272,0.00375,0.0030798816490334,0.0,0.0,0.0,0.559725756,0.0,0.0,4.563566674934308,0.050847186,0.0,1.230432522,0.0,0.0,2.7074571946727257,0.0,9.118859215256068,0
3273,0.0,0.0046479542598064,0.0,0.0,0.0,0.0,0.0,0.0,5.506233193055551,0.089713733,0.0006123754537676,0.0,0.0,0.01964,1.5911465872311406,9.58837005890301e-06,7.2120034313703245,0
3274,0.018495,0.0243704175591496,0.0,0.0,0.0,5.358071356,0.0,0.0,15.726493966626302,0.330573554,0.0083145418691487,2.290327091,0.0,0.04072,16.368034819849594,0.0030797882143438,40.16848053511854,1
3275,0.00375,0.0030798816490334,0.0,0.0,0.0,1.870674595,0.0,0.0,19.150128419778056,0.185432055,0.0,3.185918701,0.0,0.03248,4.350407603111727,0.0,28.78187125553882,1
3276,0.0264875,0.0041669549238799,0.0,0.0,0.0,1.043572432,0.0,0.0,8.677643209524081,0.433818018,0.000576150369176,0.014973054,0.0,0.06167,5.5661862732118825,0.0002803434548154,15.829373935483835,0
3277,0.0216064490071114,0.0038206602873224,0.0,0.0,0.0,0.56088916,0.0,0.0,4.74967303542457,0.358114765,0.0003926126740315,0.010522788,0.0,0.03935,4.700927268648567,6.1473757433538e-06,10.445302886417345,0
3278,0.0137882245035557,0.0030798816490334,0.0,0.0,0.0,1.746181319,0.0,0.0,5.466087579269838,0.510833151,0.0008684111535211,0.005677757,0.0,0.02329,8.431878829704615,0.002855349554217,16.20454050283478,0
3279,0.0275507245035557,0.0030798816490334,0.0,0.0,0.0,0.674610361,0.0,0.0,5.29134358088598,0.804762864,0.0021552866119,0.005774378,0.0,0.05857,7.12142580458711,3.37466196724811e-05,13.989306627857252,0
3280,0.0353093470213343,0.0320564657712278,0.0882140840491634,0.0,0.0,1.978300174,0.0,0.0,13.412335386824175,0.057923538,0.0028795559602352,0.002555308,0.0,0.07571340658112,9.140356727421622,0.0003071278889711,24.82595112151785,0
3281,0.0,0.0030798816490334,0.0,0.0,0.0,0.0,0.0,0.0,0.0005247293926028,4.13e-06,0.0,0.0,0.0,0.0,0.00035343491789245905,2.28673333668598e-13,0.003962175959757333,0
3282,0.0,0.0030799205323297,0.0,0.0,0.0,0.0,0.0,0.0,0.0621307056591099,0.022040214,2.0500896769438e-08,0.0,0.0,0.00332,0.002261147354618325,3.04069791855099e-10,0.0928320083510245,0
3283,0.01274,0.0048749030990204,0.000727593647809,0.0,0.0,3.76760376,0.0,0.0,8.945321573312114,4.878258923,0.0009513646154825,0.091646291,0.0,0.03744,11.266445991536,0.0048114503475135,29.01082185055794,1
3284,0.01948,0.0030798816490334,0.0,0.0,0.0,0.334074938,0.0,0.0,8.74872694847488,0.190837516,0.0047999637978478,0.016058538,0.0,0.0,11.10844098007429,0.0012806230683996,20.42677938906445,0
3285,0.0318464490071114,0.012136384599155,0.0,0.0,0.0,2.144386502,0.0,0.0,9.740987586934907,0.053717058,0.0047999637978478,0.0,0.0,2.331819504e-05,13.497256092010517,0.0001507705888962,25.485304125133474,0
3286,0.0015,0.0064579759845568,0.0,0.0,0.0,0.106461647,0.0,0.0,3.791081427713482,0.017301358,0.0250902206866122,0.0,0.0,0.0,4.346749237084599,0.000586672113178,8.295228538582428,0
3287,0.0207982245035557,0.0175702993303266,0.0,0.0,0.0,2.073918162,0.0,0.0,8.980177328079918,0.377147438,0.0067199547838928,2.929406385,0.0,0.0,33.433310988286316,0.0032567698146699,47.84230554979868,1
3288,0.0439046735106672,0.102797764698373,0.0,0.0,0.0,0.0,0.0,0.0,12.107088321709323,0.0,0.0028799796454351,0.672149688,0.0,0.0,9.818502624573021,4.50936237738052e-05,22.747368145760593,0
3289,0.0009975,0.0030798816490334,0.0,0.0,0.0,0.154879821,0.0,0.0,2.298674306374927,0.135799453,9.63542148163587e-06,0.07972077100000001,0.0,0.01448,2.896716160927357,1.50821329562134e-07,5.584357680194128,0
3290,0.0325457245035557,0.0030798816490334,0.0,0.0,0.0,0.901242415,0.0,0.0,12.439281110488132,1.219896845,0.0007772983346454,0.7033216659999999,0.0,0.00772,21.474725305435545,0.0014672045507407,36.784057450961654,1
3291,0.0432982245035557,0.0030798816490334,0.0,0.0,0.0,6.217379901,0.0,0.0,42.37719852333825,3.954483126,0.0038399751384576,0.6592266090000001,0.0,0.11714,39.642229257116206,0.0152293276276546,93.03310482537314,1
3292,0.0626669185462244,0.0030798816490334,0.0882140840491634,0.0,0.0,8.147641036,0.0,0.0,30.47351986810399,2.715379421,0.0,0.000397321,0.0,0.00016928571179,18.269228122419644,0.0,59.76029593847984,1
3293,0.0472336225177786,0.006702482829082,0.0,0.0,0.0,3.947514087,0.0,0.0,12.791392418589965,0.397341161,0.0038399751384576,0.005156419,0.0,0.06849428548468,21.7684525141228,0.0009293934920173,39.037056359174784,1
3294,0.0237732245035557,0.0030798816490334,0.0,0.0,0.0,2.603059907,0.0,0.0,12.118237746143135,3.10807524184648,0.0006280518061639,0.0,0.0,0.01001648340744,33.234901603575,1.77414191721967e-05,51.10178988134998,1
3295,0.0,0.0030798816490334,0.0,0.0,0.0,0.0,0.0,0.0,1.3599639259645127,0.110952068,3.50770343725085e-05,0.0,0.0,0.0030812049487200003,0.23310351551048009,5.49237221557118e-07,1.7102162223443405,0
3296,0.0212561225177786,0.0085137834191063,0.0,0.0,0.0,0.265424929,0.0,0.0,12.826778027504995,0.013950625,0.0019199841524126,0.0,0.0,0.0,20.417836130151834,0.0001022782416234,33.55578187998775,1
3297,0.0038489490071114,0.0266268022804481,0.0,0.0,0.0,0.0,0.0,0.0,8.693417851858008,0.062474696,0.0038399751384576,0.0,0.0,2.331819504e-05,3.7374112880630994,0.0001411756527242,12.52778405619489,0
3298,0.016985,0.0096774179043033,0.0,0.0,0.0,1.742235472,0.0,0.0,7.941145459581363,0.382702818,0.0039955291095118,0.025936576,0.0,0.0,6.641215388380877,6.25604944270706e-05,16.763956221470483,0
3299,0.003,0.0037646942628949,0.0,0.0,0.0,0.0,0.0,0.0,2.3142240263295877,0.175698138,0.0005909861848048,0.00325138,0.0,0.0,2.8433384273417293,0.0045928426417465,5.348460494760763,0
3300,0.0075,0.0030798816490334,0.0,0.0,0.0,0.388220418,0.0,0.0,3.9668132569103176,0.155249865,0.0009057706210673,0.0,0.0,0.0,4.2035492046275875,0.0010135654758163,8.726331962283822,0
3301,0.0047475,0.0030798816490334,0.0,0.0,0.0,1.768876988,0.0,0.0,3.4814633336339025,0.126040994,0.0005970066148228,0.0,0.0,0.0,2.2637191919126076,9.34774238987487e-06,7.648534243552756,0
3302,0.0,0.0030798816490334,0.0,0.0,0.0,0.0,0.0,0.0,1.3003007815673504,0.03836649,5.53182531162003e-05,0.0,0.0,0.0,0.4954744387931862,8.66133830915994e-07,1.8372777763965171,0
3303,0.0315507245035557,0.0030798816490334,0.0,0.0,0.0,1.002203573,0.0,0.0,13.339122570037132,0.255863881,0.0008860760929041,0.360920298,0.0,0.0,22.338174151028017,0.0006131182506003,37.33241427356124,1
3304,0.0,0.0030798816490334,0.0,0.0,0.0,0.08021083,0.0,0.0,0.6543224708259224,0.010456443,1.48289819965602e-06,0.021190673,0.0,0.0,6.455724598323768,2.31712408473563e-08,7.224986402868164,0
3305,0.0143007245035557,0.0085137834191063,0.0,0.0,0.0,2.396598124,0.0,0.0,28.737482449816255,0.52771893,0.0038399751384576,0.0,0.0,0.0,15.839493214721958,0.0011243392880179,47.52907154088735,1
3306,0.0105,0.0046796830295606,0.0,0.0,0.0,3.02731692,0.0,0.0,16.84988418283858,0.271685587,0.0010598758620831,0.0,0.0,0.0,21.06438563480525,1.65951192140282e-05,41.229528478654686,1
3307,0.008,0.0051157591971995,0.0,0.0,0.0,1.750058197,0.0,0.0,20.139684975768205,0.30648478,0.0013487744993581,0.0,0.0,0.0,13.215947461181706,0.0013561088965962,35.427996056543066,1
3308,0.02924,0.0048792061838074,0.0882140840491634,0.0,0.0,1.290836265,0.0,0.0,7.3144526635735145,0.780235038,0.0019072872636801,0.000665581,0.0,0.00554697327516,12.676581821671828,0.0007857735470774,22.19334469356423,0
3309,0.0,0.003079907571231,0.0,0.0,0.0,0.0,0.0,0.0,0.0021609419207856877,0.002592241,2.0500896769438e-08,0.0,0.0,0.00129,0.001295638387000536,3.29640597350135e-10,0.01041874970955459,0
3310,0.0372375,0.0030798816490334,0.0882140840491634,0.0,0.0,6.330422515,0.0,0.0,28.61246633697074,0.469205312,0.0019199841524126,0.0,0.0,4.6193993440949095,4.83448859482291,0.0002113765005292,44.9966449292397,1
3311,0.009495,0.0065141580641603,0.0,0.0,0.0,1.785019464,0.0,0.0,8.511069136534159,0.025443301,0.0,0.0,0.0,2.69753481301708,19.147781416132275,0.0,32.18285728874768,1
3312,0.0,0.0030823961021921,0.0,0.0,0.0,0.0,0.0,0.0,0.0047882156339268,0.00068824,0.0,0.0,0.0,0.56839411827762,0.009127289197731496,0.0,0.5860802592114704,0
3313,0.0018032245035557,0.0051665667043222,0.0,0.0,0.0,0.0,0.0,0.0,3.1185827634028866,12.146908451,0.0,0.0,0.0,1.1011127102002,0.6821759878403963,0.0,17.055749703651358,0
3314,0.0033032245035557,0.0055286220369667,0.0,0.0,0.0,0.079462864,0.0,0.0,1.351878714397626,0.159143757,0.0,0.0,0.0,11.243313229388681,0.176579300183089,0.0,13.019209711509918,0
3315,0.00275,0.0030987011644269,0.0,0.0,0.0,0.0,0.0,0.0,0.5931071161087241,0.014753403,5.44367145551144e-05,0.0,0.0,1.1482170357112607,0.9730082035608321,4.15292969437154e-06,2.734993049189493,0
3316,0.0,0.0031214997371383,0.0,0.0,0.0,0.0,0.0,0.0,0.8823600308201633,0.011762498,6.45504902947038e-05,0.0,0.0,5.179442183272299,1.8821849895212626,1.01075885320628e-06,7.958936762600011,0
3317,0.003,0.0030798816490334,0.0,0.0,0.0,0.088961102,0.0,0.0,1.7340293056860572,0.044985706,0.0015511525186337,0.002290839,0.0,0.0205083345239041,4.949843313410246,0.0002143074611432,6.848463942249017,0
3318,0.0024975,0.0030798816490334,0.0,0.0,0.0,0.0,0.0,0.0,2.5227576899044104,0.04543971,0.0019392754962727,0.180041291,0.0,0.02659,2.186421707210059,3.0364419479969e-05,4.968797419679255,0
3319,0.001995,0.0039150041251659,0.0,0.0,0.0,0.106461647,0.0,0.0,0.9959835813617566,0.337225604,0.0016819414063904,0.0,0.0,0.02225,0.5106852289481542,2.63352269226846e-05,1.9802243420683898,0
3320,0.00225,0.007471127829696,0.0,0.0,0.0,0.0,0.0,0.0,2.8029352461479142,0.773285119,0.0088440116963807,0.0,0.0,0.0228,21.567949727353017,0.0066013356490377,25.192136567676044,0
3321,0.0220507245035557,0.0059575589793422,0.0,0.0,0.0,2.50897927,0.0,0.0,14.06561368806363,0.074060607,0.0060713474119013,0.0,0.0,0.01693,8.976213103482333,0.0015741837742384,25.677450483215,0
3322,0.0,0.0033723791263247,0.0,0.0,0.0,0.0,0.0,0.0,0.7993120872817264,0.023611486,0.0006170974936568,0.0,0.0,0.02569,0.2341317154760896,9.66232757211583e-06,1.0867444277053697,0
3323,0.0083564490071114,0.0030798816490334,0.0,0.0,0.0,0.0,0.0,0.0,6.843470476060769,0.060880759,0.0005667541248233,0.050905382,0.0,0.0,3.721751963484941,8.87406692089852e-06,10.6890205393936,0
3324,0.0217982245035557,0.0030798816490334,5.31780738966075,0.0,0.0,2.662277221,0.0,0.0,13.95104645865696,0.201909543,0.0062337486824765,0.849307972,0.0,0.0,11.568376362910254,0.0008102745089007,34.58264707657193,1
3325,0.00425,0.0068455863204448,0.0,0.0,0.0,2.034451037,0.0,0.0,1.8762920014427995,0.641019840463257,0.0014255913595531,0.0,0.0,0.02225,5.283299781414293,0.0004319659979166,9.870265803998265,0
3326,0.0075,0.0057049059411444,0.0,0.0,0.0,1.296013452,0.0,0.0,11.246735862693557,0.109390587,0.0009937604700017,0.0,0.0,0.15886027407853,11.342717037170878,1.55599457094115e-05,24.16793143929982,0
3327,0.016995,0.0030798816490334,0.0,0.0,0.0,9.143734932,0.0,0.0,7.699354113951544,0.163245403,0.0,0.35040150700000006,0.0,0.12051121135184001,5.812023804535669,0.0,23.309345853488086,0
3328,0.0015,0.0030798816490334,0.0,0.0,0.0,0.0,0.0,0.0,1.0978190293290278,0.015045319,0.0,0.0,0.0,0.00032,0.6914113866666687,0.0,1.8091756166447297,0
3329,0.0015,0.0030798816490334,0.0,0.0,0.0,0.228737502,0.0,0.0,3.937166053739502,0.041399915,0.0,0.0,0.0,1.37826871771622,4.801937432490842,0.0,10.392089502595597,0
3330,0.0102661225177786,0.0030798816490334,0.0,0.0,0.0,0.134423434,0.0,0.0,6.242362666553285,0.039485472,0.0010311267711801,0.0,0.0,0.0,4.541718175551171,1.61450405623899e-05,10.972383024083012,0
3331,0.0150407245035557,0.0030798816490334,0.0,0.0,0.0,0.87882036,0.0,0.0,6.364395442684369,0.080993672,0.0043385091124645,0.0,0.0,0.0,15.868286763153112,0.0001997697477713,23.215155122850305,0
3332,0.0118871735106672,0.0394016983314846,0.0,0.0,0.0,0.240208157,0.0,0.0,16.157850147200094,0.099154456,0.0105597795824408,0.0,0.0,0.0,8.188519066869492,0.0002780012493158,24.747858479743496,0
3333,0.0138564490071114,0.0030798816490334,0.0,0.0,0.0,0.106461647,0.0,0.0,1.6480854957879052,0.136709601,0.0,0.0077042610000000004,0.0,0.0,3.4650958246705357,0.0,5.380993160114586,0
3334,0.0230507245035557,0.0030798816490334,0.0,0.0,0.0,0.582026274,0.0,0.0,4.920221050275168,566.973151961,0.0,0.213478571,0.0,0.0,6.6927258909292515,0.0,579.4077343533571,1
3335,0.0251014490071114,0.0030798816490334,0.0,0.0,0.0,0.535964947,0.0,0.0,2.8795367513376524,0.211268378,0.0001947926874709,0.001156085,0.0,0.0,6.109483461149012,0.0001546124481907,9.76594035827847,0
3336,0.012995,0.0030798816490334,0.0,0.0,0.0,1.911338158,0.0,0.0,6.826323995254899,0.257738006,0.0002899100148488,0.000583878,0.0,0.32770940099852,7.21641633013778,4.53928827562574e-06,16.556479099343356,0
3337,0.0095257245035557,0.0393054009277666,0.0882140840491634,0.0,0.0,0.503688374,0.0,0.0,7.81272698007259,0.018669575,0.0220795341570073,0.001402676,0.0,0.0,4.872907037520484,0.001057237581562,13.36957662381213,0
3338,0.014735,0.0266262838364978,0.0882140840491634,0.0,0.0,0.402084444,0.0,0.0,5.141479140299026,0.048940079,0.025919242783807,0.0,0.0,0.0,10.796199678558674,0.0011258631267952,16.545323815653962,0
3339,0.0005,0.0032116052956886,0.0,0.0,0.0,0.0,0.0,0.0,0.6293226986810736,0.003484943,0.0024559937657141,0.0,0.0,6.53968486254022e-06,0.8771302266384183,0.0002494196989087,1.516361426764666,0
3340,0.0104925,0.0051081251100323,9.41695476733342,0.0,0.0,0.564679066,0.0,0.0,3.294065348244612,0.057550662,0.0041055300879444,0.082087165,0.0,0.0,9.284503648469146,0.0006003627450121,22.720147174990167,0
3341,0.0,0.0033365373265958,1.09975261411423,0.0,0.0,0.212923294,0.0,0.0,0.5961059301850836,0.028542113,0.0013806738947313,0.063340523,0.0,0.0,0.8304446376080402,2.16180166395085e-05,2.8358479411453206,0
3342,0.001245,0.0067608466567794,4.54840631333253,0.0,0.0,0.088961102,0.0,0.0,1.1443467047843627,0.023429304,0.004292026745856,0.264151279,0.0,0.0,6.382343193035484,0.0020289357864957,12.465964705341507,0
3343,0.0,0.0035974053612538,2.32452925741646,0.0,0.0,0.0,0.0,0.0,2.0718989917682302,0.019570272,0.0010971533260422,0.0,0.0,0.040953729608540004,3.575023357413637,1.71788122750813e-05,8.036687345706438,0
3344,0.00975,0.0044747550971326,3.3236296700303,0.0,0.0,2.220982285,0.0,0.0,4.457085578020633,0.0322073,0.0029643408356414,0.1068266,0.0,0.01948283156955125,10.461212771658648,0.0006000505794047,20.639216182791312,0
3345,0.030495,0.0030798816490334,0.0,0.0,0.0,4.254433582,0.0,0.0,8.870186231061817,0.508470927,0.0007700273499246,0.338078654,0.0,0.00792,19.10072413160538,6.99294524098052e-05,33.11422836411856,1
3346,0.0,0.0030798816490334,0.0,0.0,0.0,0.307256408,0.0,0.0,0.810200920331803,0.059264217,1.04622909846699e-05,0.0,0.0,0.06016596783018,0.3463240961100454,1.63789850845941e-07,1.5863021170018974,0
3347,0.020495,0.0125810410141702,0.0,0.0,0.0,3.099561903,0.0,0.0,3.4944258994123087,0.032404175,0.0009367953115117,0.0,0.0,0.0,7.019801723384536,8.02037306480346e-05,13.680286740853175,0
3348,0.0092475,0.0083681913967824,0.0,0.0,0.0,0.644567759,0.0,0.0,3.3637439580295183,0.022932579,0.0004946114690917,0.0,0.0,0.0,5.233778942295262,7.74448982611075e-06,9.28314128568048,0
3349,0.0391014490071114,0.0030798816490334,0.0,0.0,0.0,3.356538021,0.0,0.0,15.539024475916479,0.190078691,0.0009599818257579,1.955129462,0.0,0.0,13.838404539772982,0.000253841759182,34.922570343930545,1
3350,0.0050532245035557,0.010308454919427,0.0,0.0,0.0,0.448888973,0.0,0.0,6.687152841452149,0.052710279,0.0093650488214082,0.719166209,0.0,0.0,4.631644805484432,0.0010888369077826,12.565378673088755,0
3351,0.0030532245035557,0.0048994903033602,0.0,0.0,0.0,0.0,0.0,0.0,2.483664047063448,0.026445899,0.0023574186204144,0.0,0.0,0.0,2.0838150394154886,3.69115438960221e-05,4.604272030450163,0
3352,0.0220989490071114,0.0302490794330278,0.0,0.0,0.0,1.037517754,0.0,0.0,8.893920666206842,0.286633071,0.0038399273030318,0.0,0.0,0.0,11.528847120567857,0.0005847237045554,21.803691291222425,0
3353,0.0141014490071114,0.0048911822390577,0.0,0.0,0.0,1.164197528,0.0,0.0,5.200449374724882,0.026315084,0.0095999344293279,1.202627329,0.0,0.0,10.033100976803256,0.0008588731176878,17.656141731321323,0
3354,0.0253871735106672,0.0030798816490334,0.0,0.0,0.0,2.174636562,0.0,0.0,15.271965784627255,0.084050773,0.0105598000833376,0.805026888,0.0,0.0,18.62478953269233,0.0010118291469062,37.000508224709534,1
3355,0.0067164490071114,0.0429285205517655,0.0,0.0,0.0,0.022143526,0.0,0.0,5.083871936508041,0.0,0.0508796381248105,0.066573855,0.0,0.0,5.485839449183226,0.0016621129398384,10.760615487314794,0
3356,0.001245,0.0043917133374042,0.0,0.0,0.0,0.0,0.0,0.0,1.5546721742940623,0.022371408,0.0186777315188351,0.0,0.0,0.0,3.4183027799884096,0.0026461600395104,5.0223069671782214,0
3357,0.0077982245035557,0.0030798816490334,0.0,0.0,0.0,0.797769346,0.0,0.0,6.155376477194668,0.167093661,0.0063064585296855,0.0,0.0,0.0,10.314124828457004,0.0005048880727987,17.452053765406745,0
3358,0.00675,0.0138209256433475,0.0,0.0,0.0,0.0,0.0,0.0,1.981398101753332,0.003448016,0.0065677424590119,0.020227465,0.0,0.0,4.004073715170783,0.0001028352603722,6.036388801286846,0
3359,0.0,0.0179217395230901,0.0,0.0,0.0,0.168588581,0.0,0.0,1.9094241301770944,0.004170424,0.009337891966821,0.043950375,0.0,0.0,3.6817405583371383,0.0006000822560448,5.8357337822601885,0
3360,0.0094975,0.0090637228393149,0.0,0.0,0.0,0.292842449,0.0,0.0,2.6486074064017475,0.007939671,0.0198102147236434,0.0,0.0,0.0,7.181103478374406,0.0004960989065362,10.169360541245648,0
3361,0.0050507245035557,0.0048898990902809,0.0,0.0,0.0,0.154588145,0.0,0.0,0.9509310698964071,0.003503687,0.0048079933157492,0.0,0.0,0.0,2.020422284082754,7.52817394552657e-05,3.1442690846282026,0
3362,0.0109975,0.0092048173603706,0.0,0.0,0.0,0.452389082,0.0,0.0,3.3252736130776066,0.039765988,0.017347899848092,0.0,0.0,0.0,3.8654149513678866,0.0013366554576031,7.721730507111559,0
3363,0.001485,0.004794038803883,0.0,0.0,0.0,0.0,0.0,0.0,1.1978357270040316,0.012097935,0.0037355640712108,0.0,0.0,0.0,4.395124695208215,0.0001493497083352,5.6152223097956755,0
3364,0.00125,0.0031052076360023,0.0,0.0,0.0,0.0,0.0,0.0,0.1751640441503851,0.004008239,0.0023644435943741,0.0,0.0,0.0,4.440575329149477,7.8323249910618e-05,4.62654558678015,0
3365,0.0,0.0030798816490334,0.0,0.0,0.0,0.0,0.0,0.0,0.3386231536467596,0.003627726,3.41681612823967e-08,0.0,0.0,0.0,0.03058307816194166,5.418089446222301e-10,0.37591387416770483,0
3366,0.009,0.0030798816490334,0.0,0.0,0.0,0.227433626,0.0,0.0,9.542763507841858,0.074013097,0.0,0.0,0.0,0.0,1.6014537003169367,0.0,11.457743812807829,0
3367,0.0,0.0030798816490334,0.0,0.0,0.0,0.0,0.0,0.0,0.0032170592548168763,8.41e-05,0.0,0.0,0.0,0.0,0.009671817592697834,0.0,0.01605285849654811,0
3368,0.0,0.0030798816490334,0.0,0.0,0.0,0.0,0.0,0.0,0.9684370292798952,0.013709061,0.0,0.001231485,0.0,0.0,0.3624325501799388,0.0,1.3488900071088674,0
3369,0.003,0.003499035329572,0.0,0.0,0.0,0.0,0.0,0.0,6.907344181792499,0.991327615,0.0001313902473953,0.0,0.0,0.0,17.79382418862366,2.05725069286333e-06,25.69912846824382,0
3370,0.0341471735106672,0.0112172094421656,0.0,0.0,0.0,18.7526572,0.0,0.0,55.557487455858926,4.367839543,0.0025507079087889,0.0,0.0,0.0,18.70589560014701,0.0062345635977133,97.43802945346526,1
3371,0.0056064490071114,0.0030798816490334,0.0,0.0,0.0,0.0,0.0,0.0,6.304353493819525,0.179467409,0.0,0.001624499,0.0,0.05443719982738,7.062113338975033,0.0,13.610682271278083,0
3372,0.0,0.0030798816490334,0.0,0.0,0.0,0.0,0.0,0.0,0.12624621116869333,0.00156106,0.0,0.0,0.0,0.0,0.0682390755107214,0.0,0.19912622832844812,0
3373,0.0160668470213343,0.0030798816490334,0.253774242735956,0.0,0.0,1.8264497,0.0,0.0,28.161571355208416,0.479745603,0.0,0.000483791,0.0,37.4890664193315,17.248189223154856,0.0,85.4784270631011,1
3374,0.0,0.0030798816490334,0.0,0.0,0.0,0.0,0.0,0.0,0.10463317806341654,0.008746541,3.55348877336926e-07,0.0,0.0,1.19185871543852,1.404145777197021,5.58177664611861e-09,2.7124644542786447,0
3375,0.005,0.0030798816490334,0.0,0.0,0.0,1.076557805,0.0,0.0,6.467400512589486,0.11238387,5.88580746250566e-05,0.0,0.0,21.091519205154,5.802178200298735,9.21524799943747e-07,34.55817925429068,1
3376,0.0524925,0.0030798816490334,0.0,0.0,0.0,4.783465104,0.0,0.0,18.891336147788703,0.229414604,0.0009483509836574,0.013520615,0.0,0.0,17.68379079859112,0.0005319553515839,41.6585799573641,1
3377,0.0,0.0030798816490334,0.0,0.0,0.0,0.406353256,0.0,0.0,0.1595250031452039,0.001403305,3.41681612823967e-08,0.0,0.0,0.0,0.030987506791170873,5.55595394913675e-10,0.6013489873091649,0
3378,0.0,0.0030798816490334,0.0,0.0,0.0,0.406353256,0.0,0.0,3.393584280788283,0.08022072,1.20955290939684e-06,0.0,0.0,0.0,0.4185625762357945,1.8892250121014e-08,4.301801943118271,0
3379,0.0,0.0030798816490334,0.302715457570975,0.0,0.0,1.334549284,0.0,0.0,3.0200496341556518,0.466295018,0.0,0.000231006,0.0,2.00814553605687,11.132440850156167,0.0,18.267506667588695,0
3380,0.00075,0.0030798816490334,0.49308443857349,0.0,0.0,0.0,0.0,0.0,1.8732915928524352,0.334306731,0.0,0.0,0.0,13.71538075442943,2.279689954027338,0.0,18.699583352531725,0
3381,0.0007475,0.0030798816490334,0.0,0.0,0.0,0.491337222,0.0,0.0,4.162886955319565,0.077650464,0.000182300807706,0.0,0.0,0.0,8.582809452000902,5.9177393408545e-05,13.318752953170614,0
3382,0.0125,0.0030798816490334,0.0,0.0,0.0,0.870201484,0.0,0.0,8.490385625464189,0.145165309,0.000637113202536,0.0,0.0,0.0,3.195222718284053,9.97572871071011e-06,12.717202107328522,0
3383,0.0269096735106672,0.0030798816490334,0.0,0.0,0.0,3.912101432,0.0,0.0,16.690312995569663,0.539596054,0.0016829664512289,0.0,0.0,0.08754,21.840916865595776,0.000488366107951,43.10262823488432,1
3384,0.0031596735106671,0.0030798816490334,0.0,0.0,0.0,0.0,0.0,0.0,1.9892483868546056,0.036744308,7.80400803689941e-06,0.0,0.0,0.0,0.8441137392583451,1.22192197332231e-07,2.8763539154728854,0
3385,0.0055,0.0030798816490334,0.0,0.0,0.0,1.061811053,0.0,0.0,2.441675074792767,0.183574488,1.13438295457557e-06,0.0,0.0,0.0,1.205515304711993,1.77162426639379e-08,4.901156954252991,0
3386,0.0,0.0030798816490334,0.0,0.0,0.0,0.0,0.0,0.0,0.1220420983365319,0.004064084,6.833632256479341e-09,0.0,0.0,0.0,0.11470708978914737,1.38817875790431e-10,0.24389316074716277,0
3387,0.0,0.0030798816490334,0.0,0.0,0.0,0.406353256,0.0,0.0,0.1053137625366791,0.019811771,0.0,0.0,0.0,0.0,0.04599797747924056,0.0,0.580556648664953,0
3388,0.0396014490071115,0.0030798816490334,0.0,0.0,0.0,32.27859419,0.0,0.0,19.798608733759767,0.507898316,0.0006782790032491,0.473062545,0.0,0.0,32.869299934172815,0.0009304515665479,85.97175378015852,1
3389,0.01575,0.0030798816490334,0.0,0.0,0.0,1.954271826,0.0,0.0,28.47936772136095,0.34298822,0.0003093243640895,0.0,0.0,0.0,8.040555491630949,4.84325458061138e-06,38.836327308259605,1
3390,0.0,0.0030798816490334,0.0,0.0,0.0,0.0,0.0,0.0,0.6861679583943845,0.014470324,0.0,0.0,0.0,0.0,1.4662320133375863,0.0,2.169950177381004,0
3391,0.04674,0.0030798816490334,0.0,0.0,0.0,2.988779766,0.0,0.0,56.52380587668607,1.054821231,0.0,0.00508806,0.0,0.0,17.444388313720776,0.0,78.06670312905588,1
3392,0.0167561225177786,0.0030798816490334,0.0,0.0,0.0,4.347438751,0.0,0.0,9.10186084225679,0.487332621,0.0,0.001792011,0.0,0.0,15.298543481889329,0.0,29.256803711312934,1
3393,0.0015,0.0030798816490334,0.0,0.0,0.0,2.107949424,0.0,0.0,3.4339183030776472,0.194055948,0.0,0.003298845,0.0,0.0,2.0327156548588543,0.0,7.776518056585535,0
3394,0.0604046735106672,0.0030798816490334,0.0,0.0,0.0,6.086669974,0.0,0.0,45.01368844500191,0.562702365,0.0,0.000821888,0.0,25.14179666654592,33.07900705275704,0.0,109.94817094646457,1
3395,0.0308514490071114,0.0030798816490334,0.0882140840491634,0.0,0.0,2.179866917,0.0,0.0,17.229480829355367,0.642778838,0.0,0.006255807,0.0,18.1996971611813,10.935915397259047,0.0,49.316140364501024,1
3396,0.00225,0.0030798816490334,0.0,0.0,0.0,0.097608672,0.0,0.0,0.9970506001112283,0.042434557,8.39170041095663e-06,0.014102697,0.0,0.27579394415131997,7.591552943688442,1.31382960153381e-07,9.023881818683394,0
3397,0.0208007245035557,0.0030798816490334,0.0,0.0,0.0,4.499944087,0.0,0.0,10.668790241019307,0.290318324,0.0003927561803088,0.33776911099999996,0.0,0.0122,9.317007230886247,0.0003676252360086,25.15066998147446,0
3398,0.0075,0.0784358156721178,0.0,0.0,0.0,0.061835258,0.0,0.0,37.63762358009121,0.0,0.0102606919994715,0.0,0.0,0.0,20.587112026080966,0.0001606580448719,58.38292802988864,1
3399,0.00375,0.0030956484399352,0.0,0.0,0.0,0.0,0.0,0.0,0.8032404462603729,0.0,2.14576052853451e-06,0.0,0.0,0.0,0.09577027958613119,3.3617339422513e-08,0.9058585536643072,0
3400,0.0108464490071114,0.0030798816490334,0.0,0.0,0.0,0.535189354,0.0,0.0,5.392962800800529,0.10266886,0.0003186932739131,0.0,0.0,0.0,6.806193288065962,4.98996117123779e-06,12.85126431675772,0
3401,0.0025532245035557,0.0030798816490334,0.0,0.0,0.0,0.010026849,0.0,0.0,1.7713933519172533,0.030897822,2.88652626513687e-05,0.0,0.0,0.0,0.3702592974296272,4.51935270279622e-07,2.188239743697391,0
3402,0.0441496735106672,0.0030798816490334,0.0,0.0,0.0,1.811907755,0.0,0.0,7.190192891423112,0.778772898138973,0.0,0.008680582,0.0,0.0,5.960071916809273,0.0,15.796855598531058,0
3403,0.0003032245035557,0.0030798816490334,0.0,0.0,0.0,0.260921386,0.0,0.0,0.5048826152791364,0.020343503,0.0,0.0,0.0,0.0,0.08915569679644804,0.0,0.8786863072281734,0
3404,0.004745,0.022059855983536,0.0,0.0,0.0,0.343106253,0.0,0.0,16.906119941698172,0.105245701,0.0061752596239933,0.0,0.0,0.0,19.342709381767197,0.0022469591108399,36.73240835218374,1
3405,0.0155,0.0034612853666955,0.0,0.0,0.0,1.993885452,0.0,0.0,5.156691488052765,0.014919364,0.0001240919281454,0.0,0.0,0.0,1.4541084641146809,1.94300185008931e-06,8.638692088464136,0
3406,0.0032475,0.0030798816490334,0.0,0.0,0.0,0.574718662,0.0,0.0,5.182045690396093,0.461709347,3.84255141781833e-05,0.005168067,0.0,0.0,10.72703804527628,6.01656655813233e-07,16.95704622049224,0
3407,0.0423489490071114,0.0030798816490334,0.0,0.0,0.0,3.978383301,0.0,0.0,48.272860100170114,3.119546131,0.0017541592320769,0.000907729,0.0,0.0,14.455239211648264,0.0041662421588989,69.8782857048655,1
3408,0.00225,0.0030798816490334,0.0,0.0,0.0,0.406353256,0.0,0.0,1.2878594869196904,0.093871421,1.653739006068e-06,0.002705686,0.0,0.0,6.9452915208273955,2.58689070477514e-08,8.741412932004033,0
3409,0.0402932245035557,0.0030798816490334,0.0,0.0,0.0,5.640473172,0.0,0.0,34.26462831799063,1.485814204,0.0004139199394072,0.009618275,0.0,0.0,10.440163176680986,0.0004542921940363,51.884938463957646,1
3410,0.116814347021334,0.0030798816490334,0.0,0.0,0.0,10.38222659,0.0,0.0,73.09633199219115,3.338490114,0.0038393532779223,0.0,0.0,0.0,33.9261303697215,0.0136930638819342,120.88060571174287,1
3411,0.0139071735106672,0.0030798816490334,0.0,0.0,0.0,2.768455404,0.0,0.0,10.030643362318113,0.185529297,0.0,0.011476409,0.0,0.90466159160722,6.207041794011809,0.0,20.124794913096842,0
3412,0.0,0.0030798816490334,0.0,0.0,0.0,0.0,0.0,0.0,2.13809904915378,0.022229042,0.0,0.0,0.0,1.31623413990152,2.3045721192849498,0.0,5.784214231989283,0
3413,0.0,0.0030798816490334,0.0,0.0,0.0,0.0,0.0,0.0,2.277984422017749,0.058889937,0.0,0.000249072,0.0,0.0,2.3547806015908366,0.0,4.6949839142576195,0
3414,0.00899,0.0030798816490334,0.511306586146587,0.0,0.0,1.450038799,0.0,0.0,22.50182763051999,0.685395423,0.0,0.000124739,0.0,12.3206913221464,8.572088015340418,0.0,46.053542396802435,1
3415,0.03275,0.0030798816490334,0.0,0.0,0.0,1.461352796,0.0,0.0,24.702311383697438,0.056102548,0.0,0.0,0.0,2.25458963527096,17.912650644239726,0.0,46.422836888857155,1
3416,0.0179975,0.0030798816490334,0.0,0.0,0.0,0.604431016,0.0,0.0,16.25527606570273,0.030177593,0.0,0.0,0.0,5.298576184e-05,3.4016077862967373,0.0,20.31262282841034,0
3417,0.0170507245035557,0.0030798816490334,0.0,0.0,0.0,2.181033212,0.0,0.0,22.294429490765616,0.060273464,0.000859588934278,0.252520546,0.0,0.03199019802918,13.016769095179319,0.0004844349726287,37.85849063603361,1
3418,0.0393539490071114,0.0030798816490334,0.0,0.0,0.0,3.303625675,0.0,0.0,17.577983094230227,0.515146174,0.0012387530200287,0.207720748,0.0,0.0002775775171,16.557147265634093,0.0009747010991818,38.206547819156775,1
3419,0.0125482245035557,0.0030798816490334,0.0,0.0,0.0,2.098996702,0.0,0.0,14.245358917546714,0.270328414,0.0003411212549789,0.143376244,0.0,0.0,3.371224265834491,5.34111643791084e-06,20.14525911190521,0
3420,0.011495,0.0103018590828129,0.0,0.0,0.0,0.402180077,0.0,0.0,7.19060776408042,0.064920807,0.0023497171168614,0.0,0.0,0.0,7.50803228564958,3.67910181992599e-05,15.189924300947874,0
3421,0.0,0.0030802862083395,0.0,0.0,0.0,0.0,0.0,0.0,0.214347252060288,0.000490366,1.36672645129587e-07,0.0,0.0,0.0,0.010812352669096342,2.0989993836601204e-09,0.22873039570936837,0
3422,0.0,0.0030798816490334,0.0,0.0,0.0,0.0,0.0,0.0,0.37243856530068603,0.068885051,8.54204032059917e-07,0.0,0.0,0.0,1.528935692142402,1.33925323917089e-08,1.973340057688686,0
3423,0.002745,0.0030798816490334,0.0,0.0,0.0,0.114368751,0.0,0.0,2.594912307701563,0.346973566,2.17036160465784e-05,0.00170359,0.0,0.0,0.5603732929410128,3.39786704811415e-07,3.6241784326943605,0
3424,0.0171014490071114,0.0030798816490334,0.0,0.0,0.0,2.032328846,0.0,0.0,5.275184152872766,0.565108167,5.9876285831272e-05,0.010089481,0.0,0.0,11.797620203780092,9.37511096821938e-07,19.70057299510593,0
3425,0.0,0.0030798816490334,0.0,0.0,0.0,0.114368751,0.0,0.0,0.3849552870842566,0.037742627,2.66511658002694e-07,0.0,0.0,0.0,0.13680739152759452,4.1819331828700805e-09,0.6769542089544757,0
3426,0.0,0.0030798816490334,0.0,0.0,0.0,0.0,0.0,0.0,0.004159210333324699,0.000247381,0.0,0.0,0.0,0.0,0.002719951993241196,3.3008123296827097e-13,0.010206424975929378,0
3427,0.0082982245035557,0.0030798816490334,0.0,0.0,0.0,0.406353256,0.0,0.0,12.5372378423668,0.135747295,0.0,0.001736521,0.0,0.053706376507819995,4.177721195745136,0.0,17.323880592772344,0
3428,0.0015,0.0030798816490334,0.0,0.0,0.0,0.0,0.0,0.0,0.6728776700864728,0.181215563,0.0,0.0,0.0,3.08231784715116,1.94975176143397,0.0,5.890742723320637,0
3429,0.0078032245035557,0.0030798816490334,0.0,0.0,0.0,0.545432924,0.0,0.0,3.8997146754747076,0.561206379,0.0,0.009023762000000001,0.0,27.011699246955,2.2342313771583164,0.0,34.272191470740616,1
3430,0.03525,0.0030798816490334,0.0,0.0,0.0,2.279193338,0.0,0.0,27.295216237375087,0.48853567,0.0,0.0,0.0,0.00449,46.57622669904536,0.0,76.68199182606948,1
3431,0.0197475,0.0030798816490334,0.0,0.0,0.0,5.980630294,0.0,0.0,23.730011452217283,0.423287047,0.0,0.0,0.0,0.0,10.137442128147333,0.0,40.29419830301365,1
3432,0.0144975,0.0030798816490334,0.0,0.0,0.0,1.971838346,0.0,0.0,27.167225582174154,1.234587397,5.11770719687738e-05,0.0,0.0,0.0,5.580703492560497,8.01292357897586e-07,35.97198417774801,1
3433,0.0165161225177786,0.0030798816490334,0.0,0.0,0.0,1.706081951,0.0,0.0,8.245476165172164,0.543910995,0.0,0.0,0.0,0.00145846151696,10.492030649270298,0.0,21.008554226126233,0
3434,0.0075,0.0030798816490334,0.0,0.0,0.0,0.730546059,0.0,0.0,5.684987350632636,0.388576446,0.0,0.0,0.0,0.00059901098018,1.6682060934780956,0.0,8.483494841739946,0
3435,0.027495,0.0070503198363914,0.0,0.0,0.0,4.392604317,0.0,0.0,26.724261455185605,0.383400753,0.0008417326531918,0.0,0.0,0.0,46.220917727930185,0.0008051200844492,77.75737642568983,1
3436,0.0015,0.0039199034204956,0.0,0.0,0.0,0.0,0.0,0.0,18.002398131759165,0.176351474,0.0001780844566038,0.0,0.0,0.0,4.2467098578287725,2.78840305146881e-06,22.431060239868092,0
3437,0.0025532245035557,0.0030798816490334,0.0,0.0,0.0,1.053094139,0.0,0.0,16.286974128009998,0.050051514,0.000592749261927,0.0,0.0,16.73187942879788,11.719614559279512,9.28102925998489e-06,45.847848905531166,1
3438,0.0039975,0.0030798816490334,0.0,0.0,0.0,0.0,0.0,0.0,16.285990014614843,0.132169469,0.0,0.002140841,0.0,35.1654724568023,18.948672299066498,0.0,70.54152246213268,1
3439,0.0263996735106672,0.0030798816490334,0.0,0.0,0.0,3.549048998,0.0,0.0,30.137948238209702,2.819092984,0.0,0.0,0.0,0.0,13.283109154383332,0.0,49.818678929752735,1
3440,0.0033514490071114,0.0030798816490334,0.0,0.0,0.0,0.853484252,0.0,0.0,7.9452630428689694,0.61296737,1.26148851454609e-05,0.002288008,0.0,0.0,2.407314702366989,1.97526869123048e-07,11.827761518304117,0
3441,0.0,0.0030798816490334,0.0,0.0,0.0,0.0,0.0,0.0,0.2032678545352677,0.005329292,0.0,0.0,0.0,0.0,0.3798617638599151,0.0,0.5915387920442162,0
3442,0.0195,0.0030798816490334,0.0882140840491634,0.0,0.0,5.350002828,0.0,0.0,48.80345547930116,2.8001878620575402,0.0,0.00458161,0.0,0.00024037735852,13.243459686732407,0.0,70.31272180914783,1
3443,0.0015,0.0030798816490334,0.0,0.0,0.0,0.0,0.0,0.0,0.6656884849759515,0.008808756,6.90196857904413e-07,0.000792223,0.0,0.0,3.176491481391612,1.08371714294376e-08,3.8563615280506256,0
3444,0.0493489490071115,0.0030798816490334,0.0,0.0,0.0,2.392090009,0.0,0.0,43.16095508785433,0.45513746,0.0018477594930939,0.005485163,0.0,0.0,15.983418132026761,0.0006364373768937,62.05199887940723,1
3445,0.0187053980142229,0.0030798816490334,0.0,0.0,0.0,1.624745286,0.0,0.0,12.382092033951231,0.415532133,0.0,0.657043753,0.0,0.07075,13.798706191034146,0.0,28.970654676648635,1
3446,0.0,0.0030798816490334,0.0,0.0,0.0,0.0,0.0,0.0,0.1528970030457873,0.004240725,0.0,0.0,0.0,0.0,0.009200643440499453,0.0,0.16941825313532016,0
3447,0.0,0.0030798816490334,0.0,0.0,0.0,0.0,0.0,0.0,0.0482636415755755,0.016053851,0.0,0.0,0.0,0.0,0.346368469454545,0.0,0.4137658436791539,0
3448,0.0943564490071114,0.0030798816490334,0.0,0.0,0.0,15.36066383,0.0,0.0,60.3580621829781,8.812862043,0.0,0.0,0.0,0.0,29.289944598751593,0.0,113.91896898538583,1
3449,0.01025,0.0030798816490334,0.0,0.0,0.0,3.140930967,0.0,0.0,14.14487563597943,0.520788174,0.000145583701592,0.0,0.0,0.0,5.440178588592566,2.27950718426352e-06,23.260251110429806,0
3450,0.0062475,0.0030798816490334,0.0,0.0,0.0,1.390691468,0.0,0.0,0.9627405650194953,0.004319732,2.09792510273916e-06,0.0,0.0,0.0,2.714137960237318,3.28551783109516e-08,5.0812192376861285,0
3451,0.0238439490071114,0.0030798816490334,0.0,0.0,0.0,7.523625392,0.0,0.0,53.94457100988956,0.180471023,0.0036625262096536,0.0,0.0,0.0,14.673417337240792,0.0152483986053109,76.36791951760146,1
3452,0.03674,0.0030798816490334,0.0,0.0,0.0,2.324201663,0.0,0.0,19.320772642595582,0.18506263,0.0003973620484497,0.055302994,0.0,0.0,8.803778642382603,6.22173544740957e-06,30.729342037411115,1
3453,0.0549503980142229,0.0030798816490334,0.0,0.0,0.0,10.10206703,0.0,0.0,44.04712396461974,3.781618863,0.0,0.0,0.0,0.0,14.075683043294424,0.0,72.06452318057742,1
3454,0.0157907245035557,0.0030798816490334,0.0,0.0,0.0,2.890073693,0.0,0.0,55.52048927013395,3.316013989,0.0003691938162885,0.004784072,0.0,0.0,20.01035495602175,0.0019682522201623,81.76292403234474,1
3455,0.0,0.0030798816490334,0.0,0.0,0.0,0.0,0.0,0.0,0.5976957741922724,0.052090656,0.0,0.0,0.0,0.0,0.3675449873255211,0.0,1.0204112991668268,0
3456,0.00075,0.0030798816490334,0.0,0.0,0.0,0.0,0.0,0.0,0.2360357153893466,0.005904064,4.03184303132281e-07,0.0,0.0,0.0,2.4750764187031735,6.332555266062411e-09,2.720846489258412,0
3457,0.0244925,0.0030798816490334,0.0,0.0,0.0,2.979434891,0.0,0.0,13.666437027152133,0.307251382,0.001095308245333,0.007138705,0.0,0.0,11.594515908018517,0.0009947513701606,28.584440354435177,1
3458,0.0479021735106672,0.0030798816490334,0.0,0.0,0.0,4.975049389,0.0,0.0,49.49443106462769,2.149782712,0.0024807520153793,0.0,0.0,0.0,23.51091050082799,0.0023815371870598,80.18601801081782,1
3459,0.0070532245035557,0.0030798816490334,0.0,0.0,0.0,0.0,0.0,0.0,4.525390857445671,0.370879504,0.0,0.005145747,0.0,0.0,2.967438728441746,0.0,7.878987943040006,0
3460,0.0255,0.0030798816490334,0.0,0.0,0.0,4.772971242,0.0,0.0,80.74872787426754,3.736442951,0.0,0.002558875,0.0,0.0,22.148069193556772,0.0,111.43735001747336,1
