Grid ID 2019,Easting,Northing,Zone,Borough,co2_Accidental Fires,co2_Agriculture,co2_Aviation,co2_Biomass,co2_Commercial Cooking,co2_Construction,co2_Forestry,co2_Gas Leakage,co2_Heat and Power Generation,co2_Industrial Processes,co2_Machinery,co2_Rail,co2_Resuspension,co2_River,co2_Road Transport,co2_Waste,nox,pm10,pm2.5,nox_hotspot,nox_predicted,nox_residual
1,510500,203500,Non GLA,Non GLA,0.0,6.8846510304779,0.0,0.0,0.0,0.0,0.0,0.01084,1100.7940207309364,0.038108028,1.0590754430191,0.0,0.0,0.0,104.09716403313531,0.0,1.3408235823808872,0.1626532137312242,0.1215331109588346,0,2.4108208924398813,-1.0699973100589941
2,511500,203500,Non GLA,Non GLA,0.0,8.13640583114934,0.0,0.0,0.0,0.0,0.0,0.01866,437.0926419352197,7.285451888,0.117675328444377,0.0,0.0,0.0,22980.04108709028,0.0,45.66547871915479,9.893811883040936,2.3497477510830542,1,49.2909220375507,-3.6254433183959094
3,512500,203500,Non GLA,Non GLA,0.0,9.07511239305904,0.0,0.0,0.0,0.0,0.0,0.0181,724.0553574454473,6.038537882,0.353020959372535,0.0,0.0,0.0,10649.026486727424,0.0,19.84172253921843,4.926729502805884,1.1250896291225752,0,24.19223299306733,-4.350510453848898
4,515500,203500,Non GLA,Non GLA,0.0,8.13640583114934,0.0,0.0,0.0,0.0,0.0,0.109,2042.915301074886,4.881539879,1.76512573836516,521.3287424499999,0.0,0.0,103.75145011019266,0.0,5.732810234799689,0.4856761830616459,0.3700986940984928,0,5.773959538231892,-0.0411493034322028
5,516500,203500,Non GLA,Non GLA,0.0,8.86648970307189,0.0,0.0,0.0,0.0,0.0,0.04929,1917.369786581076,0.187626119,1.76510479686268,331.71484384,0.0,0.0,93.67376286486672,0.0,4.426323978859172,0.3555026089027707,0.2701663273911415,0,4.659287209227664,-0.2329632303684912
6,517500,203500,Non GLA,Non GLA,0.0,5.21564487839264,0.0,0.0,0.0,0.0,0.0,0.11075,2050.9214364897134,0.105358678,4.35397626286067,0.0,0.0,0.0,263.9075343271936,0.0,2.140014843242508,0.3293370215716878,0.2414751682702318,0,2.4779880609975447,-0.3379732177550365
7,518500,203500,Non GLA,Non GLA,0.0,4.58976710484196,0.0,0.0,0.0,0.0,0.0,0.22114,2491.329680502257,1.787892864,3.76560129595898,0.0,0.0,0.0,9347.413167388971,0.0,18.35199688706997,4.389074752001415,1.12543954535715,0,21.94239601540131,-3.5903991283313417
8,519500,203500,Non GLA,Non GLA,0.0,9.90960539229746,0.0,0.0,0.0,0.0,0.0,0.03693,671.8754237113124,0.0,0.0,0.0,0.0,0.0,13503.452900395365,0.0,26.737096568266768,5.656893217096815,1.3282413611237769,0,30.06888121165303,-3.3317846433862606
9,508500,202500,Non GLA,Non GLA,0.0,7.92768461240995,0.0,0.0,0.0,0.0,0.0,0.01767,1406.9622363133622,0.746322236,0.941389224993427,70.79293694,0.0,0.0,14994.031328037498,0.0,28.387860805732508,6.17295628024127,1.3392621328083825,1,33.92605514376224,-5.538194338029733
10,509500,202500,Non GLA,Non GLA,0.0,5.3199577162461,0.0,0.0,0.0,0.0,0.0,0.11556,2172.060665404136,0.0,5.06002655820674,0.0,0.0,0.0,15455.908137170378,0.0,29.85060045227089,6.971323184590078,1.946760646597639,1,33.89970211817769,-4.049101665906804
11,510500,202500,Non GLA,Non GLA,0.0,9.49247272324429,0.0,0.0,0.0,0.0,0.0,0.00531,1042.5886471688675,0.0,0.117675328444377,0.0,0.0,0.0,13958.989205301872,0.0,26.39603592617823,5.7057120206991,1.2053400477029423,0,31.466250411266174,-5.070214485087945
12,511500,202500,Non GLA,Non GLA,0.0,9.28384704753737,0.0,0.0,0.0,0.0,0.0,0.00564,830.0035203959566,0.0,0.353025147673033,0.0,0.0,0.0,9144.034562635532,0.0,23.71087424653338,3.2511641413160857,1.019517555278546,0,21.226692069040645,2.484182177492734
13,512500,202500,Non GLA,Non GLA,0.0,2.71210243413237,0.0,0.0,0.0,0.0,0.0,0.24569,3795.1651874327913,0.3580611,8.11948039024811,0.0,0.0,0.0,7712.040868985773,0.0,17.935725182038382,4.220669048941154,1.3533830796239643,0,18.494352497121113,-0.558627315082731
14,513500,202500,Non GLA,Non GLA,0.0,2.60782243919632,0.0,0.0,0.0,0.0,0.0,0.10989,2105.646782519319,0.500395701,5.64840152510843,1.531381991,0.0,0.0,13731.278318583962,0.0,25.25347706160496,5.773702214432368,1.3083012193387695,0,29.67499805467832,-4.421520993073358
15,514500,202500,Non GLA,Non GLA,0.0,8.24071866900279,0.0,0.0,0.0,0.0,0.0,0.01401,779.7430326146017,0.025124728,0.47070047611741,0.498707803,0.0,0.0,12767.1081028562,0.0,23.29822133508032,5.199779059256922,1.087560780982992,0,28.4182429965742,-5.12002166149388
16,515500,202500,Non GLA,Non GLA,0.0,5.84152190551339,0.0,0.0,0.0,0.0,0.0,0.10672,523.3240568446872,32.29471686,1.41210059069213,852.28813462,0.0,0.0,14008.422841405489,0.0,33.26484399799868,6.428106627362471,1.7576381755416213,1,34.35543634628556,-1.0905923482868758
17,516500,202500,Non GLA,Non GLA,0.0,7.82337326741637,0.0,0.0,0.0,0.0,0.0,7e-05,648.3621709511751,0.0,0.117673653124178,0.0,0.0,0.0,12780.003386933422,0.0,23.482131533247266,5.151413018658812,1.0393695387687645,0,28.29041196078719,-4.808280427539923
18,517500,202500,Non GLA,Non GLA,0.0,7.30190238189173,0.0,0.0,0.0,0.0,0.0,0.03223,794.4448680876293,2.532952381,2.1181508860382,0.0,0.0,0.0,13444.601566558233,0.0,25.22562488699935,5.603940749867604,1.2397520531372284,0,29.165531397535382,-3.9399065105360336
19,518500,202500,Non GLA,Non GLA,0.0,9.70109914538114,0.0,0.0,0.0,0.0,0.0,0.00412,732.6660162253972,0.0,0.47070047611741,0.0,0.0,0.0,7869.897976121249,0.0,16.522006504340045,3.6143807036877327,0.9041084691982584,0,18.326268035459144,-1.8042615311190993
20,519500,202500,Non GLA,Non GLA,0.0,9.49235926589322,0.0,0.0,0.0,0.0,0.0,0.00264,650.4149746844862,0.0,0.588368265620892,0.0,0.0,0.0,1601.3835677661918,0.0,5.111318360361932,0.8040176151541406,0.2921708634560566,0,5.253177793329732,-0.14185943296779957
21,520500,202500,Non GLA,Non GLA,0.0,8.86659569612354,0.0,0.0,0.0,0.0,0.0,0.0076,633.9850430742526,0.0,0.47070047611741,0.0,0.0,0.0,17398.677834433136,0.0,34.63406767398376,6.856546610788457,1.4707853704779164,1,37.700839748348834,-3.066772074365076
22,507500,201500,Non GLA,Non GLA,0.0,8.65784909876615,0.0,0.0,0.0,0.0,0.0,0.00148,1034.666843653939,0.0,0.470693774836614,0.0,0.0,4.18267,13040.54273778002,0.0,24.57335466587108,6.400588194219771,1.617141245804132,0,29.49031019385162,-4.916955527980541
23,508500,201500,Non GLA,Non GLA,0.0,2.08621197127268,0.0,0.0,0.0,0.0,0.0,0.23181,4231.568345050791,1.147448821,8.94310633248671,652.138268,0.0,1.43504,5161.927501421128,0.0,15.6376547981609,2.958442779091267,1.2025579341833836,0,16.488232814042973,-0.850578015882073
24,509500,201500,Non GLA,Non GLA,0.0,2.92071989910993,0.0,0.0,0.0,0.0,0.0,0.25518,5074.63421122263,5.213657021,8.00179082158204,0.0,0.0,0.0,765.2483383112024,0.0,4.750070558693368,1.102874976354449,0.8604898079779838,0,5.6149920908384034,-0.8649215321450354
25,510500,201500,Non GLA,Non GLA,0.0,2.71209720912278,0.0,0.0,0.0,0.0,0.0,0.22952,5598.254597135204,4.310479073,8.35481094329447,0.0,0.0,0.0,1203.648010133843,0.0,6.768383419029374,1.295579421174022,0.9198507262869292,0,6.800278947063721,-0.031895528034347365
26,511500,201500,Non GLA,Non GLA,0.0,5.73712845322628,0.0,0.0,0.0,0.0,0.0,0.09587,2525.577419840217,0.785925132,2.94183462682366,0.0,0.0,0.0,4039.755903137622,0.0,12.371246744535568,2.105207941723238,0.813333535709338,0,11.366421985578878,1.0048247589566905
27,512500,201500,Non GLA,Non GLA,0.0,1.35603778132724,0.0,0.0,0.0,0.0,0.0,0.09474,1612.7634452493205,5.012856324,4.94224317160952,0.741360053,0.0,0.0,6739.215593588708,0.0,17.30506129367183,2.240942469376972,0.7904072787498866,0,14.891244668488277,2.4138166251835536
28,513500,201500,Non GLA,Non GLA,0.0,4.38108022187986,0.0,0.0,0.0,0.0,0.0,0.03502,1069.6809435488117,0.025660689,1.05906036513731,1.28503783,0.0,0.0,155.46864518348272,0.0,1.497692609815236,0.2072975854891794,0.1514110054076441,0,2.20632532394427,-0.7086327141290341
29,514500,201500,Non GLA,Non GLA,0.0,8.03198028237476,0.0,0.0,0.0,0.0,0.0,0.00737,684.9391211461859,0.0,0.82371389654905,0.0,0.0,0.0,124.06828670744294,0.0,1.6539270339976206,0.1916349485540918,0.1425389389296486,0,2.1662194700142656,-0.512292436016645
30,515500,201500,Non GLA,Non GLA,0.0,7.61473415597052,0.0,0.0,0.0,0.0,0.0,0.03953,1117.47216299237,0.0,1.17673401826149,860.76509597,0.0,0.0,1118.4617772638994,0.0,11.113920267064344,1.2741712429971557,0.739323652458939,0,8.538111012964915,2.575809254099429
31,516500,201500,Non GLA,Non GLA,0.0,6.36294651238167,0.0,0.0,0.0,0.0,0.0,0.00942,563.7643776177177,0.8999072,1.76508636834049,0.0,0.0,0.0,894.3496638467059,0.0,3.3407586714511406,0.6448970976602598,0.289525539026723,0,3.0998570347378465,0.24090163671329412
32,517500,201500,Non GLA,Non GLA,0.0,7.71904550096409,0.0,0.0,0.0,0.0,0.0,0.00122,974.920993053717,0.0,2.47114085198705,0.0,0.0,0.0,199.22606702922295,0.0,2.3048028121788597,0.2686528486515048,0.1867615737013818,0,1.9542854654543937,0.350517346724466
33,518500,201500,Non GLA,Non GLA,0.0,5.52850576323913,0.0,0.0,0.0,0.0,0.0,0.13496,1824.9803581767792,1.822846825,3.17718193307202,0.0,0.0,0.0,698.9485564777973,0.0,4.031490019022574,0.652427506334525,0.3457823144133521,0,3.6171946574048413,0.41429536161773317
34,519500,201500,Non GLA,Non GLA,0.0,8.34484788509072,0.0,0.0,0.0,0.0,0.0,0.00271,730.626940377345,0.0,0.353017608732137,0.0,0.0,0.0,102.00993107741188,0.0,2.213231664689715,0.2439436159646352,0.1855563772920327,0,2.1998909946272747,0.013340670062440552
35,520500,201500,Non GLA,Non GLA,0.0,9.2837171687276,0.0,0.0,0.0,0.0,0.0,0.00283,639.5221133050912,0.0,0.470693774836614,0.0,0.0,0.0,192.85840148001557,0.0,2.438482088050642,0.2817742712062538,0.1969327747338977,0,2.3432214711428507,0.0952606169077912
36,521500,201500,Non GLA,Non GLA,0.0,10.3268313650933,0.0,0.0,0.0,0.0,0.0,0.00085,860.974936033487,0.0,0.235346468588257,0.0,0.0,0.0,15907.251265888744,0.0,31.412993012368364,6.273796589986273,1.3254561435419223,1,35.06246022803343,-3.649467215665066
37,543500,201500,Non GLA,Non GLA,0.0,8.97078313374687,0.0,0.0,0.0,0.0,0.0,0.00482,1149.9423100046447,0.0,0.588366590300693,0.0,0.0,0.0,96.91021061805738,0.0,2.0896416176015893,0.12055675443508,0.082545341460778,0,1.940032918730413,0.14960869887117623
38,544500,201500,Non GLA,Non GLA,0.0,7.82335759238761,0.0,0.0,0.0,0.0,0.0,0.00939,1371.9637661193108,1.934739293,1.52975413997392,0.0,0.0,0.0,10114.417195570784,0.0,21.97869121579282,3.978169204913982,0.9302889031468068,0,22.332323350664396,-0.3536321348715745
39,545500,201500,Non GLA,Non GLA,0.0,2.29483316839995,0.0,0.0,0.0,0.0,0.0,0.19108,5252.549620601101,0.774611456,7.64870955068234,0.0,0.0,0.0,1362.5791657736654,0.0,5.110000242168447,1.291029157417727,0.8768767420124958,0,5.913640085337678,-0.8036398431692309
40,507500,200500,Non GLA,Non GLA,0.0,7.40621521974519,0.0,0.0,0.0,0.0,0.0,0.00181,440.736733723836,0.0,0.823725623790443,0.0,0.0,0.0,13335.230053823005,0.0,25.92521936809847,5.712233359518832,1.4014282439816057,0,29.243044693237813,-3.317825325139342
41,508500,200500,Non GLA,Non GLA,0.0,4.90264739686691,0.0,0.0,0.0,0.0,0.0,0.16755,2409.48123039061,0.429103295,5.53066085917628,735.4173137,0.0,5.24781,2398.661379150911,0.0,11.249659395873053,1.8424227529460575,0.9176876767298924,0,10.72066676828274,0.5289926275903127
42,509500,200500,Non GLA,Non GLA,0.0,3.12938662846361,0.0,0.0,0.0,0.0,0.0,0.26699,2977.485313566732,0.231013329,2.82420118138426,0.0,0.0,0.0,614.9947092675804,0.0,4.067083763211262,0.5000393502294526,0.3137299123301479,0,4.957236566211758,-0.8901528030004959
43,510500,200500,Non GLA,Non GLA,0.0,0.312938513560373,0.0,0.0,0.0,0.0,0.0,0.32307,7036.2051537624175,0.224114545,10.3554037733022,0.0,0.0,0.0,2324.4264851834632,0.0,9.909342667699336,2.0224285237961563,1.324171762455114,0,9.822246702726659,0.08709596497267746
44,511500,200500,Non GLA,Non GLA,0.0,1.98194466564563,0.0,0.0,0.0,0.0,0.0,0.30805,5544.278084222812,0.0,9.06097767339438,0.0,0.0,0.0,3599.1891754011654,0.0,12.538780851941317,2.552578993345873,1.5138768507830809,0,11.539549887598548,0.9992309643427681
45,512500,200500,Non GLA,Non GLA,0.0,2.50347899771527,0.0,0.0,0.0,0.0,0.0,0.07869,2324.257658977563,1.548131789,3.64788240918943,2.024041204,0.0,0.0,7292.102051855954,0.0,18.99998630025808,2.4599534353945414,0.8983292534168784,0,17.230458018815746,1.7695282814423337
46,513500,200500,Non GLA,Non GLA,0.0,7.40621521974519,0.0,0.0,0.0,0.0,0.0,0.00097,850.4186538792139,0.0,0.353025147673033,0.0,0.0,0.0,129.28083109195506,0.0,1.9611418763216208,0.19977335314553,0.146705483726146,0,2.4378064494045244,-0.47666457308290355
47,514500,200500,Non GLA,Non GLA,0.0,9.28384704753737,0.0,0.0,0.0,0.0,0.0,0.0008,1112.5097047055838,0.0,0.941400114574721,0.0,0.0,0.0,41.861441180581984,0.0,2.817685260796908,0.1863769999266067,0.1514304245962403,0,2.5156235156803852,0.30206174511652284
48,515500,200500,Non GLA,Non GLA,0.0,6.36308609478068,0.0,0.0,0.0,0.0,0.0,0.10672,2567.629804783208,0.030701682,3.88327662440336,36.497183250000006,0.0,0.0,340.77368811793525,0.0,3.838331970042721,0.5375703307031291,0.3989827676152671,0,3.6711865875727447,0.16714538246997623
49,516500,200500,Non GLA,Non GLA,0.0,3.54659543337079,0.0,0.0,0.0,0.0,0.0,0.22714,4077.897425703885,2.227959963,7.41343847150304,855.8226909,0.0,0.0,1424.2732957878882,0.0,12.807312611241915,1.5599227835256544,0.9644247524664876,0,10.013957534855543,2.793355076386373
50,517500,200500,Non GLA,Non GLA,0.0,8.55365718256317,0.0,0.0,0.0,0.0,0.0,0.02491,1224.6313279779536,0.0,0.706050295346066,0.0,0.0,0.0,332.6977756162244,0.0,3.0469308149190755,0.3635373972877626,0.2446444759757734,0,3.1858231410423095,-0.138892326123234
51,518500,200500,Non GLA,Non GLA,0.0,6.15446041907376,0.0,0.0,0.0,0.0,0.0,0.17001,2388.813720386909,12.85709008,3.64792596751461,0.0,0.0,0.0,900.0928762162274,0.0,4.861945061751471,0.7044680978379108,0.4021640144695397,0,4.6079132333190636,0.25403182843240746
52,519500,200500,Non GLA,Non GLA,0.0,7.51043773957576,0.0,0.0,0.0,0.0,0.0,0.07949,1707.594590923473,0.496553146,2.35347222482347,0.0,0.0,0.0,386.8255954374108,0.0,3.14949492833876,0.4204721262164974,0.2654913302612627,0,3.2023319944529263,-0.05283706611416639
53,520500,200500,Non GLA,Non GLA,0.0,9.70109914538114,0.0,0.0,0.0,0.0,0.0,0.00107,637.8508515132585,0.0,0.0,0.0,0.0,0.0,48.34489795271988,0.0,2.228296233692709,0.2008623379386195,0.1642829307619417,0,2.2488491786031943,-0.020552944910485316
54,521500,200500,Non GLA,Non GLA,0.0,8.13640583114934,0.0,0.0,0.0,0.0,0.0,0.03367,767.403831522011,0.0,2.1181508860382,0.0,0.0,0.0,5347.1652869615455,0.0,11.9187339530849,2.266831981934372,0.5914150259247327,0,12.487903319952052,-0.5691693668671522
55,522500,200500,Non GLA,Non GLA,0.0,4.38114142913504,0.0,0.0,0.0,0.0,0.0,0.05711,833.018245453341,0.0,2.70652585293989,0.0,0.0,0.0,17006.618057763997,0.0,34.6639291550958,7.758622862351208,1.9702890615373043,1,35.96063364882178,-1.2967044937259828
56,523500,200500,Non GLA,Non GLA,0.0,8.76217761164837,0.0,0.0,0.0,0.0,0.0,0.07707,1764.701526557022,0.0,1.41208383749014,0.0,0.0,0.0,1551.8472954048866,0.0,5.4290952273155,1.5357620724811722,0.8452342870873795,0,5.9773315976639525,-0.5482363703484525
57,524500,200500,Non GLA,Non GLA,0.0,5.21564487839264,0.0,0.0,0.0,0.0,0.0,0.15691,3391.2722778487628,0.0,5.29537637743539,0.0,0.0,0.0,14219.904730876233,0.0,28.642800728031883,6.35275150157083,1.6713534280352356,1,32.16011606812769,-3.5173153400958093
58,538500,200500,Non GLA,Non GLA,0.0,1.35605121706618,0.0,0.0,0.0,0.0,0.0,0.67018,5344.645574855245,69.45129991,6.70739655275797,0.0,0.0,0.0,572.0286589015383,0.0,5.456376009272318,1.2757348177687045,1.0890613478156073,0,5.957068048320299,-0.5006920390479817
59,539500,200500,Non GLA,Non GLA,0.0,1.66900615208526,0.0,0.0,0.0,0.0,0.0,0.35039,6324.351325357437,0.568274038,9.64935347795616,0.0,0.0,0.0,542.7550345338227,0.0,3.9978803256844064,0.8655246001096505,0.6936690599437565,0,5.114066702538976,-1.1161863768545692
60,540500,200500,Non GLA,Non GLA,0.0,4.27682859128158,0.0,0.0,0.0,0.0,0.0,0.23583,3541.926421380011,1.402030752,6.47212714889887,0.0,0.0,0.0,410.7172472389823,0.0,2.827568601379722,0.4547199844883166,0.3231156745804004,0,3.1548498233033335,-0.32728122192361164
61,541500,200500,Non GLA,Non GLA,0.0,6.46732130392025,0.0,0.0,0.0,0.0,0.0,0.01493,494.4070570101338,2.197860602,2.00045126545093,0.0,0.0,0.0,11411.727406679467,0.0,23.052062113125277,4.347521642620715,0.8984032801482242,0,23.96202284297425,-0.9099607298489722
62,542500,200500,Non GLA,Non GLA,0.0,4.90270561840233,0.0,0.0,0.0,0.0,0.0,0.0186,477.6046563272394,1.248841391,1.0590754430191,0.0,0.0,0.0,12701.878405914658,0.0,25.759596228200685,4.823407373153048,1.0011275344360508,0,26.694932985910434,-0.9353367577097487
63,543500,200500,Non GLA,Non GLA,0.0,0.938816287111059,0.0,0.0,0.0,0.0,0.0,0.00052,706.0370132420835,0.0,0.0,0.0,0.0,0.0,12832.800229124612,0.0,26.421733703630785,4.957860772619048,1.0895378566670957,0,26.987975933235656,-0.566242229604871
64,544500,200500,Non GLA,Non GLA,0.0,1.46038047637835,0.0,0.0,0.0,0.0,0.0,0.01292,954.3117348259178,0.0,0.706050295346066,0.0,0.0,0.0,3573.871592084066,0.0,8.666678597708625,1.552593456335374,0.4605702626497042,0,8.011753562664495,0.6549250350441298
65,545500,200500,Non GLA,Non GLA,0.0,5.94576308609249,0.0,0.0,0.0,0.0,0.0,0.01882,658.8020071329082,0.0,2.00045126545093,0.0,0.0,0.0,13961.646941389292,0.0,26.876670192823525,5.730851526521884,1.2801894192572345,0,29.206118807277242,-2.3294486144537174
66,546500,200500,Non GLA,Non GLA,0.0,7.61484089545211,0.0,0.0,0.0,0.0,0.0,0.03512,1052.4506994532546,0.0,1.41210059069213,0.0,0.0,0.0,11452.175059396435,0.0,21.43625857622024,5.320027297778128,1.2886595004123331,0,24.807185959886784,-3.370927383666544
67,547500,200500,Non GLA,Non GLA,0.0,8.65797002041662,0.0,0.0,0.0,0.0,0.0,0.00092,608.193859314224,0.0,0.353025147673033,0.0,0.0,0.0,5084.370574810095,0.0,12.577679737301226,1.8290999566235069,0.5331159974656726,0,11.615270059119165,0.9624096781820608
68,506500,199500,Non GLA,Non GLA,0.0,7.09327670618482,0.0,0.0,0.0,0.0,0.0,0.00257,365.9387336219773,0.0,0.117675328444377,0.0,0.0,0.0,716.2214600765828,0.0,2.4417839250598363,0.3496292347922563,0.1421987706588148,0,3.425168927070743,-0.9833850020109067
69,507500,199500,Non GLA,Non GLA,0.0,7.19758954403828,0.0,0.0,0.0,0.0,0.0,0.00025,387.802231753859,0.0,0.353025147673033,0.0,0.0,0.0,15763.743969891111,0.0,31.33146622014657,6.070196441854148,1.4566558477680018,1,34.323520980898465,-2.992054760751895
70,508500,199500,Non GLA,Non GLA,0.0,5.73714039610534,0.0,0.0,0.0,0.0,0.0,0.03471,1287.2695410725391,0.0,2.706493184196,227.29718809,0.0,5.77991,3538.891104766793,0.0,11.324321581150954,1.6790193449538664,0.7770710958962429,0,10.298414593416721,1.025906987734233
71,509500,199500,Non GLA,Non GLA,0.0,0.938816287111059,0.0,0.0,0.0,0.0,0.0,0.23572,5430.8241391064985,0.423531833,9.17865300183875,615.5346009,0.0,0.0,5337.030217222912,0.0,19.857687160830803,3.195616207829634,1.688014515685008,0,17.624149421025212,2.233537739805591
72,510500,199500,Non GLA,Non GLA,0.0,0.938816287111059,0.0,0.0,0.0,0.0,0.0,0.30929,5640.119395853771,0.294706572,8.47260270649269,0.0,0.0,0.0,2447.7694397920186,0.0,9.816936602842016,2.206576181169338,1.4640353446341754,0,9.37009921510787,0.4468373877341456
73,511500,199500,Non GLA,Non GLA,0.0,0.312938513560373,0.0,0.0,0.0,0.0,0.0,0.29466,5927.2274747777765,8.030723408,8.59027803493706,1.746028573,0.0,0.0,3602.21092869407,0.0,13.114009909293816,2.4182961710946014,1.3770906231556748,0,11.869377032727508,1.2446328765663086
74,512500,199500,Non GLA,Non GLA,0.0,5.31989352327116,0.0,0.0,0.0,0.0,0.0,0.10729,2970.13907159781,0.352301303,4.47159798105868,0.057469911,0.0,0.0,7598.354512099593,0.0,21.068111845481276,2.762586686673148,1.1060909113655155,0,18.62153294923066,2.4465788962506174
75,513500,199500,Non GLA,Non GLA,0.0,7.71915373330557,0.0,0.0,0.0,0.0,0.0,0.04983,1330.6188860091102,0.0,0.941400114574721,0.0,0.0,0.0,116.08043922672168,0.0,2.890676016280381,0.2240017627256773,0.1680682026195652,0,2.854394187405058,0.036281828875323274
76,514500,199500,Non GLA,Non GLA,0.0,9.49247272324429,0.0,0.0,0.0,0.0,0.0,0.00243,1147.43629109681,0.389447145,0.823725623790443,0.0,0.0,0.0,249.07355801988203,0.0,3.296828892954512,0.3062542321006339,0.2035236718199679,0,3.0546732426277057,0.24215565032680653
77,515500,199500,Non GLA,Non GLA,0.0,4.17251575342813,0.0,0.0,0.0,0.0,0.0,0.19118,3522.959529320314,0.115219704,6.8251522965719,0.0,0.0,0.0,1644.4675712718788,0.0,6.719770367632965,1.3167620087859462,0.7527794624497476,0,6.147148935350461,0.5726214322825047
78,516500,199500,Non GLA,Non GLA,0.0,1.4603633084897,0.0,0.0,0.0,0.0,0.0,0.35391,4524.487239391773,1.543471272,8.94319596211736,977.10015283,0.0,0.0,2333.095965175201,0.0,15.999502422429485,2.054870869102148,1.242756345415602,0,12.473153723264298,3.5263486991651867
79,517500,199500,Non GLA,Non GLA,0.0,4.69407994269541,0.0,0.0,0.0,0.0,0.0,0.03715,1706.171954457736,2.049691605,1.52977591913651,29.814910207,0.0,0.0,704.7825380582308,0.0,4.190689798364402,0.5559693632240157,0.3431389060005804,0,3.898900589083585,0.2917892092808172
80,518500,199500,Non GLA,Non GLA,0.0,8.24071866900279,0.0,0.0,0.0,0.0,0.0,0.00862,688.7571461704858,2.705902403,0.941400114574721,0.0,0.0,0.0,71.42188821629688,0.0,2.228906744696326,0.2168132541982325,0.1733150470370414,0,1.9728847209157596,0.2560220237805666
81,519500,199500,Non GLA,Non GLA,0.0,8.86648970307189,0.0,0.0,0.0,0.0,0.0,0.01057,754.0234765968366,0.0,0.588368265620892,0.0,0.0,0.0,560.1264552203274,0.0,3.4615217079688354,0.4966237539495655,0.2770696920300668,0,3.198177972275925,0.2633437356929105
82,520500,199500,Non GLA,Non GLA,0.0,9.28384704753737,0.0,0.0,0.0,0.0,0.0,0.00087,644.4726836640614,0.0,0.353025147673033,0.0,0.0,0.0,75.75202925363114,0.0,2.2736586938893493,0.2229518557248897,0.1783482712612813,0,2.1669374004384743,0.106721293450875
83,521500,199500,Non GLA,Non GLA,0.0,10.0140376589415,0.0,0.0,0.0,0.0,0.0,0.0004,661.9372498315029,0.0,0.117675328444377,0.0,0.0,0.0,73.06367957844772,0.0,2.282115894650464,0.2096895102391399,0.1660540556880664,0,2.307239218272386,-0.025123323621921934
84,522500,199500,Non GLA,Non GLA,0.0,8.86659569612354,0.0,0.0,0.0,0.0,0.0,0.00067,665.0350397797617,0.0,0.706050295346066,0.0,0.0,0.0,10966.109628823848,0.0,24.470518106693564,5.669468338473493,1.6380374988030666,0,24.38836921890917,0.08214888778439544
85,523500,199500,Non GLA,Non GLA,0.0,8.55355417523128,0.0,0.0,0.0,0.0,0.0,0.00108,953.0060501955628,0.0,0.353020959372535,0.0,0.0,0.0,14319.940205138982,0.0,29.385425691627265,7.260504765987276,1.908816439265652,1,31.616907128902533,-2.231481437275267
86,524500,199500,Non GLA,Non GLA,0.0,8.55365718256317,0.0,0.0,0.0,0.0,0.0,0.00514,836.8885416407738,0.0,0.706050295346066,0.0,0.0,0.0,670.5818042939243,0.0,3.728927976618308,0.5613599079412386,0.2921898678820634,0,3.28310498840594,0.4458229882123681
87,538500,199500,Non GLA,Non GLA,0.0,4.7983353054434,0.0,0.0,0.0,0.0,0.0,0.08134,1626.6431864954536,4.027860416,2.23579857169929,0.0,0.0,0.0,14497.551353229885,0.0,30.28486463199712,5.876876507049844,1.4640749850692376,1,31.393410293220107,-1.108545661222987
88,539500,199500,Non GLA,Non GLA,0.0,8.970908533977,0.0,0.0,0.0,0.0,0.0,0.01274,1025.549647053318,0.0,0.47070047611741,0.0,0.0,0.0,13085.647217540907,0.0,26.642592001877976,5.067732597835888,1.0734941909089972,0,28.746589260066436,-2.1039972581884605
89,540500,199500,Non GLA,Non GLA,0.0,6.98896386833136,0.0,0.0,0.0,0.0,0.0,0.00042,731.4064941229257,0.0,1.29442526224775,0.0,0.0,0.0,13531.737398869394,0.0,26.302269506957764,6.033936799646015,1.3860286373472452,0,28.839647970617474,-2.53737846365971
90,541500,199500,Non GLA,Non GLA,0.0,1.77329808990037,0.0,0.0,0.0,0.0,0.0,0.0254,625.7115708956599,0.775136645,1.52975749061432,0.0,0.0,0.0,4250.335823966839,0.0,9.392517730600096,2.159006679127958,0.6488136719188631,0,8.992097734501858,0.400419996098238
91,542500,199500,Non GLA,Non GLA,0.0,2.08625750349909,0.0,0.0,0.0,0.0,0.0,0.00063,592.3328095298716,0.0,0.47070047611741,0.0,0.0,0.0,2434.294510743018,0.0,6.3261292266636255,1.4618748545899285,0.5775406760810042,0,5.5024255866667415,0.823703639996884
92,543500,199500,Non GLA,Non GLA,0.0,0.625877027120745,0.0,0.0,0.0,0.0,0.0,0.0,496.42707041871387,0.0,0.0,0.0,0.0,0.0,1049.9017208079565,0.0,2.973871244236673,0.6543088175743189,0.2737807151803404,0,2.510295313043141,0.46357593119353213
93,544500,199500,Non GLA,Non GLA,0.0,2.92076095275669,0.0,0.0,0.0,0.0,0.0,0.04649,598.4914599398952,0.579903522,3.64792596751461,0.0,0.0,0.0,1134.3323165463644,0.0,3.178941419575377,0.7614795838062809,0.3467349281604668,0,1.9904822835339484,1.1884591360414287
94,545500,199500,Non GLA,Non GLA,0.0,6.36300995892667,0.0,0.0,0.0,0.0,0.0,0.17902,2883.29206502731,2.996927471,4.47159798105868,0.0,0.0,0.0,585.5846239296134,0.0,2.886332955001869,0.9486127020285606,0.7291459090406188,0,3.4895040253718417,-0.6031710703699726
95,546500,199500,Non GLA,Non GLA,0.0,8.24071866900279,0.0,0.0,0.0,0.0,0.0,0.0003,123.2330460197906,0.0,0.47070047611741,0.0,0.0,0.0,7012.581526203181,0.0,16.291015594160225,2.612456286422282,0.7265146738728501,0,15.07112815039969,1.219887443760534
96,547500,199500,Non GLA,Non GLA,0.0,7.30190238189173,0.0,0.0,0.0,0.0,0.0,0.00331,86.7433107498274,0.089698485,0.706050295346066,0.0,0.0,0.0,13973.87325614786,0.0,25.88207264247733,6.305842064737608,1.3864611570261014,0,29.162173042106403,-3.280100399629074
97,548500,199500,Non GLA,Non GLA,0.0,8.13640583114934,0.0,0.0,0.0,0.0,0.0,0.00202,93.67913627485044,0.0,0.353025147673033,0.0,0.0,0.0,12244.534450009023,0.0,21.97757769921852,4.886952718171827,0.9542037526003532,0,25.78515542103969,-3.8075777218211684
98,504500,198500,Non GLA,Non GLA,0.0,8.97078313374687,0.0,0.0,0.0,0.0,0.0,0.01012,614.9735345092838,0.835816093,0.941387549673228,0.0,0.0,0.0,3136.425547120144,0.0,7.202127381400535,1.2460157722046117,0.3418429312451985,0,8.693264097516018,-1.4911367161154825
99,505500,198500,Non GLA,Non GLA,0.0,7.92760549083618,0.0,0.0,0.0,0.0,0.0,0.00035,395.9300618880901,0.0,0.235344793268058,0.0,0.0,0.0,13907.52063349309,0.0,27.59209966241496,5.1569040121733165,1.1856786375855504,1,30.70049764612059,-3.108397983705629
100,506500,198500,Non GLA,Non GLA,0.0,5.73712845322628,0.0,0.0,0.0,0.0,0.0,0.05938,374.3235575179019,0.892216257,3.17718193307202,0.0,0.0,0.0,18048.07005795531,0.0,35.90459872280661,6.883557807769695,1.7354232423087934,1,38.14328834810047,-2.2386896252938584
101,507500,198500,Non GLA,Non GLA,0.0,5.11126038326483,0.0,0.0,0.0,0.0,0.0,0.00013,374.32384249098817,0.0,0.470693774836614,0.0,0.0,0.0,989.381007654509,0.0,3.1513209110831,0.5514294557523407,0.2389853101417832,0,3.638015003652603,-0.4866940925695027
102,508500,198500,Non GLA,Non GLA,0.0,7.61467369514528,0.0,0.0,0.0,0.0,0.0,0.00911,867.0962386050742,0.0,0.588362402000195,0.0,0.0,6.32565,724.5772763004416,0.0,3.446733049620924,0.6846886770878263,0.4635180101492877,0,3.8757446055583085,-0.4290115559373846
103,509500,198500,Non GLA,Non GLA,0.0,0.938802851372117,0.0,0.0,0.0,0.0,0.0,0.30757,5612.656589550106,0.585450596,10.355258858105,392.9788616,0.0,0.2214,2672.907368488118,0.0,12.513683349280017,1.7854261485768572,1.0103375671600308,0,11.094051048955592,1.419632300324425
104,510500,198500,Non GLA,Non GLA,0.0,0.0,0.0,0.0,0.0,0.0,0.0,0.45904,9179.193925054586,3.040015485,8.35481094329447,461.4434382,0.0,0.0,2833.832472335208,0.0,15.108847939964358,2.6889091756255774,1.8480575857537984,0,16.028882915714515,-0.9200349757501574
105,511500,198500,Non GLA,Non GLA,0.0,0.104311344993575,0.0,0.0,0.0,0.0,0.0,0.60777,9215.134169495372,48.27164512,7.76644351533368,1.783507498,0.0,0.0,1545.3560156353296,0.0,11.645239320849258,2.438059324550796,1.958444411158283,0,11.828845314065896,-0.18360599321663784
106,512500,198500,Non GLA,Non GLA,0.0,5.00690873105443,0.0,0.0,0.0,0.0,0.0,0.06473,2650.067564929725,0.704602606,3.05948398780495,0.0,0.0,0.0,12728.582222409386,0.0,33.170935136032114,5.1736970513996985,2.009394821144745,1,29.191134053453112,3.9798010825790016
107,513500,198500,Non GLA,Non GLA,0.0,7.71904550096409,0.0,0.0,0.0,0.0,0.0,0.00388,1258.069158880876,0.113157123,0.588366590300693,0.0,0.0,0.0,2913.5203531454035,0.0,9.436078520045994,1.4615340670378856,0.5577797320048671,0,8.559169066629275,0.8769094534167188
108,514500,198500,Non GLA,Non GLA,0.0,8.8664717887533,0.0,0.0,0.0,0.0,0.0,0.01147,1274.328696951508,0.0,1.6474277930981,0.0,0.0,0.0,2065.863686711695,0.0,7.50366093225272,1.343712369473968,0.5908358573840118,0,6.622092773106473,0.881568159146247
109,515500,198500,Non GLA,Non GLA,0.0,7.71904550096409,0.0,0.0,0.0,0.0,0.0,0.09113,1810.799989178672,0.214996998,3.05950827994784,0.0,0.0,0.0,311.5404253104453,0.0,3.470953994676826,0.3603544224299425,0.2471681798056257,0,3.1150143194161046,0.35593967526072134
110,516500,198500,Non GLA,Non GLA,0.0,7.09312070232711,0.0,0.0,0.0,0.0,0.0,0.02962,1822.673204239546,0.0,2.2357767925367,0.0,0.0,0.0,659.6007476172042,0.0,4.00946907208097,0.5773867714299258,0.3566216140042356,0,3.8566699349906255,0.15279913709034432
111,538500,198500,Non GLA,Non GLA,0.0,7.40605249801801,0.0,0.0,0.0,0.0,0.0,0.06854,682.041570700408,6.70517622,1.88275918380456,0.0,0.0,0.0,1131.163999709168,0.0,3.965667863100229,0.7730090915179395,0.4126597698585222,0,3.367817597382418,0.5978502657178111
112,539500,198500,Non GLA,Non GLA,0.0,9.49233985871475,0.0,0.0,0.0,0.0,0.0,0.00143,487.2327414405039,0.0,0.82371389654905,0.0,0.0,0.0,420.0938487820157,0.0,2.077595557345217,0.3124260993961812,0.1695085106872467,0,2.095755711279061,-0.018160153933843848
113,540500,198500,Non GLA,Non GLA,0.0,5.52850576323913,0.0,0.0,0.0,0.0,0.0,0.04946,560.9924202766609,5.598982871,1.6474277930981,0.0,0.0,0.0,435.295025075197,0.0,2.0161245552469325,0.3590277082383651,0.2119891621976832,0,1.5755206598429385,0.4406038954039939
114,541500,198500,Non GLA,Non GLA,0.0,0.417242394254536,0.0,0.0,0.0,0.0,0.0,0.02317,744.7842581947216,0.0,0.235344793268058,0.0,0.0,0.0,440.6507761808191,0.0,1.795323325141854,0.2921179261810068,0.1467559323911637,0,1.5212931333823185,0.2740301917595356
115,542500,198500,Non GLA,Non GLA,0.0,0.0,0.0,0.0,0.0,0.0,0.0,0.0008,862.0993492431717,0.0,0.117673653124178,0.0,0.0,0.0,1704.7428855466935,0.0,4.903849913419431,1.0549330661011482,0.4487525333771833,0,4.145411334485837,0.7584385789335935
116,543500,198500,Non GLA,Non GLA,0.0,2.71209720912278,0.0,0.0,0.0,0.0,0.0,0.04654,832.5936913296458,0.0,2.00044791481053,0.0,0.0,0.0,202.87724010337087,0.0,1.4647586279232607,0.2634804700519547,0.1953742555619659,0,0.8299314672839593,0.6348271606393014
117,544500,198500,Non GLA,Non GLA,0.0,6.36299726961767,0.0,0.0,0.0,0.0,0.0,0.04909,1480.1740084680089,0.7396695,1.6474277930981,0.0,0.0,0.0,418.8677821074159,0.0,2.087555203531297,0.4036608689681669,0.2790839210430365,0,2.409172967507196,-0.3216177639758988
118,545500,198500,Non GLA,Non GLA,0.0,6.78018890663621,0.0,0.0,0.0,0.0,0.0,0.11243,1825.3317876778892,0.0,3.88319118307321,0.0,0.0,0.0,649.6787779316827,0.0,2.5462948310024904,0.5503948707116255,0.3297460334627445,0,2.687472364598184,-0.14117753359569374
119,546500,198500,Non GLA,Non GLA,0.0,7.40611146598337,0.0,0.0,0.0,0.0,0.0,0.00183,173.0156877777648,0.0,1.17673401826149,0.0,0.0,0.0,7621.047340764659,0.0,18.529497942647584,2.569412045368009,0.7453482918619021,0,16.072698115866213,2.4567998267813707
120,547500,198500,Non GLA,Non GLA,0.0,10.0138973301126,0.0,0.0,0.0,0.0,0.0,0.00042,86.46087875598896,0.0,0.235346468588257,0.0,0.0,0.0,220.5034065507629,0.0,1.1832511587854064,0.171383706180445,0.0945606820869703,0,1.3202331942247856,-0.13698203543937915
121,548500,198500,Non GLA,Non GLA,0.0,8.55353700734263,0.0,0.0,0.0,0.0,0.0,0.00052,101.35512627876663,0.0,0.470693774836614,0.0,0.0,0.0,3370.752142905442,0.0,6.421675890802043,1.39291087679321,0.3039705301741322,0,7.549885037412896,-1.1282091466108524
122,549500,198500,Non GLA,Non GLA,0.0,8.86640087790889,0.0624625299972067,0.0,0.0,0.0,0.0,0.0002,100.65295357430506,0.0,0.235344793268058,0.0,0.0,0.0,17063.615373214565,0.0,31.357151851158577,6.677469957340608,1.296418471935245,1,35.813955561948944,-4.456803710790368
123,550500,198500,Non GLA,Non GLA,0.0,9.2837171687276,1.65551740639372,0.0,0.0,0.0,0.0,0.00014,87.27687885000691,0.0,0.117673653124178,0.0,0.0,0.0,2041.7763197620068,0.0,4.41008764193999,0.8485756568774896,0.1993208326972143,0,4.945026036464702,-0.5349383945247119
124,504500,197500,Non GLA,Non GLA,0.0,6.67602535477099,0.0,0.0,0.0,0.0,0.0,0.00133,744.8091106943738,0.0,0.47070047611741,0.0,0.0,0.0,16398.086156859415,0.0,32.406906676052145,6.6128106184259,1.6168508822197536,1,35.98945347810833,-3.5825468020561857
125,505500,197500,Non GLA,Non GLA,0.0,7.71906117599286,0.0,0.0,0.0,0.0,0.0,0.00234,450.5171804480062,0.0,0.588368265620892,0.0,0.0,0.0,293.8601685999471,0.0,1.7229192345425417,0.2276294987858682,0.1277744093746541,0,2.6173661189797333,-0.8944468844371916
126,506500,197500,Non GLA,Non GLA,0.0,7.61484089545211,0.0,0.0,0.0,0.0,0.0,0.01789,374.32726334407954,0.0,0.588374966901688,0.0,0.0,0.0,864.2931349117175,0.0,2.8822375280556725,0.5297227666032691,0.2454257633888422,0,3.7148011582993146,-0.8325636302436421
127,507500,197500,Non GLA,Non GLA,0.0,3.85957723986775,0.0,0.0,0.0,0.0,0.0,0.00037,374.3273007766609,0.0,0.117675328444377,0.0,0.0,0.0,55.813144899125625,0.0,0.997849067226658,0.0946400077595855,0.0665693056586171,0,1.6970014693656932,-0.6991524021390352
128,508500,197500,Non GLA,Non GLA,0.0,4.17246574262207,0.0,0.0,0.0,0.0,0.0,0.0,1409.044394836038,0.0,0.0,0.0,0.0,5.1004,18.922383545667373,0.0,2.60950613927338,0.2386243609715387,0.2100344583467464,0,2.7141921153639377,-0.10468597609055763
129,509500,197500,Non GLA,Non GLA,0.0,2.08625750349909,0.0,0.0,0.0,0.0,0.0,0.28512,5962.792611402192,0.0,8.70795252572134,0.0,0.0,0.0,995.8771235711308,0.0,6.361545836596609,1.2217755611945862,0.9231134730527252,0,6.750351931708361,-0.388806095111752
130,510500,197500,Non GLA,Non GLA,0.0,0.0,0.0,0.0,0.0,0.0,0.0,0.50481,8902.366935263311,10.18089482,6.23677732967021,531.7979606,0.0,0.0,4326.864756370164,0.0,19.580206668328824,3.149894679011418,1.9654117514922864,0,19.95215571938028,-0.37194905105145537
131,511500,197500,Non GLA,Non GLA,0.0,1.5646933142318,0.0,0.0,0.0,0.0,0.0,0.25634,5431.036034499732,11.01682046,3.29490081984157,320.4486872,0.0,0.0,3616.71153830895,0.0,15.828882945709966,2.3127113879259755,1.301973066258276,0,14.645762474475973,1.1831204712339929
132,512500,197500,Non GLA,Non GLA,0.0,3.8595309612114,0.0,0.0,0.0,0.0,0.0,0.19103,3921.6253675602943,0.595773065,6.23670194026125,0.0,0.0,0.0,1359.566177118288,0.0,6.331305469304681,0.9850807478929476,0.6183740625231683,0,6.203177521001216,0.1281279483034652
133,513500,197500,Non GLA,Non GLA,0.0,4.79839278054887,0.0,0.0,0.0,0.0,0.0,0.18282,1792.441526373966,0.049120321,2.82420118138426,0.0,0.0,0.0,11315.5590962035,0.0,29.15403123272813,4.54856168010414,1.6492560542633607,1,25.765802568161135,3.388228664566995
134,514500,197500,Non GLA,Non GLA,0.0,6.36308609478068,0.0,0.0,0.0,0.0,0.0,0.0235,1325.2537447343889,0.0,2.47117603371123,0.0,0.0,0.0,4128.284449233603,0.0,12.437478744709484,1.5781567420733955,0.5841094062461394,0,10.4130133699224,2.024465374787084
135,515500,197500,Non GLA,Non GLA,0.0,7.82346657115902,0.0,0.0,0.0,0.0,0.0,0.09382,1300.185093861072,0.0,2.58885052449551,0.0,0.0,0.0,85.6922657047845,0.0,2.90707380483136,0.2576075061238813,0.210102405082135,0,2.3362103186651577,0.5708634861662021
136,516500,197500,Non GLA,Non GLA,0.0,9.70098270231031,3.38879455520826,0.0,0.0,0.0,0.0,0.0095,1096.150459182145,0.0,0.235347306248357,0.0,0.0,0.0,59.2377403779123,0.0,2.7434021137282163,0.2038254092275689,0.1660879784250859,0,2.8225300373431867,-0.07912792361497045
137,538500,197500,Non GLA,Non GLA,0.0,7.09319161317152,0.0,0.0,0.0,0.0,0.0,0.05275,730.0457012201113,11.31797299,2.11812491857511,0.0,0.0,0.0,1082.0159472817977,0.0,3.997342090828972,0.7117179895636654,0.3487136064020666,0,3.1855340575138023,0.8118080333151698
138,539500,197500,Non GLA,Non GLA,0.0,6.0501475812203,0.0,0.0,0.0,0.0,0.0,0.01317,511.31881320317126,0.0,1.76512573836516,0.0,0.0,0.0,113.84999293793445,0.0,1.2004816503113964,0.1376761833311152,0.0938785851019414,0,0.8400285490703236,0.36045310124107277
139,540500,197500,Non GLA,Non GLA,0.0,3.54663797987744,0.0,0.0,0.0,0.0,0.0,0.02014,539.7777355258962,0.0,1.29442526224775,0.0,0.0,0.0,666.8217664890693,0.0,2.359329226870278,0.4237874736838091,0.2024311704704947,0,1.8531171010705751,0.5062121257997028
140,541500,197500,Non GLA,Non GLA,0.0,0.0,0.0,0.0,0.0,0.0,0.0,1e-05,874.7530680853441,0.0,0.0,0.0,0.0,0.0,907.083769695324,0.0,2.9182257778592717,0.5950293876652292,0.296272258217008,0,2.5920201394894864,0.32620563836978533
141,542500,197500,Non GLA,Non GLA,0.0,0.0,0.0,0.0,0.0,0.0,0.0,0.14522,1936.1840077830227,0.0,4.00095111518764,0.0,0.0,0.0,407.957719588797,0.0,2.256224546430146,0.4626093506077998,0.3263944024273995,0,1.65221850367511,0.604006042755036
142,543500,197500,Non GLA,Non GLA,0.0,1.5646933142318,0.0,0.0,0.0,0.0,0.0,0.27887,6257.642893665465,0.82421087,8.70795252572134,0.0,0.0,0.0,2361.029803361458,0.0,8.468712104504897,1.9822787100290744,1.1939693345872255,0,8.839397534042078,-0.37068542953718087
143,544500,197500,Non GLA,Non GLA,0.0,5.63289622980647,0.0,0.0,0.0,0.0,0.0,0.16662,3536.178092583763,0.0,5.06002655820674,0.0,0.0,0.0,371.2173832868984,0.0,3.3004160637710447,0.8064641595872047,0.6487887122732031,0,3.433832914216067,-0.13341685044502238
144,545500,197500,Non GLA,Non GLA,0.0,8.34493148524413,0.0,0.0,0.0,0.0,0.0,0.00694,620.3824521664246,0.0,0.353020959372535,0.0,0.0,0.0,5914.400118928734,0.0,15.061965215204475,2.014568668269161,0.6313099959874546,0,13.40997157707127,1.6519936381332059
145,546500,197500,Non GLA,Non GLA,0.0,9.38815988539083,0.0,0.0,0.0,0.0,0.0,0.0023,345.6198187959058,0.0,0.588374966901688,0.0,0.0,0.0,2114.205418324084,0.0,5.691361902473922,0.8852720596546563,0.3206047201809503,0,5.331559282972406,0.35980261950151604
146,547500,197500,Non GLA,Non GLA,0.0,7.61484089545211,0.0,0.0,0.0,0.0,0.0,0.00894,447.3541785471072,0.025124728,0.353025147673033,0.0,0.0,0.0,604.5826284627412,0.0,2.141401642209042,0.3277987132152625,0.1782836328730469,0,2.179941049001158,-0.03853940679211609
147,548500,197500,Non GLA,Non GLA,0.0,9.28384704753737,0.0,0.0,0.0,0.0,0.0,0.00166,159.3588837251925,22.54918771,0.588374966901688,0.0,0.0,0.0,564.5849587880227,0.0,2.641038693585572,0.3515368511543415,0.2109256871880658,0,1.9179932418674728,0.7230454517180993
148,549500,197500,Non GLA,Non GLA,0.0,9.80529404730389,21.6513256898931,0.0,0.0,0.0,0.0,0.00185,163.6230218692548,0.0,0.588368265620892,0.0,0.0,0.0,570.3906029678807,0.0,2.0131620728279365,0.3066856954278677,0.1644852923679597,0,2.0162090341746453,-0.0030469613467087875
149,550500,197500,Non GLA,Non GLA,0.0,8.86659569612354,0.0,0.0,0.0,0.0,0.0,0.00253,123.18769791657148,0.0,0.588374966901688,0.0,0.0,0.0,14604.491001043814,0.0,27.602834486883552,5.734672562946043,1.1924812600591943,1,30.655859570074398,-3.053025083190846
150,551500,197500,Non GLA,Non GLA,0.0,9.90972482108806,0.0,0.0,0.0,0.0,0.0,0.002,145.8091231811827,0.0,0.117675328444377,0.0,0.0,0.0,14757.892795934844,0.0,27.51793789833921,5.770604841975341,1.139288242448814,0,31.23171060390677,-3.7137727055675605
151,552500,197500,Non GLA,Non GLA,0.0,10.0140376589415,0.0,0.0,0.0,0.0,0.0,0.00026,231.4061648303865,0.0,0.235349819228655,0.0,0.0,0.0,338.6334048882242,0.0,1.5365403481393467,0.2496370461885582,0.1306736451539293,0,1.5798064966902832,-0.04326614855093647
152,503500,196500,Non GLA,Non GLA,0.0,3.12934258909708,0.0,0.0,0.0,0.0,0.0,0.08424,2615.396529450917,0.0,4.00089499196097,0.0,0.0,0.0,286.72698892572146,0.0,2.3906202261711798,0.4013216806615927,0.3041718196959536,0,3.358658774924807,-0.9680385487536274
153,504500,196500,Non GLA,Non GLA,0.0,1.46036032276993,0.0,0.0,0.0,0.0,0.0,0.1287,2546.1657495644977,0.175447758,7.53109704674542,0.0,0.0,0.0,16732.30493521871,0.0,34.06898654632107,7.293821492970457,2.005246928788585,1,35.923998040847046,-1.855011494525975
154,505500,196500,Non GLA,Non GLA,0.0,4.69397693536353,0.0,0.0,0.0,0.0,0.0,0.113,2137.973608494513,0.0,5.29525994268156,0.0,0.0,0.0,288.8506715002507,0.0,2.5578629470421164,0.3662533678889353,0.2685958867808433,0,2.69095697116261,-0.13309402412049343
155,506500,196500,Non GLA,Non GLA,0.0,8.8664717887533,0.0,0.0,0.0,0.0,0.0,0.01068,973.8049423333864,0.0,0.941387549673228,0.0,0.0,0.0,774.772067097776,0.0,3.1070099373796136,0.5118961740057182,0.2792684796339155,0,4.140115462579596,-1.033105525199982
156,507500,196500,Non GLA,Non GLA,0.0,4.27676887688629,0.0,0.0,0.0,0.0,0.0,0.16571,3112.15095792201,2.622168808,6.23668937535976,0.0,0.0,0.0,750.6117865751676,0.0,3.618599440931883,0.9444898093516466,0.7058010128736303,0,4.310693573646136,-0.6920941327142525
157,508500,196500,Non GLA,Non GLA,0.0,2.92069675978175,0.0,0.0,0.0,0.0,0.0,0.18298,3754.436044161569,0.361950316,4.4715527474133,0.0,0.0,5.00483,520.4752180214122,0.0,3.674111052150483,0.8499425584699435,0.6680418243589729,0,4.911006937833722,-1.2368958856832393
158,509500,196500,Non GLA,Non GLA,0.0,1.66898301275708,0.0,0.0,0.0,0.0,0.0,0.29061,5943.831243769245,3.914587898,6.70738315019638,0.0,0.0,0.0,1454.5249862004616,0.0,8.023128212078605,1.2264905790914653,0.7964596859740902,0,8.282957413471898,-0.259829201393293
159,510500,196500,Non GLA,Non GLA,0.0,0.0,0.0,0.0,0.0,0.0,0.0,0.71918,12400.697689330173,1.947483483,4.9422825416342,0.0,0.0,0.0,5625.128720447328,0.0,23.76693858853092,4.126818310577984,2.54058993442582,0,24.426557960671104,-0.6596193721401846
160,511500,196500,Non GLA,Non GLA,0.0,0.834491506378542,0.0,0.0,0.0,0.0,0.0,0.41135,8004.950060450055,5.109216273,4.58926241992176,768.4268602,0.0,0.0,6587.797838113656,0.0,28.22626855612913,4.18611959584636,2.155755655945188,1,25.21748566980073,3.008782886328401
161,512500,196500,Non GLA,Non GLA,0.0,5.2155299281817,0.0,0.0,0.0,0.0,0.0,0.17696,3551.206642998823,1.833349428,4.70689837834146,0.0,0.0,0.0,2122.4021275842206,0.0,8.135589445598407,1.4138563480368056,0.7434232070484456,0,8.031545243699862,0.10404420189854591
162,513500,196500,Non GLA,Non GLA,0.0,8.8664717887533,11.4208019382328,0.0,0.0,0.0,0.0,0.06294,2824.114983040665,0.181264908,1.6474277930981,0.0,0.0,0.0,560.9466151737698,0.0,4.403011518194212,0.5771745701712575,0.3938065731119541,0,5.234156462252679,-0.8311449440584671
163,514500,196500,Non GLA,Non GLA,0.0,5.52850576323913,18.079805960302,0.0,0.0,0.0,0.0,0.02825,1617.5164090823453,0.0,3.17718193307202,0.0,0.0,0.0,8738.094788792781,0.0,23.311296915661213,3.1358533333847403,1.0976131044713258,0,19.952840844861534,3.3584560707996793
164,515500,196500,Non GLA,Non GLA,0.0,7.09317743100264,574.358428520776,0.0,0.0,0.0,0.0,0.00038,1151.8892439893284,0.0,0.353020121712436,0.0,0.0,0.0,34.54174030172246,0.0,3.746904097518776,0.2721858933969489,0.2392871981521455,0,4.434945400551294,-0.6880413030325183
165,516500,196500,Non GLA,Non GLA,0.0,7.09312070232711,116.568630749174,0.0,0.0,0.0,0.0,0.07339,1142.7976413542,0.015737408,2.00043199926864,0.0,0.0,0.0,402.571992395301,0.0,3.541616480333464,0.4066602298754376,0.2709621518016997,0,3.268176416811217,0.2734400635222469
166,541500,196500,Non GLA,Non GLA,0.0,0.730174189945438,0.0,0.0,0.0,0.0,0.0,0.06706,2042.720342206654,0.0,1.64741439053651,0.0,0.0,0.0,1392.7022162453509,0.0,4.427559246389459,1.031075983633868,0.574091449734779,0,4.459103932466512,-0.031544686077053186
167,542500,196500,Non GLA,Non GLA,0.0,0.312934034980725,0.0,0.0,0.0,0.0,0.0,0.49809,6574.702237504663,2.596602491,8.94317753359517,0.0,0.0,0.0,1647.0641067522397,0.0,6.851444265116423,1.8630808033082649,1.3438123174560797,0,8.012856482598835,-1.161412217482412
168,543500,196500,Non GLA,Non GLA,0.0,0.730180161384967,0.0,0.0,0.0,0.0,0.0,0.32658,5827.209588918071,0.396246246,10.2375852049808,0.0,0.0,0.0,1248.1335177911922,0.0,5.5701118196055965,1.4843093977752928,1.0743658952965485,0,5.684923428589667,-0.11481160898407072
169,544500,196500,Non GLA,Non GLA,0.0,2.29485182914848,0.0,0.0,0.0,0.0,0.0,0.23375,3242.084676476915,12.17489607,6.0013429067715,0.0,0.0,0.0,3446.548341873027,0.0,10.822237745829185,1.811221826866226,0.889289801680821,0,8.985317023726505,1.836920722102679
170,545500,196500,Non GLA,Non GLA,0.0,9.07502207503615,0.0,0.0,0.0,0.0,0.0,0.00114,534.5959835365818,0.0,0.117672815464079,0.0,0.0,0.0,6289.329473259915,0.0,15.960389827666411,2.2682141150226403,0.7214243119917049,0,14.256731426187146,1.7036584014792648
171,546500,196500,Non GLA,Non GLA,0.0,7.09317743100264,0.0,0.0,0.0,0.0,0.0,0.11067,1245.0399668221996,0.453970035,3.64787487024853,0.0,0.0,0.0,1455.0013709905115,0.0,4.469013023918894,1.042819454336125,0.5611377648679562,0,3.8912742565176703,0.5777387674012235
172,547500,196500,Non GLA,Non GLA,0.0,8.03198028237476,0.0,0.0,0.0,0.0,0.0,0.02168,526.3666886837302,0.0,0.706040243424871,0.0,0.0,0.0,74.78274158169373,0.0,0.9160026420513387,0.1462880966093428,0.1139537208531488,0,1.1472340071142249,-0.2312313650628861
173,548500,196500,Non GLA,Non GLA,0.0,8.8664717887533,2.08288270752565,0.0,0.0,0.0,0.0,0.08062,198.5965624857318,0.0,0.353020121712436,0.0,0.0,0.0,52.501209307897646,0.0,0.8407482562235696,0.1249061220808103,0.098683460342568,0,1.108359019171731,-0.26761076294816133
174,549500,196500,Non GLA,Non GLA,0.0,10.2224386592361,2.6964255073988,0.0,0.0,0.0,0.0,0.00127,152.3946834471791,0.469138017,0.235344793268058,0.0,0.0,0.0,260.5993856811385,0.0,1.326670261825125,0.2065279860776223,0.1217169532380161,0,1.474999718430487,-0.14832945660536212
175,550500,196500,Non GLA,Non GLA,0.0,10.0138973301126,0.0,0.0,0.0,0.0,0.0,0.00343,137.1263231077745,0.703706919,0.588366590300693,0.0,0.0,0.0,343.3862251431862,0.0,1.5149213298734263,0.279383619635373,0.1704167559069811,0,1.4653232955140805,0.049598034359345844
176,551500,196500,Non GLA,Non GLA,0.0,6.57161995960482,0.0,0.0,0.0,0.0,0.0,0.00276,196.64016238409985,0.0,0.353020121712436,0.0,0.0,0.0,68.90888516591251,0.0,0.7068424039450282,0.1313184062366618,0.0989531637804051,0,0.6052308212174129,0.10161158272761528
177,552500,196500,Non GLA,Non GLA,0.0,9.49233985871475,0.0,0.0,0.0,0.0,0.0,0.00078,232.0627512081231,0.0,0.235346468588257,0.0,0.0,0.0,17734.37786455207,0.0,32.9852789841477,6.949127723250667,1.3845583478703032,1,37.34018832202358,-4.354909337875881
178,553500,196500,Non GLA,Non GLA,0.0,10.2224386592361,0.0,0.0,0.0,0.0,0.0,0.00036,232.0608482977796,0.0,0.117672815464079,0.0,0.0,0.0,1749.8972440459931,0.0,4.090404478284553,0.7908476338739457,0.2294172866083757,0,4.532609047148156,-0.4422045688636036
179,503500,195500,Non GLA,Non GLA,0.0,5.11133129410924,0.0,0.0,0.0,0.0,0.0,0.05333,2667.89469495857,0.274245615,2.23582537682247,97.872218493,0.0,0.0,9827.496594634667,0.0,21.010363927946173,4.0409010586382665,1.2236117378378586,0,24.224325638903913,-3.21396171095774
180,504500,195500,Non GLA,Non GLA,0.0,0.0,0.0,0.0,0.0,0.0,0.0,0.22774,4358.572922057993,0.0,9.76702796874044,102.516256725,0.0,0.0,3707.362848450802,0.0,10.047066898736434,1.985735049159717,0.8706043942212223,0,10.722187571661738,-0.6751206729253045
181,505500,195500,Non GLA,Non GLA,0.0,3.23366065196012,0.0,0.0,0.0,0.0,0.0,0.10464,2712.386386102951,0.457452659,7.53111212462722,23.423069966,0.0,0.0,1700.270246075815,0.0,5.836765226537436,1.2782354526529276,0.5610191881155322,0,5.388997450044934,0.4477677764925021
182,506500,195500,Non GLA,Non GLA,0.0,5.84152190551339,0.0,0.0,0.0,0.0,0.0,0.10757,1903.493535962894,0.082261588,4.47165159130505,0.0,0.0,0.0,1175.4523342472712,0.0,4.482897967622111,0.9690517163576622,0.5561314119009668,0,4.652483796986312,-0.16958582936420097
183,507500,195500,Non GLA,Non GLA,0.0,0.208625675706915,0.0,0.0,0.0,0.0,0.0,0.36764,6060.880277138376,1.42823629,10.8261034117595,0.0,0.0,0.53623,1652.8919702015137,0.0,6.673495864901362,1.7051251198170314,1.229667075158107,0,7.602288471808381,-0.9287926069070194
184,508500,195500,Non GLA,Non GLA,0.0,0.73018165424485,4.20765188420607,0.0,0.0,0.0,0.0,0.28312,3857.019114011232,294.263734363636,8.59017500274482,0.0,0.0,6.90312,1715.240053688295,0.0,11.351555475276744,1.9574160163475207,1.3862999910106322,0,6.524975463569867,4.826580011706876
185,509500,195500,Non GLA,Non GLA,0.0,0.938816287111059,16.8264632392066,0.0,0.0,0.0,0.0,0.3678,6708.556672011098,34.78097227,6.47212714889887,0.0,0.0,0.0,1640.150644572782,0.0,10.678487586300625,1.5754217687573666,1.0490548364082342,0,9.675843690456137,1.0026438958444874
186,510500,195500,Non GLA,Non GLA,0.0,0.938816287111059,16.8264632392064,0.0,0.0,0.0,0.0,0.58109,11579.143211309412,2.793682992,5.64840152510843,0.0,0.0,0.0,1967.836068570856,0.0,15.941265771674711,2.1602413409618544,1.596610607079349,0,15.743471606830802,0.19779416484390921
187,511500,195500,Non GLA,Non GLA,0.0,0.625877027120745,16.8264649218616,0.0,0.0,0.0,0.0,0.33333,6884.511604845715,8.060022431,5.29537637743539,665.7099969999999,0.0,0.0,5580.779390997353,0.0,24.028014776375603,3.599791716609764,1.895385054507754,0,21.231614838777112,2.7963999375984905
188,512500,195500,Non GLA,Non GLA,0.0,3.96384230620497,16.826325262511,0.0,0.0,0.0,0.0,0.32505,6164.108297906919,0.951490382,6.47204924650961,0.0,0.0,0.0,1650.8305181753392,0.0,8.144078981021172,1.724147908919838,1.1792303710529954,0,9.302832779822513,-1.1587537988013406
189,513500,195500,Non GLA,Non GLA,0.0,1.66900615208526,10.1069694370159,0.0,0.0,0.0,0.0,0.4275,7132.696623190926,2.341550654,8.70795252572134,0.0,0.0,0.0,1156.2854259089268,0.0,7.19372196006394,1.480805039860073,1.0827847185497588,0,8.448339672038525,-1.2546177119745847
190,514500,195500,Non GLA,Non GLA,0.0,4.06820291557467,4.33002944016611,0.0,0.0,0.0,0.0,0.23367,3920.384711356512,3.915245548,6.70747696812752,0.0,0.0,0.0,3366.512185514422,0.0,11.173938554166114,1.7426080488215208,0.9257497999181572,0,10.300549170327992,0.8733893838381217
191,515500,195500,Non GLA,Non GLA,0.0,4.69407994269541,0.0,0.0,0.0,0.0,0.0,0.01777,1584.851375912786,8.072894769,1.52977591913651,0.0,0.0,0.0,9215.397730177823,0.0,24.06253452617093,3.2820634148007257,1.1256115018810475,0,21.23120646852194,2.8313280576489888
192,516500,195500,Non GLA,Non GLA,0.0,4.48540052403273,0.0,0.0,0.0,0.0,0.0,0.90424,1266.3433744280003,441.8482906,1.76510479686268,0.0,0.0,0.0,4493.24912680768,0.0,23.842150606306863,3.4840163654272738,2.261782004757314,0,13.608404462268407,10.233746144038456
193,541500,195500,Non GLA,Non GLA,0.0,1.25173987207261,0.0,0.0,0.0,0.0,0.0,0.19729,3722.15814030147,1.148463697,6.82507020588215,0.0,0.0,0.0,1221.1000492574055,0.0,4.639261939454631,0.9304837873019928,0.5662180192077465,0,4.49038630823723,0.14887563121740044
194,542500,195500,Non GLA,Non GLA,0.0,1.14744196281797,0.0,0.0,0.0,0.0,0.0,0.34941,5548.633055450405,14.5160359,9.64935347795616,0.0,0.0,0.0,1497.963707812644,0.0,6.29387429660989,1.6303812327587135,1.1326021647927789,0,6.2714039691589285,0.02247032745096167
195,543500,195500,Non GLA,Non GLA,0.0,5.11133129410924,0.0,0.0,0.0,0.0,0.0,0.19395,3556.772620530508,11.2722182,4.58932691974943,0.0,0.0,0.0,2735.879778340809,0.0,8.427432887900554,1.6168554026857247,0.8427873376169763,0,8.538492452556278,-0.11105956465572397
196,544500,195500,Non GLA,Non GLA,0.0,6.25877325692722,0.0,0.0,0.0,0.0,0.0,0.16548,718.6103111453037,0.0,0.823725623790443,0.0,0.0,0.0,9440.24498051731,0.0,22.974102488427228,3.774043695159232,1.2650614496221466,0,20.79980626959653,2.1742962188306976
197,545500,195500,Non GLA,Non GLA,0.0,9.70098270231031,0.0,0.0,0.0,0.0,0.0,0.00017,408.137723347018,0.0,0.470694612496713,0.0,0.0,0.0,1332.790220738876,0.0,4.183999497235573,0.8120708784856416,0.3475298843422501,0,3.9065229456528296,0.2774765515827431
198,546500,195500,Non GLA,Non GLA,0.0,9.90972482108806,0.0,0.0,0.0,0.0,0.0,0.0019,413.5531698587382,0.0,0.353025147673033,0.0,0.0,0.0,632.9151507770579,0.0,2.31092889424605,0.4642501671066781,0.2202771791440607,0,2.508608279313746,-0.1976793850676959
199,547500,195500,Non GLA,Non GLA,0.0,7.92777940901248,0.957309867978805,0.0,0.0,0.0,0.0,0.00337,265.808260142913,0.0,1.17675077146348,0.0,0.0,0.0,197.7460713425313,0.0,1.1027100578543405,0.1978372061764924,0.120805276459282,0,0.9644887359518126,0.1382213219025279
200,548500,195500,Non GLA,Non GLA,0.0,9.90972482108806,0.992771610346306,0.0,0.0,0.0,0.0,0.00187,193.5772850365245,0.0,0.353025147673033,0.0,0.0,0.0,24.528489014681757,0.0,0.8711055188266491,0.1050230411228597,0.0872972333188488,0,0.9926033683699433,-0.12149784954329423
201,549500,195500,Non GLA,Non GLA,0.0,10.3268522651316,0.0,0.0,0.0,0.0,0.0,0.0004,166.28420572972237,0.0,0.117673653124178,0.0,0.0,0.0,149.65588011761108,0.0,1.0751590858728743,0.1524448962118963,0.0997679573053856,0,1.3110674720286166,-0.23590838615574228
202,550500,195500,Non GLA,Non GLA,0.0,9.90972482108806,0.0,0.0,0.0,0.0,0.0,0.01201,242.59106167690453,0.98261789,0.47070047611741,0.0,0.0,0.0,385.99811508303816,0.0,1.7214621545678848,0.2630117677691148,0.1446151570682864,0,1.7137348829013312,0.007727271666553515
203,551500,195500,Non GLA,Non GLA,0.0,9.49247272324429,0.0,0.0,0.0,0.0,0.0,0.01042,138.32681345351006,0.0,1.0590754430191,0.0,0.0,0.0,79.6206255826932,0.0,0.8419230748649636,0.1286489104377104,0.0946811505966352,0,0.7187952829516551,0.12312779191330858
204,552500,195500,Non GLA,Non GLA,0.0,9.59678630752768,0.0,0.0,0.0,0.0,0.0,0.00893,227.0455530479855,1.637668418,0.47070047611741,0.0,0.0,0.0,77.02171236025198,0.0,0.8135662476129487,0.1537731009912156,0.1180675919297848,0,0.9654732190961521,-0.15190697148320342
205,553500,195500,Non GLA,Non GLA,0.0,9.5966706108868,0.0,0.0,0.0,0.0,0.0,0.00023,232.06316892016216,0.0,0.353020959372535,0.0,0.0,0.0,17290.159887310587,0.0,31.86358051924597,6.781551203900003,1.3575734691420267,1,36.386413533719434,-4.522833014473463
206,554500,195500,Non GLA,Non GLA,0.0,10.118350496795,0.0,0.0,0.0,0.0,0.0,0.0078,359.3804675545079,0.0,0.0,0.0,0.0,0.0,44.42446963649368,0.0,1.0869040308596851,0.1389250426213946,0.112585596504948,0,1.1737840420940646,-0.0868800112343795
207,502500,194500,Non GLA,Non GLA,0.0,6.57171177048759,0.0,0.0,0.0,0.0,0.0,0.0296,1211.536754320253,0.0,3.05955100061292,0.0,0.0,0.0,250.2006362180419,0.0,1.558138552493013,0.3266620713904927,0.239116016468907,0,2.5464623084385867,-0.9883237559455738
208,503500,194500,Non GLA,Non GLA,0.0,7.51052805759865,0.0,0.0,0.0,0.0,0.0,0.06113,1909.8130437720008,0.072587739,2.35350070526685,0.0,0.0,0.0,16031.69050521429,0.0,32.57837303638391,6.426517249856211,1.7241828076199333,1,36.07699929257095,-3.4986262561870447
209,504500,194500,Non GLA,Non GLA,0.0,0.730189864974203,3.20048801387166,0.0,0.0,0.0,0.0,0.33693,6804.641973744014,0.09507653,10.9437787402039,0.0,0.0,0.0,815.1690140319638,0.0,5.203028626481109,1.164169658214381,0.8903574270746021,0,6.647714247048426,-1.4446856205673164
210,505500,194500,Non GLA,Non GLA,0.0,0.834492999238425,10.5672395219775,0.0,0.0,0.0,0.0,0.34312,5176.898359232614,2.753336478,8.00180673712393,92.374524891,0.0,0.0,3994.392588856683,0.0,12.379662695123924,3.066030888551064,1.683282579313091,0,12.996219091622827,-0.6165563964989023
211,506500,194500,Non GLA,Non GLA,0.0,2.50350960134286,16.8264632392066,0.0,0.0,0.0,0.0,0.19192,2748.160672835057,0.93178103,4.23630177207639,96.733923433,0.0,4.39752,2205.840160170743,0.0,7.796638973144859,2.180154182127982,1.469836749783153,0,8.04065212228815,-0.2440131491432922
212,507500,194500,Non GLA,Non GLA,0.0,3.6509508177309,16.8264649218464,0.0,0.0,0.0,0.0,0.02605,1597.459208213857,0.232083636,1.0590754430191,101.469215152,0.0,6.25772,389.5032010053196,0.0,2.770890745460891,0.6469522340456993,0.5052503078779194,0,3.940331680620485,-1.169440935159594
213,508500,194500,Non GLA,Non GLA,0.0,5.21558217827758,12.6186733783049,0.0,0.0,0.0,0.0,0.27073,1562.691585506309,26.33893658,1.52975749061432,38.878307593,0.0,0.0,976.5966805388666,0.0,4.727352013089097,0.8128312443401087,0.4952816536139725,0,5.3515870763427005,-0.6242350632536038
214,509500,194500,Non GLA,Non GLA,0.0,6.57171177048759,0.0,0.0,0.0,0.0,0.0,0.02846,1525.473588588726,5.503003986,1.64745040992079,0.0,0.0,0.0,572.8582593907577,0.0,3.48685123702539,0.4987781137908011,0.3096319925476717,0,3.7654105923137955,-0.27855935528840536
215,502500,193500,Non GLA,Non GLA,0.0,7.19748877599622,3.89642734766479,0.0,0.0,0.0,0.0,0.00079,364.42973943682017,0.0,0.117673653124178,0.0,0.0,0.0,13702.198055894194,0.0,28.670244494418174,4.682568096670599,1.153722512125532,1,30.36607457764064,-1.6958300832224644
216,502500,192500,Non GLA,Non GLA,0.0,7.19758954403828,0.0,0.0,0.0,0.0,0.0,0.0627,1145.4796096342618,0.0,2.23582537682247,0.0,0.0,0.0,12403.36048334347,0.0,26.507155138942156,4.216394158998939,1.0624649548365377,0,27.93091051904446,-1.4237553801023033
217,502500,191500,Non GLA,Non GLA,0.0,9.70109914538114,0.0,0.0,0.0,0.0,0.0,0.00053,488.6338838619287,0.0,0.117675328444377,0.0,0.0,0.0,12162.169117053249,0.0,26.140832411203792,4.137252616878194,1.03706179461579,0,27.618472189953554,-1.4776397787497615
218,501500,190500,Non GLA,Non GLA,0.0,8.55346908221798,0.0,0.0,0.0,0.0,0.0,0.00821,1430.3842690395231,3.827323793,0.470689586536116,0.0,0.0,0.0,9503.441247409984,0.0,21.06597239381693,3.27967021274149,0.8661305902112635,0,22.87601383032902,-1.810041436512087
219,502500,190500,Non GLA,Non GLA,0.0,10.1182086751061,0.0,0.0,0.0,0.0,0.0,0.0,555.7524852024421,0.469138017,0.0,0.0,0.0,0.0,2576.872743473657,0.0,6.6188736924262,0.9612536883297668,0.3024385770623891,0,8.052266537883664,-1.4333928454574645
220,501500,189500,Non GLA,Non GLA,0.0,5.31989352327116,0.0,0.0,0.0,0.0,0.0,0.00555,1193.535368318948,0.0,0.235347306248357,0.0,0.0,0.0,12115.998534535203,0.0,26.033822185907862,4.104238331870951,1.0307524971724424,0,27.729522909018897,-1.6957007231110346
221,502500,189500,Non GLA,Non GLA,0.0,4.79839278054887,0.0,0.0,0.0,0.0,0.0,0.0012,433.950884822734,0.0,0.47070047611741,0.0,0.0,0.0,67.68920577952949,0.0,1.1390870166547484,0.1285481812318915,0.0971069634555976,0,2.0271625070897255,-0.888075490434977
222,501500,188500,Non GLA,Non GLA,0.0,6.1543253152544,2.12567702651786,0.0,0.0,0.0,0.0,0.01479,1639.1385303329976,0.0,1.41206959726845,741.03450884,0.0,0.0,12040.16248351174,0.0,28.13141486477142,4.158278274041267,1.0857507867079796,1,31.23446983606688,-3.1030549712954603
223,502500,188500,Non GLA,Non GLA,0.0,6.46730861461125,58.0345046276717,0.0,0.0,0.0,0.0,0.00505,504.5489603500449,0.0,0.706040243424871,21.19103899,0.0,0.0,94.17505546706008,0.0,1.2560348904760257,0.1541126636918774,0.1146032192747025,0,2.586139654211646,-1.3301047637356203
224,501500,187500,Non GLA,Non GLA,0.0,6.78025683176086,10.7737714792271,0.0,0.0,0.0,0.0,0.0517,1543.717130855822,5.62659669,2.35347222482347,0.0,0.0,0.0,13119.601375497392,0.0,28.59056071908749,4.428117694117117,1.1780099561200703,1,29.8182997587542,-1.2277390396667087
225,502500,187500,Non GLA,Non GLA,0.0,3.96389007772121,0.0,0.0,0.0,0.0,0.0,0.2307,1821.44734998935,83.29122124,4.00095111518764,695.56658148,0.0,0.0,1072.6520714477297,0.0,7.799265923531482,0.9306745438587188,0.6703310354148515,0,8.136057997879089,-0.33679207434760716
226,501500,186500,Non GLA,Non GLA,0.0,5.00695874186049,0.0,0.0,0.0,0.0,0.0,0.00307,1317.4477989508166,0.0,0.588368265620892,0.0,0.0,0.0,12144.989194663742,0.0,25.68250571932734,4.439738544720473,1.1515320288264803,0,27.798572947754238,-2.116067228426896
227,502500,186500,Non GLA,Non GLA,0.0,8.34503150685625,0.0,0.0,0.0,0.0,0.0,0.02271,963.7138292580978,0.158201864,1.0590754430191,0.0,0.0,0.0,1183.551520707697,0.0,3.898197954759741,0.5240133123307968,0.2685163620986698,0,5.1519410730971,-1.2537431183373586
228,501500,185500,Non GLA,Non GLA,0.0,4.17242394254536,0.0,0.0,0.0,0.0,0.0,0.00202,726.5738274700984,0.0,1.05905198853631,0.0,0.0,0.0,16859.64829487783,0.0,35.48270939689396,6.650123043438327,1.7780529936551426,1,36.70085573269949,-1.2181463358055282
229,502500,185500,Non GLA,Non GLA,0.0,5.11126038326483,0.0,0.0,0.0,0.0,0.0,0.00054,594.4833581368374,0.0,0.235346468588257,0.0,0.0,0.0,13549.758965182538,0.0,29.02627662094034,5.83906444558205,1.6358284846584483,1,30.095004898411894,-1.0687282774715534
230,502500,184500,Non GLA,Non GLA,0.0,5.73720906765993,0.0,0.0,0.0,0.0,0.0,0.12058,861.3695750960318,3.921796679,1.76512573836516,0.0,0.0,0.0,15919.629201360463,0.0,33.44101880943781,8.445186482100196,2.5489071300394084,1,35.123243486736065,-1.682224677298258
231,555500,177500,Non GLA,Non GLA,0.0,0.312934034980725,0.0,0.0,0.0,0.0,0.0,0.00254,1806.846756225372,0.0,0.235346468588257,71.94131641,0.0,1645.9578303777446,291.0614186623596,0.0,26.8550791124596,0.932161289270972,0.7327635600808499,0,18.604330844951306,8.250748267508293
232,556500,177500,Non GLA,Non GLA,0.0,0.104310598563634,0.0,0.0,0.0,0.0,0.0,0.03266,6339.10817676742,37725.0,0.470689586536116,114.7144091,0.0,3352.237708867948,1246.7766133828284,0.0,123.40154251053666,21.411458125734665,20.286489204503656,1,81.97241778698529,41.42912472355137
233,557500,177500,Non GLA,Non GLA,0.0,1.25173688635284,0.0,0.0,0.0,0.0,0.0,0.25197,7220.205157375419,125.5203779,0.588366590300693,103.1822733,0.0,0.0,15581.19546113146,0.0,45.43623502765768,10.650422613946205,3.053972136673285,1,39.92155180440113,5.514683223256547
234,555500,176500,Non GLA,Non GLA,0.0,1.5646933142318,0.0,0.0,0.0,0.0,0.0,0.04695,1347.493714069844,0.138525975,0.117675328444377,0.0,0.0,32.76217283020474,331.6486201347417,0.0,84.4263351788367,0.3430532497812361,0.2299014490881438,1,2.3475374646420573,82.07879771419464
235,556500,176500,Non GLA,Non GLA,0.0,0.0,0.0,0.0,0.0,0.0,0.0,0.01392,765.8286980785516,0.0,0.235347306248357,0.0,0.0,3724.634966415445,6348.784268855374,0.0,66.69293417308877,6.205854427822061,2.949522496685741,1,50.14509341653935,16.54784075654942
236,557500,176500,Non GLA,Non GLA,0.0,0.0,0.0,0.0,0.0,0.0,0.0,0.0,2876.3340015096574,1.407413669,0.0,0.376073513,0.0,13664.862933773791,6930.827258788205,0.0,102.5898928758706,7.352761555104277,3.854101699031758,1,151.12095713835515,-48.53106426248455
237,555500,175500,Non GLA,Non GLA,0.0,0.0,44.6662339165507,0.0,0.0,0.0,0.0,0.11314,3482.345250493138,0.624308397,4.58932691974943,0.0,0.0,0.0,5715.379787987903,0.0,14.828972558523777,4.001320211170471,1.325117452097626,0,13.911116787752373,0.9178557707714035
238,556500,175500,Non GLA,Non GLA,0.0,0.0,0.0,0.0,0.0,0.0,0.0,0.15357,2119.3533057146374,17.07448596,1.05906287811761,0.0,0.0,0.0,12661.338994152567,0.0,29.36980245329848,8.40286531545232,2.360276151683089,1,27.927210869086196,1.442591584212284
239,502500,174500,Non GLA,Non GLA,0.0,0.312934034980725,7601.75700916872,0.0,0.0,0.0,0.0,3e-05,907.7325118681908,0.0,0.117673653124178,0.0,0.0,0.0,3341.130360367863,0.0,80.1132021139445,1.589493558034787,0.6009963404434951,1,34.668487552284574,45.44471456165992
240,555500,174500,Non GLA,Non GLA,0.0,1.14742554135927,44.6662339165507,0.0,0.0,0.0,0.0,0.21656,6216.88783381782,2.409453674,6.94273045644473,130.1581672,0.0,0.0,14461.932704051196,0.0,32.32085550825147,9.082780200842588,3.0198333013316403,1,34.81513339410207,-2.4942778858506003
241,556500,174500,Non GLA,Non GLA,0.0,6.88449950519984,44.6662339165507,0.0,0.0,0.0,0.0,0.05068,3646.3375143122057,0.199057526,1.05905198853631,112.8580498,0.0,0.0,372.3980791259049,0.0,5.136589634853178,0.6078785891515923,0.4563042357715649,0,5.333247886270217,-0.1966582514170394
242,502500,173500,Non GLA,Non GLA,0.0,3.23369946631707,0.0,0.0,0.0,0.0,0.0,0.01375,788.1252705365537,7.527761565,0.588374966901688,1.334285051,0.0,0.0,16465.021005586,0.0,33.124992707086484,6.5426356166023245,1.6362603615772913,1,36.167897820991016,-3.0429051139045313
243,555500,173500,Non GLA,Non GLA,0.0,0.938816287111059,0.0,0.0,0.0,0.0,0.0,0.30664,6553.538624401105,9.070247716,5.17770188665112,0.0,0.0,0.0,17469.155860565228,0.0,39.93153049279956,10.185339682467635,3.32054489547993,1,41.3289412077449,-1.3974107149453374
244,501500,172500,Non GLA,Non GLA,0.0,1.98190137270905,0.0,0.0,0.0,0.0,0.0,0.04769,1544.2608294774632,0.989990659,5.0599151494135,0.0,0.0,22.65767,818.0577173279491,0.0,3.3813532353555877,0.6873048651654652,0.429661057507375,0,3.4833976478936677,-0.10204441253807994
245,502500,172500,Non GLA,Non GLA,0.0,1.98191704773781,0.0,0.0,0.0,0.0,0.0,0.04301,1266.4409732461115,2.154351457,3.41252840166028,1.126367582,0.0,0.0,19471.10080604549,0.0,41.27089499208861,9.351223149545133,2.8383833791471984,1,41.86712314403317,-0.5962281519445654
246,503500,172500,Non GLA,Non GLA,0.0,6.15437457963052,0.0,0.0,0.0,0.0,0.0,0.15119,1637.2501099121118,0.051321369,1.88277426168636,1.190071115,0.0,0.0,6735.011292648615,0.0,14.439562053886457,1.6225770244166422,0.7397691722229076,0,17.19149297732938,-2.751930923442922
247,504500,172500,Non GLA,Non GLA,0.0,1.46036032276993,0.0,0.0,0.0,0.0,0.0,0.02736,1695.4493076787555,0.010773211,1.17673401826149,0.0,0.0,0.0,4251.659754924135,0.0,10.362745185461334,1.3966341133911104,0.6272945232940385,0,11.494351212645432,-1.1316060271840982
248,505500,172500,Non GLA,Non GLA,0.0,1.56465897845451,0.0,0.0,0.0,0.0,0.0,0.0666,3138.741744863911,9.655136057,3.17715596560893,0.0,0.0,0.0,1939.756769646322,0.0,7.660940167104248,1.6011693132621758,0.8974535552454349,0,7.591056240965368,0.06988392613888017
249,506500,172500,Non GLA,Non GLA,0.0,2.39916317414205,0.0,0.0,0.0,0.0,0.0,0.16102,4389.137858750689,0.205587482,4.00089499196097,9.699246318,0.0,0.0,2823.33934089474,0.0,10.033107453666158,1.85903826899435,0.97880755910977,0,10.683497476679626,-0.6503900230134683
250,555500,172500,Non GLA,Non GLA,0.0,6.6759313045984,0.0,0.0,0.0,0.0,0.0,0.09062,2279.218524135281,3.371160185,0.470693774836614,0.0,0.0,0.0,18298.949074849843,0.0,40.33430921183313,8.765938653109844,2.31537125645503,1,40.54489213206982,-0.21058292023668912
251,501500,171500,Non GLA,Non GLA,0.0,1.56467465348327,0.0,0.0,0.0,0.0,0.0,0.27088,3936.087746209961,4.909775168,6.70739655275797,40.080207841,0.0,3.75289,18703.95820611309,0.0,41.86906965138432,8.459591389256751,3.097723849264911,1,42.58301604177504,-0.7139463903907171
252,502500,171500,Non GLA,Non GLA,0.0,0.834503449257602,0.0,0.0,0.0,0.0,0.0,0.18972,4369.681973448087,18.41261943,5.53072703432415,40.144672368,0.0,24.58686,1957.9648576460445,0.0,8.346167353522059,1.955061069884,1.2757904951661831,0,8.819878255615397,-0.47371090209333744
253,503500,171500,Non GLA,Non GLA,0.0,0.0,0.0,0.0,0.0,0.0,0.0,0.43303,3655.406575652372,43.57100403,4.7070014105337,44.676000824,0.0,23.43951,3455.0965012744005,0.0,12.680919500466604,4.312534439466829,3.2983801930608423,0,11.94964427333309,0.7312752271335139
254,504500,171500,Non GLA,Non GLA,0.0,2.08625750349909,0.0,0.0,0.0,0.0,0.0,0.20861,4345.250223674898,1.146689143,7.41352726347359,41.311145768,0.0,0.0,3600.6495502940265,0.0,11.564269792478868,2.5227085228214405,1.404506507296689,0,11.468766514572756,0.09550327790611135
255,505500,171500,Non GLA,Non GLA,0.0,3.75521886978788,0.0,0.0,0.0,0.0,0.0,0.11712,4177.787794666766,0.109112444,6.23670194026125,40.270115975,0.0,0.0,2568.975427187977,0.0,9.558738988540036,2.142244593400393,1.292290409848016,0,9.496212209179035,0.0625267793610007
256,506500,171500,Non GLA,Non GLA,0.0,0.521564189267288,0.0,0.0,0.0,0.0,0.0,0.45803,8514.935395068718,8.636835721,7.41352726347359,30.652367583,0.0,0.0,2095.907678813052,0.0,10.507233828715531,2.5446343061288528,1.8669183374123028,0,12.700432607591804,-2.1931987788762726
257,555500,171500,Non GLA,Non GLA,0.0,5.84152190551339,0.0,0.0,0.0,0.0,0.0,0.04854,1215.6956124362944,6.181165552,1.64745040992079,0.0,0.0,0.0,17535.237050141768,0.0,34.358335278105635,7.567868150257868,1.834657307964905,1,37.40229577060681,-3.043960492501178
258,501500,170500,Non GLA,Non GLA,0.0,4.90264739686691,0.0,0.0,0.0,0.0,0.0,0.06236,2480.8883769835656,6.361605503,4.94229259355539,3.843105682,0.0,0.0,14807.04490706858,0.0,32.107814616258224,5.5971056096891125,1.570291593688479,1,33.41587245229793,-1.3080578360397084
259,502500,170500,Non GLA,Non GLA,0.0,1.87763182779218,0.0,0.0,0.0,0.0,0.0,0.21879,4542.075702916075,2.438681692,8.35492821570841,0.0,0.0,0.0,744.0547538238823,0.0,4.366656669441744,0.9485736548406708,0.708751667652764,0,5.362431714441656,-0.9957750449999123
260,503500,170500,Non GLA,Non GLA,0.0,3.12938662846361,0.0,0.0,0.0,0.0,0.0,0.13197,3871.424789442866,0.763563883,6.00142667278146,0.0,0.0,23.91375,1103.5468977041528,0.0,5.082822754988191,1.189648728851196,0.8697939001516899,0,6.336850634027226,-1.2540278790390351
261,504500,170500,Non GLA,Non GLA,0.0,1.66900615208526,0.0,0.0,0.0,0.0,0.0,0.27694,7181.198805548382,2.899206916,9.88470329718482,0.0,0.0,0.0,892.4624770892905,0.0,6.026953562073876,1.750076187376004,1.4626538980053114,0,7.794773193431273,-1.7678196313573968
262,505500,170500,Non GLA,Non GLA,0.0,2.60779108913879,0.0,0.0,0.0,0.0,0.0,0.20788,5480.6396083406735,0.386493261,7.88413308399975,0.0,0.0,0.0,1330.8784006847775,0.0,6.592625443043457,1.994632889220076,1.5520862973218983,0,7.597073774135793,-1.0044483310923358
263,506500,170500,Non GLA,Non GLA,0.0,3.33801230417052,0.0,0.0,0.0,0.0,0.0,0.14573,1200.3209318494194,35.07853393,1.52977591913651,0.0,0.0,0.0,2465.706938756424,0.0,8.22857249169341,1.7144826670262967,0.8871143189743734,0,7.733043719961901,0.4955287717315082
264,501500,169500,Non GLA,Non GLA,0.0,6.36294651238167,0.0,0.0,0.0,0.0,0.0,0.0218,1278.4688259094337,0.0,1.29439678180437,0.0,0.0,0.0,14315.156407589606,0.0,30.07415369204488,5.418863985689488,1.5409414132740906,1,32.44374094919333,-2.3695872571484458
265,502500,169500,Non GLA,Non GLA,0.0,5.84143979821986,0.0,0.0,0.0,0.0,0.0,0.07424,1290.167083087082,6.212523744,1.17673401826149,0.0,0.0,0.0,283.24559836321146,0.0,2.1505014797985558,0.4011344782143768,0.3029078189488442,0,3.652117317962011,-1.5016158381634552
266,503500,169500,Non GLA,Non GLA,0.0,3.33796602551417,0.0,0.0,0.0,0.0,0.0,0.08824,2145.606307363557,0.339959501,5.53064913193489,0.0,0.0,17.38962,1281.257556914823,0.0,4.476709913735334,0.8550608255626426,0.4860247046648054,0,5.055385723841235,-0.5786758101059011
267,504500,169500,Non GLA,Non GLA,0.0,2.71209720912278,0.0,0.0,0.0,0.0,0.0,0.09015,2622.176019964189,1.743662165,5.17762901022245,0.0,0.0,51.05938,733.9318347533451,0.0,4.406513568768697,0.9125618728156898,0.671721720947511,0,4.7363810698567175,-0.3298675010880201
268,505500,169500,Non GLA,Non GLA,0.0,6.57156770950894,0.0,0.0,0.0,0.0,0.0,0.03221,1369.2399884959962,0.516273698,2.35344877034068,0.0,0.0,0.0,888.610599975365,0.0,3.857135982618134,0.66537327993766,0.372210919349674,0,4.505123478645594,-0.6479874960274596
269,506500,169500,Non GLA,Non GLA,0.0,1.87760570274423,0.0,0.0,0.0,0.0,0.0,0.0,668.552117347676,0.0,0.117673653124178,0.0,0.0,0.0,2.0082036642432044,0.0,1.4574817910680369,0.1184349834827053,0.0987940395063326,0,2.058076324289452,-0.6005945332214151
270,507500,169500,Non GLA,Non GLA,0.0,0.0,0.0,0.0,0.0,0.0,0.0,0.0,670.131888977261,0.0,0.0,0.0,0.0,0.0,0.0,0.0,1.4068543534465363,0.1138942511709229,0.0948977977727398,0,1.8486192764687726,-0.44176492302223624
271,508500,169500,Non GLA,Non GLA,0.0,1.46034837989088,0.0,0.0,0.0,0.0,0.0,0.05799,2107.108624347629,5.707211947,2.58879356360874,0.043783597,0.0,0.0,3173.3876723053686,0.0,10.11981056170454,1.443132335795821,0.6921300402451254,0,9.241622260207329,0.8781883014972109
272,509500,169500,Non GLA,Non GLA,0.0,1.77329435775066,0.0,0.0,0.0,0.0,0.0,0.20384,3355.325794309663,48.91982939,4.9422825416342,0.555456351,0.0,0.0,6116.581695420353,0.0,18.858205629668955,2.776022318263797,1.355595202903082,0,16.16696183240388,2.6912437972650736
273,510500,169500,Non GLA,Non GLA,0.0,0.625868816391392,0.0,0.0,0.0,0.0,0.0,0.24899,5042.860466684067,0.341815035,10.0022387363926,0.068426659,0.0,0.0,2216.0272960984894,0.0,8.26741921636288,1.901453052759712,1.1637366934484574,0,8.080653389744072,0.18676582661880836
274,501500,168500,Non GLA,Non GLA,0.0,3.44228408837722,0.0,0.0,0.0,0.0,0.0,0.05975,1346.6092560959703,0.0,4.58927163418286,0.0,0.0,0.0,15730.308408579682,0.0,33.298691652396336,6.981106029770923,2.027090957849404,1,34.16061455474074,-0.8619229023444035
275,502500,168500,Non GLA,Non GLA,0.0,1.98194466564563,0.0,0.0,0.0,0.0,0.0,0.03262,640.1769841376891,0.0,2.82420118138426,0.0,0.0,0.0,705.2979381216919,0.0,2.52938405044569,0.4987815767559667,0.2783635482309693,0,2.8455657534161727,-0.31618170297048254
276,503500,168500,Non GLA,Non GLA,0.0,1.46038047637835,0.0,0.0,0.0,0.0,0.0,0.00255,488.0545416330058,0.0,0.588374966901688,0.0,0.0,0.0,553.7866797483663,0.0,2.1021838566891384,0.8375187815473952,0.6616027269971073,0,2.9267824353326706,-0.8245985786435321
277,504500,168500,Non GLA,Non GLA,0.0,5.63289622980647,0.0,0.0,0.0,0.0,0.0,0.01212,687.5383925353219,1.933294494,2.58885052449551,0.0,0.0,17.86007,617.1285171049403,0.0,2.6657813606958047,0.4254182416298495,0.2296648589348831,0,3.2785511983407947,-0.6127698376449899
278,505500,168500,Non GLA,Non GLA,0.0,6.15438652250958,0.0,0.0,0.0,0.0,0.0,0.0397,815.2750867003765,0.0,2.11812491857511,0.0,0.0,7.44534,789.9762001735846,0.0,3.507182084024252,0.5936630668866456,0.3468363044822465,0,3.8969365997948184,-0.38975451577056663
279,506500,168500,Non GLA,Non GLA,0.0,3.44232514202398,0.0,0.0,0.0,0.0,0.0,0.10809,1603.621760888164,2.420316041,2.70652585293989,0.0,0.0,0.0,1296.4555080742264,0.0,4.866083169341457,0.8461239309560948,0.4535875983137272,0,5.265876503490366,-0.3997933341489093
280,507500,168500,Non GLA,Non GLA,0.0,4.38114142913504,0.0,0.0,0.0,0.0,0.0,0.07598,2061.677318007656,0.556675705,3.41257614828595,0.0,0.0,0.0,1631.6072322889052,0.0,5.8797179936657775,0.9450784291722356,0.5493198339497118,0,6.181291893055607,-0.3015738993898296
281,508500,168500,Non GLA,Non GLA,0.0,6.98887952174801,0.0,0.0,0.0,0.0,0.0,0.02844,1752.652626467319,0.0,2.47114587794765,0.456039684,0.0,0.0,5629.102100705538,0.0,15.766203724632764,2.1164472006598465,0.8822307045905906,0,14.5680375053869,1.1981662192458629
282,509500,168500,Non GLA,Non GLA,0.0,5.84152190551339,0.0,0.0,0.0,0.0,0.0,0.06018,2254.365813856532,0.145385146,4.23630177207639,0.0,0.0,0.0,1476.0397520116192,0.0,5.779188817152392,1.2317653346444897,0.8051867271322144,0,5.8661285575557445,-0.08693974040335206
283,510500,168500,Non GLA,Non GLA,0.0,3.23369946631707,0.0,0.0,0.0,0.0,0.0,0.17708,3663.590926618705,0.47878445,6.58980247734325,0.0,0.0,21.60819,1873.3953359069103,0.0,7.0239632714530025,1.8235967309701364,1.2084022432737442,0,7.4675711248127605,-0.44360785335975805
284,551500,168500,Non GLA,Non GLA,0.0,0.0,0.0,0.0,0.0,0.0,0.0,0.27574,4603.197366216139,7.692810839,8.9433031826101,49.26116779,0.0,0.0,2612.891592771772,0.0,9.098406334447136,2.6723041269767824,1.8693834975688537,0,7.921902442422533,1.176503892024603
285,552500,168500,Non GLA,Non GLA,0.0,5.73720906765993,0.0,0.0,0.0,0.0,0.0,0.07154,1766.9693395470729,0.339100077,3.64792596751461,4.84335402,0.0,0.0,6215.739115496753,0.0,12.323051844355698,3.1382334917978785,0.9759002171769198,0,14.193934447384638,-1.8708826030289405
286,553500,168500,Non GLA,Non GLA,0.0,6.15438652250958,0.0,0.0,0.0,0.0,0.0,0.00078,351.7250810586916,0.0,0.353020959372535,0.0,0.0,0.0,9204.496720340125,0.0,15.923486164876104,4.180876246783128,0.8756555723258282,0,19.840230353156723,-3.916744188280619
287,501500,167500,Non GLA,Non GLA,0.0,5.42420561469467,0.0,0.0,0.0,0.0,0.0,0.0064,875.1447815166671,2.535983652,3.17718779669272,40.22920650099999,0.0,0.0,9575.49537979432,0.0,21.436553401038537,4.794305582606696,1.4832519054792654,0,21.78617043928816,-0.3496170382496224
288,502500,167500,Non GLA,Non GLA,0.0,3.12938662846361,0.0,0.0,0.0,0.0,0.0,0.01524,558.4988413187665,0.069896096,1.64745040992079,10.468727541,0.0,0.0,12147.108106021442,0.0,27.47210341380418,4.771006625445484,1.5220300366690422,0,26.83827219879614,0.6338312150080405
289,503500,167500,Non GLA,Non GLA,0.0,1.25175480067143,0.0,0.0,0.0,0.0,0.0,0.07243,2159.49019421062,3.234200469,3.76560129595898,0.0,0.0,0.0,6237.61338064151,0.0,16.547653370225074,2.435304034337052,1.0081219870434182,0,15.403651545044882,1.144001825180192
290,504500,167500,Non GLA,Non GLA,0.0,5.42427055409956,0.0,0.0,0.0,0.0,0.0,0.05013,1276.536835158989,0.0,2.47117603371123,0.0,0.0,2.20635,4930.263018136555,0.0,13.553600242612935,1.6095073188400042,0.5940275538377163,0,12.68372537702723,0.8698748655857056
291,505500,167500,Non GLA,Non GLA,0.0,4.58971186902631,0.0,0.0,0.0,0.0,0.0,0.16398,557.911176700058,124.7945335,0.0,0.0,0.0,24.28194,4783.264614116208,0.0,16.508956876344147,1.840466776522964,0.8396129299125231,0,12.95030819017026,3.5586486861738873
292,506500,167500,Non GLA,Non GLA,0.0,2.19057034135255,0.0,0.0,0.0,0.0,0.0,0.01649,1311.318976170643,0.0,0.823725623790443,0.0,0.0,0.0,4860.470849821705,0.0,13.725165428725733,1.861729587277076,0.8334190113122261,0,12.560320879177922,1.1648445495478104
293,507500,167500,Non GLA,Non GLA,0.0,3.54663797987744,0.0,0.0,0.0,0.0,0.0,0.14749,3600.245368509946,0.109507678,5.88375218199718,0.0,0.0,0.0,6262.603671545495,0.0,17.869656846243053,2.5352197345188494,1.191331064301011,0,16.511040157699988,1.3586166885430657
294,508500,167500,Non GLA,Non GLA,0.0,2.29485630772812,0.0,0.0,0.0,0.0,0.0,0.2459,5238.631908763811,6.299039245,8.11948039024811,0.232235557,0.0,0.0,1887.1511849402152,0.0,7.609330048284637,1.5209110218403417,0.9987872657155796,0,8.45462337653585,-0.8452933282512127
295,509500,167500,Non GLA,Non GLA,0.0,4.06820291557467,0.0,0.0,0.0,0.0,0.0,0.03672,1564.988835753683,0.0,3.1772263290573,0.0,0.0,4.81232,1993.4825399082572,0.0,6.786241174612557,1.4421089882774667,0.8360248185245887,0,6.398463840410588,0.387777334201969
296,510500,167500,Non GLA,Non GLA,0.0,4.06820291557467,0.0,0.0,0.0,0.0,0.0,0.13612,3276.1091721691373,0.325271929,5.41305170587977,0.0,0.0,24.28363,1339.7959354227528,0.0,5.41727815841373,1.2873643046372314,0.8729739429136238,0,6.403032930456038,-0.9857547720423083
297,551500,167500,Non GLA,Non GLA,0.0,7.71915373330557,0.0,0.0,0.0,0.0,0.0,0.03084,1254.7736128042898,0.005489577,2.70652585293989,0.0,0.0,0.0,3218.8019350884647,0.0,8.887234801522998,1.052705970756657,0.42580568655397,0,7.976479516836343,0.9107552846866556
298,552500,167500,Non GLA,Non GLA,0.0,6.0501475812203,0.0,0.0,0.0,0.0,0.0,0.04273,646.4198146031692,2.184879726,1.17675077146348,44.16707267,0.0,0.0,15823.145218052136,0.0,32.284788687740914,6.848209506039317,1.8371431169965349,1,33.8261136861645,-1.5413249984235833
299,553500,167500,Non GLA,Non GLA,0.0,7.30181504958861,0.0,0.0,0.0,0.0,0.0,0.00921,420.9120510262629,0.0,1.6474311437385,0.0,0.0,0.0,2218.918991761744,0.0,4.180864237201163,1.0756968939673377,0.2666180141894775,0,5.290867538911653,-1.1100033017104893
300,502500,166500,Non GLA,Non GLA,0.0,4.79832560185416,0.0,0.0,0.0,0.0,0.0,0.0158,699.017204115698,0.0,2.35346803652297,32.366341183,0.0,0.0,13742.886604248217,0.0,28.473958790312764,6.100899296189071,1.6569256235843728,1,30.347643331120103,-1.8736845408073393
301,503500,166500,Non GLA,Non GLA,0.0,3.33796602551417,0.0,0.0,0.0,0.0,0.0,0.17283,3011.770513008316,11.92504625,6.11901655989568,41.260516225,0.0,0.0,6424.877771643305,0.0,15.90036156348557,3.531205426328889,1.404056749624656,0,16.56753313299074,-0.6671715695051699
302,504500,166500,Non GLA,Non GLA,0.0,1.56467166776351,0.0,0.0,0.0,0.0,0.0,0.2715,4933.368697619727,19.80491072,7.29575057815717,13.692735561,0.0,0.0,3233.175639969916,0.0,10.864586694089482,2.613374616434073,1.6934556747038585,0,11.36379140266436,-0.49920470857487764
303,505500,166500,Non GLA,Non GLA,0.0,4.9025981324908,0.0,0.0,0.0,0.0,0.0,0.08999,1861.897934308221,5.585648995,3.17715596560893,0.0,0.0,31.44975,2246.729195030572,0.0,7.545603180597441,1.3108007189005773,0.7307019052356888,0,7.817874800756484,-0.27227162015904316
304,506500,166500,Non GLA,Non GLA,0.0,7.92766893738118,0.0,0.0,0.0,0.0,0.0,0.01863,1444.589991892766,0.0,1.52975413997392,0.0,0.0,24.96577,857.2439713633196,0.0,4.33474513443378,0.8806515748828534,0.6440183142397742,0,5.153894998050014,-0.819149863616234
305,507500,166500,Non GLA,Non GLA,0.0,5.00694903827125,0.0,0.0,0.0,0.0,0.0,0.04784,1517.380960136664,0.33013756,2.58881450511123,0.0,0.0,24.12616,722.3000194939673,0.0,3.9952094800055584,0.8342199247449023,0.6300696229239978,0,4.312612355115961,-0.31740287511040277
306,508500,166500,Non GLA,Non GLA,0.0,4.9025981324908,0.0,0.0,0.0,0.0,0.0,0.06959,2172.82005549376,2.345090801,2.47112158580476,0.0,0.0,36.91871,696.6920332071281,0.0,4.263176323041494,0.7910410184725587,0.5831047793190672,0,5.068347322047774,-0.8051709990062808
307,509500,166500,Non GLA,Non GLA,0.0,1.04311419636569,0.0,0.0,0.0,0.0,0.0,0.16064,4477.995111563586,1.028301334,5.41297631647081,0.0,0.0,30.22168,3372.0212460133703,0.0,11.186262331338758,2.343178498698005,1.3566477195548456,0,11.555068956264577,-0.36880662492581884
308,510500,166500,Non GLA,Non GLA,0.0,0.0,0.0,0.0,0.0,0.0,0.0,0.38938,7868.161136254072,2.229823865,9.53154496155596,0.0,0.0,0.0,2353.290110803718,0.0,9.03256843483014,2.6421574206112366,1.9934702408553184,0,11.535250217916149,-2.5026817830860093
309,511500,166500,Non GLA,Non GLA,0.0,1.04311419636569,0.0,0.0,0.0,0.0,0.0,0.14217,3750.925604831976,0.00212337,5.53064913193489,0.0,0.0,0.0,327.3553236261326,0.0,2.5523039907773084,0.5441079907529489,0.437068944677405,0,4.1539864896510466,-1.6016824988737381
310,512500,166500,Non GLA,Non GLA,0.0,5.73708292099987,0.0,0.0,0.0,0.0,0.0,0.05429,1124.9122387707946,0.117284504,2.58879356360874,0.0,0.0,0.0,509.547617161428,0.0,2.2776708951201217,0.5034549284733928,0.3376578605362782,0,3.2206762941121063,-0.9430053989919847
311,513500,166500,Non GLA,Non GLA,0.0,6.98886608600907,0.0,0.0,0.0,0.0,0.0,0.00283,1676.4618124397098,0.0,0.588366590300693,0.0,0.0,0.0,23.803364593320367,0.0,1.7330845760264328,0.2330683090283344,0.2134773141882358,0,3.373719896896686,-1.6406353208702533
312,514500,166500,Non GLA,Non GLA,0.0,3.33796602551417,0.0,0.0,0.0,0.0,0.0,0.16163,4416.727584987164,0.259722202,6.82505680332055,0.0,0.0,0.0,906.1872434360406,0.0,4.124881315444099,1.0738911980035315,0.7849764009222051,0,5.81174912045051,-1.6868678050064112
313,515500,166500,Non GLA,Non GLA,0.0,1.46036032276993,0.0,0.0,0.0,0.0,0.0,0.21833,4668.045815878788,1.414495736,8.35481094329447,28.3032552,0.0,0.0,2517.1226182034447,0.0,8.206075515447445,1.8969174877680104,1.0565073710997512,0,8.914827692817354,-0.7087521773699095
314,551500,166500,Non GLA,Non GLA,0.0,9.90958598511899,0.0,0.0,0.0,0.0,0.0,0.00298,289.7077015996964,0.0,0.235346468588257,0.0,0.0,0.0,6548.455077600293,0.0,13.045182259410268,2.58945919018801,0.5673482676677584,0,14.870372204255922,-1.825189944845654
315,552500,166500,Non GLA,Non GLA,0.0,9.90958598511899,0.0,0.0,0.0,0.0,0.0,0.00042,930.9492092702548,0.0,0.0,26.37214445,0.0,0.0,7598.276593793037,0.0,15.011265182369955,3.039731464664104,0.6582491991908721,0,17.813122436121432,-2.8018572537514768
316,503500,165500,Non GLA,Non GLA,0.0,4.38114142913504,0.0,0.0,0.0,0.0,0.0,0.09682,2558.547819312156,3.812281382,5.29537637743539,0.0,0.0,0.0,15763.4315920936,0.0,32.41427428887459,7.184458615386256,2.103341584635084,1,35.363595201625216,-2.949320912750629
317,504500,165500,Non GLA,Non GLA,0.0,6.25877325692722,0.0,0.0,0.0,0.0,0.0,0.09987,2973.0120706331054,0.705158184,4.35397626286067,35.880948774,0.0,0.0,4045.7867655964474,0.0,11.147645666429788,2.481215297076461,1.1007365788622487,0,12.29952135774339,-1.1518756913136023
318,505500,165500,Non GLA,Non GLA,0.0,4.90264739686691,0.0,0.0,0.0,0.0,0.0,0.04829,1503.4141756026847,0.0,3.64788240918943,21.998824115,0.0,0.0,2065.259208538244,0.0,6.377011537074598,1.4163685786593918,0.6941138611834811,0,6.6558164409983664,-0.2788049039237688
319,506500,165500,Non GLA,Non GLA,0.0,5.42427055409956,0.0,0.0,0.0,0.0,0.0,0.0329,1570.259842080646,0.0,3.41257614828595,0.0,0.0,15.00544,337.4053337686034,0.0,2.6459864821995858,0.4604361334411572,0.346418239790568,0,3.278960913188657,-0.632974430989071
320,507500,165500,Non GLA,Non GLA,0.0,1.77331898993872,0.0,0.0,0.0,0.0,0.0,0.18083,4348.619365311484,0.713884671,7.53120259191797,0.0,0.0,23.87518,404.0789420287345,0.0,3.789110202812681,0.7300661872512069,0.597299903166544,0,4.797850294527265,-1.0087400917145843
321,508500,165500,Non GLA,Non GLA,0.0,5.63282830468182,0.0,0.0,0.0,0.0,0.0,0.09471,2947.717526014451,0.523605808,4.00090336856197,0.0,0.0,0.0,841.3952168984903,0.0,4.033065118894851,0.7061453598770714,0.4408077611499715,0,5.428441861195607,-1.3953767423007557
322,509500,165500,Non GLA,Non GLA,0.0,0.521564189267288,0.0,0.0,0.0,0.0,0.0,0.19635,4672.309236740839,0.532573123,11.0614540686483,0.0,0.0,0.0,1381.468127540752,0.0,5.84687785401452,1.0636626163459644,0.6258454884646352,0,5.623077822783467,0.22380003123105308
323,510500,165500,Non GLA,Non GLA,0.0,0.0,0.0,0.0,0.0,0.0,0.0,0.22551,5765.39117034569,10.81843295,10.8261034117595,43.688554353,0.0,0.0,1781.326771994202,0.0,7.898839315072115,2.2571667494306444,1.7118729980922975,0,7.769789361453121,0.12904995361899374
324,511500,165500,Non GLA,Non GLA,0.0,1.77331898993872,0.0,0.0,0.0,0.0,0.0,0.25929,6489.941828239746,0.318561944,9.76702796874044,121.351481162,0.0,0.0,498.5295025450557,0.0,4.384662167630788,0.9519351431741212,0.7822603994311725,0,6.765975531212485,-2.3813133635816968
325,512500,165500,Non GLA,Non GLA,0.0,5.42420561469467,0.0,0.0,0.0,0.0,0.0,0.07579,1940.81106269224,6.846808456,1.6474311437385,121.432865605,0.0,0.0,561.6784067801949,0.0,3.3526392829559013,0.7240997064439818,0.5222329748510983,0,5.011051571935905,-1.6584122889800037
326,513500,165500,Non GLA,Non GLA,0.0,4.90270561840233,0.0,0.0,0.0,0.0,0.0,0.12091,2335.926425888238,18.81676013,3.64792596751461,117.876802811,0.0,0.0,570.6989041502104,0.0,4.096686259223411,0.6328291665773046,0.4351516638313491,0,4.800801570314224,-0.7041153110908134
327,514500,165500,Non GLA,Non GLA,0.0,3.85957723986775,0.0,0.0,0.0,0.0,0.0,0.11967,2486.6858676789643,0.939737991,3.53025147673033,117.161503334,0.0,0.0,2694.914640887352,0.0,8.207077645929688,1.8499040525146175,0.9309401636863992,0,9.182422125902152,-0.9753444799724633
328,515500,165500,Non GLA,Non GLA,0.0,0.104312837853458,0.0,0.0,0.0,0.0,0.0,0.21118,4333.956502070066,0.201640848,8.35492821570841,92.474708951,0.0,0.0,3954.268796710831,0.0,11.139862171967474,2.452973385399548,1.2276904479927415,0,11.689795630327112,-0.5499334583596376
329,551500,165500,Non GLA,Non GLA,0.0,9.90972482108806,0.0,0.0,0.0,0.0,0.0,0.00037,158.0855453864468,0.0,0.117675328444377,0.0,0.0,0.0,7084.820900383725,0.0,14.047072349618553,2.7644615839195934,0.5832399779158292,0,15.891873514172763,-1.8448011645542106
330,503500,164500,Non GLA,Non GLA,0.0,8.24060297236191,0.0,0.0,0.0,0.0,0.0,0.0304,1814.499572001806,0.0,1.76510060856218,0.0,0.0,0.0,4971.39889822184,0.0,11.254121233605437,2.5474567784620072,0.8749893561672335,0,13.833434837428516,-2.5793136038230795
331,504500,164500,Non GLA,Non GLA,0.0,1.77329435775066,0.0,0.0,0.0,0.0,0.0,0.22585,5490.683057494845,0.811257129,8.70783106500691,0.0,0.0,0.0,10555.015524158556,0.0,23.738749212647075,5.224577352197921,2.070443342362756,0,26.392507387907866,-2.6537581752607906
332,505500,164500,Non GLA,Non GLA,0.0,1.66896957701814,0.0,0.0,0.0,0.0,0.0,0.23379,4786.13328444197,0.564262211,7.76638152848631,28.934224969,0.0,0.03277,1993.2697728852477,0.0,7.365336961449332,2.546195805254137,1.920029951310869,0,8.498368918396935,-1.1330319569476028
333,506500,164500,Non GLA,Non GLA,0.0,3.75521140548847,0.0,0.0,0.0,0.0,0.0,0.11422,2450.2190701678905,0.824888384,4.3539151136734,20.591160666,0.0,4.83292,1162.5907851010309,0.0,4.8502797122453645,1.0515665876826872,0.6773102585112424,0,5.541347979093743,-0.6910682668483785
334,507500,164500,Non GLA,Non GLA,0.0,0.625868816391392,0.0,0.0,0.0,0.0,0.0,0.31943,6052.90258961505,13.60349229,8.70783106500691,7.927170389,0.0,0.0,2952.6505398304625,0.0,10.41497358985089,3.71316039953014,2.783370533253052,0,11.342109863582087,-0.9271362737311968
335,508500,164500,Non GLA,Non GLA,0.0,0.52155299281817,0.0,0.0,0.0,0.0,0.0,0.27817,6213.970880104866,2.208811726,10.5905207230232,124.768145036,0.0,0.0,2703.054624829033,0.0,9.719218882864276,2.313479001743597,1.4583895246797964,0,10.794227065557497,-1.075008182693221
336,509500,164500,Non GLA,Non GLA,0.0,0.0,0.0,0.0,0.0,0.0,0.0,0.14567,3664.2723901312406,4.834046463,10.2375852049808,124.74464033,0.0,0.0,2350.4899837757152,0.0,7.994468998113152,1.594353500993675,0.8591145883716582,0,7.324378904888691,0.6700900932244602
337,510500,164500,Non GLA,Non GLA,0.0,0.104311344993575,0.0,0.0,0.0,0.0,0.0,0.22978,4555.732749352731,0.163961924,10.1199115518567,78.61498072,0.0,0.0,1142.5275902033811,0.0,5.232980161024871,1.0367371173206468,0.682193358681726,0,5.695542123621717,-0.4625619625968458
338,511500,164500,Non GLA,Non GLA,0.0,1.25173688635284,0.0,0.0,0.0,0.0,0.0,0.35456,6597.929211116928,8.397874814,8.70783106500691,0.0,0.0,0.0,2632.0776627414275,0.0,9.287464727541144,2.108380742970534,1.3120221338485742,0,11.210099471408723,-1.9226347438675795
339,512500,164500,Non GLA,Non GLA,0.0,6.67587830807257,0.0,0.0,0.0,0.0,0.0,0.09196,2399.7276991202643,0.0,3.64784638980515,0.0,0.0,0.0,1874.380787323846,0.0,6.044812008418485,1.1954282407481411,0.628567047121793,0,7.153320017301143,-1.1085080088826578
340,513500,164500,Non GLA,Non GLA,0.0,1.35604823134642,0.0,0.0,0.0,0.0,0.0,0.2183,4693.727284484776,0.897467052,8.59015741188273,0.0,0.0,0.0,4957.46914121161,0.0,13.58859353341793,2.7062107552430392,1.289957277774049,0,13.826888352537042,-0.23829481911911188
341,514500,164500,Non GLA,Non GLA,0.0,0.834491506378542,0.0,0.0,0.0,0.0,0.0,0.22159,3874.43294873573,1.0483341,9.2961976553076,0.0,0.0,0.0,1338.6741165384192,0.0,5.3061082094660765,1.0845198862792529,0.6470835069291571,0,5.288050293223609,0.018057916242467442
342,515500,164500,Non GLA,Non GLA,0.0,4.27676887688629,0.0,0.0,0.0,0.0,0.0,0.0876,3032.384938423122,0.0,4.3539151136734,0.835261463,0.0,0.0,534.8703914742728,0.0,2.933861985495283,0.7924671736977528,0.6304960722443333,0,4.421891367504021,-1.4880293820087376
343,551500,164500,Non GLA,Non GLA,0.0,6.46730861461125,0.0,0.0,0.0,0.0,0.0,0.0,152.4225381398412,0.0,0.0,0.0,0.0,0.0,3.390360178355522,0.0,0.4555267622156227,0.0726606473331833,0.0609871412679088,0,0.9645519807931198,-0.509025218577497
344,504500,163500,Non GLA,Non GLA,0.0,4.38114142913504,0.0,0.0,0.0,0.0,0.0,0.11107,2990.284585071295,0.335818742,4.58932691974943,0.0,0.0,0.0,14905.160806611411,0.0,31.193101479235143,6.122473790175154,1.7972859615643275,1,34.263902750862236,-3.0708012716270936
345,505500,163500,Non GLA,Non GLA,0.0,7.09319161317152,0.0,0.0,0.0,0.0,0.0,0.05636,3209.6880637489635,0.020942804,3.05951414356854,0.0,0.0,3.74433,1141.8292765287754,0.0,6.046649665636248,0.8659977032189257,0.478336624380566,0,6.818240605182549,-0.771590939546301
346,506500,163500,Non GLA,Non GLA,0.0,5.3199577162461,0.0,0.0,0.0,0.0,0.0,0.02395,2082.443990566458,0.0,2.00047555759382,80.34685863,0.0,0.15198,119.77371728852528,0.0,3.264981965358269,0.2820938564028683,0.2289213074206331,0,3.989770635610034,-0.724788670251765
347,507500,163500,Non GLA,Non GLA,0.0,0.41725135141383,0.0,0.0,0.0,0.0,0.0,0.13365,3718.004771554,0.573066719,7.29585277268931,143.18424783400002,0.0,0.0,1319.8946269806318,0.0,6.298139220774086,1.0152483800783956,0.575140567368161,0,6.342915761857899,-0.044776541083813015
348,508500,163500,Non GLA,Non GLA,0.0,0.0,0.0,0.0,0.0,0.0,0.0,0.16494,4353.719292150696,0.509005029,11.5320154931892,0.0,0.0,0.0,493.29861089502754,0.0,4.448522052046967,0.6116437047218951,0.4502253012107305,0,3.2626737830963197,1.1858482689506475
349,509500,163500,Non GLA,Non GLA,0.0,0.625877027120745,0.0,0.0,0.0,0.0,0.0,0.09497,2703.465471755957,0.0,7.06050211580056,0.0,0.0,0.0,1207.684585938265,0.0,4.80871225360184,0.8396759657896206,0.4602773520836464,0,4.416299941274858,0.39241231232698226
350,510500,163500,Non GLA,Non GLA,0.0,5.11133129410924,0.0,0.0,0.0,0.0,0.0,0.06952,2080.4485792994124,0.0,4.7070014105337,0.0,0.0,0.0,465.4730204066356,0.0,2.772345539423025,0.6157886930394325,0.4613547428640309,0,3.45120148645219,-0.6788559470291649
351,511500,163500,Non GLA,Non GLA,0.0,5.52858339195302,0.0,0.0,0.0,0.0,0.0,0.06399,2560.9105351566664,0.0,2.70652585293989,0.0,0.0,0.0,228.8883824341871,0.0,2.476905001515751,0.486796881163051,0.4043397216083615,0,4.0596666201841245,-1.5827616186683735
352,512500,163500,Non GLA,Non GLA,0.0,3.54659543337079,0.0,0.0,0.0,0.0,0.0,0.05433,1985.9788978928968,0.056468793,2.35347222482347,0.0,0.0,0.0,402.46436262709966,0.0,2.7740537962835177,0.3905228994157666,0.2605982216151795,0,3.6942027103341566,-0.9201489140506389
353,513500,163500,Non GLA,Non GLA,0.0,3.85957723986775,0.0,0.0,0.0,0.0,0.0,0.06266,1702.221812509768,0.0,5.29537637743539,0.0,0.0,0.0,951.7471484940124,0.0,3.96349579140377,0.7065807679191991,0.3954052099614624,0,3.661240754229169,0.3022550371746009
354,514500,163500,Non GLA,Non GLA,0.0,3.96389007772121,0.0,0.0,0.0,0.0,0.0,0.07624,2754.4489503184323,0.0,4.47165159130505,0.0,0.0,0.0,1753.509097738833,0.0,5.81513715845865,1.2460724582218818,0.6126464672024104,0,6.600105599778116,-0.7849684413194664
355,515500,163500,Non GLA,Non GLA,0.0,0.938816287111059,0.0,0.0,0.0,0.0,0.0,0.26843,4411.464243446279,2.289206189,10.1200531164135,0.782020434,0.0,0.0,692.112489837749,0.0,3.712571616341112,1.0817595126734738,0.8440646137935575,0,4.3312568112509275,-0.6186851949098156
356,504500,162500,Non GLA,Non GLA,0.0,3.85957723986775,0.0,0.0,0.0,0.0,0.0,0.1893,5668.761405966976,374.686691698281,6.35445182045449,0.0,0.0,0.0,1072.7630837005088,0.0,36.49413532221516,1.8989926671783068,1.4781713291547385,1,8.361919439318179,28.13221588289698
357,505500,162500,Non GLA,Non GLA,0.0,1.98192077988752,0.0,0.0,0.0,0.0,0.0,0.13495,4137.766797954479,6.667999609,6.35437559338543,100.47123794,0.0,3.09856,15380.214236791126,0.0,35.19709395962389,6.074223179741673,1.817178882197044,1,36.07065304555486,-0.873559085930971
358,506500,162500,Non GLA,Non GLA,0.0,2.39919676348941,0.0,0.0,0.0,0.0,0.0,0.17711,2241.4020862345888,102.4668136,1.0590754430191,141.20098135,0.0,0.0,241.41478058412744,0.0,6.535307930269552,0.6556405540568727,0.5611847964419069,0,5.11360914198057,1.4216987882889818
359,507500,162500,Non GLA,Non GLA,0.0,1.77331898993872,0.0,0.0,0.0,0.0,0.0,0.22657,2873.7397975982967,0.0,6.58980247734325,0.0,0.0,0.0,1104.7389045718137,0.0,5.558915856127741,0.8724522360326586,0.504228497244394,0,5.023301546756043,0.5356143093716978
360,508500,162500,Non GLA,Non GLA,0.0,1.04311643565552,0.0,0.0,0.0,0.0,0.0,0.03367,2069.204768886606,0.0,8.00180673712393,0.0,0.0,0.0,292.7616043670072,0.0,3.2718639550612405,0.3046988481813457,0.2054428568930369,0,1.5738406449506108,1.6980233101106297
361,509500,162500,Non GLA,Non GLA,0.0,2.92076095275669,0.0,0.0,0.0,0.0,0.0,0.02574,1830.6732618701808,0.0,3.64792596751461,0.0,0.0,0.0,1107.4943857101243,0.0,4.257603034345372,0.7476353246445812,0.3950431904631297,0,4.548983204366396,-0.29138017002102323
362,510500,162500,Non GLA,Non GLA,0.0,8.13640583114934,0.0,0.0,0.0,0.0,0.0,0.0154,805.9219148803064,0.0,0.353025147673033,0.0,0.0,0.0,62.382993735930576,0.0,1.4737310378103512,0.2148306319594824,0.1840574706425215,0,2.9857282993157845,-1.5119972615054333
363,511500,162500,Non GLA,Non GLA,0.0,6.15446041907376,0.0,0.0,0.0,0.0,0.0,0.03559,819.1231471935045,0.0,1.29442526224775,0.0,0.0,0.0,21.910787701166285,0.0,1.4257410580535663,0.2031217003993411,0.1831903714150431,0,2.413030159515124,-0.9872891014615575
364,512500,162500,Non GLA,Non GLA,0.0,1.25173987207261,0.0,0.0,0.0,0.0,0.0,0.00346,1025.4782189140706,0.0,1.41208383749014,0.0,0.0,0.0,574.9234186405369,0.0,2.759387140050413,0.3927701095537723,0.2123710494136102,0,3.046942424697331,-0.28755528464691826
365,513500,162500,Non GLA,Non GLA,0.0,0.208625675706915,0.0,0.0,0.0,0.0,0.0,0.01959,1140.3331279431884,0.0,2.58885052449551,0.0,0.0,0.0,4006.292567478344,0.0,11.572225695569433,1.2104298403355154,0.4745280722819762,0,9.743428998732599,1.828796696836834
366,514500,162500,Non GLA,Non GLA,0.0,6.25877325692722,0.0,0.0,0.0,0.0,0.0,0.0095,1302.0900184104537,0.0,1.52977591913651,0.42625075,0.0,0.0,7285.072698355169,0.0,19.539834431413777,2.7231711870753204,1.0618207454042636,0,17.625991650182044,1.9138427812317325
367,515500,162500,Non GLA,Non GLA,0.0,6.46739893263413,0.0,0.0,0.0,0.0,0.0,0.03443,1650.4376625157458,0.0,1.29442526224775,0.377759268,0.0,0.0,4515.784066971106,0.0,12.87405427617619,1.3373609718878992,0.5894073070096612,0,12.390232039248811,0.483822236927379
368,505500,161500,Non GLA,Non GLA,0.0,1.66896957701814,0.0,0.0,0.0,0.0,0.0,0.16672,4363.135253553366,33.82215857,6.82500235541408,89.43424352,0.0,3.0999,13972.669597190628,0.0,32.077747415371014,5.683167256945168,1.88949958925171,1,33.27359920220207,-1.1958517868310565
369,506500,161500,Non GLA,Non GLA,0.0,1.66898301275708,0.0,0.0,0.0,0.0,0.0,0.25831,4155.9934416040005,15.15382221,6.47203668160812,0.0,0.0,0.0,2887.7509575189665,0.0,10.154254111560062,2.4700446038148147,1.5482920341740225,0,10.086735296503264,0.06751881505679869
370,507500,161500,Non GLA,Non GLA,0.0,4.27676887688629,0.0,0.0,0.0,0.0,0.0,0.05947,2290.054121403439,0.0,3.64787487024853,0.0,0.0,0.0,2651.206469352745,0.0,8.845726755248112,1.638924263384841,0.7117108190490783,0,8.473128983007008,0.3725977722411038
371,508500,161500,Non GLA,Non GLA,0.0,1.66896957701814,0.0,0.0,0.0,0.0,0.0,0.02351,1895.386736602141,0.931027693,5.64827755141369,0.0,0.0,0.0,846.6395838208708,0.0,4.510057464812833,0.6144208931767315,0.3126747518058493,0,3.343531719043588,1.1665257457692455
372,509500,161500,Non GLA,Non GLA,0.0,2.50347451913563,0.0,0.0,0.0,0.0,0.0,0.02847,882.6397735280518,0.12338777,0.470693774836614,0.0,0.0,0.0,1324.4174471934791,0.0,4.397868678267312,0.715223918002405,0.3562360362895815,0,5.044074194539228,-0.6462055162719151
373,510500,161500,Non GLA,Non GLA,0.0,8.76216044375972,0.0,0.0,0.0,0.0,0.0,0.00272,1060.2061055921613,0.0,0.588366590300693,0.0,0.0,0.0,4236.097109869455,0.0,12.212264340799823,1.278070289702052,0.560389474572069,0,11.80460020130348,0.40766413949634384
374,511500,161500,Non GLA,Non GLA,0.0,3.6509000604949,0.0,0.0,0.0,0.0,0.0,0.04134,980.2856492431682,2.604989291,4.23624229820933,0.0,0.0,0.0,6235.936763637382,0.0,17.018098031263428,2.008922553016113,0.8722142408656831,0,14.182741704884549,2.8353563263788786
375,512500,161500,Non GLA,Non GLA,0.0,0.208621197127268,0.0,0.0,0.0,0.0,0.0,0.08367,2472.7837559976438,0.0,5.53060557360971,0.0,0.0,0.0,4694.472323714036,0.0,13.480029594426918,1.444881707492493,0.5955770991786198,0,11.718817841365532,1.7612117530613869
376,513500,161500,Non GLA,Non GLA,0.0,0.417245379974301,0.0,0.0,0.0,0.0,0.0,0.08681,2201.7231801352214,0.0,4.47158876679758,0.0,0.0,0.0,888.7947681716544,0.0,3.7611590056736537,0.4381112173694969,0.2520510537827294,0,3.958520154678375,-0.19736114900472135
377,514500,161500,Non GLA,Non GLA,0.0,0.730180161384967,0.0,0.0,0.0,0.0,0.0,0.04816,1431.3101476225634,0.0,8.11946447470622,0.92676424,0.0,0.0,2594.427523738742,0.0,7.424794196693425,1.6465944935941854,0.7225650757198204,0,5.510568736754444,1.9142254599389812
378,515500,161500,Non GLA,Non GLA,0.0,1.77329435775066,0.0,0.0,0.0,0.0,0.0,0.00781,977.6824864853654,0.0,2.23579438339879,0.0,0.0,0.0,739.5944372727158,0.0,2.996353213585133,0.5524247408314242,0.2702747334849269,0,3.084709240393133,-0.08835602680799992
379,505500,160500,Non GLA,Non GLA,0.0,8.24061939382061,0.0,0.0,0.0,0.0,0.0,0.01558,1392.1433609089986,0.0,0.470694612496713,0.0,0.0,3.91042,12117.76030071815,0.0,25.892215416277796,4.442113808877618,1.194023713692589,0,28.543315232797738,-2.6510998165199418
380,506500,160500,Non GLA,Non GLA,0.0,3.6509508177309,0.0,0.0,0.0,0.0,0.0,0.18105,4063.755899727175,0.452044299,7.53120259191797,0.0,0.0,0.0,2560.7163445353463,0.0,7.762649889719756,1.6486499982599851,0.9394724005254036,0,9.040468834495286,-1.2778189447755297
381,507500,160500,Non GLA,Non GLA,0.0,5.52858339195302,0.0,0.0,0.0,0.0,0.0,0.00905,1533.736085284054,0.0,1.29442526224775,0.0,0.0,0.0,220.43841521219144,0.0,2.5396385753314834,0.2942942206366902,0.209514098548125,0,3.514721120172892,-0.9750825448414084
382,508500,160500,Non GLA,Non GLA,0.0,4.7983353054434,0.0,0.0,0.0,0.0,0.0,0.037,1676.693692967301,0.0,1.6474311437385,0.0,0.0,0.0,3649.9012761204144,0.0,11.396260468522716,1.4951206600845055,0.6175703249230544,0,10.554952591976226,0.8413078765464892
383,509500,160500,Non GLA,Non GLA,0.0,3.44232514202398,0.0,0.0,0.0,0.0,0.0,0.01801,1003.852449592278,0.0,2.58885052449551,0.0,0.0,0.0,9742.60417257021,0.0,25.1066697158878,3.508334825480556,1.362821301666077,0,21.924459073139033,3.1822106427487675
384,510500,160500,Non GLA,Non GLA,0.0,2.29488392563595,0.0,0.0,0.0,0.0,0.0,0.33568,5134.3201373085485,4.38772967,6.47212714889887,0.0,0.0,0.0,2925.451569394273,0.0,9.724791509610592,1.9938422243037797,1.18839948408798,0,11.25377799544351,-1.5289864858329185
385,511500,160500,Non GLA,Non GLA,0.0,0.0,0.0,0.0,0.0,0.0,0.0,0.20592,4421.527789638157,0.399736055,11.4144792163213,0.0,0.0,0.0,579.2898000457475,0.0,3.719378063502047,0.8139098688786609,0.6248333222195277,0,3.596766167141361,0.12261189636068615
386,512500,160500,Non GLA,Non GLA,0.0,0.104311344993575,0.0,0.0,0.0,0.0,0.0,0.13855,3591.130574623798,0.744945231,11.0613208806925,0.0,0.0,0.0,422.1068863326337,0.0,2.9600325331779844,0.473676908751488,0.3359729437985313,0,2.4099149670866176,0.5501175660913669
387,513500,160500,Non GLA,Non GLA,0.0,0.521564189267288,0.0,0.0,0.0,0.0,0.0,0.15896,2965.203015873666,2.837320623,7.53120259191797,0.765472291,0.0,0.0,387.78843346765785,0.0,2.8597100751861197,0.5926298247042937,0.4608882253768489,0,2.9104708112974667,-0.050760736111346905
388,514500,160500,Non GLA,Non GLA,0.0,0.312938513560373,0.0,0.0,0.0,0.0,0.0,0.18776,2806.144140404844,0.0,11.0614540686483,0.238823235,0.0,0.0,1848.9571987208792,0.0,6.102416731586876,1.5391359929400077,0.9294753197222873,0,4.673478144780123,1.428938586806753
389,515500,160500,Non GLA,Non GLA,0.0,0.625877027120745,0.0,0.0,0.0,0.0,0.0,0.01071,1097.1284523225963,0.0,1.64745040992079,0.0,0.0,0.0,41.85895916134833,0.0,1.331804204444805,0.1261273714675238,0.1015519621812881,0,1.8359738684282174,-0.5041696639834123
390,506500,159500,Non GLA,Non GLA,0.0,6.25877325692722,0.0,0.0,0.0,0.0,0.0,0.00483,620.0228185693907,0.0,0.588374966901688,0.0,0.0,0.0,12724.472630326543,0.0,25.859075141066157,4.742783130544581,1.169949100193325,0,28.70510390748443,-2.8460287664182715
391,507500,159500,Non GLA,Non GLA,0.0,3.85957723986775,0.0,0.0,0.0,0.0,0.0,0.00706,193.2643391291878,3.079760477,0.117675328444377,0.0,0.0,0.0,12550.408091060232,0.0,24.991311485485628,5.51767497649517,1.440828521795745,0,27.786713228836458,-2.79540174335083
392,508500,159500,Non GLA,Non GLA,0.0,2.3991676527217,0.0,0.0,0.0,0.0,0.0,0.00218,539.3773382237983,0.0,0.235347306248357,0.0,0.0,0.0,12345.322244013896,0.0,27.884900720392217,4.779627611325994,1.4275388977021264,1,27.451710130346857,0.43319059004535987
393,509500,159500,Non GLA,Non GLA,0.0,7.92777940901248,0.0,0.0,0.0,0.0,0.0,0.0,710.2942526384043,0.0,0.0,0.0,0.0,0.0,0.0,0.0,1.4553613746375784,0.1083624676829803,0.096432873839741,0,2.8843670183280015,-1.429005643690423
394,510500,159500,Non GLA,Non GLA,0.0,7.61484089545211,0.0,0.0,0.0,0.0,0.0,0.07189,1208.36449364688,0.544305818,1.52977591913651,0.0,0.0,0.0,918.5051218334668,0.0,3.538184044472958,0.6429759974623968,0.3881919758518707,0,4.883146624768832,-1.3449625802958742
395,511500,159500,Non GLA,Non GLA,0.0,4.90270561840233,0.0,0.0,0.0,0.0,0.0,0.10885,2637.1880670558444,0.0,4.94235206742246,0.0,0.0,0.0,880.2361815678918,0.0,3.813793040057949,0.7735157784361529,0.4607566336999824,0,4.864689834594282,-1.050896794536333
396,512500,159500,Non GLA,Non GLA,0.0,2.08623287131103,0.0,0.0,0.0,0.0,0.0,0.2424,3537.845964170334,6.34019962,8.707848655869,0.407430701,0.0,0.0,1145.3445970701405,0.0,4.82182901670097,1.0831337530422545,0.6772526361770146,0,5.073374519195278,-0.2515455024943085
397,513500,159500,Non GLA,Non GLA,0.0,8.55365718256317,0.0,0.0,0.0,0.0,0.0,0.0034,1475.4473119666702,0.0,0.47070047611741,0.70291631,0.0,0.0,166.31974511274197,0.0,1.9138294512996108,0.2628419272192293,0.2006552353852858,0,3.791912983557223,-1.8780835322576124
398,514500,159500,Non GLA,Non GLA,0.0,5.63289622980647,0.0,0.0,0.0,0.0,0.0,0.06497,1852.569278960396,0.0,4.23630177207639,0.0,0.0,0.0,757.1108779849523,0.0,3.290166191363003,0.5774202065279204,0.3330802524267729,0,3.9738701645536416,-0.6837039731906387
399,515500,159500,Non GLA,Non GLA,0.0,0.834503449257602,0.0,0.0,0.0,0.0,0.0,0.01569,1381.7464508130065,0.0,0.706050295346066,0.0,0.0,0.0,1357.6941930947887,0.0,4.455770591105646,0.8059996972556046,0.3472005874286465,0,5.162145698346572,-0.7063751072409259
400,508500,158500,Non GLA,Non GLA,0.0,0.834484788509072,0.0,0.0,0.0,0.0,0.0,0.00054,464.74728128433327,0.0,0.117672815464079,0.0,0.0,0.0,6668.876366600275,0.0,14.582394778759271,2.3499425881527847,0.5786136568638021,0,15.562844325723287,-0.9804495469640155
401,509500,158500,Non GLA,Non GLA,0.0,6.98886608600907,0.0,0.0,0.0,0.0,0.0,0.00263,703.2128216537179,0.0,0.588366590300693,0.0,0.0,0.0,13664.337576646372,0.0,29.673836076930403,4.688789802759997,1.121438083781216,1,30.730491505269455,-1.0566554283390523
402,510500,158500,Non GLA,Non GLA,0.0,9.07509447874045,0.0,0.0,0.0,0.0,0.0,0.01936,740.976180922214,0.041885598,0.588366590300693,0.0,0.0,0.0,1747.7831271157445,0.0,4.997724347823411,0.7724935330167028,0.3149575422361044,0,6.491599235296723,-1.4938748874733125
403,511500,158500,Non GLA,Non GLA,0.0,8.13629162736833,0.0,0.0,0.0,0.0,0.0,0.00628,1025.219964685691,1.048596484,0.706040243424871,0.321005759,0.0,0.0,74.82334400923958,0.0,1.561081123815898,0.1945060096524699,0.1608869350477524,0,3.122415888915981,-1.561334765100083
404,512500,158500,Non GLA,Non GLA,0.0,8.65777968078162,0.0,0.0,0.0,0.0,0.0,0.05509,978.4884615340414,0.0,1.05905198853631,0.667059309,0.0,0.0,2159.532727210917,0.0,5.895313144348867,0.963583963725708,0.3538655418194122,0,7.405020892271077,-1.50970774792221
405,513500,158500,Non GLA,Non GLA,0.0,8.44922566234906,0.0,0.0,0.0,0.0,0.0,0.00069,830.7436216518619,0.0,0.470693774836614,0.0,0.0,0.0,13053.544452991213,0.0,29.055072505253,4.531405104600747,1.1507646376079586,1,29.687106942203123,-0.6320344369501214
406,514500,158500,Non GLA,Non GLA,0.0,6.57161995960482,0.0,0.0,0.0,0.0,0.0,0.02451,922.569397532192,0.0,1.41208048684974,0.0,0.0,0.0,12751.72097055338,0.0,28.328090400353307,4.416180044908906,1.121955102859894,1,28.672840098614373,-0.34474969826106516
407,515500,158500,Non GLA,Non GLA,0.0,3.54658871550132,0.0,0.0,0.0,0.0,0.0,0.00439,1117.1550934336203,0.0,0.706040243424871,0.0,0.0,0.0,12539.408267472045,0.0,28.11054414167901,4.283095011315101,1.0549875985939954,1,28.221289392803165,-0.11074525112415401
408,516500,158500,Non GLA,Non GLA,0.0,3.44224975259992,0.0,0.0,0.0,0.0,0.0,0.07932,2228.8208049073933,2.798009442,3.29482878107301,1.15640781,0.0,0.0,18016.530627369622,0.0,39.577749223524336,7.016834456889853,2.011113252680109,1,39.90349246250736,-0.3257432389830228
409,517500,158500,Non GLA,Non GLA,0.0,1.98191704773781,0.0,0.0,0.0,0.0,0.0,0.19221,4004.248351186391,0.550543805,9.41387130843178,3.714983276,0.0,0.0,757.5798158240727,0.0,3.3823489531070474,0.7846955404430633,0.5662774172914982,0,4.262240337797481,-0.8798913846904335
410,518500,158500,Non GLA,Non GLA,0.0,0.730180161384967,0.0,0.0,0.0,0.0,0.0,0.24809,5136.936479432307,5.878809309,10.1199115518567,0.138411102,0.0,0.0,1673.5741209035402,0.0,6.169652141015434,1.988062800042,1.45386477565637,0,6.968189767535597,-0.7985376265201625
411,519500,158500,Non GLA,Non GLA,0.0,3.02500735834538,0.0,0.0,0.0,0.0,0.0,0.05847,2088.054333288689,0.0,4.58922556287738,0.0,0.0,0.0,1097.0037863485431,0.0,3.839079643655373,0.7572440202532388,0.4146102104643533,0,4.352135670613043,-0.51305602695767
412,520500,158500,Non GLA,Non GLA,0.0,7.30180012098979,0.0,0.0,0.0,0.0,0.0,0.05818,989.1336222010336,0.0,2.23579438339879,0.0,0.0,0.0,221.9928746207668,0.0,1.57038127760184,0.2364187302166128,0.1654761058856637,0,2.689090668305214,-1.118709390703374
413,521500,158500,Non GLA,Non GLA,0.0,8.13629162736833,0.0,0.0,0.0,0.0,0.0,0.00783,838.609150524238,0.0,1.29440767138566,0.0,0.0,0.0,1072.2932144995289,0.0,3.633607209440371,0.7427236484364131,0.4124265694145257,0,4.5388502221252285,-0.9052430126848576
414,522500,158500,Non GLA,Non GLA,0.0,5.00694903827125,0.0,0.0,0.0,0.0,0.0,0.13181,3223.771615456836,3.224086876,5.53064913193489,0.074567185,0.0,0.0,1371.236989645199,0.0,5.446264211736821,1.1028647961937756,0.7027482192128938,0,6.039687171370298,-0.593422959633477
415,523500,158500,Non GLA,Non GLA,0.0,1.04310598563634,0.0,0.0,0.0,0.0,0.0,0.16155,4640.233496921279,1.671405305,8.94310633248671,0.0,0.0,0.0,1895.287943942858,0.0,7.763996402847853,1.5542537894315294,0.9642476599933684,0,7.004369234716384,0.7596271681314697
416,524500,158500,Non GLA,Non GLA,0.0,3.54658871550132,0.0,0.0,0.0,0.0,0.0,0.1389,3154.380379312603,1.048210009,6.11901655989568,0.0,0.0,0.0,2263.157304026377,0.0,7.871352405204976,1.519288460114759,0.8243026233669465,0,7.4159347744256054,0.4554176307793707
417,525500,158500,Non GLA,Non GLA,0.0,5.63281710823271,0.0,0.0,0.0,0.0,0.0,0.02858,1963.151361544104,0.002744788,1.6474277930981,0.0,0.0,0.0,407.2724715536097,0.0,3.3606460037637773,0.5318897711910768,0.3955048044728737,0,3.795743712543702,-0.4350977087799248
418,526500,158500,Non GLA,Non GLA,0.0,3.23365468052059,0.0,0.0,0.0,0.0,0.0,0.00876,626.8804859097269,0.0,1.52975413997392,0.0,0.0,0.0,722.7518136181613,0.0,3.1215748530800527,0.4905176240321502,0.2687693341364993,0,2.8424421339218764,0.2791327191581763
419,527500,158500,Non GLA,Non GLA,0.0,2.29483316839995,0.0,0.0,0.0,0.0,0.0,0.12007,2704.6929725903246,0.647699315,5.76595036687777,1.388053323,0.0,0.0,1610.708985478184,0.0,5.76011317677176,1.214379479178544,0.6993764129745849,0,5.485052871790992,0.2750603049807685
420,510500,157500,Non GLA,Non GLA,0.0,7.40621521974519,0.0,0.0,0.0,0.0,0.0,0.01237,748.7659423838911,0.46066284,0.941400114574721,0.0,0.0,0.0,11984.191112905928,0.0,25.63347419509509,4.245665132279209,1.057506622697443,0,27.26394121285479,-1.630467017759699
421,511500,157500,Non GLA,Non GLA,0.0,7.40621521974519,0.0,0.0,0.0,0.0,0.0,0.05021,829.4029819609194,0.0,0.235349819228655,0.960655639,0.0,0.0,11834.862412518323,0.0,26.13362543820082,4.153569228592988,1.06142948160886,0,27.319498090839694,-1.1858726526388743
422,512500,157500,Non GLA,Non GLA,0.0,7.40612639458219,0.0,0.0,0.0,0.0,0.0,0.00035,678.8751091023044,0.0,0.0,0.0,0.0,0.0,11300.153963673962,0.0,24.79724880465708,3.843747361519888,0.9557442035282322,0,25.998907165082695,-1.2016583604256148
423,513500,157500,Non GLA,Non GLA,0.0,7.40621521974519,0.0,0.0,0.0,0.0,0.0,0.00221,659.7086581425724,0.0,0.941400114574721,0.0,0.0,0.0,148.11825937861494,0.0,1.0912370092615502,0.2197760116709788,0.1653352211816174,0,2.7100942882270633,-1.6188572789655131
424,516500,157500,Non GLA,Non GLA,0.0,1.4603633084897,0.0,0.0,0.0,0.0,0.0,0.26364,4072.6331503566303,19.49011697,7.41343847150304,3.326427877,0.0,0.0,5629.999137973011,0.0,14.816697077071431,2.8892483943258456,1.24476277506583,0,15.147059315873232,-0.3303622388018006
425,517500,157500,Non GLA,Non GLA,0.0,1.87763182779218,0.0,0.0,0.0,0.0,0.0,0.15946,4090.634388632167,0.384179191,8.47260270649269,0.0,0.0,0.0,13261.87282356101,0.0,30.086565796582526,5.560243695539956,1.791381533053232,1,30.28410634077565,-0.1975405441931244
426,518500,157500,Non GLA,Non GLA,0.0,1.46038047637835,0.0,0.0,0.0,0.0,0.0,0.1799,3403.13702117001,0.125356575,10.0023786256292,0.0,0.0,0.0,1880.321314399802,0.0,6.133614327120718,1.3750896987728811,0.7652263633342624,0,5.689425884881019,0.44418844223969867
427,519500,157500,Non GLA,Non GLA,0.0,4.58971186902631,0.0,0.0,0.0,0.0,0.0,0.05795,1137.978070029391,0.711253483,5.05996624667957,0.0,0.0,0.0,637.5473117591035,0.0,2.584844509478084,0.4948369382285135,0.2992876887399556,0,2.5363770042824783,0.04846750519560583
428,520500,157500,Non GLA,Non GLA,0.0,7.61484089545211,0.0,0.0,0.0,0.0,0.0,0.04557,1284.8279796217412,0.007675421,2.1181508860382,0.0,0.0,0.0,824.8823488820519,0.0,3.239254012013454,0.6247660626468834,0.3840186010912712,0,4.272576539182987,-1.033322527169533
429,521500,157500,Non GLA,Non GLA,0.0,6.25877325692722,0.0,0.0,0.0,0.0,0.0,0.05811,1338.0834311403937,0.122637813,2.23582537682247,0.0,0.0,0.0,131.55213402480015,0.0,1.461465805423973,0.216913983990098,0.1679126549197029,0,2.70607472392118,-1.244608918497207
430,522500,157500,Non GLA,Non GLA,0.0,5.42427055409956,0.0,0.0,0.0,0.0,0.0,0.10336,2725.974604624895,5.778337447,4.23630177207639,1.389299084,0.0,0.0,512.1902655640592,0.0,3.409316412585223,0.588571670043331,0.4188667366400335,0,4.199390565813458,-0.7900741532282347
431,523500,157500,Non GLA,Non GLA,0.0,1.87760943489394,0.0,0.0,0.0,0.0,0.0,0.23104,6472.151453647952,1.686284741,8.23715404337229,0.0,0.0,0.0,482.94082734331295,0.0,4.620225772468848,1.1346689695108827,0.9518436264454944,0,6.357518499234346,-1.7372927267654985
432,524500,157500,Non GLA,Non GLA,0.0,4.90270561840233,0.0,0.0,0.0,0.0,0.0,0.11666,2086.366694195631,0.359976016,4.11862644363202,0.0,0.0,0.0,2537.5737539817437,0.0,8.047709417526612,1.7387806577675475,0.8840048778711276,0,7.691535587486944,0.3561738300396673
433,525500,157500,Non GLA,Non GLA,0.0,9.17953420968391,0.0,0.0,0.0,0.0,0.0,4e-05,769.7422450514465,0.0,0.117675328444377,0.65517608,0.0,0.0,41.68224036798586,0.0,1.8120512896750012,0.1529233699525746,0.1238999429676262,0,2.7275199529127043,-0.9154686632377032
434,526500,157500,Non GLA,Non GLA,0.0,2.81644811490324,0.0,0.0,0.0,0.0,0.0,0.00254,796.4305920200582,0.0,0.353025147673033,1.403672926,0.0,0.0,34.41387052610252,0.0,1.4789367578565131,0.1491247795855448,0.1215951761238463,0,1.914286121846322,-0.43534936398980895
435,527500,157500,Non GLA,Non GLA,0.0,4.7983353054434,0.0,0.0,0.0,0.0,0.0,0.08962,1574.6228610905027,0.0,5.29531355292793,1.667697995,0.0,0.0,1190.1439698829597,0.0,4.357364375218878,0.8380235841917363,0.4513445367490913,0,3.907429505656564,0.44993486956231354
436,517500,156500,Non GLA,Non GLA,0.0,2.50347451913563,0.0,0.0,0.0,0.0,0.0,0.15256,4021.528216037182,0.0,6.70738315019638,0.0,0.0,0.0,10576.28020646312,0.0,24.892947486093444,4.140055748732272,1.288297368426745,0,25.309912806747015,-0.4169653206535706
437,518500,156500,Non GLA,Non GLA,0.0,7.51042281097694,0.0,0.0,0.0,0.0,0.0,0.02954,1494.0934808488578,0.0,1.29440767138566,0.0,0.0,0.0,12106.063393020737,0.0,27.16335408671159,4.206578415397275,1.058067616223758,0,27.97018971831602,-0.8068356316044323
438,519500,156500,Non GLA,Non GLA,0.0,7.82329489227255,0.0,0.0,0.0,0.0,0.0,0.00155,939.538841017918,0.0,0.235344793268058,0.0,0.0,0.0,11799.707837861108,0.0,26.10268329017998,4.058556899873525,0.990766910625244,0,27.07818515574456,-0.9755018655645813
439,520500,156500,Non GLA,Non GLA,0.0,8.76216044375972,0.0,0.0,0.0,0.0,0.0,0.00126,908.2763681301154,0.0,0.706040243424871,0.0,0.0,0.0,412.1234021751444,0.0,2.2147812856651625,0.3608100861441721,0.2384169290789458,0,3.5427742458043934,-1.3279929601392308
440,521500,156500,Non GLA,Non GLA,0.0,8.76216044375972,0.0,0.0,0.0,0.0,0.0,0.00028,555.285241860431,0.0,0.0,0.0,0.0,0.0,54.72238215449574,0.0,1.77593061361535,0.1461338307093985,0.1134368596908351,0,2.6570727621895625,-0.8811421485742124
441,522500,156500,Non GLA,Non GLA,0.0,4.79832560185416,0.0,0.0,0.0,0.0,0.0,0.10675,2780.3279111412985,0.093886136,5.64832278505907,0.735887465,0.0,0.0,386.90452760088175,0.0,3.101939711839693,0.5434068777857745,0.404356270868587,0,3.494173413136682,-0.392233701296989
442,523500,156500,Non GLA,Non GLA,0.0,0.0,0.0,0.0,0.0,0.0,0.0,0.23932,4963.752412221703,0.0,10.8258655162913,1.139939244,0.0,0.0,1945.6319576214048,0.0,7.243128087884754,1.6217752235451048,0.9732898787716516,0,6.925551807318143,0.3175762805666116
443,524500,156500,Non GLA,Non GLA,0.0,2.19053973772496,0.0,0.0,0.0,0.0,0.0,0.10437,2064.474872364754,21.13628985,7.53109704674542,1.60715077,0.0,0.0,2311.9139918779565,0.0,7.758191942626179,1.6924787622877695,0.907217174992464,0,5.8440709002717695,1.9141210423544095
444,525500,156500,Non GLA,Non GLA,0.0,1.87760570274423,0.0,0.0,0.0,0.0,0.0,0.13627,2348.1673318922776,0.0,8.82550471813109,0.871103132,0.0,0.0,555.7096106994429,0.0,3.237947327806832,0.5476189894481049,0.3642213458460073,0,2.084434361195907,1.1535129666109252
445,526500,156500,Non GLA,Non GLA,0.0,7.51042281097694,0.0,0.0,0.0,0.0,0.0,0.03253,1111.85455516733,0.404278313,1.52975413997392,0.0,0.0,0.0,295.44178057386785,0.0,2.2465015930624777,0.3184761532489575,0.215021519477405,0,3.0069870287205323,-0.7604854356580546
446,527500,156500,Non GLA,Non GLA,0.0,7.92760549083618,0.0,0.0,0.0,0.0,0.0,0.01695,749.9473851326591,0.813099054,0.823707195268253,0.0,0.0,0.0,846.7635976421784,0.0,3.330494074166915,0.5986127154657569,0.3265308723780345,0,3.997466530354579,-0.666972456187664
447,517500,155500,Non GLA,Non GLA,0.0,5.00701845625579,0.0,0.0,0.0,0.0,0.0,0.07368,2865.7882276341084,0.0,5.41305170587977,0.0,0.0,0.0,334.23015275380845,0.0,2.693166084166976,0.444900072855905,0.3335469594488516,0,3.6358819001547964,-0.9427158159878206
448,518500,155500,Non GLA,Non GLA,0.0,7.82346657115902,0.0,0.0,0.0,0.0,0.0,0.01452,810.5707643122803,0.0,1.52977591913651,0.0,0.0,0.0,131.00760570247527,0.0,1.7506053832588633,0.1891727084941882,0.1386723380481549,0,2.6044983521513245,-0.8538929688924612
449,519500,155500,Non GLA,Non GLA,0.0,4.17246574262207,0.0,0.0,0.0,0.0,0.0,0.01595,987.5876173192264,0.22297955,2.706493184196,0.0,0.0,0.0,382.5353982296909,0.0,1.831165883472204,0.2804741455483546,0.1636074320591981,0,2.481821440230407,-0.6506555567582029
450,520500,155500,Non GLA,Non GLA,0.0,5.73720906765993,0.0,0.0,0.0,0.0,0.0,0.00569,674.7774380543126,0.0,1.41210059069213,0.0,0.0,0.0,14940.394793777396,0.0,32.46047896740808,5.09610090496949,1.2152674331025404,1,32.675923490110534,-0.2154445227024553
451,521500,155500,Non GLA,Non GLA,0.0,6.67602535477099,0.0,0.0,0.0,0.0,0.0,0.00099,925.6634011961362,0.0,0.117675328444377,0.0,0.0,0.0,3216.099428072695,0.0,8.335784700156736,1.2499206158568985,0.3995916756093439,0,9.260072758249057,-0.924288058092321
452,522500,155500,Non GLA,Non GLA,0.0,2.50350960134286,0.0,0.0,0.0,0.0,0.0,0.11225,2875.233984547389,0.652322342,6.11910200122584,0.0,0.0,0.0,562.5471257307775,0.0,3.3507769330746964,0.855492753769038,0.6666119128111545,0,3.5601306663936754,-0.209353733318979
453,523500,155500,Non GLA,Non GLA,0.0,2.71210243413237,0.0,0.0,0.0,0.0,0.0,0.06962,1860.983954935802,0.191575775,3.05951414356854,0.884079525,0.0,0.0,1453.02282585948,0.0,5.04184845632415,1.002041445086637,0.567410497651936,0,5.2694136932262765,-0.2275652369021266
454,524500,155500,Non GLA,Non GLA,0.0,0.730189864974203,0.0,0.0,0.0,0.0,0.0,0.09531,1705.069197952618,0.228102154,7.884227739591,0.0,0.0,0.0,2092.6256688284184,0.0,6.42451897185412,1.3209677854525923,0.6062486093787947,0,4.7306661657387075,1.6938528061154123
455,525500,155500,Non GLA,Non GLA,0.0,7.30190238189173,0.0,0.0,0.0,0.0,0.0,0.02894,1434.6533726003756,0.0,2.82420118138426,0.0,0.0,0.0,375.4496570514565,0.0,2.55856946916542,0.4078447980747901,0.2771226745280488,0,3.0878806534880034,-0.5293111843225833
456,526500,155500,Non GLA,Non GLA,0.0,8.55365718256317,0.0,0.0,0.0,0.0,0.0,0.00865,646.5666688392539,0.0,0.823725623790443,0.0,0.0,0.0,386.8411896027789,0.0,2.2131501620717837,0.3254507715287832,0.1924792929012476,0,3.0442256629259,-0.8310755008541162
457,527500,155500,Non GLA,Non GLA,0.0,7.09319161317152,0.0,0.0,0.0,0.0,0.0,0.00771,490.7857043863475,0.0,1.17673653124178,0.0,0.0,0.0,661.4487700253839,0.0,2.7281467103644026,0.475833887731048,0.244618929913844,0,3.1512623938236715,-0.42311568345926887
458,540500,155500,Non GLA,Non GLA,0.0,5.73720906765993,0.0,0.0,0.0,0.0,0.0,0.00065,181.08872813263255,0.0,0.0,0.0,0.0,0.0,451.0659702747347,0.0,1.6156873807420538,0.279945637211781,0.1463352474482649,0,2.257696103542294,-0.6420087228002402
459,541500,155500,Non GLA,Non GLA,0.0,9.3880471744697,0.0,0.0,0.0,0.0,0.0,0.00158,181.7772663867664,0.0,0.117673653124178,0.0,0.0,0.0,244.5677325270613,0.0,1.149359468208231,0.1944701688823673,0.1156162441092082,0,2.191696965056483,-1.042337496848252
460,542500,155500,Non GLA,Non GLA,0.0,8.03209224686594,0.0,0.0,0.0,0.0,0.0,0.00151,181.4840763408339,0.0,0.117675328444377,0.0,0.0,0.0,424.32184617651006,0.0,1.62745739287711,0.281424199968891,0.1470281892179411,0,2.377727125341389,-0.7502697324642789
461,543500,155500,Non GLA,Non GLA,0.0,6.78033819262445,0.0,0.0,0.0,0.0,0.0,0.00555,183.4697582251986,0.0,0.235349819228655,0.0,0.0,0.0,132.92926197401573,0.0,0.8841661865946481,0.1398308789816844,0.0909016561967403,0,1.581096902048177,-0.696930715453529
462,544500,155500,Non GLA,Non GLA,0.0,8.65797002041662,0.0,0.0,0.0,0.0,0.0,0.00206,211.8537586560814,0.0,0.235349819228655,0.0,0.0,0.0,3446.2405375101584,0.0,7.904835749948423,1.41732566011176,0.432886807187477,0,8.608710559970113,-0.7038748100216905
463,545500,155500,Non GLA,Non GLA,0.0,9.28373582947613,0.0,0.0,0.0,0.0,0.0,0.00178,246.60124310879425,0.0,0.117673653124178,0.0,0.0,0.0,11668.071161681226,0.0,24.544376365803643,4.205760665278424,0.9797295267013912,0,25.64546984416352,-1.1010934783598785
464,546500,155500,Non GLA,Non GLA,0.0,8.24071866900279,0.0,0.0,0.0,0.0,0.0,0.01971,504.5014989883338,0.063137912,0.823725623790443,0.0,0.0,0.0,12433.072668180608,0.0,25.912975649893,4.46119025654246,1.0335685988000904,0,27.143072420973212,-1.2300967710802126
465,547500,155500,Non GLA,Non GLA,0.0,6.15446041907376,0.0,0.0,0.0,0.0,0.0,0.06253,963.443916247157,2.179737047,3.1772263290573,0.0,0.0,0.0,288.2455002249753,0.0,1.3839119696365558,0.3522282103560873,0.2392419994419702,0,1.689339585115599,-0.3054276154790432
466,521500,154500,Non GLA,Non GLA,0.0,5.3199577162461,0.0,0.0,0.0,0.0,0.0,0.00682,805.5453494472744,0.0,0.117675328444377,0.0,0.0,0.0,13338.62359382166,0.0,29.605117493861066,4.561805717278147,1.0959737037476711,1,29.85017397695895,-0.24505648309788342
467,522500,154500,Non GLA,Non GLA,0.0,2.92076095275669,0.0,0.0,0.0,0.0,0.0,0.10379,1487.1926492029554,4.627517288,6.35445182045449,0.0,0.0,0.0,1411.394796344109,0.0,4.911443482237584,0.9432303908692372,0.523601123152542,0,3.9408206150739105,0.9706228671636739
468,523500,154500,Non GLA,Non GLA,0.0,3.33797274338364,0.0,0.0,0.0,0.0,0.0,2e-05,488.0516501727973,0.0,0.117673653124178,0.0,0.0,0.0,244.2998144070519,0.0,1.8262995046497128,0.2189668697654568,0.1373067096608417,0,2.2936497338992616,-0.46735022924954883
469,524500,154500,Non GLA,Non GLA,0.0,5.63289622980647,0.0,0.0,0.0,0.0,0.0,0.0669,2260.930405495903,0.391661681,3.05955100061292,0.0,0.0,0.0,2163.8819475829578,0.0,6.671355145718466,1.2688721328849035,0.5423556934041688,0,7.430981402459077,-0.7596262567406109
470,525500,154500,Non GLA,Non GLA,0.0,7.71915373330557,0.0,0.0,0.0,0.0,0.0,0.03783,1101.975898153743,0.0,1.0590754430191,0.0,0.0,0.0,120.9042805100918,0.0,2.070359351184749,0.280912912073391,0.2279851274946814,0,2.8762194364524873,-0.8058600852677382
471,526500,154500,Non GLA,Non GLA,0.0,8.34503150685625,0.0,0.0,0.0,0.0,0.0,0.01671,488.5114687121619,8.072894769,0.47070047611741,0.0,0.0,0.0,333.08529185996014,0.0,2.3174001705738627,0.3292688864399299,0.2059069159391719,0,2.9084556333144977,-0.591055462740635
472,527500,154500,Non GLA,Non GLA,0.0,7.51043773957576,0.0,0.0,0.0,0.0,0.0,0.01229,520.5705123086291,0.0,0.0,0.0,0.0,0.0,273.44878505092913,0.0,1.9992445761034336,0.2676436542802444,0.1626367050092695,0,2.8211042313593815,-0.8218596552559478
473,528500,154500,Non GLA,Non GLA,0.0,5.00701845625579,0.0,0.0,0.0,0.0,0.0,0.02086,590.276119560353,0.813685274,1.52977591913651,14.779472436,0.0,0.0,2697.9345533338187,0.0,8.43625572661851,1.1096709911386715,0.4517701789690522,0,7.175605503251004,1.2606502233675059
474,529500,154500,Non GLA,Non GLA,0.0,7.19758954403828,0.0,0.0,0.0,0.0,0.0,0.011,652.3554572267005,0.0,1.17675077146348,39.707577951,0.0,0.0,3523.9457666051158,0.0,10.588882549154366,1.3119280666870836,0.5556649641312938,0,9.363064844527349,1.2258177046270173
475,530500,154500,Non GLA,Non GLA,0.0,10.1182288287146,0.0,0.0,0.0,0.0,0.0,0.00333,628.3695012100538,0.0,0.0,0.0,0.0,0.0,234.435330307368,0.0,1.9148015262398528,0.2043969470567277,0.1352213980755287,0,3.0419554713654353,-1.1271539451255825
476,531500,154500,Non GLA,Non GLA,0.0,6.57171177048759,0.0,0.0,0.0,0.0,0.0,0.01788,710.0275938324428,0.0,1.88280022914944,0.0,0.0,0.0,401.13374059289646,0.0,1.7312472731994968,0.2855869294902123,0.1726998838091007,0,2.4747944282916805,-0.7435471550921837
477,532500,154500,Non GLA,Non GLA,0.0,6.15446041907376,0.0,0.0,0.0,0.0,0.0,0.03923,1499.746482921748,0.0,2.70652585293989,0.0,0.0,0.0,206.60802574496088,0.0,1.537285820408582,0.2419762539660959,0.1709128542797401,0,2.5539086924089602,-1.0166228720003783
478,533500,154500,Non GLA,Non GLA,0.0,1.46038047637835,0.0,0.0,0.0,0.0,0.0,0.15922,2289.516027716741,0.0,7.64887792036234,0.0,0.0,0.0,427.22226809274514,0.0,2.419394196443084,0.4872879396226779,0.3488969215237738,0,1.9404731746226673,0.47892102182041674
479,534500,154500,Non GLA,Non GLA,0.0,3.8595309612114,0.0,0.0,0.0,0.0,0.0,0.10613,2202.6848699624475,0.0,4.11857702168614,0.0,0.0,0.0,2414.73959817725,0.0,6.748782057097767,1.550033436646994,0.7000144684767988,0,7.17368698802526,-0.42490493092749304
480,535500,154500,Non GLA,Non GLA,0.0,8.76228285827008,0.0,0.0,0.0,0.0,0.0,0.003,517.4851922264518,0.117284504,0.117675328444377,0.0,0.0,0.0,68.5117145067591,0.0,1.011758430034176,0.1500912347760493,0.1193631090379945,0,2.262992339053593,-1.251233909019417
481,536500,154500,Non GLA,Non GLA,0.0,5.94583474336685,0.0,0.0,0.0,0.0,0.0,0.00324,448.4922023038648,0.0,0.588374966901688,177.70383348,0.0,0.0,83.90731080994433,0.0,1.2953111887347457,0.1361046453900751,0.0994860271116718,0,2.559649380282238,-1.2643381915474923
482,537500,154500,Non GLA,Non GLA,0.0,5.00701845625579,0.0,0.0,0.0,0.0,0.0,0.01418,649.4924446820071,0.940269859,1.41210059069213,160.339598115,0.0,0.0,443.3428243181403,0.0,2.0413501870196376,0.3520782202582124,0.17821632240471,0,3.0464457411110395,-1.005095554091402
483,538500,154500,Non GLA,Non GLA,0.0,7.1975029581651,54.4328614949841,0.0,0.0,0.0,0.0,0.00649,321.6574731631979,1.038689568,0.235347306248357,0.0,0.0,0.0,7121.092417319732,0.0,15.041935758173327,2.7683236719368245,0.6851652723133583,0,16.483667160378257,-1.4417314022049297
484,539500,154500,Non GLA,Non GLA,0.0,6.0501475812203,0.0,0.0,0.0,0.0,0.0,0.0,590.6143839692506,0.0,0.0,0.0,0.0,0.0,10673.132656511068,0.0,21.688972988516536,4.042395035244176,0.9467197541296622,0,23.768217838357987,-2.0792448498414515
485,540500,154500,Non GLA,Non GLA,0.0,8.970908533977,0.0,0.0,0.0,0.0,0.0,0.00136,240.7585801982763,0.0,0.235349819228655,0.0,0.0,0.0,3676.7605604136606,0.0,8.287405999546335,1.3957063257500375,0.3729518481904534,0,9.268971053308949,-0.9815650537626137
486,541500,154500,Non GLA,Non GLA,0.0,8.34493148524413,0.0,0.0,0.0,0.0,0.0,0.0,181.0872251002076,0.0,0.0,0.0,0.0,0.0,11895.034206093504,0.0,25.585174241090453,4.147984201264607,0.9207099182231891,0,26.097377321510493,-0.5122030804200399
487,542500,154500,Non GLA,Non GLA,0.0,3.12938662846361,0.0,0.0,0.0,0.0,0.0,0.00262,197.1000729815508,0.0,0.941400114574721,0.0,0.0,0.0,11133.812140565778,0.0,23.63779234195788,4.136627996698486,1.100694760081509,0,23.63067133223524,0.007121009722638405
488,543500,154500,Non GLA,Non GLA,0.0,6.57171177048759,0.0,0.0,0.0,0.0,0.0,0.00944,489.4676185222735,0.0,0.588374966901688,0.0,0.0,0.0,11108.49830404536,0.0,23.275708014604177,3.998950679025072,0.9196270959305596,0,24.355628545783873,-1.0799205311796953
489,544500,154500,Non GLA,Non GLA,0.0,3.96389007772121,0.0,0.0,0.0,0.0,0.0,0.19401,2173.2153519893222,52.72758534,5.41305170587977,0.0,0.0,0.0,9874.731757893,0.0,22.658520255635988,4.408062309590182,1.6549879975160438,0,22.094984776411582,0.5635354792244058
490,522500,153500,Non GLA,Non GLA,0.0,4.90263694684774,0.0,0.0,0.0,0.0,0.0,0.018,602.0996561546963,0.0,0.588366590300693,0.0,0.0,0.0,14819.569338195422,0.0,32.743816650712105,5.110537439398681,1.2565058070535458,1,32.51971273751852,0.2241039131935878
491,523500,153500,Non GLA,Non GLA,0.0,8.13622668796345,0.0,0.0,0.0,0.0,0.0,3e-05,552.6526960442984,0.0,0.117672815464079,0.0,0.0,0.0,691.5373799044042,0.0,2.8522061283297773,0.3897777299774268,0.1937365876335581,0,3.8428405510253363,-0.990634422695559
492,524500,153500,Non GLA,Non GLA,0.0,7.19748877599622,0.0,0.0,0.0,0.0,0.0,0.07981,1665.4665378429636,0.0,2.47114085198705,0.0,0.0,0.0,814.5772434244627,0.0,3.6423963035453046,0.6270037569314234,0.3456062882455956,0,4.486430073350359,-0.8440337698050544
493,525500,153500,Non GLA,Non GLA,0.0,7.09317743100264,0.0,0.0,0.0,0.0,0.0,0.02133,1344.6584907310614,0.330368096,2.47114085198705,0.0,0.0,0.0,2433.579887786409,0.0,7.235210925441647,1.2635581551649486,0.5353306948745785,0,7.333697628856889,-0.0984867034152419
494,526500,153500,Non GLA,Non GLA,0.0,8.34491431735548,0.0,0.0,0.0,0.0,0.0,0.00125,593.649062893514,0.0,0.706040243424871,0.0,0.0,0.0,5427.535146841585,0.0,12.708678387539594,2.115876450476741,0.6005760608111469,0,13.391379724427637,-0.6827013368880426
495,527500,153500,Non GLA,Non GLA,0.0,6.98881010376347,0.0,0.0,0.0,0.0,0.0,0.00319,619.267383032834,0.0,0.706034379804174,0.0,0.0,0.0,12853.052457090873,0.0,27.89237385428095,4.680602477703685,1.1660084318358073,1,28.520634753539685,-0.6282608992587342
496,528500,153500,Non GLA,Non GLA,0.0,7.19748877599622,0.0,0.0,0.0,0.0,0.0,0.02755,664.8958839591751,0.435629193,1.41208048684974,0.0,0.0,0.0,12323.453576802383,0.0,27.2233923253658,4.394597163215001,1.148931556898355,0,27.308284290969397,-0.08489196560359602
497,529500,153500,Non GLA,Non GLA,0.0,1.35604823134642,0.0,0.0,0.0,0.0,0.0,0.09074,2666.5443166709497,0.69228145,5.76599643818325,54.53499951,0.0,0.0,13237.4253898993,0.0,30.584023687060007,5.101702450714658,1.6256584685263062,1,29.465272377983638,1.1187513090763694
498,530500,153500,Non GLA,Non GLA,0.0,2.71207556265448,0.0,0.0,0.0,0.0,0.0,0.02512,1087.8787213449325,0.0,1.29439678180437,0.0,0.0,0.0,15476.549154058855,0.0,34.888606683014046,5.683709762536439,1.6594079914962083,1,33.66571164441548,1.2228950385985655
499,531500,153500,Non GLA,Non GLA,0.0,7.30180012098979,0.0,0.0,0.0,0.0,0.0,0.00219,267.3195911034905,0.0,0.706040243424871,0.0,0.0,0.0,7107.873849826729,0.0,15.463067685918263,2.590421654871218,0.6671412995125418,0,16.28012704849432,-0.8170593625760585
500,532500,153500,Non GLA,Non GLA,0.0,4.48539156687344,0.0,0.0,0.0,0.0,0.0,0.00468,562.5666810907151,0.0,0.82371389654905,0.0,0.0,0.0,213.8509520265786,0.0,1.1231780694410607,0.2378424879726823,0.1658761108186051,0,1.992930941257944,-0.8697528718168832
501,533500,153500,Non GLA,Non GLA,0.0,0.938802851372117,0.0,0.0,0.0,0.0,0.0,0.02621,780.7220694229184,0.0,1.41208048684974,0.0,0.0,0.0,147.0267305057749,0.0,1.1065259204988342,0.2064913528489287,0.1526609900355185,0,1.4968995755701968,-0.39037365507136257
502,534500,153500,Non GLA,Non GLA,0.0,2.60776496409085,0.0,0.0,0.0,0.0,0.0,0.00752,569.4461309514095,0.0,0.470689586536116,0.0,0.0,0.0,1941.844475399268,0.0,5.006467614885641,1.1346969320863352,0.4702881095398259,0,5.401990934669695,-0.3955233197840542
503,535500,153500,Non GLA,Non GLA,0.0,7.61473415597052,0.0,0.0,0.0,0.0,0.0,0.00209,426.4058227628041,0.0,0.0,0.0,0.0,0.0,686.2607954298722,0.0,2.2636330624113428,0.4631893496841236,0.2287913876076236,0,3.3628403355705014,-1.0992072731591587
504,536500,153500,Non GLA,Non GLA,0.0,3.85952275048205,0.0,0.0,0.0,0.0,0.0,0.00049,432.1706860661074,0.0,0.353020121712436,0.0,0.0,0.0,125.22635931885029,0.0,0.949950148255388,0.1476523160433984,0.1010397167215432,0,1.640094189117164,-0.690144040861776
505,537500,153500,Non GLA,Non GLA,0.0,4.48539156687344,0.0,0.0,0.0,0.0,0.0,0.00011,325.5355786047372,0.0,0.117673653124178,124.059084836,0.0,0.0,13128.304800359872,0.0,26.507929818485227,4.872989444859413,1.0820314233335946,0,28.997024628499204,-2.4890948100139774
506,538500,153500,Non GLA,Non GLA,0.0,3.75518154829082,54.4323226115506,0.0,0.0,0.0,0.0,0.07257,2518.8254861828823,0.239556426,3.41250075887699,274.496306177,0.0,0.0,4587.212137004544,0.0,10.819568746442744,1.88494862204292,0.5446794106344222,0,13.449863807179554,-2.6302950607368096
507,539500,153500,Non GLA,Non GLA,0.0,5.63281710823271,0.0,0.0,0.0,0.0,0.0,0.10835,2556.227425044121,0.441992793,4.82460888851002,69.345421168,0.0,0.0,325.2418629167644,0.0,1.9885578404781952,0.398076579317858,0.2883141658089591,0,3.4043638141560457,-1.4158059736778505
508,540500,153500,Non GLA,Non GLA,0.0,5.63281710823271,0.0,0.0,0.0,0.0,0.0,0.06527,2235.422043192229,0.0,3.76554852337271,0.0,0.0,0.0,7967.001520418831,0.0,17.021851708311704,3.2558760715464112,0.943607650366704,0,18.70167593333578,-1.679824225024074
509,524500,152500,Non GLA,Non GLA,0.0,5.73720906765993,0.0,0.0,0.0,0.0,0.0,0.00548,958.1854895712778,0.0,1.0590754430191,0.0,0.0,0.0,11719.098917812533,0.0,26.045744135132225,4.145042606792578,1.058915954125907,0,26.360974456761568,-0.3152303216293433
510,525500,152500,Non GLA,Non GLA,0.0,6.15446041907376,0.0,0.0,0.0,0.0,0.0,0.0141,770.974137276709,0.833440019,1.41210059069213,0.0,0.0,0.0,13077.624176110146,0.0,28.622889576946157,5.210981145451695,1.4166435987463113,1,28.90799533235534,-0.2851057554091838
511,526500,152500,Non GLA,Non GLA,0.0,4.27682859128158,0.0,0.0,0.0,0.0,0.0,0.0025,787.2224333762281,0.0,0.117675328444377,0.0,0.0,0.0,8208.81040075317,0.0,17.79514975009071,3.5624813078005726,0.971107390455612,0,19.034751055185566,-1.2396013050948547
512,527500,152500,Non GLA,Non GLA,0.0,6.05007517751601,0.0,0.0,0.0,0.0,0.0,0.00889,1172.284550483008,0.0,1.17673653124178,0.0,0.0,0.0,111.1773222146392,0.0,1.8107527161493184,0.2106603327621412,0.1614395917779632,0,2.6007219202537684,-0.7899692041044499
513,530500,152500,Non GLA,Non GLA,0.0,4.48540052403273,0.0,0.0,0.0,0.0,0.0,0.04125,1407.0751758882077,0.156336492,2.23579857169929,0.0,0.0,0.0,3058.146268682927,0.0,7.946861119863944,1.395983138830181,0.625028814078037,0,8.375829229712954,-0.4289681098490101
514,531500,152500,Non GLA,Non GLA,0.0,9.28384704753737,0.0,0.0,0.0,0.0,0.0,0.00607,267.3222375838378,22.68754083,0.353025147673033,0.0,0.0,0.0,5188.476198246245,0.0,12.21584997880504,1.883666694551692,0.534993652768971,0,12.714921633827451,-0.49907165502241213
515,532500,152500,Non GLA,Non GLA,0.0,6.15446041907376,0.0,0.0,0.0,0.0,0.0,0.00351,267.3222375838378,0.0,0.117675328444377,0.0,0.0,0.0,11569.066558812736,0.0,25.19847344578437,3.909779549250106,0.932793903903592,0,25.503391077001055,-0.3049176312166857
516,533500,152500,Non GLA,Non GLA,0.0,6.46739893263413,0.0,0.0,0.0,0.0,0.0,0.00149,332.1685827105681,0.0,0.235349819228655,0.0,0.0,0.0,11417.506977670362,0.0,25.054588757385005,3.8270903496967392,0.909154556517952,0,25.221231020514693,-0.16664226312968822
517,534500,152500,Non GLA,Non GLA,0.0,6.15438652250958,0.0,0.0,0.0,0.0,0.0,0.14989,1106.757761886234,61.40071855,1.41208383749014,0.0,0.0,0.0,11096.157611462771,0.0,24.859394561823144,4.5557679541711655,1.358121772195123,0,25.28819743285736,-0.42880287103421466
518,535500,152500,Non GLA,Non GLA,0.0,5.73720906765993,0.0,0.0,0.0,0.0,0.0,0.05092,1425.170569136188,1.714433302,3.29490081984157,0.0,0.0,0.0,11265.428985251254,0.0,22.91148885362629,5.01754276462925,1.407727277075603,0,24.986833872800158,-2.0753450191738665
519,536500,152500,Non GLA,Non GLA,0.0,8.24071866900279,0.0,0.0,0.0,0.0,0.0,0.00136,426.42614597334347,0.0,0.353025147673033,0.0,0.0,0.0,10833.039829910023,0.0,21.81499243828605,4.068439230404408,0.9266702820277284,0,24.194158023557883,-2.3791655852718314
520,525500,200500,Non GLA,Non GLA,0.0,4.17251575342813,0.0,0.0,0.0,0.0,0.0,0.22701,4849.972797399048,0.280941695,6.11910200122584,449.3158221700001,0.0,0.0,3087.558090304755,0.0,13.460250577984752,2.352548369834242,1.2824311510338755,0,12.51160365137906,0.9486469266056918
521,527500,200500,Non GLA,Non GLA,0.0,3.92722394614934,0.0,0.0,0.0,0.0,0.0,0.00071,523.9077194792438,0.0,0.192621615210893,0.0,0.0,0.0,655.9477244821272,0.0,1.9810811064105167,0.4425384236308829,0.2031716986268441,0,2.472062436401476,-0.49098132999095934
522,527500,200500,Outer,Enfield,0.0,0.491532327012846,0.0,0.0,0.0,0.0,0.0,0.0,131.9637540800774,0.0,0.0241086953250449,0.0,0.0,0.0,13935.8582391632,0.0,25.095490039495957,5.536658248718689,1.119401163209193,0,29.082507159055424,-3.987017119559468
523,529500,200500,Non GLA,Non GLA,0.0,1.99602606648647,0.0,0.0,0.0,0.0,0.0,0.0,233.4507484078608,0.0,0.0718628599400854,0.0,0.0,0.0,123.28293156471896,0.0,0.7361783886192115,0.1382819529445424,0.0912874505976948,0,0.8543045748667595,-0.118126186247548
524,529500,200500,Outer,Enfield,0.0,2.953397109076,0.0,0.0,0.0,0.0,0.0,0.00061,256.9491485415829,0.0,0.10633173537632,0.0,0.0,0.0,13771.30838671098,0.0,25.11219784886273,5.417149118177338,1.070255952675894,0,29.068830242202125,-3.956632393339394
525,531500,200500,Non GLA,Non GLA,0.0,0.17973137268287,0.0,0.0,0.0,0.0,0.0,0.0,301.509730621362,0.183907383,0.0332877746958743,0.0,0.0,0.0,9.153516592831757,0.0,0.5848549731594532,0.0610856416587479,0.0461914169931653,0,0.43340894573059074,0.15144602742886248
526,531500,200500,Outer,Enfield,0.0,4.92712283463903,2.85920655905854,0.0,0.0,0.0,0.0,0.01657,528.9805729059676,0.962908556,0.912551938406443,0.0,0.0,0.0,14546.328949373252,0.0,27.52754698972925,5.766739092591308,1.250966587370656,1,30.895351955332366,-3.367804965603117
527,533500,200500,Non GLA,Non GLA,0.0,4.4418948549096,0.0,0.0,0.0,0.0,0.0,0.00102,1182.8515069715445,0.0,0.181116353743623,0.0,0.0,0.0,49.75701515437613,0.0,2.814705401585424,0.2395541118771817,0.1968955247010813,0,1.759430639994731,1.055274761590693
528,533500,200500,Outer,Enfield,0.0,0.696986421899581,1.53275937568293,0.0,0.0,0.0,0.0,0.0,133.0717049058932,0.0,0.0284192941973106,0.0,0.0,0.0,15477.30766241656,0.0,27.82941110956884,6.075930979988746,1.2045491792779552,1,32.11934131914023,-4.289930209571391
529,535500,200500,Non GLA,Non GLA,0.0,2.33342508922013,0.0,0.0,0.0,0.0,0.0,0.17881,5297.797939156671,0.0,4.25222485290867,8.448320895,0.0,0.0,2587.091383434961,0.0,11.145459794987964,2.087440803430512,1.083152050318605,0,9.839484251211454,1.3059755437765102
530,535500,200500,Outer,Enfield,0.0,0.0142321796889557,0.0,0.0,0.0,0.0,0.0,0.0,395.6785499777425,0.0,0.025934794342056,0.578190377,0.0,0.0,11633.716931671548,0.0,20.534641118054,4.958712422414996,1.0756677640896577,0,24.32661703975879,-3.7919759217047897
531,537500,200500,Non GLA,Non GLA,0.0,3.23369946631707,0.0,0.0,0.0,0.0,0.0,0.18764,3218.1943476954752,6.186395636,4.00095111518764,0.0,0.0,6.03743,758.9867897979735,0.0,5.51161663524033,0.8320156884924388,0.5903209915455255,0,4.244277537905248,1.267339097335082
532,517500,198500,Non GLA,Non GLA,0.0,8.24060297236191,0.0,0.0,0.0,0.0,0.0,0.01076,1334.912114519468,0.0,0.941387549673228,1066.38062502,0.0,0.0,931.3624894666804,0.0,12.673608393994124,1.2891281584532714,0.8719944791457598,0,9.388028770783437,3.285579623210687
533,519500,198500,Non GLA,Non GLA,0.0,5.2155299281817,0.0,0.0,0.0,0.0,0.0,0.15719,3733.134244735708,3.727783798,5.88362234468175,0.0,0.0,0.0,784.1976833283594,0.0,5.206511297584384,0.9419809074159764,0.653697253024726,0,4.8219795145696,0.38453178301478363
534,521500,198500,Non GLA,Non GLA,0.0,9.59665195013827,0.0,0.0,0.0,0.0,0.0,0.00086,742.1324093875008,0.0,0.588366590300693,0.0,0.0,0.0,4524.209663383672,0.0,11.590698826031357,2.160385215955867,0.6915709063354655,0,11.366278617427595,0.2244202086037621
535,523500,198500,Non GLA,Non GLA,0.0,9.54005987128593,14.1996474861858,0.0,0.0,0.0,0.0,0.00165,614.9124939739647,0.0,0.0,0.0,0.0,0.0,956.2970368738836,0.0,4.206556247938183,0.681526442858746,0.3373017114395258,0,4.0718473003123545,0.1347089476258283
536,523500,198500,Outer,Barnet,0.0,8.360015341496e-05,0.0,0.0,0.0,0.0,0.0,0.0,6.435789936439033,0.0,0.0,0.0,0.0,0.0,0.0,0.0,0.0097904228573799,0.009916007154504,0.0022875886551365,0,0.3663399110248786,-0.3565494881674987
537,525500,198500,Non GLA,Non GLA,0.0,6.48145122270726,14.1997653439786,0.0,0.0,0.0,0.0,0.00079,705.6814333048515,0.0,0.0880925243687969,0.0,0.0,0.0,409.33184978947975,0.0,2.851787549525928,0.3632857124260922,0.2304760543147196,0,2.597252662624266,0.25453488690166237
538,525500,198500,Outer,Barnet,0.0,0.0405289065176079,0.0,0.0,0.0,0.0,0.0,0.0,135.89369486608854,0.0,0.0005511803455015,0.0,0.0,0.0,0.0,0.0,0.1553169811242723,0.0257832144129591,0.0176618174018812,0,0.4409546052310436,-0.2856376241067713
539,525500,198500,Outer,Enfield,0.0,0.0381171913775745,0.0,0.0,0.0,0.0,0.0,0.0,217.56187066896624,0.0,0.0005176739415196,0.0,0.0,0.0,0.0,0.0,0.164554886153313,0.0265123936419381,0.0182473017071624,0,0.5194979357866654,-0.3549430496333523
540,527500,198500,Outer,Enfield,0.0,7.19743130089074,0.25523794174999,0.0,0.0,5.157302351,0.0,0.10881,1292.3594037761177,1.928472693,3.29482878107301,0.0,0.0,0.0,2420.001355560004,0.0,7.684308191485538,1.3091343743367767,0.5800600246601366,0,6.558769732558613,1.1255384589269255
541,529500,198500,Outer,Enfield,0.0,9.17940582373403,0.0,0.0,0.0,0.0,0.0,0.00036,512.7427662117881,0.0,0.235346468588257,0.0,0.0,0.0,335.85085538658177,0.0,2.3068433241395394,0.2952373063948965,0.1738953135307592,0,2.3659813130683514,-0.059137988928811946
542,531500,198500,Outer,Enfield,0.0,3.85952275048205,0.0,0.0,0.0,206.2857201,0.0,0.11021,1920.5287278251635,0.0,3.17718193307202,64.357561985,0.0,0.0,281.2455914847306,0.0,4.686156624677082,32.64250666847676,3.563754053245755,0,3.489873205302496,1.196283419374586
543,533500,198500,Outer,Enfield,0.0,5.63281710823271,0.0,0.0,0.0,7.735953527,0.0,0.1381,3443.785305589593,0.48301944,4.23624229820933,0.0,0.0,0.0,1143.529230899538,0.0,5.774888104247948,1.097317670173603,0.7251341370586059,0,5.44668692631747,0.32820117793047743
544,535500,198500,Outer,Enfield,0.0,0.312934034980725,0.0,0.0,0.0,75.35144744,0.0,0.44132,8386.78265660986,0.758635319,7.6487706998696,8.188705186,0.0,0.0,3474.230395881133,0.0,12.64864679593467,3.438526484759612,2.3765378797188084,0,14.324841490977754,-1.6761946950430833
545,537500,198500,Non GLA,Non GLA,0.0,0.42672280093778,0.0,0.0,0.0,0.0,0.0,0.0,237.7850496214776,0.240123794,0.288831065944295,0.0,0.0,0.0,22.163044347215436,0.0,0.3607936582344829,0.045277092554154,0.030139302546038,0,0.21090161934063723,0.14989203889384567
546,537500,198500,Outer,Enfield,0.0,1.24491003811058,44.6662339165507,0.0,0.0,0.0,0.0,0.14501,2700.9622894008216,0.410139718,0.842627423936708,0.0,0.0,10.40693,1173.3609342283255,0.0,4.742824509555722,0.9122837698847672,0.4658715306520874,0,5.470180240715981,-0.7273557311602596
547,517500,196500,Non GLA,Non GLA,0.0,8.03198028237476,12.6737845485174,0.0,0.0,0.0,0.0,0.00472,1255.136043598345,0.0,0.706040243424871,0.0,0.0,0.0,458.3354408904453,0.0,3.631335189896058,0.4328528565623673,0.268066954649972,0,3.4651144827971923,0.16622070709886572
548,519500,196500,Non GLA,Non GLA,0.0,0.0,0.0,0.0,0.0,0.0,0.0,0.61733,7055.113914209063,9.41536433,7.2956919419502,427.89121909,0.0,0.0,2724.3674819033727,0.0,15.440197789915915,2.501489725153998,1.5635636483738438,0,14.084767031840153,1.3554307580757623
549,521500,196500,Non GLA,Non GLA,0.0,0.82924932890146,0.0,0.0,0.0,0.0,0.0,0.0,754.8995024283771,0.130272344,0.230664786291892,0.0,0.0,0.0,2851.6895838457644,0.0,7.437552004879098,1.5201172464026051,0.5338041402743563,0,7.064348788056576,0.3732032168225219
550,521500,196500,Outer,Barnet,0.0,3.41824904427041,0.0,0.0,0.0,0.0,0.0,0.03121,724.0736961758063,0.264491529,0.950822953034518,0.0,0.0,0.0,3543.384652619165,0.0,9.170397072791612,1.7846741254436391,0.6001664660218409,0,8.604623292064993,0.5657737807266194
551,523500,196500,Outer,Barnet,0.0,1.46034837989088,0.0,0.0,0.0,171.4418842,0.0,0.45517,5354.820165627672,2.54333698,8.82543351702263,0.0,0.0,0.0,1741.7763809319677,0.0,8.50157739407281,3.684849842340591,1.3847075445566248,0,8.372821731754627,0.12875566231818247
552,525500,196500,Outer,Barnet,0.0,2.29485182914848,0.0,0.0,0.0,56.73032586,0.0,0.37207,6854.435710895117,2.336096901,8.82550471813109,0.0,0.0,0.0,1651.426371579123,0.0,7.494419521937837,1.3930554128113888,0.8385560598007349,0,8.977395201841887,-1.48297567990405
553,527500,196500,Outer,Barnet,0.0,0.466206705537701,0.0,0.0,0.0,137.9526899,0.0,0.3581,5788.249753147442,0.471349012,6.23598071491554,0.0,0.0,0.0,546.1915437186544,0.0,4.31128735704695,1.0694099785848328,0.8269780276660323,0,6.538295622808465,-2.2270082657615147
554,527500,196500,Outer,Enfield,0.0,0.0294839826775975,0.0,0.0,0.0,104.4353726,0.0,0.0,585.5281722647119,0.118534967,0.39437791380734,0.0,0.0,0.0,796.3702258731555,0.0,2.664485767155186,0.5540827220022521,0.2201028816321184,0,2.8216960884147095,-0.1572103212595235
555,529500,196500,Outer,Enfield,0.0,7.30180012098979,0.0,0.0,0.0,0.0,0.0,0.0901,3131.1657762783548,0.0,2.82416181135958,0.0,0.0,0.0,1266.2425526346435,0.0,6.293809908296249,1.2601247140929124,0.7879975771870441,0,6.0211767098438305,0.27263319845241885
556,531500,196500,Outer,Enfield,0.0,4.17245753189271,0.0,0.0,0.0,5.157302351,0.0,0.24659,6518.115102925271,0.764750525,6.35436302848394,11.175627084,0.0,0.0,2098.122506106828,0.0,9.80617520226927,1.744003764065605,1.0004908366589764,0,9.926186275634223,-0.12001107336495309
557,533500,196500,Outer,Enfield,0.0,2.92071989910993,0.0,0.0,0.0,18.05055823,0.0,0.46505,9053.63768382943,3.306138141,5.76599643818325,1.15670521,0.0,0.0,3779.6775979534114,0.0,16.02813160332969,3.1034715905238155,1.8639616260194511,0,16.34075344167745,-0.31262183834775925
558,535500,196500,Outer,Enfield,0.0,1.87760570274423,0.0,0.0,0.0,0.171910078,0.0,0.42561,10496.406934461163,41.79969187,4.58926241992176,0.0,0.0,0.0,3989.854145415096,0.0,19.585077858791585,3.2892819153357595,2.058215094509732,0,18.222830268393718,1.3622475903978675
559,537500,196500,Non GLA,Non GLA,0.0,0.328562785089676,0.0,0.0,0.0,0.0,0.0,0.0,227.62149475861293,0.0,0.0794252553187903,0.0,0.0,0.0,898.8560065487783,0.0,2.534041097765907,0.5109958394698058,0.2094493448048752,0,2.0871305510658846,0.4469105467000225
560,537500,196500,Outer,Waltham Forest,0.0,0.0009046730887404,0.0,0.0,0.0,0.0,0.0,0.0,121.75840550212378,0.0,0.0002186292859816,0.0,0.0,0.0,66.80627746949631,0.0,0.2266499729149013,0.0550743830250846,0.0244403174089601,0,0.2593970416550473,-0.03274706874014599
561,537500,196500,Outer,Enfield,0.0,1.2226343293752,44.6662339165507,0.0,0.0,0.0,0.0,0.02206,5493.347690715528,0.0,0.295553288243155,0.0,0.0,2.89316,0.0,0.0,7.8761086027309295,0.1694926028388778,0.1551870709471181,0,5.584639048309717,2.2914695544212123
562,539500,196500,Non GLA,Non GLA,0.0,6.57161995960482,0.0,0.0,0.0,0.0,0.0,0.00512,514.7096770355928,0.0,1.05906036513731,0.0,0.0,0.0,71.67171727440751,0.0,1.0290950121622466,0.1358786676586516,0.1052767117358065,0,1.0319063087215294,-0.0028112965592828054
563,510500,194500,Non GLA,Non GLA,0.0,5.42427055409956,0.0,0.0,0.0,0.0,0.0,0.15502,3268.746714199347,0.002744788,5.64840152510843,0.0,0.0,0.0,2120.9242457261817,0.0,7.025155862537015,1.413311367932658,0.7462841823377319,0,7.515769839416508,-0.4906139768794926
564,512500,194500,Non GLA,Non GLA,0.0,6.2586986139331,5.95499513812785,0.0,0.0,0.0,0.0,0.09938,3565.3613700214564,0.171109958,2.82416683732018,0.0,0.0,0.0,1074.3648252798191,0.0,5.577422294400002,1.2523372283224623,0.891651361004525,0,6.4606812614004285,-0.8832589670004269
565,514500,194500,Non GLA,Non GLA,0.0,0.312938513560373,0.0,0.0,0.0,0.0,0.0,0.42341,7336.699088834601,0.963545899,11.0614540686483,0.0,0.0,0.0,2296.09597544242,0.0,9.374933168643969,2.0314783343707887,1.293767130720964,0,10.042358725009283,-0.6674255563653144
566,516500,194500,Non GLA,Non GLA,0.0,0.659155113189488,0.0,0.0,0.0,0.0,0.0,0.0,534.8874214404078,8.980610343,0.0641027767778876,0.0,0.0,0.0,2668.607075045128,0.0,7.186666814721458,0.9699319721751364,0.3569881772934812,0,6.681808408865835,0.5048584058556234
567,516500,194500,Outer,Harrow,0.0,2.71526655065313,0.0,0.0,0.0,0.0,0.0,0.13324,950.157838699587,18.22714515,0.264058943820409,0.0,0.0,0.0,3858.31057919922,0.0,11.111560598953636,1.3269474671074997,0.4147898949924883,0,10.026172710501926,1.0853878884517094
568,518500,194500,Non GLA,Non GLA,0.0,2.10700377728494,0.0,0.0,0.0,0.0,0.0,0.02566,942.1399276229974,1.164812074,0.285228289856146,0.0,0.0,0.0,72.39868028947784,0.0,1.6067732327065174,0.224790573108426,0.1885770462658568,0,1.8256257173606976,-0.21885248465418017
569,518500,194500,Outer,Barnet,0.0,1.81033892930272,0.0,0.0,0.0,0.0,0.0,0.0,308.8909426759953,1.079699849,0.245068351703593,0.0,0.0,0.0,6307.075277790255,0.0,15.93179955343832,2.133187927845617,0.5732205981585982,0,13.9654547943643,1.9663447590740208
570,520500,194500,Outer,Barnet,0.0,3.6509508177309,0.0,0.0,0.0,0.0,0.0,0.00115,1062.908180678033,0.0,0.823725623790443,79.95208413,0.0,0.0,7462.8948603342,0.0,19.29526822842745,3.327538165788245,1.1102562519128083,0,17.423418026152728,1.8718502022747217
571,522500,194500,Outer,Barnet,0.0,8.24071866900279,0.0,0.0,0.0,0.0,0.0,0.02038,894.4363396432649,0.0,1.17675077146348,0.0,0.0,0.0,601.641151787365,0.0,2.98906707513341,0.4747982216698958,0.2754155453997324,0,3.17378678571367,-0.18471971058025982
572,524500,194500,Outer,Barnet,0.0,5.52858339195302,0.0,0.0,0.0,223.3111918,0.0,0.13353,1761.290614486883,0.0,5.53072703432415,0.0,0.0,0.0,2113.7326090226256,0.0,7.853984462490422,1.4530280322207825,0.615982893416615,0,6.642061521469096,1.2119229410213253
573,526500,194500,Outer,Barnet,0.0,1.04312912496452,0.0,0.0,0.0,532.4979115,0.0,0.43369,7765.353605202946,4.443675482,9.76702796874044,93.684249621,0.0,0.0,3776.814752025144,0.0,16.99570585603533,3.7463188076729534,2.2702584624114253,0,16.466536782767886,0.5291690732674432
574,528500,194500,Outer,Enfield,0.0,0.0059415823319918,0.0,0.0,0.0,0.0,0.0,0.0,626.5465114868498,0.17738029,0.0387786366484009,0.0,0.0,0.0,879.6956467229448,0.0,2.3946855112849232,0.4866899588167896,0.1918829032637566,0,2.6827990562495003,-0.2881135449645771
575,528500,194500,Outer,Barnet,0.0,1.28001762396522,0.0,0.0,0.0,40.82864361,0.0,0.44005,7974.756933738457,2.603561217,8.35447755457485,0.0,0.0,0.0,2700.211476838001,0.0,10.32234939359318,2.589532492085449,1.6655227004833006,0,12.281893901522885,-1.9595445079297047
576,530500,194500,Outer,Enfield,0.0,2.08623287131103,0.0,0.0,0.0,0.0,0.0,0.2164,5287.138372559042,0.768863959,6.58972289963379,0.0,0.0,0.0,2078.5196826130928,0.0,8.212445477866737,1.6357471733998368,1.0725933530009777,0,8.294334405706655,-0.08188892783991797
577,532500,194500,Outer,Enfield,0.0,0.938816287111059,0.0,0.0,0.0,20.97302956,0.0,0.47513,7864.904929647852,3.223727113,8.82562785416572,0.0,0.0,0.0,4741.4818832714345,0.0,15.225576864098407,3.1730828745046065,1.8243760854974185,0,16.076743585783106,-0.8511667216846988
578,534500,194500,Outer,Enfield,0.0,1.66898599847685,0.0,0.0,0.0,36.53089165,0.0,0.52695,10989.93795241654,2.566494339,3.53020875606525,10.11124445,0.0,0.0,2356.504251865568,0.0,11.478594722347264,3.269455611097805,2.539459463062401,0,16.10036669151454,-4.621771969167277
579,536500,194500,Outer,Enfield,0.0,3.02507379061015,0.0,0.0,0.0,0.0,0.0,0.0,773.8788783094035,0.0,0.117675328444377,0.0,0.0,10.84262,21.23894704601553,0.0,1.8238911990996247,0.2269533136315569,0.2035259665616486,0,1.268241721591533,0.5556494775080918
580,538500,194500,Outer,Waltham Forest,0.0,0.417246872834183,44.6662339165507,0.0,0.0,140.1067139,0.0,0.60216,8319.152808901965,5.677192721,6.70739655275797,0.850066298,0.0,0.0,3218.7496471067248,0.0,12.384288478523535,2.811897449533315,1.6757523114159385,0,14.79405453992284,-2.4097660613993046
581,540500,194500,Non GLA,Non GLA,0.0,1.80849599377789,0.0,0.0,0.0,0.0,0.0,0.11489,2741.0155041310973,0.633528777,2.58943186060459,0.0,0.0,0.0,1111.4290512149605,0.0,4.227597201478105,0.8398085750488073,0.471654753310984,0,4.551776551302211,-0.32417934982410657
582,540500,194500,Outer,Redbridge,0.0,0.0015764600358249,0.0,0.0,0.0,0.0,0.0,0.0,80.64784336265308,0.018703276,0.0022566563081779,0.0,0.0,0.0,1.5991593960043466,0.0,0.0652591512167412,0.0171703267307187,0.0089362666380648,0,0.03060103152020588,0.03465811969653532
583,540500,194500,Outer,Waltham Forest,0.0,0.0688268120186306,0.0,0.0,0.0,0.0,0.0,0.0,226.75399665646137,0.123590812,0.0985473600712355,0.0,0.0,0.0,165.95509696335355,0.0,0.7261344174634615,0.1515717606764144,0.0804137919087136,0,0.48769619667780617,0.23843822078565535
584,542500,194500,Non GLA,Non GLA,0.0,4.4854542669885,0.0,0.0,0.0,0.0,0.0,0.17068,3396.854344726533,1.125325948,4.7070014105337,0.0,0.0,0.0,1317.1762276042505,0.0,4.910226751231971,1.2491796017257186,0.8273020523518901,0,5.331620867052848,-0.4213941158208776
585,544500,194500,Non GLA,Non GLA,0.0,7.19758954403828,0.0,0.0,0.0,0.0,0.0,0.03444,536.5695063983922,0.0,3.1772263290573,0.0,0.0,0.0,1031.9238254739582,0.0,3.174034169038788,0.6238191337344675,0.3022013159173227,0,2.399974118561511,0.774060050477277
586,546500,194500,Non GLA,Non GLA,0.0,9.59678630752768,0.425473240850033,0.0,0.0,0.0,0.0,0.00093,825.9502303390489,0.503306644,0.588374966901688,0.0,0.0,0.0,858.6311602087954,0.0,2.997376344315249,0.5795389312294441,0.2536760887243793,0,3.2753322855468348,-0.27795594123158596
587,548500,194500,Non GLA,Non GLA,0.0,5.63289622980647,0.0,0.0,0.0,0.0,0.0,0.0076,193.8185855886814,0.128303401,0.823725623790443,0.0,0.0,0.0,100.74153414214224,0.0,0.7510503456384287,0.1400136453582681,0.1004893804013889,0,0.5345716908908589,0.21647865474756978
588,550500,194500,Non GLA,Non GLA,0.0,8.13640583114934,0.0,0.0,0.0,0.0,0.0,0.02227,266.9796805453786,0.896988439,2.23582537682247,0.0,0.0,0.0,463.9854633426447,0.0,1.7605812075879794,0.3149845475372038,0.1691954326708973,0,1.1807768447433844,0.579804362844595
589,552500,194500,Non GLA,Non GLA,0.0,6.71486285104183,0.0,0.0,0.0,0.0,0.0,0.00427,298.6852676573887,0.235319598,0.589168231015959,0.0,0.0,0.0,117.12841659403657,0.0,0.7992071926106131,0.140200711592444,0.0956347903888484,0,0.7499761079516922,0.0492310846589209
590,552500,194500,Outer,Havering,0.0,0.223444549329658,0.0,0.0,0.0,0.0,0.0,0.0,56.3660863551272,0.042926306,0.0196054346298834,0.0,0.0,0.0,0.0,0.0,0.1409349636338525,0.0281712422463788,0.0195613266054184,0,-0.30475201370901317,0.44568697734286566
591,554500,194500,Non GLA,Non GLA,0.0,2.23228457861679,0.0,0.0,0.0,0.0,0.0,0.00024,260.6724398609203,0.0,0.290565022350356,0.0,0.0,0.0,410.5033279019075,0.0,1.3790102278643068,0.2226194961412169,0.1056508962432119,0,0.8297796116203386,0.5492306162439682
592,554500,194500,Outer,Havering,0.0,1.84511435383352,0.0,0.0,0.0,0.0,0.0,0.0,169.98737903753778,0.0,0.240169715441445,0.0,0.0,0.0,18143.260855780783,0.0,32.83137823054575,7.142824470750498,1.4638384123329733,1,37.21119327360257,-4.379815043056816
593,503500,193500,Non GLA,Non GLA,0.0,8.41557062916001,3.896427737306,0.0,0.0,0.0,0.0,0.03312,898.4508586306496,0.0,1.58226286331399,0.0,0.0,0.0,2451.046284948501,0.0,6.408751487891462,1.5058923489340903,0.5256280914901414,0,7.45517095480356,-1.0464194669120976
594,503500,193500,Outer,Hillingdon,0.0,0.0034970242745454,0.0,0.0,0.0,0.0,0.0,0.0,30.908267872277,0.0,0.0006575631781439,0.0,0.0,0.0,12.959488407917512,0.0,0.1278348382614424,0.0222480642227915,0.0101000287592013,0,1.034351656796737,-0.9065168185352946
595,505500,193500,Non GLA,Non GLA,0.0,5.2155299281817,0.0,0.0,0.0,0.0,0.0,0.05856,1427.8418546085109,0.0,1.76508636834049,0.0,0.0,6.22859,274.84795635601296,0.0,2.346807571019654,0.3226608317133079,0.2258780166062951,0,3.114088293155529,-0.7672807221358751
596,507500,193500,Non GLA,Non GLA,0.0,7.40611146598337,0.0,0.0,0.0,0.0,0.0,0.03727,1388.768079787903,0.0,1.29440767138566,0.0,0.0,0.0,894.8250559712919,0.0,3.76225609959332,0.7622694174323319,0.4593938083870252,0,4.585767796752229,-0.8235116971589092
597,556500,193500,Non GLA,Non GLA,0.0,7.05606120217622,0.0,0.0,0.0,0.0,0.0,0.00012,459.27266644404506,0.0,0.196541026816671,0.0,0.0,0.0,34.92975652322349,0.0,1.109002982350223,0.1306181703125872,0.1073880892010702,0,0.7919018286528416,0.31710115369738134
598,556500,193500,Outer,Havering,0.0,0.0627098186504557,0.0,0.0,0.0,0.0,0.0,0.0,78.78661659191751,0.0,0.0017465213075542,0.0,0.0,0.0,6822.040866493472,0.0,12.23185355730691,2.6553082224244693,0.5115367687714911,0,13.649644265918049,-1.4177907086111396
599,509500,192500,Non GLA,Non GLA,0.0,0.0937456291758184,10.0194395293825,0.0,0.0,0.0,0.0,0.33195,5243.949021564777,0.762706059,10.2581849421489,51.89065888099999,0.0,0.0,1745.1947078490907,0.0,6.8085146627798325,1.214037051036658,0.7291910737636842,0,7.341616860972168,-0.5331021981923358
600,509500,192500,Outer,Hillingdon,0.0,0.0002821505177754,0.0,0.0,0.0,0.0,0.0,0.0,490.6211717990898,0.041836542,0.0308652616879861,7.076945643999999,0.0,0.0,36.02327588911914,0.0,0.506864493250542,0.0611813565539736,0.0406641620257588,0,1.3982573067040693,-0.8913928134535274
601,511500,192500,Non GLA,Non GLA,0.0,0.205845970605868,0.0,0.0,0.0,0.0,0.0,0.3517,5756.856304133171,0.709800815,10.3335190655415,12.321475937,0.0,0.0,1206.9836421597086,0.0,5.765873903932598,1.4898972712803336,1.088419128720246,0,6.490897506334118,-0.72502360240152
602,511500,192500,Outer,Harrow,0.0,8.95715929446e-06,0.0,0.0,0.0,0.0,0.0,0.0,12.89465610833254,0.004775656,0.0004674143355468,0.0,0.0,0.0,0.0,0.0,0.0126045900491536,0.0110606033099966,0.0034209378914843,0,0.7846785217673258,-0.7720739317181722
603,513500,192500,Non GLA,Non GLA,0.0,0.181965437496896,0.0,0.0,0.0,0.0,0.0,0.0,120.62077506303596,0.066280831,0.039367511698382,0.0,0.0,0.0,583.2450435271098,0.0,1.54728580564524,0.3460106247232982,0.1527928426167554,0,2.0431764487898825,-0.4958906431446424
604,513500,192500,Outer,Harrow,0.0,5.4425185268722,0.0,0.0,0.0,0.0,0.0,0.03264,841.2339109468626,0.362487426,1.17747450978948,0.0,0.0,0.0,1416.181947381327,0.0,4.311007026359551,0.8816056709794401,0.4248821444377931,0,4.779997821265768,-0.4689907949062171
605,515500,192500,Outer,Harrow,0.0,3.02507379061015,0.0,0.0,0.0,7.735953527,0.0,0.0844,2461.332346249285,0.14778472,2.70652585293989,0.0,0.0,0.0,269.7442732877047,0.0,2.9687894340419603,0.4493170368332855,0.3484762467887592,0,3.3281581224144485,-0.35936868837248825
606,517500,192500,Outer,Harrow,0.0,0.41725135141383,0.0,0.0,0.0,423.6427452,0.0,0.44166,7452.669468339748,4.451722807,8.59027803493706,0.0,0.0,0.0,3763.325152462219,0.0,14.641012313439552,2.705771540700356,1.4229468212050531,0,15.809612259144465,-1.1685999457049139
607,519500,192500,Outer,Barnet,0.0,0.104311344993575,0.0,0.0,0.0,193.7673839,0.0,0.61252,11234.847968860222,6.057339542,10.5906262681958,0.0,0.0,0.0,5254.550642668492,0.0,18.79176042307065,3.762479110192317,1.9552368201439387,0,21.204531110024757,-2.412770686954108
608,521500,192500,Outer,Barnet,0.0,1.46038047637835,0.0,0.0,0.0,386.0488065,0.0,0.41903,7550.675157789367,7.903030625,8.23725288726403,401.55428995,0.0,0.0,10385.513328284043,0.0,33.77255037262539,6.410338857137399,3.0595362037343565,1,31.315242803229843,2.457307569395546
609,523500,192500,Outer,Barnet,0.0,4.58971186902631,0.0,0.0,0.0,145.8271688,0.0,0.10514,2924.268649127646,0.26919315,4.00090336856197,0.0,0.0,0.0,538.7479441170011,0.0,4.971941073477447,2.4270577805573748,0.6894586610500579,0,4.5407468840173735,0.43119418946007393
610,525500,192500,Outer,Barnet,0.0,0.41725135141383,0.0,0.0,0.0,278.6426428,0.0,0.49101,9499.61967638108,0.636564126,10.7084289209753,0.0,0.0,0.0,1947.8615408596136,0.0,10.016601132512944,1.8241419719661824,1.2326277592012358,0,12.642544894416627,-2.6259437619036827
611,527500,192500,Outer,Barnet,0.0,1.66898599847685,0.0,0.0,0.0,36.53089165,0.0,0.41691,7863.514376554666,4.819329326,8.94319596211736,0.0,0.0,0.0,3190.5988443036194,0.0,12.099421952596884,2.61968348261456,1.5819995576930868,0,13.029747231985317,-0.9303252793884322
612,529500,192500,Outer,Barnet,0.0,5.225009588435e-05,0.0,0.0,0.0,0.0,0.0,0.0,41.70930026690856,0.004663518,0.0002848044338457,0.0,0.0,0.0,3.587334052430736,0.0,0.037363806724324,0.0148296547468828,0.006125732587067,0,0.3267518335925761,-0.2893880268682521
613,529500,192500,Outer,Enfield,0.0,0.802564458503381,0.0,0.0,0.0,223.5819854,0.0,0.339618597700825,5869.068167246387,0.685504221,5.18071411236908,0.0,0.0,0.0,5084.141151339756,0.0,16.142743415944576,3.6714900111720903,1.786886623110164,0,16.658453123929952,-0.5157097079853763
614,531500,192500,Outer,Enfield,0.0,0.28476451542959,0.0,0.0,0.0,10.3146047,0.0,0.329432363228288,7123.358381017839,1.136309785,2.46061481517615,5.011610068,0.0,0.0,1950.283553914081,0.0,8.442535600341111,1.7227609557193255,1.132549681887891,0,11.2161419452123,-2.7736063448711885
615,533500,192500,Outer,Enfield,0.0,0.279037158490724,0.0,0.0,0.0,0.0,0.0,0.314319095416775,6641.097896030841,56.46236084,0.727438270667784,2.506462972,0.0,0.0,7145.921354041541,0.0,21.238895469616256,5.070395613093782,2.318668831504154,0,21.896406114706387,-0.6575106450901309
616,535500,192500,Outer,Enfield,0.0,0.0692045055688804,0.0,0.0,0.0,0.0,0.0,0.252059304040561,4756.423494609699,133820.74157495,0.287542744711192,9.947020798,0.0,10.1637094656407,6640.748268409791,0.0,235.4845516091533,9.806667103240024,7.681587773676645,1,161.2974593882813,74.18709222087199
617,537500,192500,Outer,Waltham Forest,0.0,0.625877027120745,0.0,0.0,0.0,145.9516565,0.0,0.52981,9885.755601961544,4.736754309,3.76560129595898,0.0,0.0,0.0,2936.221828980121,0.0,12.519245529962376,2.912409161667396,1.8683951939865475,0,16.42249052599214,-3.9032449960297626
618,539500,192500,Outer,Waltham Forest,0.0,1.98773696198939,44.6662339165507,0.0,0.0,82.86065778,0.0,0.22836,4423.215670554086,1.149819357,3.73726660543173,0.0,0.0,0.0,2239.597629314396,0.0,8.45013592501464,1.6866969486742376,1.0003199488786496,0,8.994788010251927,-0.5446520852372867
619,539500,192500,Outer,Redbridge,0.0,0.0720133214376348,0.0,0.0,0.0,0.0,0.0,0.0,682.1989561622252,0.218854727,0.135396865510381,0.0,0.0,0.0,69.99794031735634,0.0,0.6027975488851863,0.0934455507765058,0.0643923646650027,0,0.7738967396346244,-0.17109919074943802
620,541500,192500,Outer,Non GLA,0.0,0.0407670176688523,0.0,0.0,0.0,0.0,0.0,0.0,447.5046785268213,0.420806279,0.0589243620424918,0.0,0.0,0.0,57.85797145392955,0.0,0.3904912078961515,0.0875021494445067,0.0633833043521492,0,0.4881022595864799,-0.09761105169032841
621,541500,192500,Outer,Redbridge,0.0,2.64095497142653,0.0,0.0,0.0,10.83033494,0.0,0.31596,6570.215489341902,3.386925321,3.81716765168706,0.0,0.0,0.0,1922.7702068192905,0.0,7.736776816032208,1.78115264877657,1.1992744989862874,0,10.149668331008861,-2.4128915149766534
622,543500,192500,Non GLA,Non GLA,0.0,4.17251575342813,0.0,0.0,0.0,0.0,0.0,0.16572,2821.6522707360577,1.971027317,5.29537637743539,0.0,0.0,0.0,1245.0461117027046,0.0,4.520225121691952,0.9096646223179136,0.5477818343632982,0,4.3982760635189635,0.12194905817298807
623,545500,192500,Non GLA,Non GLA,0.0,0.286627604562838,0.661509527807795,0.0,0.0,0.0,0.0,0.0,950.730285884896,0.31250918,1.44553579356553,0.0,0.0,0.0,659.9783231947227,0.0,2.162745593677605,0.572101462705641,0.3591424383066133,0,1.7013183704561783,0.4614272232214267
624,545500,192500,Outer,Redbridge,0.0,0.634054913556587,1.1821888153111,0.0,0.0,0.0,0.0,0.25428,4980.805535415945,0.464801511,3.19770125487051,0.0,0.0,0.0,642.1296742462691,0.0,3.916551491795022,1.3265531909347328,1.1046867920128396,0,5.642057356190837,-1.725505864395815
625,547500,192500,Non GLA,Non GLA,0.0,0.0,0.0,0.0,0.0,0.0,0.0,0.0,0.5819747660965996,0.012111517,0.0,0.0,0.0,0.0,0.0,0.0,0.0037222144073424,0.0092455735200486,0.0016389418507152,0,-0.21340778276893246,0.21712999717627487
626,547500,192500,Outer,Redbridge,0.0,5.6301142854156,0.0,0.0,0.0,89.45208721,0.0,0.15624,1408.2388839621492,49.44495456,0.705701828744654,0.0,0.0,0.0,1915.6281572561672,0.0,7.7272062973039715,2.579101867873807,0.7688055361032805,0,6.325684588334721,1.4015217089692502
627,549500,192500,Outer,Havering,0.0,6.57163339534376,0.0,0.0,0.0,0.0,0.0,0.10326,2045.3858781923464,0.0,2.82416683732018,0.0,0.0,0.0,279.7883562527718,0.0,2.2067100361078302,0.3855599624591045,0.2763310260669249,0,2.3973291592147383,-0.1906191231069081
628,551500,192500,Outer,Havering,0.0,6.46739893263413,0.0,0.0,0.0,0.0,0.0,0.01433,532.8823961495366,0.0,0.941400114574721,0.0,0.0,0.0,330.9459305482668,0.0,1.8834340309466728,0.3364356462457088,0.2219892327809693,0,1.3561386449250374,0.5272953860216354
629,553500,192500,Outer,Havering,0.0,1.04311643565552,0.0,0.0,0.0,15.21404194,0.0,0.35692,6296.657240880437,0.974264733,9.76691069632651,0.0,0.0,0.0,2248.2368760783484,0.0,8.838806012781196,2.0377447292684634,1.2717754232584435,0,8.299105850291626,0.5397001624895701
630,503500,191500,Non GLA,Non GLA,0.0,3.44232514202398,0.0,0.0,0.0,0.0,0.0,0.00779,279.1085542664945,0.234569008,1.41210059069213,0.0,0.0,0.14985,1465.5379448111262,0.0,4.001125699575894,0.942332220488587,0.4035605136154336,0,4.266948622879962,-0.26582292330406787
631,505500,191500,Outer,Hillingdon,0.0,7.1975029581651,0.0,0.0,0.0,39.29458998,0.0,0.02616,1908.7253944945692,2.363292462,1.29441018436596,0.0,0.0,0.0,303.0219813457381,0.0,6.206322959601608,1.1702700069194103,0.5312509072748859,0,4.077244669010533,2.1290782905910755
632,507500,191500,Non GLA,Non GLA,0.0,0.142778612013575,0.0,0.0,0.0,0.0,0.0,0.0,139.4984060924702,0.0,0.0488958953307223,0.0,0.0,0.0,214.3045742621493,0.0,0.6781848039881582,0.1438741630350584,0.0574909437430719,0,1.472774464484269,-0.7945896604961109
633,507500,191500,Outer,Hillingdon,0.0,4.15775957992044,10.8564129156329,0.0,0.0,62.74717861,0.0,0.10123,2371.659718470933,0.0,1.42385798784936,0.0,0.0,0.0,588.0501038763601,0.0,6.664008767230122,0.7073056283148047,0.4360171377072107,0,4.977724205951779,1.6862845612783435
634,555500,191500,Outer,Havering,0.0,0.521564189267288,0.0,0.0,0.0,58.87920184,0.0,0.31877,4884.945240702778,5.356764825,9.64935347795616,107.1850331,0.0,0.0,4359.14134088789,0.0,14.096568983277008,3.247030778759048,1.740683951939424,0,11.825123739849705,2.271445243427303
635,557500,191500,Non GLA,Non GLA,0.0,6.67459818072341,0.0,0.0,0.0,0.0,0.0,0.0124,486.2753926100204,1.645122031,0.350213960378955,0.0,0.0,0.0,8184.595413899117,0.0,15.171486562314024,3.330328531340763,0.6767301426184736,0,17.530920906315608,-2.359434344001583
636,557500,191500,Outer,Havering,0.0,0.169429146634358,0.0,0.0,0.0,0.0,0.0,0.0,98.02038455729414,0.262107923,0.0088900866364859,0.0,0.0,0.0,5618.624372745035,0.0,9.931831243452534,2.2315867179045155,0.4205772621595957,0,11.202041063279136,-1.2702098198266025
637,509500,190500,Outer,Hillingdon,0.0,4.58970291186701,0.0,0.0,0.0,209.1838827,0.0,0.22065,5499.585771973902,3.448104104,5.29530266334663,76.219493507,0.0,0.0,2140.818711506278,0.0,13.281331805391524,1.9346271895450269,1.1140233724751962,0,11.237908595427093,2.0434232099644305
638,511500,190500,Outer,Harrow,0.0,1.46036032276993,0.0,0.0,0.0,28.79493813,0.0,0.3598,6600.240250608736,0.748177094,9.41387130843178,0.0,0.0,0.0,3547.2594395614583,0.0,11.533938450289703,2.386216132167845,1.338044846872257,0,12.668630134525532,-1.134691684235829
639,513500,190500,Outer,Harrow,0.0,7.71904550096409,0.0,0.0,0.0,101.7368007,0.0,0.11423,2261.5442256781657,12.63067624,2.58881450511123,512.5797663000001,0.0,0.0,1435.0712149855465,0.0,8.514805614046551,18.513548441397543,2.463020378959349,0,9.082206005580382,-0.5674003915338304
640,515500,190500,Outer,Harrow,0.0,0.0,0.0,0.0,0.0,188.4002853,0.0,0.61277,11340.136742551236,2.236358259,10.355258858105,0.0,0.0,0.0,4176.8578708612695,0.0,15.810772996530794,6.616777901009425,2.7015885196795257,0,19.25975933001594,-3.448986333485145
641,517500,190500,Outer,Harrow,0.0,1.56467166776351,0.0,0.0,0.0,62.74717861,0.0,0.48494,10036.538720519264,1.654133481,9.64921777702004,0.0,0.0,0.0,1893.467922741441,0.0,9.351940776740088,2.276855104716242,1.7111704616670411,0,12.796938307711391,-3.4449975309713032
642,519500,190500,Outer,Harrow,0.0,0.206779754462315,0.0,0.0,0.0,45.12639557,0.0,0.63561,9280.66614210214,0.936946496,6.53149044483352,0.0,0.0,0.0,2670.616936148192,0.0,10.853389050777436,2.808695744798487,1.9591574585197005,0,14.701753440957445,-3.8483643901800093
643,519500,190500,Outer,Barnet,0.0,0.0010457483476282,0.0,0.0,0.0,102.4466096,0.0,0.0,494.2091517926788,0.066627038,0.0330281000650149,0.0,0.0,0.0,54.45116191243567,0.0,0.7999649543998718,0.0739297552620497,0.0434179918516678,0,1.6098370040856658,-0.809872049685794
644,519500,190500,Outer,Brent,0.0,0.005232473887847,0.0,0.0,0.0,0.0,0.0,0.0,1704.5749786233937,0.149044595,0.1652778765814,0.0,0.0,0.0,278.2493337170406,0.0,1.6474356755631692,0.2879597292250984,0.2053654343681766,0,2.747846885079266,-1.1004112095160967
645,521500,190500,Outer,Barnet,0.0,0.312934034980725,0.257975274923297,0.0,0.0,447.1305136,0.0,0.57396,10380.5224659656,3.184521089,7.17807692503299,169.41097877,0.0,0.0,2453.8807758528487,0.0,18.34940509861307,6.170529409121526,1.6831270763703785,0,17.488717635674764,0.860687462938305
646,523500,190500,Outer,Barnet,0.0,6.46725711094531,21.4639003516819,0.0,0.0,0.0,0.0,0.20296,4755.097999749933,0.0,4.00086316087719,0.0,0.0,0.0,3191.9479808214824,0.0,11.705305044670444,2.333123376525114,1.3216571779344537,0,11.672229378184511,0.0330756664859333
647,525500,190500,Outer,Barnet,0.0,0.0,0.0,0.0,0.0,303.195746,0.0,0.658229891164737,11063.055029792227,3.689055541,9.00598780083945,0.0,0.0,0.0,4090.616166752652,0.0,16.765334089904627,3.276732386888728,2.114152501560921,0,19.573528419915,-2.808194330010373
648,537500,190500,Outer,Waltham Forest,0.0,0.0022527255625566,0.0,0.0,0.0,0.0,0.0,0.0129199500477104,151.2844734222184,0.990595645,0.0641505234035617,0.0,0.0,0.0,2806.476094445028,0.0,6.378055575480954,1.5039591766325202,0.4761806603337639,0,6.021666980972084,0.3563885945088705
649,539500,190500,Outer,Redbridge,0.0,0.0423360134052652,0.0,0.0,0.0,262.5314152,0.0,0.202182524364061,3955.487549633119,0.648257613,0.354639318684859,0.0,0.0,0.0,3092.8111518097367,0.0,9.57347262698205,2.571145530965315,1.163243050011696,0,11.735420887781395,-2.1619482607993454
650,539500,190500,Outer,Waltham Forest,0.0,0.0293824682055936,0.0,0.0,0.0,0.0,0.0,0.0,651.8991298473366,0.63869234,0.291085209272174,0.0,0.0,0.0,2521.229356597252,0.0,6.671765455561136,1.30165075978005,0.5327094346426723,0,5.764685393640885,0.9070800619202508
651,541500,190500,Outer,Redbridge,0.0,1.60526028867641,44.6662339165507,0.0,0.0,0.0,0.0,0.279601429279955,5112.516400234317,18.16671889,2.9109316704312,0.0,0.0,0.0,14235.287694125404,0.0,36.34138472902699,7.787159761760154,3.0442929006688204,1,34.31045851408304,2.0309262149439533
652,543500,190500,Outer,Redbridge,0.0,0.938802851372117,0.780026134813804,0.0,0.0,31.3735893,0.0,0.43406,8329.133599655966,0.418687124,8.47248459641865,0.0,0.0,0.0,1383.5973187208017,0.0,7.616063951907031,1.905642261037351,1.4547277030536392,0,9.427340088015816,-1.811276136108785
653,545500,190500,Outer,Redbridge,0.0,7.40605249801801,0.0,0.0,0.0,0.0,0.0,0.02452,734.2079991823028,1.034479346,0.470689586536116,0.0,0.0,0.0,913.8186863834628,0.0,3.4873015996018704,0.6542145100595217,0.324025797783609,0,3.22208989759881,0.26521170200306043
654,547500,190500,Outer,Redbridge,0.0,8.81322073031779,0.0,0.0,0.0,0.0,0.0,0.0,395.4041349071902,0.0,0.0,0.0,0.0,0.0,0.0,0.0,1.2928440820348677,0.105971148465371,0.0914999551824399,0,1.2100170506715102,0.08282703136335745
655,547500,190500,Outer,Barking and Dagenham,0.0,0.0681318857433688,0.0,0.0,0.0,0.0,0.0,0.0,244.6991845162007,0.0,0.0,0.0,0.0,0.0,0.0,0.0,0.3394059840504712,0.0396525230440923,0.0296918685515389,0,0.05782134392535809,0.2815846401251131
656,549500,190500,Outer,Barking and Dagenham,0.0,0.0169887454618258,0.0,0.0,0.0,0.0,0.0,0.0,111.57497824423716,0.036805149,0.0338196888590863,0.0,0.0,0.0,0.3937900274392122,0.0,0.26532271202622,0.0337160193936922,0.023955282142285,0,-0.14103010792903348,0.40635281995525346
657,549500,190500,Outer,Havering,0.0,3.07262809573438,0.0,0.0,0.0,20.27345307,0.0,0.23516,4666.628962348324,0.494977866,6.11686293577975,0.0,0.0,0.0,2036.706034744036,0.0,7.824774562231135,1.7520325550091282,1.065191810438869,0,7.538109559619351,0.28666500261178385
658,551500,190500,Outer,Havering,0.0,3.33796602551417,0.0,0.0,0.0,26.92247285,0.0,0.25914,4869.030398115056,0.124008236,7.53109704674542,0.0,0.0,0.0,5566.990766538648,0.0,15.59584404706716,3.746509610528003,1.6945841364523373,0,14.61894848212211,0.9768955649450497
659,553500,190500,Outer,Havering,0.0,0.52155299281817,0.0,0.0,0.0,202.3845228,0.0,0.37246,6055.157653607772,14.21725024,7.64870955068234,11.46525922,0.0,0.0,8105.154580038382,0.0,23.908474854678605,5.112377261564895,2.477749475927026,0,21.675458521375653,2.2330163333029525
660,503500,189500,Non GLA,Non GLA,0.0,2.56912676461431,5.94129671893466,0.0,0.0,0.0,0.0,0.0236,590.6728805960445,3.091935088,1.39114736096208,0.0,0.0,0.0,920.6748602744988,0.0,2.878570542413501,0.6190375628093148,0.2636326141313242,0,3.4384674909355066,-0.5598969485220056
661,503500,189500,Outer,Hillingdon,0.0,0.0001448074085937,0.0,0.0,0.0,0.0,0.0,0.0,11.809347455145414,0.023191351,7.7902389257815e-05,0.0,0.0,0.0,0.0,0.0,0.0386709336602331,0.0124426483946008,0.0045184927850251,0,1.0447130574508527,-1.0060421237906196
662,505500,189500,Outer,Hillingdon,0.0,7.30181504958861,0.762990840464719,0.0,0.0,0.0,0.0,0.06352,2618.2753645051166,0.0,2.11812491857511,0.0,0.0,0.0,1129.948098221567,0.0,7.990260977768547,0.9566043526800864,0.5687019245178581,0,6.161480089225448,1.8287808885430987
663,507500,189500,Outer,Hillingdon,0.0,4.69407994269541,0.0,0.0,0.0,0.0,0.0,0.00306,2066.1875501462937,0.0,0.117675328444377,0.0,0.0,0.0,523.0953375776523,0.0,6.853076845330006,0.700315437032238,0.459265147529454,0,4.505079759969336,2.34799708536067
664,555500,189500,Outer,Havering,0.0,5.63289622980647,0.0,0.0,0.0,0.0,0.0,0.03678,1803.6922116090595,13.374242032,1.76512573836516,0.0,0.0,0.0,2732.034883769984,0.0,7.901543609501656,1.48044065425241,0.6822615657412481,0,7.170204992239906,0.7313386172617493
665,557500,189500,Non GLA,Non GLA,0.0,0.0845115443731713,0.0,0.0,0.0,0.0,0.0,0.0,60.85414003180776,0.0,0.0014022430066406,0.0,0.0,0.0,7.793661892389467,0.0,0.1113491490275124,0.0209917690114848,0.0105435005347954,0,-0.36217775018896603,0.47352689921647845
666,557500,189500,Outer,Havering,0.0,5.62925887670298,0.0,0.0,0.0,0.0,0.0,1e-05,504.4869127220842,0.0,0.0933873738580297,0.0,0.0,0.0,10602.328139910516,0.0,19.917514792294,4.307787304222946,0.9384418178233382,0,22.48172589840189,-2.5642111061078907
667,559500,189500,Non GLA,Non GLA,0.0,9.90972482108806,0.0,0.0,0.0,0.0,0.0,0.01099,519.2060999226342,0.057869007,0.353025147673033,0.0,0.0,0.0,105.19341853747132,0.0,1.3212119694927535,0.1521357822901765,0.1086573307909522,0,1.2729318091612338,0.04828016033151972
668,509500,188500,Outer,Hillingdon,0.0,1.87760570274423,0.0,0.0,0.0,0.0,0.0,0.11514,4328.534394314849,0.113253213,3.64787487024853,0.0,0.0,0.0,208.5702509102104,0.0,6.69950416780889,0.8035497770047368,0.6880316258720276,0,4.836092545836744,1.863411621972146
669,511500,188500,Outer,Hillingdon,0.0,0.0,0.0,0.0,0.0,0.0,0.0,0.39627,4417.288147352885,0.348690486,3.48766399960929,0.0,0.0,0.0,760.9112259090671,0.0,5.715980091981463,0.9321896734990832,0.695792733082837,0,6.493558002873989,-0.7775779108925258
670,511500,188500,Outer,Harrow,0.0,0.0,0.0,0.0,0.0,0.0,0.0,0.0,3826.679309887748,0.288588346,2.38897812346294,0.0,0.0,0.0,794.5913536657358,0.0,3.475785925945164,0.9110269693027832,0.7003341732487736,0,5.411356478632058,-1.9355705526868943
671,513500,188500,Outer,Harrow,0.0,0.0,0.0,0.0,0.0,285.2235456,0.0,0.52016,9839.572317376656,1.021447921,10.8259517952815,110.030250614,0.0,0.0,3901.297731393537,0.0,14.592905319103355,3.905420822421761,2.0959551785757458,0,17.90194496566329,-3.3090396465599348
672,515500,188500,Outer,Harrow,0.0,0.0,0.0,0.0,0.0,1343.585222,0.0,1.2284,12331.808655512588,19.462674806,5.29530266334663,38.080988502,0.0,0.0,6287.017429787666,0.0,27.414276994034257,6.122784209285715,3.650196676320947,0,32.87175794714376,-5.457480953109506
673,517500,188500,Outer,Harrow,0.0,0.012456422858829,0.0,0.0,0.0,0.0,0.0,0.0,1366.5162337759352,0.139116675,0.166613944440177,0.0,0.0,0.0,371.6158945929126,0.0,1.52059649694051,0.3423188554739269,0.2294433199817956,0,2.696813362478494,-1.176216865537984
674,517500,188500,Outer,Brent,0.0,0.551898355647918,43.0466992449744,0.0,0.0,55.52695531,0.0,0.42666,6889.074532220918,0.926011482,7.38219123680966,0.0,0.0,0.0,2906.985048426339,0.0,11.692921529615433,2.4400806914675783,1.498150315117335,0,12.440890794068615,-0.7479692644531823
675,519500,188500,Outer,Harrow,0.0,0.0014555383853497,4.99770236968811,0.0,0.0,0.0,0.0,0.0,189.04727755110463,0.084262325,0.0020422153226941,0.0,0.0,0.0,530.1341885368735,0.0,1.4172878019875557,0.3176483713509428,0.1257474872764714,0,1.8988896833690472,-0.4816018813814915
676,519500,188500,Outer,Brent,0.0,3.71102872440866,21.1679635795663,0.0,0.0,26.73201719,0.0,0.31572,6341.570677210793,4.254203855,5.20471307422109,0.0,0.0,0.0,4511.9992225290425,0.0,16.321776827921592,3.2771662994439508,1.7198641846281308,0,15.748690362847952,0.57308646507364
677,521500,188500,Outer,Barnet,0.0,1.22277092605444,0.0,0.0,0.0,329.3376697,0.0,0.43759,5188.382662738182,24.82074367,3.52514342544329,0.0,0.0,0.0,3300.2336322176548,0.0,13.327723975106505,3.2691075673374783,1.2569027562322992,0,13.888164698643706,-0.5604407235372015
678,521500,188500,Outer,Brent,0.0,0.0699434712106733,0.0,0.0,0.0,137.037058,0.0,0.0,2682.769069282376,5.936298527,0.201640701502709,0.0,0.0,0.0,1005.662263727793,0.0,4.960302078647175,1.335748250262819,0.5611515911381635,0,5.766165283415375,-0.8058632047681993
679,523500,188500,Outer,Barnet,0.0,0.812119508180746,0.0,0.0,0.0,99.35707596,0.0,0.529360180395849,9604.693865295014,4.856960036,7.00453553156956,0.0,0.0,0.0,8034.161453009195,0.0,25.279475524829028,4.300311413355843,2.0425836330793405,0,25.88882108783632,-0.6093455630072917
680,541500,188500,Outer,Redbridge,0.0,0.278107106783983,0.0,0.0,0.0,27.76347766,0.0,0.0889033623614326,2756.2824364725766,0.754644201,1.04165965188943,0.0,0.0,0.0,10221.42011207636,0.0,25.53124397293832,5.726701432652207,2.27745379807911,0,23.74124570749656,1.7899982654417599
681,543500,188500,Outer,Redbridge,0.0,0.20862268998715,0.0,0.0,0.0,85.35335391,0.0,0.60465,10979.602615740128,3.674743476,2.23579438339879,0.0,0.0,0.0,6256.046167489591,0.0,20.55969487450929,4.385051163208809,2.368476244620348,0,24.53876634385538,-3.9790714693460885
682,545500,188500,Outer,Redbridge,0.0,2.81638616121812,0.0,0.0,0.0,333.6698211,0.0,0.40001,7183.687431642261,54.32597064,5.88362234468175,0.0,0.0,0.0,5213.772362261923,0.0,18.34648320536848,3.422191243754097,1.9531671151329173,0,18.505117794647287,-0.15863458927880814
683,547500,188500,Outer,Redbridge,0.0,0.635433569657993,0.0,0.0,0.0,31.3735893,0.0,0.47379,8272.233844419581,11.09535862,4.62681388452433,0.0,0.0,0.0,1247.340234529005,0.0,7.714364773147771,1.914759246001738,1.542548206888558,0,10.276279715481405,-2.561914942333633
684,547500,188500,Outer,Barking and Dagenham,0.0,0.0750975699546939,0.0,0.0,0.0,0.0,0.0,0.0,1843.872685929888,3.814332111,0.546809435102096,0.0,0.0,0.0,115.08241864320624,0.0,2.237090467256533,0.3306917456457147,0.2812926195116785,0,1.7000152222123912,0.5370752450441416
685,549500,188500,Outer,Havering,0.0,7.29360058808565,0.0,0.0,0.0,31.3735893,0.0,0.13978,2720.027842054066,0.161425251,2.20182894168238,2.564809607,0.0,0.0,2126.374564739707,0.0,7.637412969379453,1.5822985354090966,0.8313688699232887,0,7.41709866611773,0.22031430326172252
686,549500,188500,Outer,Barking and Dagenham,0.0,0.000429943646134,0.0,0.0,0.0,0.0,0.0,0.0,60.95077800832754,0.001239654,0.0001298373154296,0.0,0.0,0.0,42.903137574951074,0.0,0.1597751541399263,0.0435919599313964,0.0204647966202123,0,-0.06600014551006517,0.22577529964999146
687,551500,188500,Outer,Havering,0.0,0.0,0.0,0.0,0.0,713.4321597,0.0,0.52588,7732.842606306885,4.910899089,1.76510060856218,167.8996568,0.0,0.0,10411.478699705463,0.0,35.575601907415766,8.845953145504897,4.506919871589818,1,33.22208864984686,2.353513257568906
688,553500,188500,Outer,Havering,0.0,0.625863591381804,0.0,0.0,0.0,155.836486,0.0,0.31972,6928.722686655732,0.338663899,9.17845112575476,0.869516764,0.0,0.0,3320.789657031469,0.0,11.916738206750145,2.512844700249358,1.5071441016324612,0,11.842045096969278,0.07469310978086696
689,503500,187500,Non GLA,Non GLA,0.0,6.78033819262445,0.0,0.0,0.0,0.0,0.0,0.04946,1188.8799596217634,0.0,2.58885052449551,716.19446979,0.0,0.0,1394.8712961522767,0.0,6.360397412154287,1.1401070236543918,0.6060252970448187,0,8.51119103889428,-2.1507936267399934
690,505500,187500,Non GLA,Non GLA,0.0,0.0039344322200915,0.0,0.0,0.0,0.0,0.0,0.0,19.547792361044717,0.0,0.0004590377345514,0.0,0.0,0.0,0.0,0.0,0.0356996783648825,0.0132524589420566,0.0054447337768355,0,1.025498971595061,-0.9897992932301786
691,505500,187500,Outer,Hillingdon,0.0,2.81077674020996,0.0,0.0,0.0,516.9423772,0.0,0.00038,1743.9638007658564,0.0,0.328016805401075,723.03493436,0.0,5.08178,36.721006688347,0.0,9.198052054795877,2.089090111798793,2.011729338685028,0,8.682762295526715,0.5152897592691623
692,507500,187500,Outer,Hillingdon,0.0,7.71915373330557,0.0,0.0,0.0,862.6943208,0.0,0.02837,2134.036866318581,0.157547278,2.23582537682247,695.43827824,0.0,0.0,1353.0461173412318,0.0,12.59394628747772,1.2214227171749967,0.776207280760836,0,13.088877582556023,-0.49493129507830247
693,555500,187500,Outer,Havering,0.0,5.52858339195302,0.0,0.0,0.0,62.74717861,0.0,0.16906,3833.50928329446,0.26974074,4.94235206742246,0.307265137,0.0,0.0,641.839023932499,0.0,4.444826010014986,0.8488668608515251,0.6391457730201064,0,4.423193723000837,0.021632287014148766
694,557500,187500,Outer,Havering,0.0,0.834503449257602,0.0,0.0,0.0,137.037058,0.0,0.32931,5495.148941486339,1.603429757,9.88470329718482,3.961339511,0.0,0.0,856.4878332470704,0.0,5.354875456841753,1.4818021282772156,1.028646562541545,0,5.050105608760749,0.30476984808100394
695,559500,187500,Non GLA,Non GLA,0.0,1.25672900979962,0.0,0.0,0.0,0.0,0.0,0.0,187.86118961368783,1.486481265,0.0637174531320963,3.708124456,0.0,0.0,15.293915759763488,0.0,0.4407012311119799,0.0512745383118218,0.0369616970805461,0,-0.11674971916334975,0.5574509502753296
696,559500,187500,Outer,Havering,0.0,3.70907307796271,0.0,0.0,0.0,0.0,0.0,0.03366,181.54888992350692,2.553710154,0.188053854688067,0.485114549,0.0,0.0,1086.9819452291035,0.0,3.3441204181476567,0.7653702150316196,0.2943699737740209,0,2.3910862028319517,0.953034215315705
697,509500,186500,Outer,Hillingdon,0.0,1.87763182779218,0.0,0.0,0.0,0.0,0.0,0.39412,6504.058363408468,0.980394816,7.41352726347359,800.86273178,0.0,0.0,2491.079683259158,0.0,14.964786875569771,2.440726256518385,1.5981830675764033,0,14.876919068965437,0.08786780660433458
698,511500,186500,Outer,Hillingdon,0.0,1.77110358587322,0.0,0.0,0.0,27.07583734,0.0,0.36858,8492.503726856125,0.324741214,9.75482409875015,0.0,0.0,0.0,2209.369195676372,0.0,13.075267380731198,2.9394599593493886,2.3275000927290264,0,11.738518405325308,1.3367489754058894
699,511500,186500,Outer,Harrow,0.0,7.46429941205e-07,0.0,0.0,0.0,0.0,0.0,0.0,4.475109582256503,0.000202398,4.18830049773199e-06,0.0,0.0,0.0,0.0,0.0,0.0062615422147867,0.0105698302817885,0.0029492732104571,0,0.8601616653305086,-0.8539001231157219
700,513500,186500,Outer,Harrow,0.0,0.312938513560373,47.9781246077045,0.0,0.0,362.807285,0.0,0.49272,8669.235647396965,1.263215671,10.1200531164135,0.0,0.0,0.0,3231.8076714029053,0.0,13.23810008812258,9.244110838851476,2.373735447819941,0,15.603853506108386,-2.3657534179858057
701,515500,186500,Outer,Brent,0.0,0.0129744452380253,0.0,0.0,0.0,5.157302351,0.0,0.0,949.4849899122958,0.091637116,0.0298357774256436,0.0,0.0,0.0,371.1261013287102,0.0,1.5983406063089738,0.2513728629851742,0.1304561752641543,0,2.4413137626562342,-0.8429731563472604
702,515500,186500,Outer,Harrow,0.0,2.34992790879023,0.0,0.0,0.0,0.0,0.0,0.25064,4189.92210363861,1.233263581,5.40385168500645,0.0,0.0,0.0,2638.1829043350112,0.0,9.637528738855629,1.5125444136339818,0.7254581904100489,0,9.390338274985883,0.24719046386974597
703,517500,186500,Outer,Brent,0.0,0.625877027120745,0.0,0.0,0.0,221.173321,0.0,0.4317,9310.698584878975,12.48089727,6.94282762501628,710.1118571,0.0,0.0,1991.819632699101,0.0,16.77769650292422,8.056305055476601,2.071416497240033,0,16.988912388109505,-0.2112158851852861
704,519500,186500,Outer,Brent,0.0,0.0,0.0,0.0,0.0,564.6486006,0.0,0.60606,9643.922860838476,11.42691686,5.64833451230046,107.818981229,0.0,0.0,4761.200592127666,0.0,21.84152313930977,4.906140638056067,2.1680735291467816,0,22.389897163472348,-0.5483740241625767
705,521500,186500,Outer,Barnet,0.0,1.791431858892e-05,0.0,0.0,0.0,0.0,0.0,0.0,9.676193318913406,0.001914849,3.85323645791343e-05,0.0,0.0,0.0,0.0,0.0,0.0166376155322955,0.0100029240052724,0.0023574207540807,0,0.5911857780859808,-0.5745481625536853
706,521500,186500,Outer,Brent,0.0,0.223248238255121,0.0,0.0,0.0,0.0,0.0,0.208349760762989,1952.600893889684,0.505098454,1.13868079525929,0.0,0.0,0.0,5517.662432444141,0.0,14.730613206135915,3.385178636533768,1.222982121023044,0,13.979811438976949,0.7508017671589666
707,543500,186500,Outer,Redbridge,0.0,0.0,0.0,0.0,0.0,1248.544589,0.0,0.59940454179935,8894.27069780068,2.809938082,0.0,142.6229755,0.0,0.0,15108.428449770598,0.0,45.184646872493424,9.395375865750822,3.5905291565074164,1,47.20945474925584,-2.0248078767624165
708,545500,186500,Outer,Redbridge,0.0,0.417246872834183,0.0,0.0,0.0,31.3735893,0.0,0.54766,9718.126075996206,5.437128181,3.41253510294107,5.040627043,0.0,0.0,2681.58311585978,0.0,11.768205754981334,2.83538474140744,2.010767775728766,0,15.249688860633174,-3.48148310565184
709,547500,186500,Outer,Redbridge,0.0,2.239289823615e-05,0.0,0.0,0.0,0.0,0.0,0.0,28.13451652661538,0.0,0.0002889927343435,0.0,0.0,0.0,1.797001903826004,0.0,0.0317920003342029,0.0147184224666431,0.0065302098912092,0,-0.09975171990496534,0.13154372023916824
710,547500,186500,Outer,Barking and Dagenham,0.0,0.307639607407758,0.0,0.0,0.0,38.93763275,0.0,0.47926,10800.513651997058,0.0,3.93320284165653,0.0,0.0,0.007044436806,3407.9587275750723,0.0,16.023376548780405,3.412495910964794,2.3330486381481887,0,17.40387507231452,-1.380498523534115
711,549500,186500,Outer,Havering,0.0,1.1196449118075e-05,0.0,0.0,0.0,0.0,0.0,0.0,10.364332817708522,0.002431239,2.68051231854847e-05,0.0,0.0,0.0,2.599654067585264,0.0,0.0173478004084578,0.0127057171209562,0.0043298458512017,0,-0.16996258356627258,0.18731038397473038
712,549500,186500,Outer,Barking and Dagenham,0.0,2.18068238392141,0.0,0.0,0.0,268.3366483,0.0,0.34799,6918.579769185772,1.076525129,5.27147207117464,0.0,0.0,0.0,3378.174376840475,0.0,15.89286913280056,8.133155432190721,2.214860711771384,0,14.042287360626448,1.8505817721741114
713,551500,186500,Outer,Havering,0.0,0.34879626150592,0.0,0.0,0.0,0.0,0.0,0.0,1989.024517113426,0.090562901,0.676779100827516,0.0,0.0,0.0,1958.4308345655963,0.0,5.96716635623447,1.3687366756774486,0.7027161796678448,0,5.539383966386184,0.42778238984828576
714,551500,186500,Outer,Barking and Dagenham,0.0,1.04915356101998,0.0,0.0,0.0,0.0,0.0,0.18989,2445.3755808569435,0.157066928,2.03570084009994,0.0,0.0,0.0,218.45295134401377,0.0,3.3833007467858813,0.4307929140877023,0.3386799750682949,0,2.4981558829940287,0.8851448637918526
715,553500,186500,Outer,Havering,0.0,1.04311643565552,0.0,0.0,0.0,26.13033191,0.0,0.3367,6900.947905454681,0.761427538,7.41343847150304,7.652131175,0.0,0.0,2857.2625200153343,0.0,10.695571682575006,2.3109952961187794,1.5280327362593975,0,10.989663973012908,-0.2940922904379022
716,561500,186500,Non GLA,Non GLA,0.0,7.3594640732377,0.0,0.0,0.0,0.0,0.0,0.0,112.8103246143569,0.0,0.0,0.0,0.0,0.0,0.0,0.0,0.4541077550507684,0.0343273971911804,0.0264999538015119,0,0.44201309475223205,0.012094660298536342
717,561500,186500,Outer,Havering,0.0,0.26719728676333,0.0,0.0,0.0,0.0,0.0,0.0,45.9433625159092,0.0,0.0,0.0,0.0,0.0,0.0,0.0,0.133814755207988,0.0227300810147799,0.0141572709439923,0,-0.4389997590861707,0.5728145142941587
718,503500,185500,Non GLA,Non GLA,0.0,9.17940582373403,0.0,0.0,0.0,0.0,0.0,0.01737,585.3643222910086,6.755901414,1.05906036513731,0.0,0.0,0.0,7527.297746811822,0.0,17.61924301342301,2.8617506287247614,0.8632118484660845,0,17.920939523746043,-0.30169651032303335
719,505500,185500,Non GLA,Non GLA,0.0,1.44825173626371,0.0,0.0,0.0,0.0,0.0,0.13264,757.7401218039442,0.0,1.16697695342197,0.0,0.0,4.7732,5120.029193134104,0.0,12.07029113747443,3.154478078212552,1.080495997359286,0,12.462634171356527,-0.39234303388209746
720,505500,185500,Outer,Hillingdon,0.0,0.791497141765134,0.0,0.0,0.0,165.1937882,0.0,0.0,1709.1129372707192,0.0,0.637775133612337,0.0,0.0,0.31535,2775.38567533384,0.0,9.216301226138832,1.761220358660282,0.6665956056621111,0,9.016691703677008,0.19960952246182373
721,507500,185500,Outer,Hillingdon,0.0,1.77329435775066,0.0,0.0,0.0,30.17021875,0.0,0.22961,5456.905778946598,3.37031995,8.2371372901703,0.0,0.0,0.0,8526.197499133295,0.0,25.459783720445067,4.094001100186183,1.7001922252888395,0,22.10059767278942,3.3591860476556477
722,555500,185500,Outer,Havering,0.0,3.54658871550132,0.0,0.0,0.0,0.0,0.0,0.29862,4311.984384756118,0.411162749,7.06040327190881,0.0,0.0,0.0,772.800793184632,0.0,4.126009499615558,1.086117441330872,0.8147218404545159,0,4.3187312829855795,-0.19272178337002188
723,557500,185500,Outer,Havering,0.0,9.59665195013827,0.0,0.0,0.0,0.0,0.0,0.0,686.796082384702,0.0,0.0,6.473566948,0.0,0.0,191.59094961867208,0.0,1.8487494609443809,0.2930038840992969,0.2143378011170563,0,1.8015355180886825,0.047213942855698354
724,559500,185500,Outer,Havering,0.0,8.76216044375972,0.0,0.0,0.0,31.3735893,0.0,0.00803,296.19567136499427,0.0,1.29440767138566,0.0,0.0,0.0,1092.1313825297495,0.0,3.83536067188536,0.8501299810834334,0.3280480052155869,0,2.849794318219077,0.9855663536662829
725,509500,184500,Outer,Hillingdon,0.0,6.57171177048759,576.010429137079,0.0,0.0,0.0,0.0,2e-05,1743.7814718957254,0.0,0.706050295346066,0.0,0.0,0.0,7509.661505294204,0.0,23.65850955154036,4.604498954466163,1.709974536831645,0,20.557654260976886,3.100855290563473
726,511500,184500,Outer,Hillingdon,0.0,2.22888757595437,0.0,0.0,0.0,25.43248604,0.0,0.0,1917.777542960856,0.0,0.688876587985165,0.0,0.0,0.0,4499.456399934751,0.0,13.940575319649914,9.274239705719456,1.6931864530520329,0,12.14872872236097,1.791846597288945
727,511500,184500,Outer,Ealing,0.0,1.60414885449396,0.0,0.0,0.0,0.0,0.0,0.03837,836.4429394663678,0.0,0.495790071419024,0.0,0.0,0.0,4446.737650560232,0.0,11.161445085908294,2.590510652726586,0.8258323659578746,0,10.962823436268955,0.19862164963933893
728,513500,184500,Outer,Ealing,0.0,0.208625675706915,0.0,0.0,0.0,294.3847394,0.0,0.36603,7622.312384136391,0.573400954,9.53167814951179,42.414787632,0.0,2.79649,5253.385429496575,0.0,20.079023597002667,3.646673387705039,2.057559678546995,0,18.420709992185383,1.658313604817284
729,515500,184500,Outer,Ealing,0.0,5.3199577162461,0.0,0.0,0.0,151.4409819,0.0,0.18732,4261.714042829647,0.139726744,3.88327662440336,0.0,0.0,5.5193,2702.5024768976405,0.0,10.736235956605444,3.3383323424576297,1.8036144758022343,0,11.00662373043478,-0.2703877738293361
730,517500,184500,Outer,Ealing,0.0,0.113084136092558,0.0,0.0,0.0,0.0,0.0,0.0,1282.3011861018297,0.0,0.420981160908834,0.0,0.0,3.47207,129.04586501857435,0.0,1.3629632283566109,0.240704663556523,0.1811004480622317,0,2.138147531547874,-0.7751843031912633
731,517500,184500,Outer,Brent,0.0,1.22789815332058,0.0,0.0,0.0,309.4628666,0.0,0.35972,8166.450021950622,0.0,4.57111953982569,0.0,0.0,0.29497,3258.315475992794,0.0,14.342339479918689,2.9536292108188604,1.508540261522301,0,16.22290096480628,-1.8805614848875898
732,519500,184500,Outer,Brent,0.0,0.0912249352643691,0.0,0.0,0.0,82.80143827,0.0,0.423874839831458,10893.305207014811,4.960993008,3.85156532601483,444.3059634,0.0,0.0,6300.67094614129,0.0,26.14146185038653,4.55345044038264,2.361391895371176,0,26.38571420722173,-0.24425235683520086
733,543500,184500,Outer,Barking and Dagenham,0.0,0.204743493582708,0.0,0.0,0.0,102.4466096,0.0,0.33043,4334.342879323865,3.881252826,0.272964945998786,102.9445426,0.0,0.0,2517.0174245176145,0.0,11.551035633404688,1.5391473966087268,0.6963362998777973,0,11.013976928340014,0.5370587050646733
734,543500,184500,Outer,Redbridge,0.0,0.0086235051107413,0.0,0.0,0.0,0.0,0.0,0.0,976.7272299894456,0.796531654,0.0114968848662743,0.0,0.0,0.0,77.19896653407487,0.0,0.7419348112961527,0.1667533541358057,0.1368053162822888,0,1.1066036016618455,-0.3646687903656928
735,545500,184500,Outer,Barking and Dagenham,0.0,0.104311344993575,0.0,0.0,0.0,0.0,0.0,0.48765,10383.889360414254,1.938669464,0.70604191874507,60.6863986,0.0,0.0,2686.967415942451,0.0,13.229868379618678,2.506019516933196,1.7737389631643925,0,16.71758941793631,-3.4877210383176322
736,547500,184500,Outer,Barking and Dagenham,0.0,1.14744196281797,0.0,0.0,0.0,0.0,0.0,0.40072,8180.79717818735,1.44423525,3.41257614828595,10.4673094,0.0,0.0,2154.736167077728,0.0,10.939533098138757,2.9984360175678075,2.3284564869816577,0,12.279427428513403,-1.339894330374646
737,549500,184500,Outer,Barking and Dagenham,0.0,0.938805090661941,0.0,0.0,0.0,7.564043448,0.0,0.40997,8346.424244274649,1.105203579,3.05951414356854,10.67105025,0.0,0.0,3403.9524668898416,0.0,15.159863122919406,3.62001627885138,2.533331633757696,0,15.097154259689807,0.06270886322959868
738,551500,184500,Outer,Barking and Dagenham,0.0,0.0749557482658649,0.0,0.0,0.0,0.0,0.0,0.0,556.2962597745012,0.020506593,0.0262422155985895,0.0,0.0,0.0,30.33260778748657,0.0,0.6784716310525493,0.156090501788492,0.1358364589325022,0,0.38744282063457547,0.2910288104179738
739,551500,184500,Outer,Havering,0.0,4.77824589000581,0.0,0.0,0.0,0.0,0.0,0.09852,2224.1279219443118,0.163729062,1.67285915372033,0.0,0.0,0.0,3034.372352886236,0.0,9.183196880525038,2.082101281038241,1.030182117089083,0,8.437712041757095,0.7454848387679434
740,553500,184500,Outer,Havering,0.0,5.84145174109891,0.0,0.0,0.0,0.0,0.0,0.04664,1738.818124216869,0.0,1.41208383749014,0.0,0.0,0.0,395.7133880436082,0.0,2.722897847691479,0.4188809991994361,0.2836458312535437,0,2.566152234447122,0.15674561324435698
741,503500,183500,Non GLA,Non GLA,0.0,7.71915373330557,0.0,0.0,0.0,0.0,0.0,0.00744,824.3926370683298,0.0,1.41210059069213,0.0,0.0,0.0,11711.845771287732,0.0,23.86951612330205,5.294989439304207,1.5140586997699574,0,26.483668273507945,-2.6141521502058964
742,505500,183500,Outer,Hillingdon,0.0,0.73018165424485,61.8852298483482,0.0,0.0,281.301962,0.0,0.49047,11438.162891251775,21.41019508,7.76645943087557,0.0,0.0,0.62168,5434.185759808438,0.0,26.2461809631449,4.38506758221398,2.552167586140336,0,23.563287469284717,2.6828934938601847
743,507500,183500,Outer,Hillingdon,0.0,2.08625750349909,20.5683406821951,0.0,0.0,31.3735893,0.0,0.32829,8605.91896634394,0.299381268,8.82562785416572,0.0,0.0,0.0,2072.5728137857445,0.0,13.882310244332777,2.3173990485213323,1.5198493702921003,0,12.038140758917399,1.844169485415378
744,555500,183500,Non GLA,Non GLA,0.0,0.0016234851221208,0.0,0.0,0.0,0.0,0.0,0.0,17.860025797744672,0.04536712,2.01038423891135e-05,0.0,0.0,0.0,9.63460005529879,0.0,0.0518316275784034,0.015275715222502,0.0048920351653858,0,-0.2706743316411462,0.3225059592195496
745,555500,183500,Outer,Havering,0.0,9.24577613481615,0.0,0.0,0.0,31.3735893,0.0,0.0002,352.4727710298458,3.423683021,0.114617031420934,0.0,0.0,0.0,217.4987917259452,0.0,1.8569431256800095,0.2526493927739147,0.1707685792996894,0,1.6503885815793709,0.20655454410063867
746,557500,183500,Non GLA,Non GLA,0.0,4.23317065045044,0.0,0.0,0.0,0.0,0.0,0.00759,295.195134393387,0.0,0.0636722194867208,0.0,0.0,0.0,3956.70053115318,0.0,7.619258665033666,1.584104719985066,0.31935622798713,0,8.551131428537154,-0.9318727635034882
747,557500,183500,Outer,Havering,0.0,0.5469689323162,0.0,0.0,0.0,0.0,0.0,0.0,92.8556721461675,0.0,0.0082274974977447,0.0,0.0,0.0,123.28979819985848,0.0,0.5255586022555986,0.0951815033344374,0.0511649016446355,0,0.04100320094231691,0.4845554013132817
748,509500,182500,Outer,Hillingdon,0.0,1.87760570274423,0.0,0.0,0.0,10.91628998,0.0,0.38095,7886.368806555125,0.506095354,8.82550471813109,0.0,0.0,0.0,1318.1740909916427,0.0,10.826929413470625,2.023227251786623,1.5317998984363823,0,9.689961469454246,1.1369679440163782
749,511500,182500,Outer,Hillingdon,0.0,0.0405259207978431,0.0,0.0,0.0,17.36291792,0.0,0.39552,5239.033030190224,0.434368658,3.93169672879754,0.0,0.0,0.0,2410.967213364491,0.0,10.256636708420023,1.663320338909559,0.9485672775325594,0,10.706991352301038,-0.4503546438810151
750,511500,182500,Outer,Ealing,0.0,0.0148017057340952,0.0,0.0,0.0,289.5589328,0.0,0.0,2962.568532697097,0.262509404,1.43599484503169,0.0,0.0,0.0,2031.3279476462692,0.0,7.428110730653545,1.2680996245795415,0.5522171002872269,0,8.777163388208008,-1.3490526575544628
751,513500,182500,Outer,Ealing,0.0,0.521557471397817,0.0,0.0,0.0,169.6752474,0.0,0.49522,9794.365714868629,3.772166145,10.355258858105,0.0,0.0,0.45953,3708.540373705511,0.0,16.108027086627768,3.32625142697057,2.0294019693625978,0,16.680040233121296,-0.5720131464935285
752,515500,182500,Outer,Ealing,0.0,5.2155717282584,0.0,0.0,0.0,111.9381866,0.0,0.18463,5191.170137698644,0.138255635,3.88322217649689,89.56015991,0.0,0.0,5349.850542348931,0.0,17.72912700842786,3.683064226460543,1.5854284136887489,0,17.55232864650167,0.17679836192618836
753,517500,182500,Outer,Ealing,0.0,1.92661853197358,0.0,0.0,0.0,36.53089165,0.0,0.39958,8771.722669891931,4.867667637,4.55381599514936,1.741196139,0.0,0.0,8396.9667240024,0.0,26.75694691243603,5.790669454795218,2.7045441135066337,0,26.401890173712736,0.35505673872329524
754,517500,182500,Outer,Brent,0.0,0.0084675012530295,0.0,0.0,0.0,0.0,0.0,0.0,268.7889228478547,0.322705228,0.0200142127584621,0.0,0.0,0.0,38.20889626487925,0.0,0.5005740554218654,0.4229839425224414,0.3738418440953506,0,1.0801992109103438,-0.5796251554884784
755,543500,182500,Outer,Newham,0.0,0.0073299420226331,0.0,0.0,0.0,0.0,0.0,0.0319997620218911,365.3747163738205,0.388935903,0.0623880865541161,0.0,0.0,0.0,3153.251955556543,0.0,8.064734174845022,1.5653627040249092,0.533820766317807,0,6.9339102791575185,1.1308238956875032
756,545500,182500,Outer,Barking and Dagenham,0.0,0.311422514349785,0.0,0.0,0.0,0.0,0.0,0.56682,2440.5781675295493,10.00309587,0.17565732287488,0.0,0.0,0.0525771147066,580.7652544525488,0.0,5.37374382605632,3.7035240717371862,3.314441712588722,0,4.844697482846637,0.529046343209683
757,545500,182500,Outer,Newham,0.0,0.0543184532514291,0.0,0.0,0.0,0.0,0.0,0.0,1158.5780273185712,4.177670907,0.030638255801009,0.0,0.0,176.372568934659,21.099091043634225,0.0,5.193600043212527,0.1785712664501738,0.1524034418143581,0,2.876488751764276,2.317111291448251
758,547500,182500,Outer,Barking and Dagenham,0.0,0.834491506378542,0.0,0.0,0.0,0.0,0.0,0.01627,2260.686201115001,0.949822252,0.0,0.0,0.0,5.1174435451022,176.19046116117045,0.0,4.730898617807338,0.3780945197912309,0.2721052253657246,0,2.6546959877353977,2.07620263007194
759,549500,182500,Outer,Havering,0.0,0.0,0.0,0.0,0.0,0.0,0.0,0.0,0.5771472488394067,0.0,0.0,0.0,0.0,0.0,0.0,0.0,0.0040061506420433,0.0092449313801794,0.001636163188608,0,-0.12910727889496698,0.13311342953701027
760,549500,182500,Outer,Barking and Dagenham,0.0,0.0,0.0,0.0,0.0,0.0,0.0,0.0003,1465.242287055268,0.0,0.0,131.6371614,0.0,0.0042800290291,7509.874616592342,0.0,20.6241635977797,5.016250630257591,2.351308670643012,0,17.356727667519174,3.2674359302605254
761,551500,182500,Outer,Havering,0.0,1.25173688635284,0.0,0.0,0.0,106.9162716,0.0,0.25979,3086.208616877423,14.80413282,2.47114085198705,145.0148735,0.0,0.0,2696.7956593449458,0.0,10.53561357559154,2.218650037545063,0.820166620816985,0,9.48589911736602,1.0497144582255196
762,553500,182500,Outer,Havering,0.0,2.39914376696358,0.0,0.0,0.0,68.34406867,0.0,0.26276,4107.288690311427,7.072286375,5.29525994268156,0.0,0.0,0.0,2132.2401137784573,0.0,7.612615511016344,1.6838689194495526,0.8245452631467081,0,7.657920796815068,-0.04530528579872417
763,504500,181500,Non GLA,Non GLA,0.0,4.33004382107991,0.0,0.0,0.0,0.0,0.0,0.01317,983.4165547485418,0.406978439,0.53426463745129,0.0,0.0,0.0,14217.86611808832,0.0,28.80420901628211,6.430562307589015,1.8389201708578544,1,31.69301483832745,-2.8888058220453416
764,504500,181500,Outer,Hillingdon,0.0,0.252928532007255,0.0,0.0,0.0,0.0,0.0,0.0,622.9747302211491,0.098361168,0.0312078646687006,0.0,0.0,0.0,66.20216102595184,0.0,1.5467690063211392,0.223404954322781,0.1867300783243269,0,1.8741176428042579,-0.3273486364831186
765,506500,181500,Outer,Hillingdon,0.0,2.92076095275669,0.0,0.0,0.0,94.12076791,0.0,0.3075,6915.815225026536,1071.44628099174,7.884227739591,0.0,0.0,0.0,1341.4282331275288,0.0,20.302102013959257,2.0865751410148845,1.410905706648177,0,10.64375170357397,9.658350310385286
766,555500,181500,Non GLA,Non GLA,0.0,1.22363081334671,0.0,0.0,0.0,0.0,0.0,0.0,590.5167760088834,0.0,0.0890566711433748,0.0,0.0,0.0,18.02970014811719,0.0,0.8481873052944299,0.0600821803812924,0.0472281395576573,0,0.43990631398792956,0.4082809913065003
767,555500,181500,Outer,Havering,0.0,2.06475211046304,0.0,0.0,0.0,16.50336752,0.0,0.00717,295.3381819990153,0.0,0.150273708878325,0.0,0.0,0.0,17.40844676823746,0.0,0.7544832345375413,0.0641510560724454,0.046195194800487,0,0.32072100644398915,0.43376222809355214
768,557500,181500,Non GLA,Non GLA,0.0,4.38114142913504,0.0,0.0,0.0,0.0,0.0,0.07601,1710.620956692601,0.50892464,2.23582537682247,0.0,0.0,0.00103,12993.979793844072,0.0,24.94327295191008,5.334576221799525,1.1996506280437391,0,28.045364103897988,-3.1020911519879064
769,508500,180500,Outer,Hillingdon,0.0,5.8413935195635,0.0,0.0,0.0,166.7131577,0.0,0.25409,7154.381681397265,2.495388957,3.41250075887699,0.0,0.0,0.74648,1814.9761064712895,0.0,16.181890491465722,2.4096500558058547,1.1851751926939376,0,12.604037651816832,3.577852839648891
770,510500,180500,Outer,Hillingdon,0.0,0.730180161384967,0.0,0.0,0.0,241.435908,0.0,0.40507,9018.15418381447,1.923044638,9.06085118671935,0.0,0.0,0.0,4727.5261791180665,0.0,21.27221821538581,3.4682414451081027,1.9765757468652527,0,18.664554640695425,2.6076635746903847
771,512500,180500,Outer,Hillingdon,0.0,0.0,0.0,0.0,0.0,0.0,0.0,0.0,209.3693092629825,0.117539116,0.000958283153881,0.0,0.0,0.73155,18.346830759375585,0.0,0.1976366304254746,0.0394481722711132,0.0258439493564165,0,1.1587383034997707,-0.9611016730742961
772,512500,180500,Outer,Ealing,0.0,0.0,0.0,0.0,0.0,344.2746575,0.0,0.79559,13393.26755138729,6.773574257,3.18338815674956,0.0,0.0,1.10549,4494.984514080135,0.0,20.46903437747901,4.294609471289404,2.7676372732705543,0,25.481025278968204,-5.011990901489195
773,514500,180500,Outer,Ealing,0.0,5.52850576323913,0.0,0.0,0.0,31.3735893,0.0,0.22047,7677.580992225249,0.846945238,1.76510060856218,375.8841633,0.0,0.0,5409.9832860995175,0.0,24.72385347514181,3.797524935809506,1.8985886377692809,0,21.894632091379645,2.829221383762164
774,516500,180500,Outer,Ealing,0.0,0.0,0.0,0.0,0.0,1328.787932,0.0,0.69392,12773.371784329009,2.660911266,1.64741439053651,422.7288914,0.0,0.0,4207.262540286543,0.0,25.854790989051335,4.684688965386477,2.310897140707452,0,30.705255007819858,-4.850464018768523
775,518500,180500,Outer,Ealing,0.0,0.593549146367157,0.0,0.0,0.0,298.748847,0.0,0.284560011859528,7128.513123833409,0.576296173,2.25059751267798,240.1294197,0.0,0.0,3785.91758377891,0.0,17.084770604482593,3.215225757918567,1.5165206748286952,0,17.882655503708733,-0.7978848992261405
776,544500,180500,Outer,Newham,0.0,0.0,1130.82692400288,0.0,0.0,102.4466096,0.0,0.06722,1300.5239907376358,0.0,0.0,0.0,0.0,471.92304615954833,98.76005472080502,0.0,16.799466978073898,1.7532061288447836,1.6576575551886044,0,10.554943110338945,6.244523867734953
777,544500,180500,Outer,Greenwich,0.0,0.0,672.868992229281,0.0,0.0,0.0,0.0,0.0,1196.7160671161278,0.0,0.0,0.0,0.0,89.00959879025521,26.175968154027466,0.0,5.500199420137893,0.1242409218854068,0.1026322420542252,0,4.389076009302018,1.1111234108358747
778,546500,180500,Outer,Greenwich,0.0,1.14742554135927,1469.84232214184,0.0,0.0,0.0,0.0,0.2331,6399.247342240075,0.429022103,0.82371389654905,0.0,0.0,0.0,3146.006255156736,0.0,19.16912292813248,2.377354732915993,1.1042958344532567,0,18.00917885043911,1.1599440776933712
779,548500,180500,Outer,Bexley,0.0,3.44227737050774,1469.84217515821,0.0,0.0,0.0,0.0,0.01295,4529.575939590063,0.0,0.353020121712436,0.0,0.0,0.0,2566.8931260601025,0.0,18.938588057107484,1.3350710786630196,0.5615300931130806,0,14.855271357896838,4.083316699210647
780,550500,180500,Outer,Havering,0.0,0.0066700979546078,0.0,0.0,0.0,0.0,0.0,0.0,23.1068530395379,1.610507423,0.0,0.0,0.0,97.09858744977367,0.0,0.0,1.7574718614345808,0.0829943971918126,0.0720026410127349,0,0.8501346428246546,0.9073372186099262
781,550500,180500,Outer,Bexley,0.0,0.140685622458436,1156.47313912791,0.0,0.0,309.4285802,0.0,0.0386,1711.6622179797769,2692.396338195,0.0,0.0,0.0,390.8007948366981,80.19775943894138,0.0,27.8314419066048,15.410155056010275,3.049057137221252,1,13.759041184251936,14.072400722352866
782,552500,180500,Outer,Havering,0.0,9.2837171687276,483.561548432637,0.0,0.0,0.0,0.0,0.0,525.0786468655672,0.0,0.0,0.0,0.0,0.0,73.80200704397964,0.0,2.7785871396612807,0.1307605752532857,0.0942049666521364,0,3.1747889297129586,-0.3962017900516779
783,504500,179500,Non GLA,Non GLA,0.0,6.46731010747113,0.0,0.0,0.0,0.0,0.0,0.0127,1191.9514743639963,0.067435661,1.29440767138566,79.33540377,0.0,0.0,15385.1863027307,0.0,31.90642148615574,7.0862267996879975,2.094552821374912,1,34.702543628023705,-2.796122141867965
784,504500,179500,Outer,Hillingdon,0.0,0.0,0.0,0.0,0.0,0.0,0.0,0.0,0.0073934418659256,2.53e-07,0.0,0.0,0.0,0.0,0.0,0.0,0.0030900376036695,0.0091905058515389,0.0015845121581225,0,1.145023885366074,-1.1419338477624044
785,506500,179500,Outer,Hillingdon,0.0,0.625877027120745,0.0,0.0,0.0,266.1592157,0.0,0.2363,7935.180680956782,0.84353138,8.35492821570841,47.71084411,0.0,0.0385,2456.8622613886487,0.0,15.35423493535169,3.2547862912479357,2.083441911488236,0,13.214515890502671,2.139719044849018
786,554500,179500,Non GLA,Non GLA,0.0,7.69865004925061,0.0,0.0,0.0,0.0,0.0,0.02637,1367.608302058172,1.306978497,0.111344293412006,104.3929695,0.0,0.0,317.96045949084805,0.0,3.2005662387410987,0.2884311688965423,0.1653192893133184,0,3.1510670772768865,0.04949916146421218
787,554500,179500,Outer,Havering,0.0,0.0060513075333489,0.0,0.0,0.0,0.0,0.0,0.0,13.994265440921527,0.036642289,8.71166503528253e-05,1.728841747,0.0,0.0,0.6775599507576858,0.0,0.0438174135894375,0.0117003378996178,0.0036774632496687,0,-0.20124516126053926,0.24506257484997676
788,556500,179500,Non GLA,Non GLA,0.0,6.36300995892667,0.0,0.0,0.0,0.0,0.0,0.07933,4901.84475526935,0.901967129,2.94184049044436,0.0,0.0,0.0,7427.589985085659,0.0,18.93926676128996,3.634511773053671,1.0012379919444363,0,19.73923591648547,-0.7999691551955088
789,508500,178500,Outer,Hillingdon,0.0,5.31989352327116,0.0,0.0,0.0,0.0,0.0,0.17176,6664.948377529681,0.602572336,4.11857702168614,0.0,0.0,0.0,11837.35947761608,0.0,37.68783596093694,6.445222461333762,2.4930208862017795,1,31.574185674430204,6.113650286506733
790,510500,178500,Outer,Hillingdon,0.0,0.42776332427582,0.0,0.0,0.0,31.3735893,0.0,0.0,4022.049814052412,0.677292217,0.465324373598522,0.0,0.0,0.0,4347.072429745344,0.0,14.60599973003748,2.578404936480487,1.1277155183704783,0,13.865791949224318,0.7402077808131615
791,510500,178500,Outer,Ealing,0.0,5.374295576676e-05,0.0,0.0,0.0,0.0,0.0,0.0,27.38756192199929,0.007589213,5.86362069682478e-05,0.0,0.0,0.09349,5.209964182217006,0.0,0.0450662596997808,0.0150431074238284,0.0058547030976143,0,1.0326031809755971,-0.9875369212758163
792,510500,178500,Outer,Hounslow,0.0,1.09758118917542,0.0,0.0,0.0,0.0,0.0,0.1319,1643.34221305008,1.084906475,1.19395714756826,0.0,0.0,0.21544,12995.787055815772,0.0,31.9830190583064,6.189626332962195,2.3455945627890737,1,29.393697182825235,2.589321875481165
793,512500,178500,Outer,Hounslow,0.0,0.176087301709907,0.0,0.0,0.0,16.50336752,0.0,0.38688,4875.18487651394,1.063636543,2.38372013101809,0.0,0.0,0.67339,1299.4996247840436,0.0,5.938477050516666,1.166984685411658,0.7960420854270147,0,8.578293014258014,-2.6398159637413476
794,512500,178500,Outer,Ealing,0.0,0.0915436608492636,0.0,0.0,0.0,127.6454513,0.0,0.0,5025.1905276877815,0.76690917,1.23924440319013,0.0,0.0,1.8352,890.0088915231444,0.0,5.889340198791656,1.1999982519749788,0.8424930369518977,0,7.824401319683432,-1.9350611208917758
795,514500,178500,Outer,Hounslow,0.0,7.09366335689436,0.0,0.0,0.0,0.0,0.0,0.00167,1540.172016720345,0.0,0.548105295276095,0.0,0.0,0.0,7087.120928226213,0.0,19.17931892898268,3.719890695066335,1.297582905471501,0,17.607808828993015,1.5715100999896663
796,514500,178500,Outer,Ealing,0.0,0.0092355776625294,0.0,0.0,0.0,0.0,0.0,0.0,253.772870412111,0.0,0.0007136864048135,0.0,0.0,0.0,28.59716859121909,0.0,0.4227006128694326,0.0370758656002264,0.020539798029222,0,1.1895339001679002,-0.7668332872984676
797,516500,178500,Outer,Ealing,0.0,0.307611989499934,0.0,0.0,0.0,13.06516596,0.0,0.0,1677.9345811792896,0.748989756,0.158636069652097,0.0,0.0,0.0,352.5838709451115,0.0,2.292113697078696,0.6517940818238821,0.4980133007548352,0,3.2191759898361543,-0.9270622927574581
798,516500,178500,Outer,Hounslow,0.0,1.83902497837317,0.0,0.0,0.0,0.0,0.0,0.17239,3262.2347972363527,1.8313355,0.948387875125137,11.36272433,0.0,2.08646,9077.718637966927,0.0,24.599222541863945,7.196640361923432,3.917279648041538,0,23.055839971176503,1.5433825706874416
799,518500,178500,Outer,Hounslow,0.0,2.44365562364746,0.0,0.0,0.0,877.9771816,0.0,0.711477581384182,7127.615315796447,58.30585766,2.65820878073795,28.589306966,0.0,0.0,11863.35749885863,0.0,41.10663685180177,25.67909055526689,4.9164982163090505,1,37.23435166478032,3.872285187021447
800,518500,178500,Outer,Ealing,0.0,0.0127393198065457,0.0,0.0,0.0,0.0,0.0,0.0,212.123124706022,4.204080277,0.013838982504606,0.0,0.0,0.0,35.05034353826091,0.0,0.5104746941501231,0.0668196221067532,0.0477659787420723,0,1.0538071608050732,-0.54333246665495
801,544500,178500,Outer,Greenwich,0.0,0.0,0.0,0.0,0.0,205.6786117,0.0,0.47153,12242.711900078775,0.0,1.0590754430191,28.86995884,0.0,0.0,7374.226191012532,0.0,27.476190069573352,5.402966013309163,2.531361033328462,0,28.862789202253623,-1.3865991326802707
802,546500,178500,Outer,Greenwich,0.0,0.0,0.0,0.0,0.0,236.2668085,0.0,0.35311,8652.35109052171,0.0,0.588374966901688,25.39045669,0.0,0.0,3367.255877070465,0.0,13.863449250924395,3.236651147719765,2.062320133519912,0,17.08467413291216,-3.221224881987764
803,548500,178500,Outer,Bexley,0.0,0.208625675706915,0.0,0.0,0.0,102.4466096,0.0,0.16663,4903.762854830211,3.324242255,4.11862644363202,0.0,0.0,0.0,1482.792146441834,0.0,8.126999161699953,1.8521068247587391,1.2496588274233853,0,7.3188878936635176,0.8081112680364351
804,550500,178500,Outer,Bexley,0.0,1.35606763852489,0.0,0.0,0.0,436.6071347,0.0,0.23862,7947.275228846933,8.635853812,1.41210059069213,28.69395483,0.0,0.00255725743275,4312.548248718124,0.0,19.28671699043617,4.012237670016101,1.7159606392261495,0,18.77698327188268,0.5097337185534876
805,552500,178500,Outer,Bexley,0.0,0.0,0.0,0.0,0.0,0.0,0.0,0.0,136.61293883897417,2.630989676,0.0,0.0,0.0,47.77055396903338,0.0,0.0,0.9875102540318108,0.0519029664633412,0.042670428000436,0,0.4480575819469337,0.5394526720848771
806,552500,178500,Outer,Havering,0.0,0.0,0.0,0.0,0.0,0.0,0.0,0.01917,77.61702229454657,3.384592367,0.0,0.0,0.0,413.6361312080232,33.03966965520594,0.0,7.933404353735373,0.3523911370553519,0.3192784627437003,0,4.101541501317891,3.8318628524174816
807,503500,177500,Non GLA,Non GLA,0.0,5.42419441824556,0.0,0.0,0.0,0.0,0.0,0.02554,3596.640434661178,323699.85846534005,1.76510060856218,0.0,0.0,0.0,131.63606737259138,0.0,384.9540861502562,0.7841068261370278,0.6308718240134713,1,349.21772648816676,35.736359662089455
808,505500,177500,Outer,Hillingdon,0.0,4.38104513967263,0.0,0.0,0.0,0.0,0.0,0.11673,3451.252021422333,3.730914477,4.23620795414525,0.0,0.0,0.0,2217.279689763363,0.0,12.640093393576946,1.742619052648226,0.9135260247632128,0,8.498778540925972,4.141314852650973
809,554500,177500,Non GLA,Non GLA,0.0,7.3615182484359,0.0,0.0,0.0,0.0,0.0,0.0,891.7811362304819,0.0,0.0,0.0,0.0,112.66503471706952,7.743659604228403,0.0,3.965749714300156,0.2135364854593404,0.1906737323487068,0,2.6345305461075856,1.3312191681925705
810,554500,177500,Outer,Bexley,0.0,0.0007456835112637,0.0,0.0,0.0,0.0,0.0,0.0,1.62324752613504,0.0,0.0,0.0,0.0,0.0,0.0,0.0,0.0044199305161678,0.0092964682525475,0.0016861866570167,0,-0.1954481431286581,0.1998680736448259
811,507500,176500,Outer,Hillingdon,0.0,1.77331898993872,46028.1969365156,0.0,0.0,4.631823286,0.0,0.07788,2755.5038393170303,0.008992797,0.117675328444377,0.157278364,0.0,0.0,4890.83561713549,0.0,244.42581822869124,6.884677721196078,3.448953778767766,1,169.49080832491632,74.93500990377493
812,509500,176500,Outer,Hillingdon,0.0,2.29488392563595,6066.75821695853,0.0,0.0,88.6935031,0.0,0.0608,3146.395543765363,0.401784192,0.117675328444377,0.0,0.0,0.0,3919.2639793509065,0.0,40.38105518984,3.2047650711488083,1.6089728223730984,1,33.38022471333859,7.000830476501406
813,511500,176500,Outer,Hounslow,0.0,2.71213527704978,4534.52314118539,0.0,0.0,19.68370397,0.0,0.2873,8561.843618074032,3.925365903,7.29585277268931,0.0,0.0,0.0,7011.467582016594,0.0,39.54955210876166,4.1642438516696005,2.147299970483104,1,37.78423371590599,1.7653183928556686
814,513500,176500,Outer,Hounslow,0.0,2.71213527704978,4532.98419144703,0.0,0.0,435.8426124,0.0,0.31146,7863.756134839304,0.625428851,4.7070014105337,0.0,0.0,0.0,5898.496310763511,0.0,38.743778383606205,4.42809510292683,2.1091170681595983,1,37.448012748639606,1.2957656349665996
815,515500,176500,Outer,Hounslow,0.0,0.625877027120745,4532.76902959696,0.0,0.0,307.3398288,0.0,0.4153,10624.947890410933,11.01585411,6.00142667278146,28.131578758,0.0,0.0,3188.626895814871,0.0,34.00923658513801,3.1847697566410624,2.007679692185326,1,33.65570807625125,0.353528508886761
816,517500,176500,Outer,Hounslow,0.0,1.21315690841172,3740.35107379615,0.0,0.0,0.0,0.0,0.00939,1515.652577586525,0.0,0.102641842637818,0.0,0.0,4.80142,35.49727978691386,0.0,17.454421348597403,0.2721893694730941,0.2491440113591184,0,15.162236272883785,2.2921850757136184
817,517500,176500,Outer,Richmond,0.0,0.885924261477273,785.144403504964,0.0,0.0,0.0,0.0,0.0,859.0340647382725,0.0,0.0749555010276107,0.0,0.0,5.40976,0.0,0.0,4.317342545957323,0.0941451498332816,0.0844426978416486,0,4.440265355184819,-0.12292280922749566
818,519500,176500,Outer,Richmond,0.0,0.41886811866648,2010.59158952842,0.0,0.0,34.98370095,0.0,0.221669645975453,6405.7241148137,1.080292975,1.59524156889636,1.085477843,0.0,0.665275256128616,1529.0111863518534,0.0,15.239410419042455,1.9446073847891692,1.3722553180032429,0,17.121807053585666,-1.8823966345432108
819,543500,176500,Outer,Greenwich,0.0,1.14744196281797,44.6662339165507,0.0,0.0,0.0,0.0,0.21644,4900.37207677056,2.547704175,5.06002655820674,0.0,0.0,0.0,2460.609416090449,0.0,10.196118774226647,1.9135787857363284,1.093651254576916,0,9.123533105703522,1.072585668523125
820,545500,176500,Outer,Greenwich,0.0,0.0255980684036843,0.0,0.0,0.0,0.0,0.0,0.0,323.47449283568096,0.172549054,0.1353625214463,0.0,0.0,0.0,9.344647838786312,0.0,0.4039643940158321,0.0979249642323642,0.0854152599523513,0,0.3556953565464589,0.04826903746937322
821,545500,176500,Outer,Bexley,0.0,1.28119250469267,44.6662339165507,0.0,0.0,0.0,0.0,0.25643,6071.49040974518,1.220714594,6.77488850229862,1.901513872,0.0,0.0,2747.502606624862,0.0,10.527231981469386,2.825569672938408,2.018438106743034,0,10.370574525719181,0.15665745575020473
822,547500,176500,Outer,Bexley,0.0,0.0,44.6662339165507,0.0,0.0,6.962358174,0.0,0.35638,9331.756294597595,1.360599203,8.11957755881966,15.06176842,0.0,0.0,1278.0486704471596,0.0,8.45466317208224,2.3190982368147357,1.928369764444692,0,10.19579529658161,-1.7411321244993694
823,549500,176500,Outer,Bexley,0.0,0.834492999238425,45.0672249692884,0.0,0.0,55.78482043,0.0,0.33018,7172.229113906975,58.19667154,7.53111212462722,15.18533118,0.0,0.0,2798.813888905086,0.0,13.770178849320512,2.920751596025676,2.0306505661275813,0,11.682453186837005,2.087725662483507
824,551500,176500,Outer,Bexley,0.0,0.0,0.0,0.0,0.0,34.89774591,0.0,0.28394,6910.57900881119,10.01276795,7.64887792036234,17.62859834,0.0,0.0,5486.065393435291,0.0,17.9544454251097,4.54638975959248,2.232180434755193,0,16.381920126824788,1.572525298284912
825,503500,175500,Non GLA,Non GLA,0.0,2.69935863574617,10033.5148582535,0.0,0.0,0.0,0.0,0.06786,1866.104069114431,40.39693358,0.480811033518935,0.0,0.0,0.0,7023.112592681089,0.0,115.07192805288652,3.8545550836273184,1.630263493312028,1,51.69733191490342,63.3745961379831
826,503500,175500,Outer,Hillingdon,0.0,0.121086611492216,0.0,0.0,0.0,0.0,0.0,0.0,474.0118591506194,8.555912834,0.0215680722431206,0.0,0.0,0.0,12095.350625456227,0.0,25.28377791284507,5.113908686521494,1.352776602080512,0,26.596975634369663,-1.3131977215245918
827,505500,175500,Outer,Hillingdon,0.0,1.35605121706618,154093.600155083,0.0,0.0,0.0,0.0,0.00735,2540.2514012072825,1.512379183,0.0,0.081242057,0.0,0.0,1.7626027844359924,0.0,439.1008873427056,9.083619549106396,8.390021090996317,1,523.6862680959617,-84.58538075325612
828,553500,175500,Non GLA,Non GLA,0.0,2.05298314958006,44.6662339165507,0.0,0.0,0.0,0.0,0.05443,2166.7511221581462,5.560611381,0.561445870021471,3.687950686,0.0,0.00309,2873.4346011920143,0.0,8.536450138809464,1.939787188079716,0.6750590251878159,0,8.225298248221787,0.3111518905876771
829,553500,175500,Outer,Bexley,0.0,0.178519916888294,0.0,0.0,0.0,0.0,0.0,0.0,301.7798562412583,1.639734301,0.0488213435818627,11.8042447,0.0,0.02762974586229,417.79496808391207,0.0,1.5312014704629306,0.3370865053396547,0.1349613625468755,0,1.0717092420243723,0.4594922284385583
830,507500,174500,Non GLA,Non GLA,0.0,0.000480700882136,0.0,0.0,0.0,0.0,0.0,0.0,67.32577563101883,0.0,0.0,0.0,0.0,0.0,147.99086098368042,0.0,0.498961322973464,0.1137901127367521,0.0496655740247689,0,1.502004740702759,-1.003043417729295
831,507500,174500,Outer,Hillingdon,0.0,0.270287506719919,41748.3552177629,0.0,0.0,103.1428601,0.0,0.00839,2345.9831900033787,0.0,0.0,0.109711182,0.0,0.0,2044.2624557794177,0.0,88.84083268317633,26.21872980178791,11.610106103016957,1,148.95915231643662,-60.118319633260285
832,507500,174500,Outer,Hounslow,0.0,0.0003097684256,0.0073279360549149,0.0,0.0,0.0,0.0,0.0,50.319557782551726,0.0,0.0,0.0,0.0,0.0,448.56339990635047,0.0,1.255839824373865,0.2710774470524074,0.0905100537625901,0,2.1042501834813088,-0.8484103591074437
833,509500,174500,Outer,Hillingdon,0.0,0.0011390520902788,0.0,0.0,0.0,0.0,0.0,0.0,33.77554064377778,0.001789105,0.0007371408876008,0.0,0.0,0.0,720.8006741155712,0.0,1.8505103052217344,0.3732865004833917,0.1353564869032854,0,2.5936608214089176,-0.7431505161871832
834,509500,174500,Outer,Hounslow,0.0,6.19386072352027,0.0,0.0,0.0,8.165728723,0.0,0.13532,4770.015765135876,0.131922116,4.00909149603503,0.0,0.0,0.0,917.8855947265092,0.0,6.379273202332419,1.2149667743190906,0.8498505787985956,0,7.384007231761045,-1.0047340294286258
835,511500,174500,Outer,Hounslow,0.0,5.2155717282584,0.0,0.0,0.0,134.5164494,0.0,0.13176,3787.311926854152,4.962666715,1.6474277930981,0.0,0.0,0.0,2032.4190839262728,0.0,9.39115832295952,7.441519685477998,2.190450401520829,0,9.8507146477545,-0.4595563247949812
836,513500,174500,Outer,Richmond,0.0,0.0,0.0,0.0,0.0,53.26628943,0.0,0.0,4090.260468971059,0.561072715,1.34792242450528,10.265276085,0.0,0.0,1115.3948972500816,0.0,4.834360562894428,1.103537961344113,0.7370825509467911,0,7.072875879552585,-2.238515316658157
837,513500,174500,Outer,Hounslow,0.0,0.0,0.0,0.0,0.0,31.3735893,0.0,0.42259,9421.28871485855,0.785709773,2.6433344503503,20.691668696,0.0,0.0,1813.7370155041697,0.0,11.533697254612749,1.9355767218855189,1.367960396508244,0,14.189020705491782,-2.655323450879033
838,515500,174500,Outer,Richmond,0.0,0.0952034068509917,0.0,0.0,0.0,49.51010257,0.0,0.0,2245.875140521766,2.22946347,0.411694023385163,0.0,0.0,0.0,3515.150736366462,0.0,10.110955421614207,1.8407034176994903,0.8911089254678684,0,10.417872717226462,-0.306917295612255
839,515500,174500,Outer,Hounslow,0.0,0.232872705917018,0.0,0.0,0.0,0.0,0.0,0.25223,3272.747260718148,3.48685345,1.00702827039388,0.0,0.0,0.0,1062.932598734158,0.0,44.50973177321572,0.8212335148538455,0.4860871116421645,1,6.563865769386737,37.94586600382898
840,517500,174500,Outer,Richmond,0.0,0.417245379974301,0.0,0.0,0.0,325.536459,0.0,0.56796,10822.249231794878,9.498745433,3.2948547485361,11.147452516,0.0,10.87098,4810.926590298538,0.0,20.74540758689117,5.191831623970965,3.2470808386890107,0,23.147727198896675,-2.402319612005506
841,519500,174500,Outer,Richmond,0.0,5.42415112530897,0.0,0.0,0.0,105.6634687,0.0,0.0627,3193.1232812092203,0.222503389,2.11810397707262,0.0,0.0,0.0,94.50972493371488,0.0,3.450927145596119,0.595176447808202,0.373417551806151,0,4.653792155190146,-1.2028650095940274
842,521500,174500,Outer,Richmond,0.0,0.140138489311533,0.0,0.0,0.0,0.0,0.0,0.0,295.71140323120005,0.067377125,0.127816879269586,0.0,0.0,0.0,259.6308549367212,0.0,0.865015532111265,0.1593057862999676,0.0982257224608348,0,1.5448764716667576,-0.6798609395554925
843,521500,174500,Outer,Wandsworth,0.0,3.38500827969873,0.0,0.0,0.0,166.8483602,0.0,0.1394,6885.5154702519685,0.331141054,3.08739314700164,0.0,0.0,0.0,1144.930153019868,0.0,10.09170914139562,1.321127896743192,0.5636302333437299,0,10.234829811728535,-0.1431206703329142
844,523500,174500,Outer,Wandsworth,0.0,0.0,0.0,0.0,0.0,111.1398657,0.0,0.46997,12169.225562298498,0.529875367,3.76551836760913,0.0,0.0,0.0,4058.5415928313714,0.0,16.15736131735178,3.4737986288569926,2.1408633838230444,0,21.201096017916306,-5.043734700564528
845,525500,174500,Outer,Wandsworth,0.0,0.174692970579736,0.0,0.0,0.0,854.3093496,0.0,0.444812088940041,11077.18544644158,4.085222963,0.0761416277285684,0.0,0.0,0.0,4297.728645933744,0.0,22.598620107769623,6.363137214554433,2.8503493885881253,0,24.96488796078404,-2.366267853014417
846,527500,174500,Outer,Wandsworth,0.0,2.28019791654274,0.0,0.0,0.0,456.5072131,0.0,0.603376881553953,14625.77130635002,0.960007021,0.703779398816195,116.86708259,0.0,0.0,2220.519763896359,0.0,13.526026141960696,2.885517784644372,2.236383588627166,0,23.270624941659108,-9.744598799698412
847,529500,174500,Outer,Wandsworth,0.0,6.4939404884835e-05,0.0,0.0,0.0,51.57302351,0.0,0.0,385.6838581309028,0.005295386,0.0001834475618006,0.0,0.0,0.0,27.98346760322413,0.0,0.3857123710423018,0.064619398749721,0.047123068657187,0,1.1858569865401325,-0.8001446154978307
848,529500,174500,Outer,Lambeth,0.0,0.0004127757574863,0.0,0.0,0.0,82.6887477,0.0,0.0321556099775151,873.8435942747154,0.294377218,0.025700249514183,0.0,0.0,0.0,224.8610366073869,0.0,1.2234418120210715,0.1832408755752721,0.0944250185792099,0,2.2662052247879707,-1.0427634127668992
849,541500,174500,Outer,Greenwich,0.0,0.910584067444863,0.0,0.0,0.0,0.0,0.0,0.116487322083923,2864.5701901070506,0.361134214,2.57277834016551,0.353180865,0.0,2.62850467998413e-05,1949.86085519488,0.0,6.980626175680453,1.644275681717353,0.9172577921587586,0,6.554446616688472,0.426179558991981
850,543500,174500,Outer,Greenwich,0.0,3.44227737050774,0.0,0.0,0.0,0.0,0.0,0.23642,6031.700244779315,0.156209474,6.0013429067715,0.0,0.0,0.0,3853.690030589227,0.0,14.205150662684373,2.647784707655912,1.3326338952877637,0,12.9743163479105,1.2308343147738725
851,545500,174500,Outer,Bexley,0.0,0.0,0.0,0.0,0.0,109.4207649,0.0,0.34068,7312.047589475256,2.861729422,7.93227676056108,0.0,0.0,0.0,5855.08690420856,0.0,18.615989590084272,4.565338495650129,2.3679710847104403,0,18.00243784846873,0.6135517416155416
852,545500,174500,Outer,Greenwich,0.0,0.0,0.0,0.0,0.0,31.3735893,0.0,0.0,1193.3690861450746,0.370605285,0.133033826369561,0.0,0.0,0.0,157.15708298330094,0.0,1.160286288351499,0.170438511709597,0.1061564568715324,0,1.6629931410355496,-0.5027068526840506
853,547500,174500,Outer,Bexley,0.0,2.19053973772496,15.3699157010161,0.0,0.0,31.3735893,0.0,0.19777,5193.951278894261,0.997381264,4.47158876679758,0.0,0.0,0.0,11658.36325642565,0.0,31.21343403652184,7.090978343057482,3.0106159160439017,1,28.553689333937356,2.659744702584483
854,549500,174500,Outer,Bexley,0.0,1.04310598563634,0.0,0.0,0.0,93.4331276,0.0,0.18157,4901.84474066857,0.384155606,8.23707195268253,0.0,0.0,0.0,13029.006357301569,0.0,35.3734363670046,7.678074424149136,2.9885743763466808,1,29.91370641065204,5.459729956352561
855,551500,174500,Non GLA,Non GLA,0.0,6.120725517881e-05,0.0,0.0,0.0,0.0,0.0,0.0,82.73594488063476,0.118238459,0.0002755901727507,0.0,0.0,0.0,5.92065552228593,0.0,0.0539315093816861,0.0218387224379939,0.0124551545002987,0,0.01890454452425061,0.03502696485743549
856,551500,174500,Outer,Bexley,0.0,0.923710037960952,0.0,0.0,0.0,605.3545598,0.0,0.24274,5039.484378498624,14.53150611,4.16813550615561,125.3009168,0.0,0.0,4215.454652030699,0.0,17.766021590731143,5.544721752593325,2.009403062948762,0,16.09784963225078,1.668171958480361
857,503500,173500,Non GLA,Non GLA,0.0,7.40621521974519,0.0,0.0,0.0,0.0,0.0,0.0,944.3279619669736,0.0,0.0,0.0,0.0,0.0,0.0,0.0,2.0994214122881654,0.1577946868390266,0.1383009055167336,0,3.0197983506594177,-0.9203769383712523
858,505500,173500,Non GLA,Non GLA,0.0,0.312934781410667,0.0,0.0,0.0,0.0,0.0,0.12072,3347.813572234054,0.186689667,5.29531355292793,0.0,0.0,0.0,967.804335895078,0.0,5.1323230334544725,1.085614718017576,0.7055942485153531,0,5.089708690996163,0.042614342458309196
859,553500,173500,Non GLA,Non GLA,0.0,2.29485630772812,0.0,0.0,0.0,0.0,0.0,0.25459,6413.356323387424,1.173073718,4.11857702168614,0.0,0.0,0.0,2213.323587134192,0.0,9.631707310799488,1.966266398454084,1.2508953188842689,0,10.20493918575928,-0.5732318749597916
860,507500,172500,Non GLA,Non GLA,0.0,0.577740506642376,0.0,0.0,0.0,0.0,0.0,0.0,1197.4006856301444,0.216683389,0.651746466412672,15.384820415,0.0,0.0,402.458990644278,0.0,2.0626728976878206,0.420599500133144,0.2772660164936376,0,3.079320883697644,-1.0166479860098234
861,507500,172500,Outer,Hounslow,0.0,0.518335133341635,0.0,0.0,0.0,0.0,0.0,0.0292,776.3545216679865,0.205240966,0.584731983128761,25.310763503,0.0,0.0,1231.9437489628194,0.0,4.141383560721247,0.7875933807780637,0.3338052062178511,0,4.508784745735456,-0.3674011850142094
862,509500,172500,Outer,Hounslow,0.0,3.85952275048205,0.0,0.0,0.0,133.8201989,0.0,0.13902,5632.96126253312,0.856335672,5.41297631647081,31.437419623,0.0,0.0,2112.5913039932334,0.0,10.277703452629275,1.8194436550382205,1.1861729426561094,0,10.704954968866732,-0.4272515162374564
863,511500,172500,Outer,Hounslow,0.0,5.2155717282584,0.0,0.0,0.0,102.4466096,0.0,0.14028,4044.353614565186,58.58669223,3.41252840166028,0.0,0.0,0.0,2464.6609636613043,0.0,11.563840537918752,2.0474561169484558,1.121962148362251,0,10.401671493066079,1.1621690448526731
864,513500,172500,Outer,Hounslow,0.0,0.138632940120122,0.0,0.0,0.0,0.0,0.0,0.0,1168.6799542401995,0.118725572,0.242154132217271,0.0,0.0,0.0,3656.665539907207,0.0,9.125286710904271,1.61605026246673,0.6695809346630699,0,9.590453062286752,-0.4651663513824804
865,513500,172500,Outer,Richmond,0.0,2.03319753112853,0.0,0.0,0.0,45.89999093,0.0,0.16705,3826.579172194065,0.454674156,3.55144846554935,0.0,0.0,0.0,4239.590445795662,0.0,12.70296926289445,2.552086054686047,1.332639396966008,0,13.132534888435563,-0.42956562554111244
866,515500,172500,Outer,Richmond,0.0,2.08622839273139,0.0,0.0,0.0,108.5612145,0.0,0.3671,8579.994993434693,2.235049047,5.88366925364733,0.927396549,0.0,0.0,2060.956733802151,0.0,10.972207882193524,2.238940877749309,1.4472997685267144,0,13.207282559925433,-2.235074677731909
867,517500,172500,Outer,Richmond,0.0,1.98191704773781,0.0,0.0,0.0,200.2634442,0.0,0.23566,4551.011534261213,0.824197176,8.59015741188273,0.0,0.0,0.0,1670.464554393366,0.0,7.173835438673072,1.5901113185055304,0.8633775264720951,0,7.694853581601493,-0.5210181429284217
868,519500,172500,Outer,Richmond,0.0,3.65087094972719,0.0,0.0,0.0,0.0,0.0,0.00012,620.437546848377,0.0,0.0,0.0,0.0,0.0,148.67710523140286,0.0,1.3894673765725214,0.1874268089254607,0.1410485357594053,0,2.156737580489118,-0.7672702039165964
869,521500,172500,Outer,Richmond,0.0,2.40437101584184,0.0,0.0,0.0,0.0,0.0,0.10456,337.1043989515884,0.0,0.301373350614803,0.0,0.0,0.0,92.99129003299709,0.0,0.8247688401711586,0.1099689388182815,0.0778471432550007,0,1.7199850500801084,-0.8952162099089498
870,521500,172500,Outer,Wandsworth,0.0,0.481938462978538,0.0,0.0,0.0,0.0,0.0,0.0,951.9826042687046,0.0,0.0604078580787885,0.0,0.0,0.0,2771.132003783968,0.0,7.536894393177096,1.6014087759136384,0.5895138551567243,0,7.435593753917491,0.10130063925960542
871,521500,172500,Outer,Kingston,0.0,0.101567468529706,0.0,0.0,0.0,19.59774893,0.0,0.0,989.1771226356628,0.0,0.0127307581929061,0.0,0.0,0.0,2339.440077756124,0.0,6.291648109145799,1.3157938662446105,0.5078827946917818,0,6.640116685916424,-0.3484685767706246
872,523500,172500,Outer,Wandsworth,0.0,0.309646757519659,0.0,0.0,0.0,0.0,0.0,0.0,2903.136560485449,0.112978174,1.04793540135523,0.0,0.0,0.0,697.2066808294904,0.0,3.416373662240675,0.5625860253861091,0.3040741181527951,0,4.667270967551705,-1.25089730531103
873,523500,172500,Outer,Merton,0.0,0.482196727738195,0.0,0.0,0.0,329.3797102,0.0,0.19397,2511.719378122763,0.140985204,1.63189422421211,0.0,0.0,0.0,930.9832867761507,0.0,5.419961327586228,0.8341467222861435,0.3835571074119554,0,6.50751298471688,-1.0875516571306516
874,525500,172500,Outer,Merton,0.0,0.221264973901339,0.0,0.0,0.0,208.7296347,0.0,0.52007,6896.918185111824,26.25444736,0.43681377445036,99.246825976,0.0,0.0,1926.8945376167155,0.0,9.964219088879206,3.334112992010496,2.650444764081902,0,13.798807896964398,-3.8345888080851918
875,525500,172500,Outer,Wandsworth,0.0,0.0308208387022957,0.0,0.0,0.0,62.74717861,0.0,0.0,4059.2680868283232,9.79868385,0.0608451166507517,22.433586748,0.0,0.0,705.3716419008364,0.0,4.18004426011751,0.8288258526705308,0.5978263591353729,0,6.411381856058003,-2.2313375959404924
876,527500,172500,Outer,Wandsworth,0.0,0.417242394254536,0.0,0.0,0.0,439.2166297,0.0,0.55715,13278.59826120782,0.386212366,2.70646637907282,0.0,0.0,0.0,3608.2053055593897,0.0,18.332951899621907,5.75153997522956,2.246817503537351,0,23.28548209507789,-4.9525301954559815
877,529500,172500,Outer,Lambeth,0.0,0.620185498819057,0.0,0.0,0.0,73.06178331,0.0,0.26817,6778.803876226979,1.128176326,0.58768808562006,1.249042899,0.0,0.0,1107.9622623000907,0.0,6.578577221074794,1.0018034402916007,0.6382611200257231,0,10.22095302785982,-3.6423758067850267
878,529500,172500,Outer,Wandsworth,0.0,0.684500888273045,0.0,0.0,0.0,80.96964691,0.0,0.0,1559.6207090458242,1.185233882,0.648633721482757,123.7000299,0.0,0.0,430.7899058463018,0.0,2.9278609160064857,0.4202765512859508,0.2507921880559564,0,3.759970091216166,-0.8321091752096805
879,531500,172500,Outer,Lambeth,0.0,0.0,0.0,0.0,0.0,828.4909356,0.0,0.489128750958731,12879.751788665708,0.465309958,2.43774334381813,27.80480344,0.0,0.0,4354.9017385909865,0.0,18.90504203699419,4.009479832257622,2.426056981548131,0,26.044621086455457,-7.139579049461268
880,533500,172500,Outer,Southwark,0.0,4.38108022187986,0.0,0.0,0.0,0.0,0.0,0.17725,3509.3283777543875,0.0,4.00089499196097,7.88076546,0.0,0.0,790.8302685937832,0.0,5.195535730177432,0.6744952495041956,0.469506694594317,0,5.168617658731621,0.026918071445811265
881,535500,172500,Outer,Lewisham,0.0,0.0,0.0,0.0,0.0,548.0880964,0.0,0.457461607729875,10728.074532991295,5.211711462,3.39296066173487,183.289271539,0.0,0.0,3041.647804742801,0.0,15.01680157911248,3.360471907384152,2.238413416936774,0,20.28316802301973,-5.26636644390725
882,537500,172500,Outer,Lewisham,0.0,1.04311419636569,0.0,0.0,0.0,125.948858,0.0,0.29193,8345.280182436376,2.722170847,1.88277426168636,58.1727864,0.0,0.0,2520.4784040054687,0.0,11.320807629268485,2.7127723529731025,1.5744013641089154,0,14.620563589318882,-3.2997559600503976
883,539500,172500,Outer,Lewisham,0.0,0.834491506378542,0.0,0.0,0.0,133.8201989,0.0,0.29708,7235.95852705558,0.0,6.5897103347323,2.197890746,0.0,0.0,1806.3697283978668,0.0,8.453734420881613,2.881894725028939,1.890689949687924,0,10.315539152698936,-1.8618047318173225
884,541500,172500,Outer,Lewisham,0.0,0.591616639249377,0.0,0.0,0.0,190.8449125,0.0,0.0,2631.1519694810167,0.121054338,0.339997020144788,0.0,0.0,0.0,807.5398061471423,0.0,3.829511488567559,0.8684167938240396,0.401188700804086,0,5.230221557528688,-1.4007100689611294
885,541500,172500,Outer,Bromley,0.0,2.50304233619967,0.0,0.0,0.0,31.66307826,0.0,0.16636,1658.4134013105393,0.248996768,1.43847515658645,0.0,0.0,0.0,788.1922119242528,0.0,3.579603706685142,1.191169327814684,0.4140550692442921,0,3.818100310052351,-0.23849660336720913
886,543500,172500,Outer,Greenwich,0.0,1.56467166776351,0.0,0.0,0.0,53.36323587,0.0,0.25856,7067.841659758085,0.337809694,8.47248459641865,0.0,0.0,0.0,5778.563001651925,0.0,18.601490894636434,3.888461379223184,2.100284279427278,0,17.2630882376628,1.338402656973635
887,545500,172500,Outer,Bromley,0.0,0.0,0.0,0.0,0.0,0.0,0.0,0.0,0.97673679782099,0.000123583,1.67532019909279e-06,0.0,0.0,0.0,0.0,0.0,0.004449664072223,0.0092615351739601,0.0016529307028206,0,0.11998881440448272,-0.11553915033225973
888,545500,172500,Outer,Bexley,0.0,0.625344076142725,0.0,0.0,0.0,132.6286255,0.0,0.27929,8034.782535648775,0.29768776,10.1114335939891,117.6720327,0.0,0.0,1348.2351926349995,0.0,10.127811012100327,2.0598122484846737,1.5821899951455964,0,9.349089623971423,0.7787213881289041
889,547500,172500,Outer,Bexley,0.0,0.104311344993575,7.54047871681243,0.0,0.0,106.894582,0.0,0.27149,6732.320980900791,0.242807351,10.355258858105,117.7489066,0.0,0.0,1875.122595122364,0.0,9.963416873748177,9.841202976781751,2.092668317420046,0,8.880349184113143,1.0830676896350333
890,549500,172500,Non GLA,Non GLA,0.0,0.006044589663878,0.0,0.0,0.0,0.0,0.0,0.0,56.384089043705416,0.00192432,0.0037502042656692,0.0,0.0,0.0,0.0,0.0,0.0696214494613991,0.0179326583290888,0.0098813083955521,0,0.06339065963359225,0.006230789827806851
891,549500,172500,Outer,Bexley,0.0,3.8608424386181,0.0,0.0,0.0,0.0,0.0,0.00837,1300.6083099667887,0.048632537,2.39547166455462,0.0,0.0,0.0,1309.0882595204496,0.0,5.826704397222181,0.9618475828316452,0.4804092030804711,0,3.675779941882812,2.1509244553393687
892,551500,172500,Non GLA,Non GLA,0.0,2.6077858641292,0.0,0.0,0.0,0.0,0.0,0.14096,3027.16099322223,1.650792827,5.53064913193489,0.0,0.0,0.0,7262.978540741955,0.0,19.545057377099617,3.217482459710697,1.2507398059055066,0,16.730389581409632,2.814667795689985
893,553500,171500,Non GLA,Non GLA,0.0,8.13630804882704,0.0,0.0,0.0,0.0,0.0,0.03543,1462.2617008857617,0.164380911,2.47114587794765,0.0,0.0,0.0,401.3050278909652,0.0,3.109706367676452,0.4423324751205938,0.29314471497818,0,2.3994907535746712,0.7102156141017808
894,507500,170500,Non GLA,Non GLA,0.0,1.87763182779218,0.0,0.0,0.0,0.0,0.0,0.09148,2772.9870008153325,0.0,3.41257614828595,0.0,0.0,0.0,2487.6431238164264,0.0,7.880648957850917,1.62374768033406,0.8452981480586536,0,8.34916661063643,-0.46851765278551394
895,509500,170500,Non GLA,Non GLA,0.0,0.41725135141383,0.0,0.0,0.0,0.0,0.0,0.30903,7012.339596111431,4.702414549,7.29585277268931,0.0,0.0,0.0,4483.730394263889,0.0,15.520299488579312,3.098033449939611,1.7892627241081551,0,15.626750961478693,-0.10645147289938173
896,511500,170500,Non GLA,Non GLA,0.0,1.83764930799153,0.0,0.0,0.0,0.0,0.0,9e-05,906.460133772239,0.0,0.0,0.4320429,0.0,0.0,100.12643439769931,0.0,1.48183468979266,0.1774170083272455,0.1348099713573476,0,2.3730391797330608,-0.8912044899404008
897,511500,170500,Outer,Hounslow,0.0,1.03013527254802,0.0,0.0,0.0,0.0,0.0,0.0,1157.6979592382431,0.0,0.0,0.011344273,0.0,0.0,25.850617803629014,0.0,1.5006489538491288,0.1106338412404507,0.0914448063346922,0,2.3674705970375225,-0.8668216431883937
898,511500,170500,Outer,Richmond,0.0,0.0006098332619644,0.0,0.0,0.0,0.0,0.0,0.0,40.63009013318736,0.0,0.0,0.0,0.0,0.0,0.0,0.0,0.0262492330903773,0.0182118615007262,0.0105496608875424,0,1.117707800353772,-1.0914585672633947
899,513500,170500,Outer,Richmond,0.0,0.521564189267288,0.0,0.0,0.0,159.3606427,0.0,0.32063,7450.027957051983,1.763104568,10.7084289209753,0.29118043,0.0,0.0,1554.940135549232,0.0,8.045104674315786,1.765985068916233,1.2004695950020634,0,9.584070210090966,-1.53896553577518
900,515500,170500,Outer,Richmond,0.0,4.27682859128158,0.0,0.0,0.0,168.4106473,0.0,0.22823,3535.1043275678085,7.360588878,1.64745040992079,0.134532949,0.0,0.0,2310.518654132233,0.0,9.350009878493305,3.7403174383946105,1.098558637761279,0,10.394745486782355,-1.0447356082890504
901,517500,170500,Outer,Richmond,0.0,0.548422977841667,0.0,0.0,0.0,101.6017195,0.0,0.26595,5735.352214627627,0.49508912,4.33071863019677,0.086134536,0.0,12.99161,1103.4441969087438,0.0,6.197276501842544,1.0438334765570465,0.604806741898873,0,8.627258313505713,-2.4299818116631693
902,517500,170500,Outer,Kingston,0.0,0.0299131798937904,0.0,0.0,0.0,0.0,0.0,0.0,1189.8996366464717,0.115626104,0.236213446791288,0.0,0.0,12.43859,285.6613026887775,0.0,1.7697529023209353,1.57869223066537,0.3734579946005543,0,2.702429710754414,-0.9326768084334787
903,519500,170500,Outer,Kingston,0.0,1.1109333279637,0.0,0.0,0.0,135.6821074,0.0,0.26852,11510.436736496158,0.305346769,2.56096984574221,0.0,0.0,0.0,2731.178376872565,0.0,17.006691164602774,3.2774405492374967,1.2142492843085526,0,18.13990353164983,-1.1332123670470544
904,519500,170500,Outer,Richmond,0.0,0.244942478066303,0.0,0.0,0.0,0.0,0.0,0.0,183.4565941933279,0.143377459,0.564650757562335,0.0,0.0,0.0,553.7226502133133,0.0,1.538670888515396,0.232260803946869,0.1177247289468072,0,2.0281869834343826,-0.48951609491898673
905,521500,170500,Outer,Merton,0.0,0.300971002313033,0.0,0.0,0.0,0.0,0.0,0.0,903.8875114541632,0.0,0.256937157654066,0.0,0.0,0.0,19.494938920973308,0.0,0.9187086977887534,0.0923155580647183,0.0762622373838652,0,1.6713262696072348,-0.7526175718184814
906,521500,170500,Outer,Kingston,0.0,2.00496680432222,0.0,0.0,0.0,175.3482799,0.0,0.05926,2208.967703177341,0.0,1.71162941376773,0.0,0.0,0.0,5233.089002056323,0.0,15.450389471566826,2.855733019232226,1.0944232314676954,0,14.312337159557673,1.1380523120091528
907,523500,170500,Outer,Merton,0.0,1.14742778064909,0.0,0.0,0.0,370.7982419,0.0,0.4192,9333.61063745667,7.170177683,7.88413308399975,0.0,0.0,0.0,2612.1498951607123,0.0,13.982226421599709,2.170903717127004,1.3511454009476545,0,15.41974349496993,-1.4375170733702216
908,525500,170500,Outer,Merton,0.0,0.0,0.0,0.0,0.0,666.5994852,0.0,0.72708,16561.43131767126,5.102554238,0.47070047611741,24.25460949,0.0,0.0,4258.866712738708,0.0,23.368606725677523,5.403892480193395,3.3265330511244398,0,30.03792897564746,-6.669322249969937
909,527500,170500,Outer,Merton,0.0,0.164150394090156,0.0,0.0,0.0,436.8902342,0.0,0.48013,8648.82590148199,2.213681718,0.925886649531122,10.98346643,0.0,0.0,2549.008570473145,0.0,11.873660333735971,2.389299363459875,1.389348452346601,0,17.055104912146582,-5.181444578410611
910,527500,170500,Outer,Wandsworth,0.0,0.0237932008058506,0.0,0.0,0.0,263.6241052,0.0,0.0,4839.123987695933,14.042796293,0.134206550508926,3.068832782,0.0,0.0,1482.1574285357965,0.0,6.786690274830188,1.0305355721302971,0.6240560325568085,0,9.508469918150567,-2.721779643320379
911,529500,170500,Outer,Wandsworth,0.0,0.0,0.0,0.0,0.0,66.27133521,0.0,0.0,4862.588131539893,13.835994186,0.0443231088472985,9.227308273,0.0,0.0,1274.1966167399155,0.0,5.256197623901909,1.1616805354540445,0.6982713628071012,0,8.235326228995735,-2.979128605093826
912,529500,170500,Outer,Merton,0.0,0.0,0.0,0.0,0.0,0.0,0.0,0.0,409.5879702904497,0.152531409,0.0025498373430192,3.498203113,0.0,0.0,21.153363376171104,0.0,0.3007031858053051,0.0977365444702265,0.083522980356334,0,1.0397430632944324,-0.7390398774891274
913,529500,170500,Outer,Lambeth,0.0,0.0,0.0,0.0,0.0,123.0016611,0.0,0.55012,8488.646331350637,1.528668546,0.256067666470736,122.07964566,0.0,0.0,2303.838446001492,0.0,10.22983011127723,2.1610603439619944,1.393739739960291,0,15.833688063296343,-5.603857952019112
914,531500,170500,Outer,Lambeth,0.0,0.0059841288386404,0.0,0.0,0.0,0.0,0.0,0.0,265.7064126305129,0.024558147,0.0247520182814965,0.0,0.0,0.0,352.4930742045505,0.0,0.9701228530865392,0.2232384594484758,0.0949701850164644,0,1.5053727267572157,-0.5352498736706764
915,531500,170500,Outer,Croydon,0.0,1.67161119258007,0.0,0.0,0.0,184.8280598,0.0,0.264,6949.987020541348,0.410456423,6.91437817505539,0.0,0.0,0.0,2379.256690175864,0.0,9.525497345667407,2.767873108911012,1.4018961791299551,0,11.597875501118999,-2.0723781554515917
916,533500,170500,Outer,Croydon,0.0,0.114147798758775,0.0,0.0,0.0,244.0510818,0.0,0.49527,5083.108293504597,5.299617673,1.39071094005021,0.0,0.0,0.0,1196.6600362047095,0.0,6.539990082860613,1.9090124753674125,1.3383563866181851,0,9.65590476698049,-3.1159146841198764
917,533500,170500,Outer,Lambeth,0.0,0.0206708843617901,0.0,0.0,0.0,67.04493056,0.0,0.0,2932.023797349096,2.25522361,0.251841671268525,0.293514523,0.0,0.0,724.2897359592922,0.0,3.1747394627743595,0.7532877895852987,0.4819823535367367,0,5.017903026430144,-1.8431635636557844
918,533500,170500,Outer,Southwark,0.0,0.0002567718997745,0.0,0.0,0.0,0.0,0.0,0.0,130.84144221537022,0.2513488,0.0031286604718057,0.639427018,0.0,0.0,248.6829431395081,0.0,0.6567111005197005,0.1690091492943582,0.0539014306729668,0,1.1160746234742867,-0.45936352295458616
919,533500,170500,Outer,Bromley,0.0,0.0504176103786917,0.0,0.0,0.0,60.68425767,0.0,0.0,3536.2553591709184,3.522090921,0.614257826317572,1.476990987,0.0,0.0,979.1475691956108,0.0,4.382672003837539,0.8248055984458598,0.4397172387455044,0,5.994859804234071,-1.6121878003965326
920,535500,170500,Outer,Bromley,0.0,0.730189864974203,0.0,0.0,0.0,249.0364741,0.0,0.43142,10635.300099903605,4.31957424,2.1181508860382,90.21367281,0.0,0.0,4178.8581450291,0.0,17.1785830610344,4.566111321939317,3.0861062188419623,0,21.234198140819643,-4.055615079785245
921,537500,170500,Outer,Lewisham,0.0,0.0976084041215542,0.0,0.0,0.0,0.0,0.0,0.0,214.8268757337501,0.019500302,0.268097303160322,0.0,0.0,0.0,174.81870365925778,0.0,0.7160768050919066,0.1427769034141557,0.070988878872572,0,0.8608174993481743,-0.14474069425626768
922,537500,170500,Outer,Bromley,0.0,1.52895126292714,0.0,0.0,0.0,107.7016641,0.0,0.19206,5772.321729293144,0.077178433,4.19952514306591,0.0,0.0,0.0,1672.4085232364532,0.0,7.917536907894219,1.2071441943233885,0.5971724543971781,0,9.165715977191041,-1.2481790692968229
923,539500,170500,Outer,Bromley,0.0,0.771110647210943,0.0,0.0,0.0,19.85561405,0.0,0.32437,6230.769140467777,0.669715877,5.58177487845061,0.0,0.0,0.0,1824.9972825272496,0.0,7.408951923971457,1.524860231373313,0.9006073591098649,0,9.272365339267479,-1.863413415296022
924,539500,170500,Outer,Lewisham,0.0,0.0579304277369201,0.0,0.0,0.0,0.0,0.0,0.0,1502.9976339258774,0.183563502,0.419336834133424,0.0,0.0,0.0,906.448932251641,0.0,2.762410331368259,0.6647819755389042,0.3527914098913176,0,3.503418738461315,-0.741008407093056
925,541500,170500,Outer,Bromley,0.0,5.31989352327116,0.0,0.0,0.0,102.4466096,0.0,0.04964,2540.937923737414,0.0,2.82416683732018,4.398493042,0.0,0.0,393.543223996478,0.0,3.7346682789410126,0.7668482894727253,0.4060425530695826,0,3.836241182384299,-0.1015729034432864
926,543500,170500,Outer,Bromley,0.0,2.92076095275669,0.0,0.0,0.0,62.74717861,0.0,0.18787,4212.573330056383,0.342072431,6.35445182045449,0.0,0.0,0.0,1715.596858383777,0.0,6.996848344585077,1.332055490810069,0.7907862757708429,0,6.866136092517298,0.13071225206777903
927,545500,170500,Outer,Bromley,0.0,5.05893489795642,18.5197276048844,0.0,0.0,0.0,0.0,0.05664,1354.687121926882,0.0,2.32937525673982,0.0,0.0,0.0,2635.640632369045,0.0,7.827914028753729,1.6263637953510823,0.7137398489870125,0,6.929312156410179,0.8986018723435496
928,545500,170500,Outer,Bexley,0.0,0.0001343573894169,0.0,0.0,0.0,0.0,0.0,0.0,14.51733440195978,0.0,6.19868473664334e-05,0.0,0.0,0.0,460.9303089546728,0.0,1.1159464083909598,0.2254790736276153,0.081476529751416,0,1.1095821955753138,0.006364212815646031
929,547500,170500,Outer,Bexley,0.0,0.345249972855255,0.0,0.0,0.0,171.9420313,0.0,0.25864,2188.3485667690493,15.43764734,0.545264789878533,0.0,0.0,0.0,3563.401797180146,0.0,11.81754942532454,3.0803964345019783,1.515233793633077,0,10.782684394519208,1.0348650308053315
930,547500,170500,Outer,Bromley,0.0,0.18814363812025,0.0,0.0,0.0,103.1428601,0.0,0.0,669.1920462841238,11.39617671,0.297141491791894,0.0,0.0,0.0,4709.363520692351,0.0,13.03221718062919,7.423261318156689,1.2794306649663847,0,10.82496133112644,2.2072558495027508
931,549500,170500,Non GLA,Non GLA,0.0,0.508663640593442,0.0,0.0,0.0,0.0,0.0,0.0,247.0625727798663,0.0,0.110737827499934,0.0,0.0,0.0,59.20497891765771,0.0,0.6300878724326631,0.1029862137318471,0.0751042511678087,0,0.42156612416876804,0.20852174826389502
932,549500,170500,Outer,Bexley,0.0,2.73002570988058,0.0,0.0,0.0,0.0,0.0,0.00936,1016.6885832799,0.0,0.594334080849861,0.0,0.0,0.0,246.65708373691533,0.0,2.564255990809748,0.3237493853724006,0.2243221580843598,0,1.6767934781766858,0.8874625126330624
933,549500,170500,Outer,Bromley,0.0,0.0053153276113208,0.0,0.0,0.0,0.0,0.0,0.0,12.908189290291254,0.0,0.0011576462575731,0.0,0.0,0.0,437.3969397302781,0.0,1.1447488447995045,0.1996696802057291,0.1138716052173398,0,0.950251392946436,0.19449745185306844
934,551500,170500,Non GLA,Non GLA,0.0,4.58976710484196,0.0,0.0,0.0,0.0,0.0,0.13377,2567.850503176246,4.136362696,5.88375218199718,0.0,0.0,0.0,767.8051286987164,0.0,3.6104742387371087,0.7852065271893995,0.5487934445573599,0,3.0502227816625993,0.5602514570745094
935,553500,169500,Non GLA,Non GLA,0.0,7.61467369514528,0.0,0.0,0.0,0.0,0.0,0.0106,490.7182337964857,0.124959925,1.76508636834049,6.743200721,0.0,0.0,13566.804717881285,0.0,25.346694962075112,5.656230925125454,1.2224937012361408,0,28.72129338139746,-3.3745984193223464
936,511500,168500,Non GLA,Non GLA,0.0,2.92076095275669,0.0,0.0,0.0,0.0,0.0,0.0444,1453.8402879637429,0.458209335,2.00047555759382,0.0,0.0,21.3103,758.497726212198,0.0,3.186385978184159,0.6137918203293197,0.379570120874736,0,4.09616647326777,-0.909780495083611
937,513500,168500,Non GLA,Non GLA,0.0,0.0,0.0,0.0,0.0,0.0,0.0,0.27159,6749.948935273053,0.855875841,10.489844868639,0.0,0.0,1.05491,1793.7108028932053,0.0,7.203092758412993,1.992192325976469,1.450618270455736,0,8.629647926210327,-1.4265551677973338
938,513500,168500,Outer,Richmond,0.0,0.0,0.0,0.0,0.0,0.0,0.0,0.0,15.4125795720203,0.008869453,0.0011266528338899,0.0,0.0,1.51854,0.0,0.0,0.0348212959012027,0.0126220583046005,0.0049621617033071,0,1.080915049186709,-1.0460937532855064
939,515500,168500,Non GLA,Non GLA,0.0,0.461316842992867,0.0,0.0,0.0,0.0,0.0,0.0,2257.214551587389,2.788540833,0.474491725727957,0.124996504,0.0,11.0926,1506.9325401915078,0.0,4.73251513813969,1.5134864737490634,0.9826926507263776,0,6.294221873056982,-1.5617067349172915
940,515500,168500,Outer,Richmond,0.0,1.44972518896765,0.0,0.0,0.0,31.3735893,0.0,0.1882,599.183072690979,4.943329961,1.49112711980354,0.0,0.0,17.47726,3178.057258412008,0.0,8.725411152613969,2.088331511723427,0.916469257994877,0,8.57166829310982,0.153742859504149
941,517500,168500,Outer,Richmond,0.0,3.42550508972887,0.0,0.0,0.0,0.0,0.0,0.12742,958.5890819952084,2.38315551,0.237803325660227,0.0,0.0,11.23349,57.02309757549187,0.0,1.665845363944255,0.2243084199928843,0.1951568319894351,0,2.7146097010395245,-1.0487643370952695
942,517500,168500,Outer,Kingston,0.0,0.567146426486854,0.0,0.0,0.0,0.0,0.0,0.0,3242.3604684864936,14.169700393,0.0393716999988798,0.0,0.0,12.21371,2139.1461276823197,0.0,8.580409863523846,1.695647892682934,0.987247934673576,0,8.66180092875566,-0.08139106523181461
943,519500,168500,Outer,Kingston,0.0,3.54659543337079,0.0,0.0,0.0,29.65448852,0.0,0.13339,4326.974821916917,31.490696268,4.23625067481032,64.560809345,0.0,0.0,1436.2141503673768,0.0,53.5150707441004,1.9279475574597345,1.4374503766818811,1,7.881783464384377,45.63328727971602
944,521500,168500,Outer,Kingston,0.0,0.41725135141383,0.0,0.0,0.0,648.42515,0.0,0.44579,9511.506563708526,20.60094936,5.88375218199718,123.817383285,0.0,0.0,3147.1388052800967,0.0,16.076353175858774,4.224303781751777,3.124941933826836,0,19.188776928148293,-3.1124237522895193
945,523500,168500,Outer,Merton,0.0,3.96384230620497,0.0,0.0,0.0,62.74717861,0.0,0.20706,6559.334256779394,0.292483371,5.88368098088872,0.0,0.0,0.0,1913.236198340014,0.0,8.606013273919725,1.8555220595947053,1.252478722856704,0,10.425010206256028,-1.8189969323363027
946,525500,168500,Outer,Merton,0.0,0.938816287111059,0.0,0.0,0.0,105.5722741,0.0,0.42175,7778.366471164094,0.669277176,4.58932691974943,1.387565589,0.0,0.0,6061.602617663369,0.0,18.870963225601955,4.626313879551438,2.60228348544183,0,20.836146259282668,-1.965183033680713
947,527500,168500,Outer,Merton,0.0,1.14742778064909,0.0,0.0,0.0,86.29885934,0.0,0.34587,8550.102827153485,0.279947276,3.29486144981689,0.0,0.0,0.0,7473.923651731829,0.0,23.638579121053944,4.52299728326838,2.280199656297803,0,24.59227175847012,-0.9536926374161752
948,529500,168500,Outer,Merton,0.0,1.04312912496452,0.0,0.0,0.0,154.2892953,0.0,0.35064,7809.799624598668,0.470832139,2.94187567216854,0.0,0.0,0.0,3721.795936355291,0.0,12.911986180788436,3.0013678558191152,1.8434028385689627,0,16.508329962457147,-3.596343781668711
949,531500,168500,Outer,Croydon,0.0,0.312938513560373,0.0,0.0,0.0,480.9666794,0.0,0.53188,13177.936543727325,3.916930413,2.23582537682247,63.97092062,0.0,0.0,3068.001006986213,0.0,14.976495410090305,3.896891728617116,2.3607041445973,0,22.584145808967413,-7.607650398877109
950,533500,168500,Outer,Croydon,0.0,0.521564189267288,0.0,0.0,0.0,627.7973203,0.0,0.47552,11251.747130958332,13.617648326,4.94235206742246,28.9353421,0.0,0.0,3310.2166960652225,0.0,15.15448849922418,3.2630374475837267,1.84037317842128,0,20.70903794997078,-5.554549450746601
951,535500,168500,Outer,Croydon,0.0,0.678221173177687,0.0,0.0,0.0,0.0,0.0,0.1292,635.1853120572036,6.885449165,0.515996946000382,0.0,0.0,0.0,11.02921724749528,0.0,0.7988408384683172,0.3322669423348164,0.3173306336651022,0,1.3101206416831328,-0.5112798032148156
952,535500,168500,Outer,Bromley,0.0,1.67532393510762,0.0,0.0,0.0,0.0,0.0,0.0,3056.0279013096083,10.82169175,1.27460203599199,0.676880146,0.0,0.0,3057.6543301228944,0.0,10.338368809937023,2.224509713634486,1.4272286575744355,0,9.501109930710745,0.8372588792262778
953,537500,168500,Outer,Bromley,0.0,1.87763182779218,0.0,0.0,0.0,94.12076791,0.0,0.17083,4875.615842029792,1.442466867,7.76655241114662,0.0,0.0,0.0,2561.372152550603,0.0,9.576404449615405,1.8187467399540849,0.9954199001886302,0,8.97765005233525,0.598754397280155
954,539500,168500,Outer,Bromley,0.0,0.0,0.0,0.0,0.0,62.74717861,0.0,0.31195,7593.51230512883,0.189662274,10.2377284448579,26.59188483,0.0,0.0,2223.8129736181663,0.0,9.739240726885114,1.8187908543696767,1.109290727561795,0,10.178007942445673,-0.4387672155605582
955,541500,168500,Outer,Bromley,0.0,1.14742778064909,0.0,0.0,0.0,258.418897,0.0,0.43584,9113.123138010593,2.404530775,4.82461894043121,60.75240128,0.0,0.0,3204.340242380721,0.0,13.661232672106497,2.943879567628264,1.913525043786716,0,16.738647361087835,-3.0774146889813387
956,543500,168500,Outer,Bromley,0.0,3.44232514202398,0.0,0.0,0.0,51.40111343,0.0,0.08129,3747.925381739185,0.213874514,4.94235206742246,94.21040025,0.0,0.0,1012.179053083702,0.0,5.4277191900652895,0.9191165341442992,0.6215491629960839,0,5.6395516505009615,-0.21183246043567205
957,545500,168500,Outer,Bromley,0.0,0.0,33.0318618585397,0.0,0.0,23.63763578,0.0,0.18793,4518.907491859721,1.512950103,9.06086961524153,44.7623489,0.0,0.0,2327.62940859042,0.0,8.498727179546146,1.8276009425252624,1.0858745176489009,0,7.364027792529244,1.1346993870169015
958,547500,168500,Outer,Bromley,0.0,0.312938513560373,0.0,0.0,0.0,26.56010711,0.0,0.24078,5283.559981743707,0.104393157,8.35492821570841,44.74819779,0.0,0.0,2809.217423741645,0.0,10.19407941910698,2.326765756538961,1.3937586719479278,0,9.317682297853562,0.8763971212534187
959,549500,168500,Non GLA,Non GLA,0.0,0.0293137966510028,0.0,0.0,0.0,0.0,0.0,0.0,31.426862053526776,0.0,0.0031998615802672,20.84209767,0.0,0.0,0.0,0.0,0.1547767260891991,0.0167739034183225,0.0080846019749938,0,0.1950992039447481,-0.040322477855549016
960,549500,168500,Outer,Bromley,0.0,5.62581932753391,0.0,0.0,0.0,0.0,0.0,0.00096,400.2744004684482,0.0,0.614174060307618,23.85182068,0.0,0.0,236.8020942072503,0.0,1.842647657584712,0.2565261640147134,0.1721038324894703,0,1.5084285166056812,0.3342191409790307
961,516500,166500,Non GLA,Non GLA,0.0,0.417242394254536,0.0,0.0,0.0,0.0,0.0,0.25209,6974.80114855778,0.790360289,9.64914071229088,130.744915376,0.0,0.0,2021.817706773301,0.0,8.370004678953677,1.763919243849845,1.1617453396023891,0,10.126479764961651,-1.756475086007974
962,518500,166500,Outer,Kingston,0.0,0.417245379974301,0.0,0.0,0.0,191.2032793,0.0,0.37231,9136.155811433971,2.764193604,8.11946447470622,0.0,0.0,0.0,3848.708536392565,0.0,15.870491703376503,3.005647300493285,1.7195778359395557,0,16.906668524813647,-1.0361768214371434
963,520500,166500,Outer,Kingston,0.0,1.87760570274423,0.0,0.0,0.0,135.5758224,0.0,0.24272,6206.219742159191,1.188824495,8.00179082158204,7.03914435,0.0,0.0,7162.977812102392,0.0,20.378040026718256,4.5699598461985325,2.225583722732303,0,20.53547744110224,-0.15743741438398473
964,522500,166500,Non GLA,Non GLA,0.0,3.284291741302e-05,0.0,0.0,0.0,0.0,0.0,0.0,34.09988926709611,0.008740333,0.0001960124632938,0.01203468,0.0,0.0,2.343339604835816,0.0,0.0218638074875807,0.0126850405146074,0.0043993933673447,0,0.8704265579344082,-0.8485627504468275
965,522500,166500,Outer,Sutton,0.0,0.482814771729513,0.0,0.0,0.0,39.19549787,0.0,0.26588,3376.244721047572,1.06309155,2.90486366067008,0.0,0.0,0.0,613.8821101008915,0.0,3.392792262875989,0.8174744437784766,0.6156192737807643,0,5.297162185464802,-1.9043699225888129
966,522500,166500,Outer,Merton,0.0,7.46429941205e-06,0.0,0.0,0.0,0.0,0.0,0.0,3.499450379587911,0.004139524,4.43959852759591e-05,0.0,0.0,0.0,0.0,0.0,0.007346178380913,0.0102087389863777,0.0025816424934595,0,0.8360569954893684,-0.8287108171084554
967,522500,166500,Outer,Kingston,0.0,0.299867032429991,0.0,0.0,0.0,15.72977217,0.0,0.0,3241.128610337697,0.837807987,1.80415399772323,5.636141427,0.0,0.0,996.5959335848072,0.0,4.120813371699985,1.027726819028419,0.7322250835065429,0,5.579669089398762,-1.4588557176987775
968,524500,166500,Outer,Sutton,0.0,0.593273713718852,0.0,0.0,0.0,165.1937882,0.0,0.35659,5161.735735857268,1.628721238,2.71890981985158,0.0,0.0,0.0,2890.724230175945,0.0,10.337438851152726,2.3651062141101398,1.4033456191041225,0,12.48795786461619,-2.150519013463464
969,524500,166500,Outer,Merton,0.0,0.272117006505812,0.0,0.0,0.0,0.0,0.0,0.0,3348.849368976152,1.103056019,1.24708406406179,0.0,0.0,0.0,985.8230184898184,0.0,3.982475439916521,1.0361009904481857,0.7124039000095803,0,5.68211113302938,-1.6996356931128593
970,526500,166500,Outer,Sutton,0.0,2.55135874629387,0.0,0.0,0.0,201.0387287,0.0,0.24357,7528.864876231397,0.934041815,2.08419884688338,0.0,0.0,0.0,4000.2506323225193,0.0,15.707412627090983,3.2032762786907663,1.895606114356266,0,17.31764152892444,-1.610228901833457
971,526500,166500,Outer,Merton,0.0,0.0201543548424762,0.0,0.0,0.0,0.0,0.0,0.0,736.80019805978,0.083015918,0.0164633715964849,0.0,0.0,0.0,388.5973414873223,0.0,1.318347395791735,0.3569824594142692,0.2105875184341555,0,2.2312131579244046,-0.9128657621326695
972,528500,166500,Outer,Sutton,0.0,3.23365468052059,0.0,0.0,0.0,410.4826888,0.0,0.1353,4050.453682192035,0.2731733,0.941387549673228,3.605518065,0.0,0.0,2323.3275889415963,0.0,11.06749195422444,4.710560439365515,1.2590147349641745,0,11.573159536529031,-0.5056675823045911
973,530500,166500,Outer,Croydon,0.0,0.0,0.0,0.0,0.0,82.19702888,0.0,0.29788,4823.535388837105,7.426907588,0.113911721617116,0.0,0.0,0.0,4648.2533742259975,0.0,14.85122102099412,3.043102998551253,1.567514509063895,0,15.863627291390321,-1.0124062703962018
974,530500,166500,Outer,Sutton,0.0,0.0,0.0,0.0,0.0,0.0,0.0,0.0,866.4186958335353,3.248305978,0.0217900521695004,0.0,0.0,0.0,392.27850234057416,0.0,2.3479093970817755,5.210957949014373,5.053578510910565,0,2.253661026747851,0.0942483703339243
975,532500,166500,Outer,Croydon,0.0,0.0,0.0,0.0,0.0,1477.317554,0.0,0.56109,13416.104887258494,10.18899624,0.588366590300693,146.90406164,0.0,0.0,6524.571257210717,0.0,30.34258809768969,4.510419448973428,2.4528204591648417,1,35.24472996426952,-4.902141866579829
976,534500,166500,Outer,Croydon,0.0,0.52155299281817,0.0,0.0,0.0,284.7608976,0.0,0.40926,9970.968790877903,2.075669249,5.29525994268156,0.0,0.0,0.0,4366.734469434428,0.0,16.038164032083795,3.743069986595935,2.4618944042593864,0,19.72945762229694,-3.691293590213146
977,536500,166500,Outer,Croydon,0.0,1.31668076981733,0.0,0.0,0.0,148.7881728,0.0,0.18517,4623.859088377876,3.202726957,3.65623052974151,0.0,0.0,0.0,1826.0858613355645,0.0,7.232666821937276,1.5284959222632235,0.899481964511704,0,8.76953407510073,-1.5368672531634537
978,536500,166500,Outer,Bromley,0.0,0.249377764776943,0.0,0.0,0.0,0.0,0.0,0.0,616.4189695590264,1.393823347,0.692485227694011,0.0,0.0,0.0,36.19797323312781,0.0,0.8823023744080247,0.1045934554405593,0.0844139431920504,0,0.9326377266069805,-0.050335352198955796
979,538500,166500,Outer,Bromley,0.0,2.81638616121812,0.0,0.0,0.0,0.0,0.0,0.22344,4740.70622678229,0.54932073,7.17801912648612,0.457476269,0.0,0.0,2152.316113942169,0.0,8.093254675037157,1.736347878701724,1.138499635291517,0,8.00811439010742,0.08514028492973758
980,540500,166500,Outer,Bromley,0.0,3.6509000604949,0.0,0.0,0.0,0.0,0.0,0.24072,4197.914488465254,1.463376386,7.29575057815717,0.0,0.0,0.0,1897.177996075092,0.0,6.722325333023666,1.977248175931912,1.285346195438475,0,7.0028676080841175,-0.2805422750604514
981,542500,166500,Outer,Bromley,0.0,5.11126038326483,0.0,0.0,0.0,66.13132023,0.0,0.13541,3279.157114473925,1.48147864,5.53064913193489,0.0,0.0,0.0,2989.852312891654,0.0,9.347586518877588,5.435314733485044,1.3858179019954782,0,9.07402759266801,0.2735589262095779
982,544500,166500,Outer,Bromley,0.0,0.312934034980725,41.0641204614051,0.0,0.0,13.32303107,0.0,0.18913,5033.817231840608,0.0,8.00179082158204,17.59705643,0.0,0.0,1806.0877977037685,0.0,6.737931817615756,1.4858081209050618,0.9922685079818648,0,7.065246646137965,-0.3273148285222085
983,546500,166500,Outer,Bromley,0.0,0.312934034980725,0.0,0.0,0.0,301.1746602,0.0,0.36578,7000.599599250345,3.764481965,7.88411716845786,0.0,0.0,0.0,5396.070809987735,0.0,18.10740120461766,3.4798051146372364,1.953603724417376,0,17.793758409359782,0.3136427952578771
984,548500,166500,Outer,Bromley,0.0,8.55353700734263,0.0,0.0,0.0,0.0,0.0,0.01045,572.3490200010143,0.015510781,1.05906036513731,0.0,0.0,0.0,157.25644752580814,0.0,1.5473863218480457,0.6165345328205101,0.5558249029742868,0,1.6750535887413243,-0.12766726689327856
985,550500,166500,Non GLA,Non GLA,0.0,6.98886608600907,0.0,0.0,0.0,0.0,0.0,0.04087,575.9217674603348,0.0,2.58881450511123,0.0,0.0,0.0,157.0882586616953,0.0,1.0252797375185974,0.1862989834582467,0.1295482476312119,0,1.0369718197595912,-0.011692082240993829
986,516500,164500,Non GLA,Non GLA,0.0,9.28364327216342,0.0,0.0,0.0,0.0,0.0,0.01485,1628.3376651794224,0.0,0.588362402000195,0.0,0.0,0.0,331.90480277575875,0.0,2.16911824488675,0.4724728885459719,0.3754971600983699,0,4.199272824431038,-2.0301545795442877
987,518500,164500,Outer,Kingston,0.0,0.104311344993575,0.0,0.0,0.0,21.83257995,0.0,0.29634,7220.599526050608,1.234574381,9.2961976553076,0.328607584,0.0,0.0,2887.028431520077,0.0,11.307355574058075,3.0496600418414856,2.185811034501802,0,11.782330507167913,-0.47497493310983785
988,520500,164500,Non GLA,Non GLA,0.0,1.04746439006304,0.0,0.0,0.0,0.0,0.0,0.24829,5791.378370045635,0.097893785,8.91602143082797,0.0,0.0,0.0,3270.923683698621,0.0,10.325847708343607,2.5703609889747683,1.608197648702323,0,11.154940514992123,-0.8290928066485161
989,520500,164500,Outer,Kingston,0.0,0.0022773577506164,0.0,0.0,0.0,0.0,0.0,0.0,60.83618335400072,0.004564696,0.0193859676838023,0.0,0.0,0.0,0.0,0.0,0.1014360404520493,0.021634979420108,0.0134901699224839,0,0.9682365922805616,-0.8668005518285122
990,522500,164500,Non GLA,Non GLA,0.0,0.0914399070874361,0.0,0.0,0.0,0.0,0.0,0.0,4832.072578122845,1.064188849,4.69347487524623,0.740521636,0.0,0.0,668.8123041560676,0.0,3.5027330449011136,1.2242689947713634,0.9982027820011646,0,5.451124238762912,-1.9483911938617982
991,522500,164500,Outer,Sutton,0.0,0.023827536583146,0.0,0.0,0.0,0.0,0.0,0.30383,2659.101568302756,0.543237521,1.22303149196341,0.0,0.0,0.0,248.7065328886318,0.0,1.947585380592592,0.4948160027363011,0.4121440849887604,0,4.268914349486856,-2.3213289688942638
992,524500,164500,Outer,Sutton,0.0,0.730180161384967,0.985587723285351,0.0,0.0,95.15222838,0.0,0.35901,8279.652706670338,5.454841425,9.41387130843178,0.0,0.0,0.0,3099.236076994449,0.0,12.54737959100163,2.696742751777633,1.6639380002448836,0,13.58652370293325,-1.0391441119316216
993,526500,164500,Outer,Sutton,0.0,0.0,3.38277652451392,0.0,0.0,180.1617621,0.0,0.42937,11150.746729282131,1.887016291,4.82460888851002,2.072674601,0.0,0.0,3444.190862148183,0.0,16.017337553490655,2.9081283295194527,1.9306954680892037,0,18.91130573945849,-2.893968185967836
994,528500,164500,Outer,Sutton,0.0,1.04311419636569,0.0,0.0,0.0,238.8634445,0.0,0.34346,7853.065854482645,1.809729347,5.29530266334663,0.118945782,0.0,0.0,5496.091899095074,0.0,18.220623648145004,4.016598305334177,2.2827404832510383,0,19.9076217064054,-1.6869980582603965
995,530500,164500,Outer,Sutton,0.0,0.585072687954833,0.0,0.0,0.0,12.7213458,0.0,0.3099,7389.119694092934,11.60324951,5.28015022980594,1.165572592,0.0,0.0,4156.4391468017375,0.0,14.907942706622586,2.9633422715881528,1.695787346673972,0,15.543571466858136,-0.6356287602355497
996,530500,164500,Outer,Croydon,0.0,0.0220823833806087,0.0,0.0,0.0,0.0,0.0,0.0,1081.0721120236906,2.254214991,0.199286876622984,0.404348079,0.0,0.0,703.7424335600845,0.0,2.4861975475768503,0.4301097081455898,0.2135598958047222,0,3.077700209906329,-0.5915026623294786
997,532500,164500,Outer,Croydon,0.0,0.312934034980725,0.0,0.0,0.0,817.5534206,0.0,0.49644,14830.720247261204,4.890212054,4.70693607304594,299.59633297,0.0,0.0,8734.599303822935,0.0,37.17408674498417,7.026932654987952,3.712934321975976,1,37.59641069348732,-0.42232394850314847
998,534500,164500,Outer,Croydon,0.0,5.42415112530897,0.0,0.0,0.0,101.447361,0.0,0.01145,1936.9239176353608,0.0,1.41206959726845,0.0,0.0,0.0,1903.1640321440016,0.0,6.580370188575229,46.05965332439278,5.1627069415500175,0,6.974285998570721,-0.3939158099954927
999,536500,164500,Outer,Croydon,0.0,6.2586859246241,0.0,0.0,0.0,0.0,0.0,0.01848,1225.3757636890618,0.0,1.41208048684974,0.0,0.0,0.0,401.9435519736281,0.0,2.2899041058847,0.3167506871669313,0.2130329234339873,0,2.809865519390627,-0.5199614135059267
1000,538500,164500,Outer,Croydon,0.0,0.0430264611008798,0.0,0.0,0.0,0.0,0.0,0.0,337.0308362244177,0.0,0.0037820353494519,0.0,0.0,0.0,27.10242348206692,0.0,0.2363945904554101,0.0414508905223056,0.0175576679065015,0,0.8069255795508283,-0.5705309890954182
1001,538500,164500,Outer,Bromley,0.0,6.8992153714907,0.0,0.0,0.0,102.4466096,0.0,0.01344,837.547498929211,0.0,0.606465912071592,0.0,0.0,0.0,1376.330184861744,0.0,4.877955002015654,1.2440284753617958,0.470498655056309,0,5.149573369124257,-0.2716183671086023
1002,540500,164500,Outer,Bromley,0.0,7.30180012098979,0.0,0.0,0.0,31.3735893,0.0,0.04244,1452.6949019117023,0.0,2.11812073027461,0.0,0.0,0.0,303.3558385736416,0.0,2.199976623827764,0.3261700494990994,0.2207373797587244,0,2.810241052174888,-0.6102644283471239
1003,542500,164500,Outer,Bromley,0.0,2.19053973772496,0.0,0.0,0.0,287.8634262,0.0,0.0638,2035.488638223908,0.0,5.64832278505907,0.0,0.0,0.0,789.3561590012253,0.0,4.537294866185942,0.9890666116123086,0.4962488696267105,0,3.8048568747033613,0.7324379914825805
1004,544500,164500,Outer,Bromley,0.0,2.81640855411635,0.0,0.0,0.0,63.86459412,0.0,0.18219,4027.041664725924,6.065994812,7.76644351533368,0.0,0.0,0.0,2624.8557250418853,0.0,8.77074503352468,2.107621232256957,1.137763733319965,0,8.15992096209914,0.6108240714255402
1005,546500,164500,Outer,Bromley,0.0,0.312934034980725,0.0,0.0,0.0,14.09662643,0.0,0.26158,6069.444079751057,0.237836438,11.2966455701181,58.5751282,0.0,0.0,1071.0560651575147,0.0,5.869639086855397,1.4074476451628375,1.0631270501051224,0,5.722380829926822,0.1472582569285752
1006,548500,164500,Outer,Bromley,0.0,8.13629162736833,0.0,0.0,0.0,0.0,0.0,0.01526,494.8143793424207,0.0,1.76510060856218,0.0,0.0,0.0,695.1970760696785,0.0,2.8402032618547324,0.5506811356561192,0.298127688921238,0,2.4781943889696016,0.36200887288513073
1007,550500,164500,Non GLA,Non GLA,0.0,7.51042281097694,0.0,0.0,0.0,0.0,0.0,0.00264,228.7951527649826,0.0,0.82371389654905,0.0,0.0,0.0,11048.981046311308,0.0,21.19783918034615,4.340699053832624,0.9418735547593212,0,23.669465329302398,-2.471626148956247
1008,516500,162500,Non GLA,Non GLA,0.0,1.12402720199231,0.0,0.0,0.0,0.0,0.0,0.0,639.8110947614482,0.0,0.082696318007519,0.0,0.0,0.0,3813.717163870324,0.0,10.323372274183315,1.0202292291271469,0.3965981091537441,0,9.623316312047164,0.7000559621361511
1009,516500,162500,Outer,Kingston,0.0,1.27759545880601,0.0,0.0,0.0,0.0,0.0,0.00073,524.2899331061286,0.0,0.0939946774302008,0.0,0.0,0.0,13.439834593410596,0.0,0.811144052225837,0.0774229515210638,0.0608320115477744,0,1.7057977904449082,-0.8946537382190712
1010,518500,162500,Non GLA,Non GLA,0.0,0.988798728834029,0.0,0.0,0.0,0.0,0.0,0.0,253.053665837178,0.0,0.0393691870185811,0.0,0.0,0.0,0.0,0.0,0.2411727810427745,0.038730886154879,0.030335094142274,0,1.34368220908941,-1.1025094280466354
1011,518500,162500,Outer,Kingston,0.0,3.93345290400869,0.0,0.0,0.0,0.0,0.0,1e-05,528.302063132357,0.0,0.156611445191493,0.0,0.0,0.0,6.320670133724531,0.0,1.0503861992906376,0.1261982321844513,0.1102267563972506,0,1.9247583332683664,-0.8743721339777288
1012,520500,162500,Non GLA,Non GLA,0.0,3.54663797987744,0.0,0.0,0.0,0.0,0.0,0.13065,3058.675195216204,0.066963055,7.06050211580056,0.0,0.0,0.0,1031.0312503298594,0.0,4.1280283443736,0.9264088094471346,0.6033557922805527,0,4.5275467416574084,-0.3995183972838081
1013,522500,162500,Non GLA,Non GLA,0.0,1.14744196281797,0.0,0.0,0.0,0.0,0.0,0.19819,4164.396587685987,0.110990579,8.59027803493706,2.04764929,0.0,0.0,5008.920925710008,0.0,13.457845413812544,2.9685672383285677,1.5127233746249007,0,13.140980044767044,0.3168653690454999
1014,524500,162500,Non GLA,Non GLA,0.0,0.0074978887594042,0.0,0.0,0.0,0.0,0.0,0.0,382.6738839668308,0.014263923,0.160708440738375,0.0,0.0,0.0,32.3744360048513,0.0,0.2439889077279525,0.0634865415220326,0.0463348282963175,0,1.2202026644051998,-0.9762137566772473
1015,524500,162500,Outer,Sutton,0.0,0.403990277078382,0.0,0.0,0.0,31.3735893,0.0,0.23049,5021.983445098252,0.104701844,8.65906416933152,0.0,0.0,0.0,848.3366558223137,0.0,5.095651187333601,0.9623832114034256,0.6769951213353003,0,5.446782674567958,-0.3511314872343565
1016,526500,162500,Outer,Sutton,0.0,0.104312837853458,0.0,0.0,0.0,103.1428601,0.0,0.26383,5587.961840705828,2.229628092,11.1791285594326,0.0,0.0,0.0,1048.2118240383793,0.0,6.618011957256037,5.967649275810938,1.310287299938884,0,5.924180509228474,0.6938314480275629
1017,528500,162500,Outer,Sutton,0.0,4.58976710484196,0.0,0.0,0.0,31.3735893,0.0,0.13938,3252.0497728677865,1.665412584,6.00142667278146,0.0,0.0,0.0,613.7614530802294,0.0,4.041280441581799,0.7211314093820304,0.4904206759991687,0,4.2464316331557335,-0.20515119157393436
1018,530500,162500,Outer,Croydon,0.0,0.428782947575506,0.0,0.0,0.0,164.7286658,0.0,0.22457,2603.2126478972727,1.173951978,1.27197429625971,0.0,0.0,0.0,1589.6971395712426,0.0,5.967917133395976,1.2062224076666654,0.6469275048023156,0,7.354357893085977,-1.386440759690001
1019,530500,162500,Outer,Sutton,0.0,1.04735242557185,0.0,0.0,0.0,6.188762821,0.0,0.0,2004.2616669681256,1.834754342,3.10694748436545,0.0,0.0,0.0,686.1303322687161,0.0,3.1548661011375763,0.5802577103406595,0.3527876409975863,0,3.196028964356664,-0.041162863219087686
1020,532500,162500,Outer,Croydon,0.0,0.312938513560373,18.0609807504635,0.0,0.0,198.2408241,0.0,0.31319,7380.759010253542,1.709087579,7.41352726347359,330.06615775,0.0,0.0,3403.0727580593816,0.0,13.643937841446906,5.458145359269209,3.095690624776561,0,15.669422573118638,-2.0254847316717317
1021,534500,162500,Outer,Croydon,0.0,1.98192077988752,13.7077524554042,0.0,0.0,115.1679554,0.0,0.20984,5166.656550385691,0.172290335,8.23715404337229,0.0,0.0,0.0,1995.7221515689528,0.0,8.370695620604534,1.759766897502548,1.0238132833644018,0,8.353456771433565,0.017238849170968962
1022,536500,162500,Outer,Croydon,0.0,0.312938513560373,0.0,0.0,0.0,20.55371583,0.0,0.22549,6360.560347060764,0.537158408,9.06097767339438,0.0,0.0,0.0,1543.5048748825602,0.0,6.674060249680797,1.292955661475062,0.6954942618132466,0,7.645983514373137,-0.9719232646923404
1023,538500,162500,Outer,Croydon,0.0,1.35605121706618,0.0,0.0,0.0,248.6314244,0.0,0.27951,6190.18582887398,0.051708894,9.88458434945068,0.0,0.0,0.0,1592.095277825568,0.0,8.39109494722412,4.628367678766489,1.7689596517799184,0,8.517162831486022,-0.12606788426190185
1024,540500,162500,Outer,Bromley,0.0,9.28384704753737,0.0,0.0,0.0,0.0,0.0,0.0,384.4605603675908,0.0,0.117675328444377,0.0,0.0,0.0,46.977239714784616,0.0,1.0475054197311602,0.1096378397800927,0.0826451177242402,0,1.8949351174507232,-0.847429697719563
1025,542500,162500,Outer,Bromley,0.0,8.34503150685625,43.5196752509182,0.0,0.0,83.89211825,0.0,0.01237,511.989793248336,0.0,1.52977591913651,0.0,0.0,0.0,467.9463145033603,0.0,2.608540527973384,0.5080332940858514,0.2293535552581097,0,2.8252303764218123,-0.2166898484484281
1026,544500,162500,Outer,Bromley,0.0,5.73720906765993,0.0,0.0,0.0,0.0,0.0,0.0,421.59879021388974,0.0,0.0,0.0,0.0,0.0,112.5688107020392,0.0,1.2266931948380733,0.157362992283061,0.1107380044974812,0,1.5845886028237537,-0.3578954079856804
1027,546500,162500,Outer,Bromley,0.0,8.24071866900279,0.0,0.0,0.0,3.266291489,0.0,0.01716,794.0904967525908,0.0,1.88280022914944,0.0,0.0,0.0,2304.891146368512,0.0,6.8906606685058165,1.556324604329648,0.6474277622362787,0,6.15684619213991,0.7338144763659065
1028,548500,162500,Non GLA,Non GLA,0.0,5.9875437556215,0.0,0.0,0.0,0.0,0.0,0.01738,475.9303550765486,0.734427366,0.779369008539163,3.340998011,0.0,0.0,841.1695900824043,0.0,2.650502535466275,0.6128416137407939,0.2787792156344038,0,2.8696799690586516,-0.21917743359237685
1029,548500,162500,Outer,Bromley,0.0,0.164419855298931,0.0,0.0,0.0,0.0,0.0,0.0,69.68847572839704,0.121702811,0.0214013778833109,35.19266764,0.0,0.0,1299.95319011794,0.0,3.349047922866255,0.5887838819733929,0.1911262521243224,0,3.095509424965959,0.2535384979002959
1030,550500,162500,Non GLA,Non GLA,0.0,5.63289622980647,0.0,0.0,0.0,0.0,0.0,0.0003,420.0180544872451,0.007675421,0.0,0.0,0.0,0.0,8959.440376152545,0.0,18.729602558931333,3.3467479091417784,0.8056026479384145,0,19.616387506701486,-0.8867849477701526
1031,516500,160500,Non GLA,Non GLA,0.0,1.08546737765961,0.0,0.0,0.0,0.0,0.0,0.0,401.4877519468375,0.0,0.0510210390032715,0.0,0.0,0.0,42.36889555820329,0.0,0.6849112388165975,0.0957633551728703,0.0737749700747211,0,1.6642428540455594,-0.9793316152289618
1032,516500,160500,Outer,Kingston,0.0,1.42985597036271,0.0,0.0,0.0,0.0,0.0,0.00089,326.8205538304564,0.0,0.0672088204270057,0.0,0.0,0.0,1006.2059526915864,0.0,2.9827743818682784,0.5790149630560881,0.230694820203116,0,3.6126733129940742,-0.6298989311257959
1033,518500,160500,Non GLA,Non GLA,0.0,0.812786070118242,0.0,0.0,0.0,0.0,0.0,0.00405,701.495375316545,0.0,0.0,0.0,0.0,0.0,291.42523087732945,0.0,1.4489840831887308,0.3197774990307775,0.1968645375502567,0,2.405543373579194,-0.9565592903904632
1034,518500,160500,Outer,Kingston,0.0,0.0001433145487113,0.0,0.0,0.0,0.0,0.0,0.0,7.647534330089513,0.0,0.0,0.0,0.0,0.0,0.0,0.0,0.0191686048274108,0.0104878827590401,0.0027580649437313,0,1.033149637547135,-1.013981032719724
1035,520500,160500,Non GLA,Non GLA,0.0,0.41725135141383,0.0,0.0,0.0,0.0,0.0,0.37939,6750.679832270812,2.047606064,8.9433031826101,3.723424941,0.0,0.0,3189.32187170757,0.0,12.518962527537838,3.083513091803348,2.0879213843438325,0,12.212528070033354,0.3064344575044835
1036,522500,160500,Non GLA,Non GLA,0.0,4.69407994269541,0.0,0.0,0.0,0.0,0.0,0.16396,2065.372905830301,0.180121144,6.23677732967021,0.01951676,0.0,0.0,1830.4654283397977,0.0,5.6610444272333735,1.3355735392084502,0.6898665031703066,0,5.654407666641831,0.006636760591542945
1037,524500,160500,Non GLA,Non GLA,0.0,1.10954720756288,0.0,0.0,0.0,0.0,0.0,0.11348,2072.743165071872,0.845158955,3.07229683668762,0.568223535,0.0,0.0,4491.149803047677,0.0,11.525706784417254,2.4586717257656185,1.2011416644713022,0,11.54305057276562,-0.017343788348366473
1038,524500,160500,Outer,Sutton,0.0,0.213013937331259,0.0,0.0,0.0,0.0,0.0,0.0,967.510711220022,0.370313343,0.589827469514302,0.0,0.0,0.0,431.4232609060425,0.0,1.7617219094118846,0.2930061104930743,0.1733622063530854,0,2.5239178798590753,-0.7621959704471908
1039,526500,160500,Non GLA,Non GLA,0.0,7.40621521974519,0.0,0.0,0.0,0.0,0.0,0.05806,1739.854522899248,0.0,2.94187567216854,0.0,0.0,0.0,1600.9004127924024,0.0,5.526546092439512,1.1077760279885862,0.4992928465492194,0,5.850941826925703,-0.32439573448619097
1040,528500,160500,Outer,Non GLA,0.0,0.0074008528670475,0.0,0.0,0.0,0.0,0.0,0.0,64.66173576751957,0.0,0.0023513118994267,0.0,0.0,0.0,0.0,0.0,0.0539344918045743,0.014460530997692,0.0065421834296377,0,0.8142828384348899,-0.7603483466303156
1041,528500,160500,Outer,Sutton,0.0,6.94535743116617,0.0,0.0,0.0,103.1428601,0.0,0.06659,1622.328177452368,0.0,2.20705259006316,0.0,0.0,0.0,206.5108564142372,0.0,2.496487785589058,4.675052155159067,0.7573068410330909,0,3.461804582423026,-0.9653167968339682
1042,530500,160500,Outer,Croydon,0.0,0.0,0.0,0.0,0.0,462.687181,0.0,0.27337,7158.3292958668135,2.56967895,11.0613208806925,62.158173687,0.0,0.0,4017.06875571457,0.0,15.128003629651102,3.119997925344082,1.5132288543924592,0,15.38512324095705,-0.2571196113059475
1043,532500,160500,Outer,Croydon,0.0,1.04312912496452,0.0,0.0,0.0,61.97358325,0.0,0.16846,4310.332483272467,2.218013909,7.884227739591,262.064350686,0.0,0.0,3592.6007167474545,0.0,11.63668337671922,2.811248250493651,1.4535749220194971,0,11.747682006755861,-0.11099863003664012
1044,534500,160500,Outer,Croydon,0.0,1.14742778064909,0.0,0.0,0.0,2.492696136,0.0,0.18013,3617.520827682856,1.080002351,6.70739655275797,0.0,0.0,0.0,2069.6644044422856,0.0,7.195993885846165,1.5707281404563058,0.8996398157252364,0,6.8102094432243945,0.3857844426217705
1045,536500,160500,Non GLA,Non GLA,0.0,8.16634662895095,0.0,0.0,0.0,0.0,0.0,0.01291,179.5013218398694,0.0,0.548359106286257,0.0,0.0,0.0,500.6054766932223,0.0,1.7541635657023027,0.3135954716852637,0.1586969190605559,0,2.5353568369623662,-0.7811932712600635
1046,536500,160500,Outer,Croydon,0.0,0.0104910728236363,0.0,0.0,0.0,0.0,0.0,0.0,34.16472139073793,0.0,0.0007044721437185,0.0,0.0,0.0,0.0,0.0,0.0413299846110347,0.0127916886279538,0.005018416383487,0,0.5665319637568889,-0.5252019791458542
1047,538500,160500,Non GLA,Non GLA,0.0,5.21042957239344,9.44754263683996,0.0,0.0,0.0,0.0,0.00158,171.0173979375325,0.0,0.461009586425758,0.0,0.0,0.0,100.22859717200042,0.0,0.7925687756284711,0.1435009947306197,0.1033843519250867,0,1.3407002332882012,-0.5481314576597301
1048,538500,160500,Outer,Croydon,0.0,0.0005687796151982,0.301528800161361,0.0,0.0,0.0,0.0,0.0,6.09214742194896,0.0,5.02596059727839e-05,0.0,0.0,0.0,0.0,0.0,0.012991074950783,0.0096787931505486,0.0020268611098307,0,0.4847231524868416,-0.4717320775360586
1049,540500,160500,Outer,Bromley,0.0,6.98896386833136,18.0609807504631,0.0,0.0,103.1428601,0.0,0.00838,716.7283643173394,0.0,0.588374966901688,0.0,0.0,0.0,836.7710735052807,0.0,3.657299382010385,12.58333289984363,1.7777237503800472,0,3.9914523460116715,-0.33415296400128636
1050,542500,160500,Outer,Bromley,0.0,3.7552644020143,69.9383739468433,0.0,0.0,0.0,0.0,0.0,668.0740811513326,0.0,0.0,0.0,0.0,0.0,42.85872568330247,0.0,1.193075998971847,0.1659140653532791,0.1393888741274632,0,1.7693706186946567,-0.5762946197228098
1051,544500,160500,Outer,Bromley,0.0,9.17953420968391,0.0,0.0,0.0,0.0,0.0,0.00231,524.3927524391901,0.0,0.353025147673033,0.0,0.0,0.0,276.1681260027225,0.0,1.824215452798642,0.2678206261343873,0.1689755159489739,0,2.33989378996902,-0.5156783371703779
1052,546500,160500,Non GLA,Non GLA,0.0,1.66624734702257,0.0,0.0,0.0,0.0,0.0,0.00044,117.2231424218806,0.0,0.0552847289099627,0.0,0.0,0.0,54.06407996580922,0.0,0.3466194247707648,0.0655140128589125,0.0411105118038292,0,0.65858987122777,-0.3119704464570052
1053,546500,160500,Outer,Bromley,0.0,1.88371000680341,0.0,0.0,0.0,0.0,0.0,0.0,290.9638673214254,0.0,0.0625003330074553,0.0,0.0,0.0,13.579744041275292,0.0,0.5305673508215758,0.0843232342359246,0.0695314294481348,0,0.7646825774599204,-0.2341152266383446
1054,548500,160500,Non GLA,Non GLA,0.0,6.57171177048759,0.0,0.0,0.0,0.0,0.0,0.03536,837.0261567325196,0.455867031,2.82420118138426,0.0,0.0,0.0,297.80715775358067,0.0,1.3699630470940474,0.3059253164278139,0.1638822155833952,0,1.5830237790816053,-0.21306073198755793
1055,550500,160500,Non GLA,Non GLA,0.0,4.69407994269541,0.0,0.0,0.0,0.0,0.0,0.0032,299.44728235359264,0.469138017,0.47070047611741,48.30809436,0.0,0.0,9944.723927458432,0.0,21.504000225830403,3.718234678425184,0.9369011252838226,0,21.533675742388816,-0.02967551655841305
1056,528500,158500,Non GLA,Non GLA,0.0,1.64161441253286,0.0,0.0,0.0,0.0,0.0,0.0,1093.1729991226168,0.19123052,1.52509423684014,0.248083011,0.0,0.0,198.9492253641201,0.0,1.364620295527241,0.264534170535181,0.1929978864959094,0,1.9586102299545303,-0.5939899344272892
1057,528500,158500,Outer,Croydon,0.0,1.05110099673659,0.0,0.0,0.0,55.01242597,0.0,0.09414,1654.3123989014755,0.153018217,0.976494722105317,0.0,0.0,0.0,278.4998003966423,0.0,1.6624716958007284,0.5420781550141245,0.2543803029041825,0,3.226982511413526,-1.5645108156127978
1058,530500,158500,Outer,Croydon,0.0,1.04310598563634,0.0,0.0,0.0,33.86628544,0.0,0.19699,4150.209632570337,0.471520388,9.88448550555894,0.0,0.0,0.0,1348.9261246995172,0.0,5.574690439404745,1.315676531679998,0.8225932033685573,0,5.151627320882486,0.42306311852225864
1059,532500,158500,Outer,Croydon,0.0,4.17245753189271,0.0,0.0,0.0,138.4735681,0.0,0.07429,1751.5934958965704,0.0,4.70693607304594,0.0,0.0,0.0,405.299962464652,0.0,2.751455089630846,0.5391556343514956,0.2992374083528785,0,2.9880293903770276,-0.2365743007461818
1060,534500,158500,Non GLA,Non GLA,0.0,2.39914376696358,0.0,0.0,0.0,0.0,0.0,0.13239,3391.2803256128745,0.0,6.47198474668195,182.63293888,0.0,0.0,889.6908187270468,0.0,3.983145618481143,0.8057541257138708,0.487161890585176,0,5.1377191390464105,-1.1545735205652674
1061,536500,158500,Non GLA,Non GLA,0.0,3.96383409547562,0.0,0.0,0.0,0.0,0.0,0.138,2679.2776798961304,0.223609769,6.0013429067715,0.0,0.0,0.0,1542.436180179924,0.0,5.21406666718088,1.1136334507592038,0.6069046107479019,0,5.227016806493689,-0.012950139312808417
1062,538500,158500,Non GLA,Non GLA,0.0,9.49226446929069,0.0,0.0,0.0,0.0,0.0,0.00148,148.35662764755222,0.0,0.353017608732137,0.0,0.0,0.0,428.5137087444096,0.0,1.6281321444859356,0.2881488806865449,0.1457382427552549,0,2.516864928307543,-0.8887327838216073
1063,540500,158500,Non GLA,Non GLA,0.0,0.172585052425773,0.0,0.0,0.0,0.0,0.0,0.0,23.33509545752697,0.0,0.0166878645031633,0.0,0.0,0.0,0.0,0.0,0.0623291226782142,0.0157898946801015,0.0076909074430279,0,0.487984153600328,-0.42565503092211376
1064,540500,158500,Outer,Bromley,0.0,5.22923064975251,54.4323171682934,0.0,0.0,0.0,0.0,0.02001,1373.9226451108311,0.0,0.505635090568993,0.0,0.0,0.0,99.41988179442184,0.0,1.676770123985494,0.1791812454312363,0.1375908643467728,0,2.655874924330943,-0.9791048003454492
1065,542500,158500,Non GLA,Non GLA,0.0,0.0067499659583168,0.0,0.0,0.0,0.0,0.0,0.0,40.423829266245015,0.03882251,0.0130884390554125,0.0,0.0,0.0,0.0,0.0,0.0286716924809022,0.0121995508987405,0.0044432794177524,0,0.431749902150278,-0.4030782096693758
1066,542500,158500,Outer,Bromley,0.0,3.04450410840966,0.0,0.0,0.0,129.7921092,0.0,0.16268,3253.6793123601647,0.824482804,5.90303846812914,0.0,0.0,0.0,1253.1021499682709,0.0,5.398667945615519,1.1986297874882217,0.7597525953298688,0,5.574490388395131,-0.17582244277961223
1067,544500,158500,Outer,Bromley,0.0,7.19748877599622,0.0,0.0,0.0,0.0,0.0,0.00344,454.0062774330523,0.0,0.235346468588257,0.0,0.0,0.0,103.67134492658352,0.0,1.1747240256103495,0.147511740864245,0.1037809426785015,0,1.7559172205124742,-0.5811931949021247
1068,546500,158500,Non GLA,Non GLA,0.0,6.36299726961767,14.1731812788547,0.0,0.0,0.0,0.0,0.01002,239.94733851886392,0.0,1.17673401826149,0.0,0.0,0.0,318.5449421412917,0.0,1.3690870742715238,0.2606301741711005,0.140009043820562,0,1.6102531542889356,-0.2411660800174118
1069,548500,158500,Non GLA,Non GLA,0.0,6.36299726961767,14.1731798615427,0.0,0.0,0.0,0.0,3e-05,202.6547295494383,0.0,0.0,0.0,0.0,0.0,41.692682152841655,0.0,0.7107121373876102,0.0866668731060242,0.0642034570128456,0,1.2934067567999872,-0.582694619412377
1070,550500,158500,Non GLA,Non GLA,0.0,7.71904550096409,0.0,0.0,0.0,0.0,0.0,0.04977,478.2458924213959,37.27491254,0.470693774836614,0.0,0.0,0.0,11174.708057505764,0.0,23.71638248912482,4.471285678699666,1.1620601209019858,0,24.53612404709069,-0.8197415579658731
1071,528500,156500,Non GLA,Non GLA,0.0,5.42419441824556,0.0,0.0,0.0,0.0,0.0,0.05759,1336.884693185558,0.008234366,4.3539151136734,54.664133567,0.0,0.0,2567.9214796402744,0.0,7.737477828906298,1.4108377502056229,0.6159265960408797,0,7.03874256695803,0.6987352619482685
1072,530500,156500,Non GLA,Non GLA,0.0,2.17158638865788,0.0,0.0,0.0,0.0,0.0,0.0,449.0916400623439,0.0,0.0,0.0,0.0,0.0,0.0,0.0,0.7588886624100732,0.0761848282763744,0.0635935502950747,0,1.4359915887573358,-0.6771029263472625
1073,530500,156500,Outer,Croydon,0.0,1.85077453207768,0.0,0.0,0.0,0.0,0.0,0.0,424.2175708156737,0.0,0.0,0.0,0.0,0.0,59.652361020469264,0.0,0.7019786552592265,0.0973094752626373,0.0704341229272115,0,1.4978340467545852,-0.7958553914953587
1074,532500,156500,Non GLA,Non GLA,0.0,0.941877396299941,0.0,0.0,0.0,0.0,0.0,0.31864,7286.479335637072,0.951958227,7.53429355768529,0.0,0.0,0.0,1513.69791719341,0.0,6.799703574806015,1.753632984374088,1.267137978444245,0,9.347281271188875,-2.5475776963828594
1075,532500,156500,Outer,Croydon,0.0,0.0101357721716227,0.0,0.0,0.0,0.0,0.0,0.0,121.8842823836572,0.098752286,0.0810779586951954,0.0,0.0,0.0,235.06432330172933,0.0,0.7108975873701914,0.1819602690170884,0.0939406741069364,0,1.2752357999896233,-0.564338212619432
1076,534500,156500,Non GLA,Non GLA,0.0,2.50345436552721,0.0,0.0,0.0,0.0,0.0,0.16428,3357.6590619276453,0.849557998,6.23663995341389,0.871786026,0.0,0.0,1837.0966042536757,0.0,5.726018789703229,1.510678564766197,0.8318779659389973,0,6.395271976359516,-0.6692531866562872
1077,536500,156500,Non GLA,Non GLA,0.0,3.85952275048205,0.0,0.0,0.0,0.0,0.0,0.04569,1305.8640988502927,0.791384971,3.64787487024853,60.052204108,0.0,0.0,232.28567824293583,0.0,1.659297816750094,0.2944912631397909,0.2157770760617265,0,2.0206509109258235,-0.3613530941757295
1078,538500,156500,Non GLA,Non GLA,0.0,10.3267492577998,0.0,0.0,0.0,0.0,0.0,0.0,165.30179462762328,0.0,0.0,0.0,0.0,0.0,506.8389570801985,0.0,1.742112175313772,0.3008189719333022,0.1448693279694501,0,2.9249893162042753,-1.1828771408905032
1079,540500,156500,Non GLA,Non GLA,0.0,7.01678779081972,0.0,0.0,0.0,0.0,0.0,0.00105,195.6377116824888,0.0,0.0899504544695908,0.0,0.0,0.0,93.86917553288563,0.0,0.8199970753511641,0.1145923270403005,0.0774766619143621,0,1.6428097175149077,-0.8228126421637436
1080,540500,156500,Outer,Bromley,0.0,0.145032830436014,0.0,0.0,0.0,0.0,0.0,0.0,89.29627304025125,0.0,0.001859605420993,0.0,0.0,0.0,0.0,0.0,0.1297046978407536,0.0239601685682565,0.0156175133112588,0,0.5809140114119948,-0.4512093135712412
1081,542500,156500,Non GLA,Non GLA,0.0,6.35670710450314,0.0,0.0,0.0,0.0,0.0,0.00711,276.4555847346885,0.0,0.651907297151785,0.0,0.0,0.0,150.97391168449485,0.0,0.8273632105347829,0.1448449652921076,0.090918287877927,0,1.5463849483351133,-0.7190217378003304
1082,542500,156500,Outer,Bromley,0.0,0.0105254086009317,0.0,0.0,0.0,0.0,0.0,0.0,15.72676211364215,0.0,0.0010797438683153,0.0,0.0,0.0,0.0,0.0,0.0323098294489038,0.0116968809324509,0.0038822492177419,0,0.4398794810864395,-0.40756965163753567
1083,544500,156500,Non GLA,Non GLA,0.0,4.23334904720639,0.0,0.0,0.0,0.0,0.0,0.00273,127.3899168977274,0.0,0.056183538196776,0.0,0.0,0.0,212.24645258113023,0.0,0.8790723189937162,0.1550766359315874,0.0805441107966067,0,1.4050167465226568,-0.5259444275289407
1084,544500,156500,Outer,Bromley,0.0,0.846679214458538,0.0,0.0,0.0,0.0,0.0,0.0,127.1495015907727,0.0,0.0112372102354149,0.0,0.0,0.0,51.68498934403311,0.0,0.3973816045169502,0.0547441508769894,0.0310660552321296,0,0.6920784577389636,-0.2946968532220134
1085,546500,156500,Non GLA,Non GLA,0.0,9.90958598511899,0.0,0.0,0.0,0.0,0.0,0.00116,185.8421215556012,0.0,0.117673653124178,0.0,0.0,0.0,333.363164526118,0.0,1.4211053687628437,0.2171996705233335,0.1012937840287438,0,2.2865383517301012,-0.8654329829672576
1086,548500,156500,Non GLA,Non GLA,0.0,9.07509447874045,0.0,0.0,0.0,0.0,0.0,0.0012,339.15114282157833,0.0,0.235346468588257,0.0,0.0,0.0,11528.50720297045,0.0,24.74205355615004,4.07071542830088,0.9293145010087084,0,25.289337775236962,-0.5472842190869223
1087,550500,156500,Non GLA,Non GLA,0.0,2.50347451913563,0.0,0.0,0.0,0.0,0.0,0.09875,2160.6549409104305,0.0,5.29530266334663,0.0,0.0,0.0,241.4441554326125,0.0,1.6229638454484971,0.3549382648048148,0.272247033677989,0,1.6533595354590247,-0.030395690010527554
1088,526500,200500,Non GLA,Non GLA,0.0,3.54663797987744,0.0,0.0,0.0,0.0,0.0,0.21175,4143.917347693729,0.855899832,6.23677732967021,0.0,0.0,0.0,13746.12795245004,0.0,27.949312564125066,6.629495055707089,1.8838857349658855,1,31.499494675292,-3.550182111166933
1089,528500,200500,Non GLA,Non GLA,0.0,3.97527537361441,0.0,0.0,0.0,0.0,0.0,0.00702,344.34105350495355,0.0,0.156435536570588,0.0,0.0,0.0,53.30485552038544,0.0,0.8505386908409219,0.1398788335505105,0.1090723944899085,0,1.062531038749583,-0.21199234790866106
1090,528500,200500,Outer,Enfield,0.0,1.00266590428174,0.0,0.0,0.0,0.0,0.0,0.0,156.1353899872565,0.0,0.0394571413290335,0.0,0.0,0.0,14728.460238746406,0.0,26.485875321199615,5.817403144735918,1.1677610540927978,0,30.763857963271697,-4.277982642072082
1091,530500,200500,Non GLA,Non GLA,0.0,0.463556132816482,0.0,0.0,0.0,0.0,0.0,0.0,122.0577112419724,0.0,0.0261467223472412,7.924134986,0.0,0.0,222.09839012678648,0.0,0.790342437203943,0.1529143274356244,0.0816333724582973,0,0.7976267775096098,-0.007284340305666714
1092,530500,200500,Outer,Enfield,0.0,4.87486676731515,0.0,0.0,0.0,0.0,0.0,0.00205,420.6932008208478,0.0,0.274966115976603,53.696377314,0.0,0.0,15879.880929972864,0.0,30.3195924520269,6.236615326454915,1.3387828351194744,1,33.96203565885887,-3.642443206831974
1093,532500,200500,Non GLA,Non GLA,0.0,0.699531001569149,0.0,0.0,0.0,0.0,0.0,0.0,463.4623745200519,0.0,0.0,0.0,0.0,0.0,0.0,0.0,0.9754353047009364,0.0844356811014853,0.0687650504291908,0,0.6134850238758958,0.36195028082504066
1094,532500,200500,Outer,Enfield,0.0,4.7355269580407,7.26534621856922,0.0,0.0,0.0,0.0,0.0001,338.2680700782016,0.0,0.0,0.0,0.0,0.0,14128.09195694674,0.0,26.189180255922142,5.557770096183776,1.1097814599183689,0,30.061111018681707,-3.8719307627595647
1095,534500,200500,Non GLA,Non GLA,0.0,5.61047198151279,0.0,0.0,0.0,0.0,0.0,0.00428,1537.8197089756932,0.0,1.02083123351421,0.0,0.0,0.0,340.274283181007,0.0,4.325474653530045,0.4806565952018403,0.3217502112249862,0,2.552729376852863,1.772745276677182
1096,534500,200500,Outer,Enfield,0.0,0.0304326951328691,0.0,0.0,0.0,0.0,0.0,0.0,165.0206065862681,0.0,0.0055369332580016,0.0,0.0,0.0,7734.667088105336,0.0,13.810440099041926,3.6517511686299127,0.8706705398452543,0,16.11176261957637,-2.3013225205344447
1097,536500,200500,Non GLA,Non GLA,0.0,0.613634829655042,44.6662339165507,0.0,0.0,0.0,0.0,0.29294,6064.055323956265,7.398563709,3.23044957646227,11.32760911,0.0,0.0,573.0208635729824,0.0,7.675712659898282,1.261758109517649,1.055173338406986,0,6.965018955859932,0.7106937040383494
1098,536500,200500,Outer,Enfield,0.0,6.0460825237605e-05,0.0,0.0,0.0,0.0,0.0,0.0,32.881292994509,0.073425162,0.0003183108378276,0.0,0.0,0.0,2327.09884318727,0.0,4.360617785549977,0.8960580910022314,0.183561240043607,0,4.797565211321546,-0.4369474257715691
1099,518500,198500,Non GLA,Non GLA,0.0,7.51042281097694,0.494205695407455,0.0,0.0,0.0,0.0,0.1251,2815.584579469664,1.413154657,3.05950827994784,0.0,0.0,0.0,301.9093884786062,0.0,3.94196629604374,0.5966662800159308,0.49063054803462,0,4.040774685298048,-0.09880838925430835
1100,520500,198500,Non GLA,Non GLA,0.0,8.34491431735548,0.0,0.0,0.0,0.0,0.0,0.0171,824.4205342881816,0.620842257,1.41208048684974,0.0,0.0,0.0,168.56834168573454,0.0,2.4666851618424954,0.2693673874182786,0.1980340514454869,0,2.145599787338293,0.3210853745042024
1101,522500,198500,Non GLA,Non GLA,0.0,8.76216044375972,7.6131253004291,0.0,0.0,0.0,0.0,0.02235,616.7922728052343,5.576640049,0.353020121712436,0.0,0.0,0.0,1363.865676511875,0.0,5.06905679689162,0.8041321740000283,0.3362478759742454,0,4.7722475013242445,0.29680929556737556
1102,524500,198500,Non GLA,Non GLA,0.0,5.96904572881856,14.1997639239944,0.0,0.0,0.0,0.0,0.01647,624.0476526642992,1.559066085,0.4987897322355,0.0,0.0,0.0,419.504183495828,0.0,2.7483447958628675,0.3511090344260927,0.218205950630081,0,2.4179379282664204,0.3304068675964471
1103,524500,198500,Outer,Barnet,0.0,0.214917333681332,0.0,0.0,0.0,0.0,0.0,0.0,346.40218024733224,0.29583445,0.0179594325342748,0.0,0.0,0.0,145.44605465196292,0.0,0.7020386383185242,0.11386057777504,0.0656674974356957,0,0.9858198230719051,-0.2837811847533809
1104,526500,198500,Non GLA,Non GLA,0.0,0.147571438666052,6.06555034783424,0.0,0.0,0.0,0.0,0.0,176.55622582813675,0.0,0.216417025658708,129.28457826,0.0,0.0,27.169111609092667,0.0,1.714981595937898,0.1338644016281993,0.0992124442073642,0,1.0777094252313155,0.6372721707065825
1105,526500,198500,Outer,Enfield,0.0,2.75065255487584,3.19017940878968,0.0,0.0,73.06178331,0.0,0.16148,2906.535555365868,0.0,4.03390382584369,263.43174757,0.0,0.0,444.7516965491216,0.0,5.935240905809802,0.6117505541026268,0.4110302023838961,0,4.9945664063060455,0.9406744995037561
1106,528500,198500,Outer,Enfield,0.0,8.76216044375972,0.0,0.0,0.0,0.0,0.0,0.00079,550.0446908349727,0.0,0.235346468588257,0.0,0.0,0.0,178.01123161245658,0.0,2.1633071986643704,0.201359219037256,0.1349339994153224,0,2.0574726078520857,0.10583459081228463
1107,530500,198500,Outer,Enfield,0.0,8.44915848365435,0.0,0.0,0.0,0.0,0.0,0.05539,1343.0826095306013,0.935901818,1.17672480400039,0.0,0.0,0.0,1573.2473720408218,0.0,5.788448201659805,1.0144715567415636,0.4510969301764915,0,5.438355045385169,0.3500931562746361
1108,532500,198500,Outer,Enfield,0.0,4.0681454404692,0.0,0.0,0.0,115.132308,0.0,0.2089,3978.8647233948577,0.137144659,5.05995619475838,0.0,0.0,0.0,746.6382212347133,0.0,4.824233149851927,1.0571805224071211,0.8017627900681902,0,5.372918495512186,-0.5486853456602594
1109,534500,198500,Outer,Enfield,0.0,3.02500735834538,0.0,0.0,0.0,2.320786058,0.0,0.15252,3830.11855177066,0.066963055,7.17801912648612,0.0,0.0,0.0,3729.754308623125,0.0,12.480445920395123,2.776419500881301,1.4643636443247126,0,9.906718255934926,2.573727664460197
1110,542500,193500,Non GLA,Non GLA,0.0,5.63161908817707,0.0,0.0,0.0,0.0,0.0,0.27021,1615.411505637726,0.287484039,1.27060220901665,0.0,0.0,0.0,5607.8874926944045,0.0,14.1393827320045,2.515078162626907,0.8923050066605498,0,13.892896601867749,0.24648613013675025
1111,542500,193500,Outer,Redbridge,0.0,0.0004896580414304,0.0,0.0,0.0,0.0,0.0,0.51321,19.219495576483705,0.002680507,0.0001105711331401,0.0,0.0,0.0,0.0,0.0,0.0182659226556649,0.0146241587647919,0.0069343535551474,0,1.1246555198532544,-1.1063895971975894
1112,544500,193500,Non GLA,Non GLA,0.0,6.36299726961767,0.0,0.0,0.0,0.0,0.0,0.9871,1658.885898843664,0.0,3.88322217649689,0.0,0.0,0.0,521.8908826698358,0.0,2.4972342098154106,0.547513353744882,0.381145783947119,0,4.352784023577833,-1.8555498137624222
1113,546500,193500,Non GLA,Non GLA,0.0,4.89770379136632,1.95006197758851,0.0,0.0,0.0,0.0,0.0,1864.7851492222712,0.150439665,4.34953415135278,0.0,0.0,0.0,1699.0628427324332,0.0,5.099260688196489,1.0545288990166282,0.4875770323841345,0,4.309917487201236,0.789343200995253
1114,546500,193500,Outer,Redbridge,0.0,1.49285988241e-06,0.0,0.0,0.0,0.0,0.0,0.06202,2.828319293073466,7.58e-05,8.37660099546397e-07,0.0,0.0,0.0,17.79546449183532,0.0,0.045257798229458,0.0189532603096697,0.0050832289741725,0,-0.016486143254153873,0.061743941483611876
1115,548500,193500,Non GLA,Non GLA,0.0,0.334639471241026,0.0,0.0,0.0,0.0,0.0,0.00404,42.3293462953946,0.0,0.0,0.0,0.0,0.0,0.0,0.0,0.0866129228479553,0.0236931872168887,0.0154682734242203,0,-0.16649693895580953,0.2531098618037648
1116,548500,193500,Outer,Redbridge,0.0,0.623673565934308,0.0,0.0,0.0,0.0,0.0,0.0,231.54794000883948,0.0,0.0,0.0,0.0,0.0,3.611917126088702,0.0,0.4206944038081777,0.0434929643669269,0.0329634806571827,0,0.047386807787425766,0.3733075960207519
1117,548500,193500,Outer,Havering,0.0,2.04151574639332,0.0,0.0,0.0,0.0,0.0,0.15051,243.7489429877126,0.0,0.0,0.0,0.0,0.0,0.0,0.0,0.5347565490785183,0.0597975739577814,0.0490664802860027,0,0.5659949350967644,-0.031238386018246023
1118,550500,193500,Non GLA,Non GLA,0.0,0.319686986658807,0.0,0.0,0.0,0.0,0.0,0.25181,55.60075349280815,0.0,0.0048735064591609,0.0,0.0,0.0,0.0,0.0,0.0769965097219888,0.0219310829628205,0.013695726400311,0,0.3661563830003871,-0.2891598732783983
1119,550500,193500,Outer,Havering,0.0,4.89696407929458,0.0,0.0,0.0,0.0,0.0,0.09858,461.6701271638853,0.0,0.0746522680715749,0.0,0.0,0.0,41.946773087525294,0.0,0.9423542844721874,0.1365843355740233,0.1117424980563194,0,0.9921530668751402,-0.04979878240295277
1120,552500,193500,Outer,Havering,0.0,7.92766893738118,0.0,0.0,0.0,3.610111646,0.0,0.0,431.313538252221,0.617398729,1.05906036513731,0.0,0.0,0.0,144.98186813666678,0.0,1.53829002065222,0.2284218945096551,0.1639419378225205,0,0.9485521626668891,0.589737857985331
1121,554500,193500,Outer,Havering,0.0,8.13629162736833,0.0,0.0,0.0,15.29999698,0.0,0.10762,512.0792362583302,0.69533525,1.6474277930981,0.0,0.0,0.0,514.3389007252437,0.0,2.33776490108188,0.4165460525101688,0.261396279125194,0,1.8748365540075724,0.46292834707430774
1122,504500,192500,Non GLA,Non GLA,0.0,0.0717513245282718,0.0,0.0,0.0,0.0,0.0,0.04762,58.14037489045985,0.0,0.0064240153034213,0.0,0.0,0.56252,0.0,0.0,0.0992811935670612,0.0205968338590271,0.0123962927848815,0,1.1431253400743184,-1.0438441465072572
1123,504500,192500,Outer,Hillingdon,0.0,5.27007828185502,0.0,0.0,0.0,0.0,0.0,0.0,1484.601426184393,0.0,0.471838018532594,0.0,0.0,4.68704,122.82150361056937,0.0,4.944276189796101,0.4019556786401175,0.3215590203607667,0,3.1552207342896015,1.7890554555064995
1124,506500,192500,Non GLA,Non GLA,0.0,7.24423395106418,0.0,0.0,0.0,0.0,0.0,0.25611,912.8355937202148,15.46483266,0.817219517797266,0.0,0.0,0.0,332.70902067187563,0.0,2.579694963604496,0.3779646484152416,0.2564311866741021,0,3.667896848762169,-1.0882018851576727
1125,506500,192500,Outer,Hillingdon,0.0,0.0001142037810043,0.0,0.0,0.0,0.0,0.0,0.02768,6.432722652913451,0.061398097,1.2564901493196e-05,0.0,0.0,0.0,0.0,0.0,0.0243076537368887,0.0107693204872761,0.0029843294230689,0,0.9802102837338555,-0.9559026299969668
1126,508500,192500,Non GLA,Non GLA,0.0,0.441055748668799,3.80674045191031,0.0,0.0,0.0,0.0,0.02556,2982.074925543003,0.0,5.22431096991008,41.091493529000005,0.0,0.0,1063.524536083498,0.0,4.231313749991179,0.7759246072797268,0.4439646158778469,0,4.6066923704229605,-0.37537862043178194
1127,508500,192500,Outer,Hillingdon,0.0,0.0621932891311418,3.73451765204238,0.0,0.0,35.67134126,0.0,0.40138,1738.606744117944,0.0,0.736680174546079,0.0,0.0,0.0,119.15775644407628,0.0,2.331250888479623,0.2575715057002722,0.1869035999402984,0,3.660386396744979,-1.329135508265356
1128,510500,191500,Non GLA,Non GLA,0.0,0.0780482075122772,0.0,0.0,0.0,0.0,0.0,0.26153,741.6148040456071,0.229096,0.669148017320649,0.0,0.0,0.0,399.5003504159085,0.0,1.4731337803592757,0.3154621963310756,0.1641517552252493,0,2.7620935810189007,-1.288959800659625
1129,510500,191500,Outer,Hillingdon,0.0,0.245008163901129,0.0,0.0,0.0,198.9402843,0.0,0.59188,3379.143849239377,0.405907912,2.10058850439111,0.0,0.0,0.0,450.6307198258834,0.0,5.311438758130432,4.16893565980093,0.8875757927685926,0,6.629706485849685,-1.3182677277192525
1130,510500,191500,Outer,Harrow,0.0,0.060999747655155,0.0,0.0,0.0,0.0,0.0,0.31455,451.719949925525,0.202534495,0.5229805182503,0.0,0.0,0.0,166.3860237725755,0.0,0.7777234617159713,0.1539254501103131,0.1024095391287812,0,2.169801690504883,-1.392078228788912
1131,512500,191500,Outer,Harrow,0.0,2.60779108913879,0.0,0.0,0.0,30.08426372,0.0,0.59146,5394.287303841087,15.338373629,8.47250134962064,491.7068484,0.0,0.0,1769.2826486019594,0.0,9.679092045750378,2.486843904633507,1.901756353768269,0,11.08673552019578,-1.4076434744454023
1132,514500,191500,Outer,Harrow,0.0,2.92076095275669,0.0,0.0,0.0,94.12076791,0.0,0.056,4755.837675602274,0.407254766,7.29585277268931,0.0,0.0,0.0,2910.243368796982,0.0,9.67607813885432,2.0486892645309696,1.1015425255692577,0,9.888325463598992,-0.21224732474467167
1133,516500,191500,Outer,Harrow,0.0,3.44228408837722,0.0,0.0,0.0,135.894917,0.0,0.0,5768.397025434342,0.817381211,6.94274385900632,0.0,0.0,0.0,988.6414107672414,0.0,5.79103881374274,1.0220268794572125,0.675551501101735,0,7.079018146292519,-1.2879793325497788
1134,518500,191500,Outer,Barnet,0.0,4.47857964723e-06,0.0,0.0,0.0,0.0,0.0,0.46606,21.35035119083938,0.00153745,1.42402216922888e-05,0.0,0.0,0.0,74.50475667599714,0.0,0.1988845092608863,0.0498001134845978,0.0181089625042508,0,1.8554580831907614,-1.656573573929875
1135,518500,191500,Outer,Harrow,0.0,2.39290958409464,0.0,0.0,0.0,111.9994161,0.0,0.0,7309.718411655365,1.172869401,8.09830099229118,0.0,0.0,0.0,1278.6475529618692,0.0,7.737189266241701,1.5384049396059165,1.0656306127796886,0,8.522670315042207,-0.7854810488005066
1136,520500,191500,Outer,Barnet,0.0,0.730189864974203,0.0,0.0,0.0,31.11572419,0.0,0.2909,9751.269329321747,0.188338312,10.9437787402039,0.0,0.0,0.0,2812.842737262671,0.0,12.42402743735268,2.855672660288471,1.9566291440686947,0,13.224894710106305,-0.8008672727536261
1137,536500,198500,Outer,Enfield,0.0,1.98191704773781,44.6662339165507,0.0,0.0,35.7572963,0.0,0.01925,6678.353321906624,4.322490212,5.17762901022245,11.36258868,0.0,0.0622,2308.6169949576947,0.0,10.275631896549976,2.100749073709513,1.2903402177064112,0,10.224258824770457,0.05137307177951911
1138,518500,196500,Non GLA,Non GLA,0.0,5.52850576323913,0.0,0.0,0.0,0.0,0.0,0.0,3614.505202981604,1.910305689,4.9422825416342,559.50744151,0.0,0.0,1131.6406066237266,0.0,10.34151842902078,1.2719830341328653,0.8165501535938785,0,8.05092759412313,2.2905908348976496
1139,520500,196500,Non GLA,Non GLA,0.0,0.104311344993575,0.0,0.0,0.0,0.0,0.0,0.11237,6763.2355080378,48.39360199,9.06085118671935,0.0,0.0,0.0,1094.098836702493,0.0,9.270757329369458,1.905152737386344,1.443242931839415,0,6.747761394655244,2.5229959347142135
1140,522500,196500,Non GLA,Non GLA,0.0,0.0020982145647272,0.0,0.0,0.0,0.0,0.0,0.14363,10.531620810269953,0.0,0.0006315957150579,0.0,0.0,0.0,13.499465565965062,0.0,0.0625199107174675,0.017007285047664,0.0060310519580631,0,0.7883294069877316,-0.725809496270264
1141,522500,196500,Outer,Barnet,0.0,7.56920566170672,0.0,0.0,0.0,41.68819401,0.0,0.0,1713.510159129621,0.0,2.27701228625707,0.0,0.0,0.0,450.5170072791355,0.0,2.9562999791585143,0.4586425363657724,0.2597355652616816,0,3.340369866554891,-0.3840698873963766
1142,524500,196500,Outer,Barnet,0.0,0.312934034980725,0.0,0.0,0.0,550.2902289,0.0,0.0,9344.54857538745,7.464702324,8.11946447470622,0.0,0.0,0.0,5037.656153295126,0.0,19.64943984337807,6.850276533902538,2.96510337951933,0,19.674935602793393,-0.02549575941532467
1143,526500,196500,Outer,Barnet,0.0,1.98191704773781,0.0,0.0,0.0,637.3921952,0.0,0.0,5663.507976499908,8.347877935,7.6487706998696,401.21609241,0.0,0.0,2122.137556613687,0.0,15.11639793823833,5.26599812614996,1.693700044004884,0,12.662523522380534,2.453874415857797
1144,528500,196500,Outer,Barnet,0.0,0.0006598440680252,0.0,0.0,0.0,0.0,0.0,0.0,108.880330245653,0.048393162,0.000208577364787,0.0,0.0,0.0,6.904643120080665,0.0,0.0620909930805992,0.0234725589148437,0.0134882938660543,0,0.37029307510774245,-0.3082020820271433
1145,528500,196500,Outer,Enfield,0.0,5.82114436811849,0.0,0.0,0.0,0.0,0.0,0.0,2164.665155492021,4.545427814,1.84331628269722,0.0,0.0,0.0,1288.762426834607,0.0,5.342595537046288,1.6766783739307758,1.2231928228646671,0,5.09243846386474,0.2501570731815477
1146,530500,196500,Outer,Enfield,0.0,4.69397693536353,0.0,0.0,0.0,0.0,0.0,0.00082,3653.835962543637,0.422637878,6.23663995341389,0.0,0.0,0.0,1968.5496001400652,0.0,7.293610457514953,1.606808546787782,0.898943708449612,0,6.371191564195477,0.9224188933194766
1147,532500,196500,Outer,Enfield,0.0,2.71209720912278,0.0,0.0,0.0,44.26684518,0.0,0.01436,5749.011451906983,3.298564188,5.05995619475838,50.69146254,0.0,0.0,5534.09585080428,0.0,18.006013512802525,4.242423316790799,2.51091989961244,0,16.28161691402901,1.7243965987735166
1148,534500,196500,Outer,Enfield,0.0,1.14741658419997,0.0,0.0,0.0,16.9549907,0.0,0.0266,5785.799535201895,12.22180318,1.52974157507243,8.212685398,0.0,0.0,8427.788135121848,0.0,26.16129180343147,7.540173967810799,2.9437774993476693,0,22.859096951093576,3.3021948523378946
1149,536500,196500,Outer,Enfield,0.0,0.834491506378542,0.0,0.0,0.0,69.22519095,0.0,0.0,9327.03613702328,34.4266817,1.29440767138566,11.66044908,0.0,8.86453,3911.463926819139,0.0,52.9029734667087,8.795339998894649,4.717120584722161,1,17.257697669961516,35.645275796747185
1150,538500,196500,Non GLA,Non GLA,0.0,6.25863591381804,44.6662339165507,0.0,0.0,0.0,0.0,0.00053,554.4604440123198,2.930481591,1.88275918380456,0.0,0.0,0.0,292.61913015107865,0.0,1.8002569308440104,0.2422502714678766,0.1412324858170565,0,1.4025590784573954,0.39769785238661504
1151,540500,196500,Non GLA,Non GLA,0.0,1.25173688635284,0.0,0.0,0.0,0.0,0.0,0.04595,550.9203884507144,0.0,0.235346468588257,0.0,0.0,0.0,424.24758038657967,0.0,1.7366320539637308,0.2720524452404291,0.1272328197583545,0,1.5048730680342093,0.2317589859295215
1152,511500,194500,Non GLA,Non GLA,0.0,0.208625675706915,4.98927326314718,0.0,0.0,0.0,0.0,0.0,4831.470548235993,0.0,9.53167814951179,660.2444258,0.0,0.0,1503.151667465809,0.0,10.133767819041427,1.7577111920165938,1.228807205390416,0,8.650609389150663,1.4831584298907643
1153,513500,194500,Non GLA,Non GLA,0.0,5.73720906765993,0.882064025219716,0.0,0.0,0.0,0.0,0.23789,3517.2309587851464,1.282499495,4.58932691974943,0.0,0.0,0.0,711.6177194180168,0.0,4.98744509343096,0.8153610466051374,0.5528501410608715,0,5.336677198925586,-0.34923210549462613
1154,515500,194500,Non GLA,Non GLA,0.0,1.39958301123726,0.0,0.0,0.0,0.0,0.0,0.0,3620.563219593519,0.142508361,4.65349670933528,0.0,0.0,0.0,1478.8979730355386,0.0,5.936356045543916,1.0567441526643904,0.5906126348714477,0,5.882436959003994,0.05391908653992239
1155,515500,194500,Outer,Harrow,0.0,0.0505228570004016,0.0,0.0,0.0,0.0,0.0,0.0,225.852694448658,0.027076071,0.167984356363035,0.0,0.0,0.0,101.05511391671968,0.0,0.5761115520406571,0.0734009387192655,0.0335177239005414,0,1.0143467192933926,-0.4382351672527355
1156,517500,194500,Non GLA,Non GLA,0.0,1.4308666365031,0.0,0.0,0.0,0.0,0.0,0.223,911.6507712576082,16.50664506,0.807077966972058,0.0,0.0,0.0,1301.7950137410471,0.0,4.779746888832112,0.7919683024179095,0.4750925833002812,0,4.589951404088346,0.18979548474376617
1157,517500,194500,Outer,Barnet,0.0,0.283758327868846,0.0,0.0,0.0,0.0,0.0,0.0,153.51470509034456,7.350774527,0.160053390540529,0.0,0.0,0.0,4675.253386746585,0.0,11.80213699059582,1.570015064443358,0.4987906365975168,0,10.341668358579074,1.4604686320167453
1158,517500,194500,Outer,Harrow,0.0,0.258831299982305,0.0,0.0,0.0,0.0,0.0,0.377,320.8130283511672,7.020497477,0.145993265769643,0.0,0.0,0.0,3584.266126045566,0.0,9.216833465766284,1.2733945659660888,0.4003949862735248,0,9.138054777169657,0.07877868859662662
1159,519500,194500,Non GLA,Non GLA,0.0,0.185410958105498,0.0,0.0,0.0,0.0,0.0,0.22757,295.75747804299226,0.0,0.0124869991039381,13.319930883,0.0,0.0,0.0,0.0,0.5332902717575182,0.0526568490920213,0.0406496054378928,0,1.4211737043187735,-0.8878834325612553
1160,519500,194500,Outer,Barnet,0.0,4.89761571263325,0.0,0.0,0.0,0.0,0.0,0.29763,615.853402828539,0.0,0.329849605698883,826.9048346799999,0.0,0.0,6473.024289354636,0.0,23.24041099567386,2.712874622415272,0.9883418585649244,0,19.458104719404904,3.7823062762689545
1161,521500,194500,Outer,Barnet,0.0,7.19758954403828,0.0,0.0,0.0,31.3735893,0.0,0.0,1139.1859898320956,0.678604803,1.52977591913651,0.0,0.0,0.0,321.68520279384427,0.0,2.5142620471506496,0.3689079128319764,0.2417137522441313,0,2.72192572409749,-0.20766367694684051
1162,523500,194500,Outer,Barnet,0.0,7.61474983099928,0.0,0.0,0.0,125.4943572,0.0,0.35964,815.314008658813,0.0,2.47114587794765,0.0,0.0,0.0,1487.725445477398,0.0,5.632861777065291,1.1683518289491794,0.4570728536957978,0,5.760426434821556,-0.12756465775626502
1163,525500,194500,Outer,Barnet,0.0,7.09327670618482,0.0,0.0,0.0,0.0,0.0,0.50388,3248.874659736455,1.636034778,3.53025147673033,0.0,0.0,0.0,780.2887335307609,0.0,4.332137490610033,0.8319112775193876,0.5246604744836901,0,5.9945291383911075,-1.6623916477810745
1164,527500,194500,Outer,Barnet,0.0,1.98192077988752,0.0,0.0,0.0,0.0,0.0,0.41715,6251.867481794756,0.418380362,9.41389057461407,372.93061707,0.0,0.0,1668.341395077324,0.0,11.226832571031068,1.7756152992271592,1.2186872235122197,0,9.779090036794512,1.4477425342365553
1165,529500,194500,Outer,Barnet,0.0,0.027443243218343,0.0,0.0,0.0,225.7926438,0.0,0.20272,1899.6534055767909,2.1162467,0.439613234503044,0.0,0.0,0.0,135.57807760211722,0.0,1.9522752418978329,2.442545157232161,0.4794690500445604,0,3.6963922435681447,-1.7441170016703118
1166,529500,194500,Outer,Enfield,0.0,0.309728864813191,0.0,0.0,0.0,242.7005267,0.0,0.57942,7330.044394142865,7.109479383,4.96153364604197,0.0,0.0,0.0,4643.670402875263,0.0,16.306770763625117,4.058191560001905,2.039592486016596,0,17.79562223793178,-1.4888514743066636
1167,531500,194500,Outer,Enfield,0.0,0.208625675706915,0.0,0.0,0.0,36.61684669,0.0,0.0,8786.95750238097,4.1529554,9.88470329718482,62.679388024,0.0,0.0,2570.3998910057094,0.0,10.868449245246666,2.371000155453943,1.6035990932293531,0,11.36502375594085,-0.49657451069418457
1168,533500,194500,Outer,Enfield,0.0,1.98194466564563,0.0,0.0,0.0,5.157302351,0.0,0.04783,6904.2064801157885,0.178509714,6.35445182045449,0.537459059,0.0,0.0,7850.12701385771,0.0,22.93855570594259,4.891344916307667,2.536480014165378,0,21.344750931652115,1.5938047742904757
1169,535500,194500,Outer,Enfield,0.0,0.834503449257602,0.0,0.0,0.0,13.58089619,0.0,0.5879,7017.665933849384,0.0,4.00095111518764,12.02586909,0.0,0.0,3590.621931424745,0.0,12.975109844550149,3.027571506178961,1.814975806639734,0,14.584462087413392,-1.6093522428632436
1170,537500,194500,Outer,Enfield,0.0,0.11335807588098,0.0,0.0,0.0,0.0,0.0,0.30386,205.45052472269265,0.056481414,0.403309045788703,0.0,0.0,0.0,131.61055530638657,0.0,0.7762981027550792,0.1310671777510645,0.0745963646668198,0,1.0973403546630323,-0.3210422519079531
1171,537500,194500,Outer,Waltham Forest,0.0,0.685277175411898,0.0,0.0,0.0,88.6196454,0.0,0.0,3580.015799331712,0.138871447,2.43811023894174,0.0,0.0,0.0,2784.520240326419,0.0,9.568254323186627,1.9735407888423184,1.0831512460477557,0,8.925872637861563,0.6423816853250646
1172,539500,194500,Outer,Redbridge,0.0,4.627865635471e-05,0.0,0.0,0.0,0.0,0.0,0.12212,16.247132244592937,0.0,0.0001248113548324,0.0,0.0,0.0,0.0,0.0,0.0149168854240749,0.0106614444660114,0.003019509044789,0,0.2778562423931099,-0.26293935696903503
1173,539500,194500,Outer,Waltham Forest,0.0,1.85904049724658,44.6662339165507,0.0,0.0,60.16852743,0.0,0.21999,5017.39093515576,0.0,5.00992526999277,0.895872499,0.0,0.0,1467.3509186377175,0.0,6.721027969581857,1.613002400099233,1.0528436802622712,0,7.422843322184271,-0.7018153526024138
1174,541500,194500,Non GLA,Non GLA,0.0,1.87760943489394,0.0,0.0,0.0,0.0,0.0,0.52112,5370.090617830597,0.519391571,7.88413308399975,0.0,0.0,0.0,1289.3492680451095,0.0,5.7064438139370575,1.1223958056674523,0.711595848993612,0,6.731345909565896,-1.0249020956288382
1175,543500,194500,Non GLA,Non GLA,0.0,6.0501475812203,0.0,0.0,0.0,0.0,0.0,0.37187,589.71340075101,0.0,0.706050295346066,0.0,0.0,0.0,8519.713387782556,0.0,20.294836130484303,3.526071149579261,1.0810031166250127,0,19.316114342108307,0.9787217883759958
1176,545500,194500,Non GLA,Non GLA,0.0,9.5966706108868,0.0,0.0,0.0,0.0,0.0,0.5631,650.9741137022081,4.625054063,0.353020959372535,0.0,0.0,0.0,66.34998277312856,0.0,1.270915674018245,0.129838541657831,0.1003289261377562,0,2.890694288013192,-1.6197786139949468
1177,547500,194500,Non GLA,Non GLA,0.0,8.34503150685625,1.52460804246812,0.0,0.0,0.0,0.0,0.04842,230.8616385708809,0.0,0.588374966901688,0.0,0.0,0.0,165.42799581466582,0.0,1.0183285618288975,0.2109052761806491,0.1484064799275476,0,1.2167166528980609,-0.19838809106916333
1178,549500,194500,Non GLA,Non GLA,0.0,10.4311636101252,0.0,0.0,0.0,0.0,0.0,0.00015,144.59333830496598,0.0,0.0,0.0,0.0,0.0,45.20596400114863,0.0,0.6942068459641493,0.1035862884220477,0.0800882266140996,0,1.137196282801316,-0.44298943683716674
1179,551500,194500,Non GLA,Non GLA,0.0,6.29300901261053,0.0,0.0,0.0,0.0,0.0,0.24089,443.6335334544099,0.0,2.39835237763696,0.0,0.0,0.0,813.000909149284,0.0,2.494711457569324,0.5123880680569989,0.2552128249927699,0,2.288236979156503,0.20647447841282096
1180,551500,194500,Outer,Havering,0.0,0.0727612442387222,0.0,0.0,0.0,0.0,0.0,0.17885,50.33091756691347,0.0,0.0277307375954835,0.0,0.0,0.0,45.81619784915932,0.0,0.2037677486738087,0.0451479136145132,0.0217665273461382,0,0.20833649574663582,-0.004568747072827117
1181,553500,194500,Non GLA,Non GLA,0.0,2.00210275263782,0.0,0.0,0.0,0.0,0.0,0.1944,112.37065642519218,0.43569095,0.326540010645575,0.0,0.0,0.0,2443.080520398378,0.0,4.634586934552068,0.99944937475956,0.2263716719861175,0,5.313195515662412,-0.6786085811103435
1182,553500,194500,Outer,Havering,0.0,2.33315562801135,0.0,0.0,0.0,0.0,0.0,0.0,185.92886860091815,0.470334923,0.380533905342137,0.0,0.0,0.0,116.772077258611,0.0,0.7949750327814527,0.1362126867180744,0.0917853596545321,0,0.16396783010410587,0.6310072026773468
1183,555500,194500,Non GLA,Non GLA,0.0,9.44105415031444,0.0,0.0,0.0,0.0,0.0,0.2809,499.6653030636694,0.0,0.585187670222914,0.0,0.0,0.0,121.55490257003686,0.0,1.520942637912122,0.1863004596008007,0.13819276583822,0,1.8308748922786613,-0.30993225436653926
1184,555500,194500,Outer,Havering,0.0,6.9417984532065e-05,0.0,0.0,0.0,0.0,0.0,0.0,0.9706481240764224,0.0,4.18830049773199e-06,0.0,0.0,0.0,514.9066021417723,0.0,0.9050021582503336,0.2097980840798151,0.0396111671013141,0,0.5997508161465923,0.3052513421037413
1185,504500,193500,Non GLA,Non GLA,0.0,0.633462248183271,0.695939333793131,0.0,0.0,0.0,0.0,0.0,1553.3454587250646,0.504634758,1.58234411634364,0.0,0.0,1.70197,1084.1987038108066,0.0,3.600777164440855,0.8362153162767608,0.4175324719599417,0,4.27974171134022,-0.678964546899365
1186,504500,193500,Outer,Hillingdon,0.0,0.170197223043858,0.0,0.0,0.0,0.0,0.0,0.0,564.4566506169479,0.261573668,0.425140980963181,0.0,0.0,1.90935,45.2827786687025,0.0,1.8571836595136524,0.1582930312029954,0.1234044276947087,0,1.4941887674996757,0.3629948920139767
1187,506500,193500,Non GLA,Non GLA,0.0,6.98886608600907,0.0,0.0,0.0,0.0,0.0,0.00015,1502.260846875581,8.50041734,3.2948547485361,0.0,0.0,1.05027,3324.283161779097,0.0,9.290272169338827,2.061266217918841,0.9462977507322012,0,8.983840161503206,0.3064320078356211
1188,508500,193500,Non GLA,Non GLA,0.0,4.58966633679989,0.0,0.0,0.0,0.0,0.0,0.03286,2173.9552419148504,0.0,5.64827755141369,106.990874039,0.0,0.0,255.12501610557928,0.0,2.565671886158693,0.472092598929676,0.3800099531683706,0,2.806228274688795,-0.24055638853010208
1189,510500,192500,Non GLA,Non GLA,0.0,0.0,0.0,0.0,0.0,0.0,0.0,0.01533,2588.971630326735,0.269003548,3.88327662440336,0.0,0.0,0.0,1700.746608475043,0.0,5.980549307034679,1.2513872489586093,0.6676624219873283,0,5.623403389434179,0.3571459176005005
1190,512500,192500,Non GLA,Non GLA,0.0,2.90796788999438,0.0,0.0,0.0,0.0,0.0,0.13898,1867.2361267270576,0.036948902,2.12942746629829,546.2619526999999,0.0,0.0,743.3633544853126,0.0,5.967470072564243,0.8119315706002024,0.5619777503967257,0,6.621742976460009,-0.654272903895766
1191,512500,192500,Outer,Harrow,0.0,0.537460907725131,0.0,0.0,0.0,0.0,0.0,0.30003,777.9505002856674,0.015884753,0.393567896491079,188.79509415,0.0,0.0,5.209100518164919,0.0,1.5163058797915463,0.1388780911499659,0.1195420742895246,0,3.0266806660823278,-1.5103747862907815
1192,514500,192500,Outer,Harrow,0.0,5.3199577162461,0.0,0.0,0.0,39.10954283,0.0,0.0,744.645917058488,0.0,1.41210059069213,0.0,0.0,0.0,1571.2299806595113,0.0,4.87080689507093,1.0667341921594735,0.507033360985194,0,4.986476936341743,-0.11567004127081315
1193,516500,192500,Outer,Harrow,0.0,0.625869562821333,0.0,0.0,0.0,524.1091598,0.0,0.5715,6691.441385914163,0.0,9.53156422773825,0.0,0.0,0.0,3357.0550321716582,0.0,13.30767873088903,2.535946895265896,1.3510277185686468,0,14.73596267056238,-1.4282839396733493
1194,518500,192500,Outer,Harrow,0.0,0.296821598269874,0.0,0.0,0.0,19.25392878,0.0,0.5393,4617.249272913284,0.733594406,2.41087539612518,0.0,0.0,0.0,1959.362183593141,0.0,7.264250605670703,1.3177881168394996,0.7146064774494271,0,9.694420413661662,-2.4301698079909597
1195,518500,192500,Outer,Barnet,0.0,0.227072198843914,0.0,0.0,0.0,133.8201989,0.0,0.34011,3126.8612957432724,0.64163791,1.84434995526006,0.0,0.0,0.0,2005.748964822184,0.0,6.825732753322884,1.4299113921474689,0.7675142248680439,0,8.55885252306553,-1.733119769742646
1196,520500,192500,Outer,Barnet,0.0,0.0,0.0,0.0,0.0,95.7951666,0.0,0.36414,9858.954748409527,1.023987393,10.1200531164135,585.18453548,0.0,0.0,11198.270137557512,0.0,36.04590711886295,6.693284005036558,3.156395127766735,1,33.93466304239212,2.1112440764708325
1197,522500,192500,Outer,Barnet,0.0,4.17251575342813,0.0,0.0,0.0,314.952192,0.0,0.0,3712.688218699418,0.0,6.00142667278146,0.0,0.0,0.0,907.1603596436262,0.0,6.845202442914167,2.900786176036036,0.8107552034174327,0,5.912488307445807,0.9327141354683599
1198,524500,192500,Outer,Barnet,0.0,6.15446041907376,0.0,0.0,0.0,140.610647,0.0,0.257,3658.270679748551,8.355965158,3.1772263290573,0.0,0.0,0.0,1134.97391720243,0.0,6.371515683169065,1.062618116422497,0.5828975926628763,0,7.225797003466906,-0.854281320297841
1199,526500,192500,Outer,Barnet,0.0,0.834503449257602,0.0,0.0,0.0,385.6802608,0.0,0.0,11401.348590857246,8.78479897,7.06050211580056,0.0,0.0,0.0,3538.7683316481944,0.0,15.835370016199215,3.4298794151543115,2.261863033932717,0,18.244341676380873,-2.408971660181658
1200,528500,192500,Outer,Enfield,0.0,0.0458628948774588,0.0,0.0,0.0,133.8201989,0.0,0.2698,1804.0403704275093,10.14890568,0.258691217902516,15.507370589,0.0,0.0,2183.2255403852832,0.0,6.787012314711765,1.263991267331403,0.52960966221495,0,7.765900721838139,-0.9788884071263739
1201,528500,192500,Outer,Barnet,0.0,0.651535556349667,0.0,0.0,0.0,78.90672597,0.0,0.27946,6184.538938135404,38.25222157,3.67497736276936,452.75032945,0.0,0.0,2600.632781008373,0.0,15.167869129273278,2.290264922960703,1.3178623661371105,0,13.708723124219718,1.4591460050535598
1202,530500,192500,Outer,Enfield,0.0,1.43166606297013,0.0,0.0,0.0,31.3735893,0.0,0.0008266430626897,7005.391530773747,0.502139486,2.64331685948821,55.58070816,0.0,0.0,6946.543807820029,0.0,19.828351134922617,3.721235100661532,1.7226782304145016,0,21.049735273362888,-1.2213841384402713
1203,532500,192500,Outer,Enfield,0.0,0.29313945936991,0.0,0.0,0.0,0.0,0.0,0.002580418763321,3644.777808597684,7.148143568,1.4225026538083,0.0,0.0,0.0,6401.123489503712,0.0,16.923186306624956,4.25561970369936,2.032492462961097,0,16.492947631442476,0.4302386751824798
1204,534500,192500,Outer,Enfield,0.0,0.130314724855334,0.0,0.0,0.0,236.2668085,0.0,0.0087697862183261,8107.303553511466,8.18300178,0.759361497061497,3.497045026,0.0,0.0,6957.999701926566,0.0,21.51908335512096,4.435448516817615,1.9251719291369185,0,23.148386578966246,-1.6293032238452874
1205,536500,192500,Outer,Enfield,0.0,0.0304401594322811,0.0,0.0,0.0,0.0,0.0,0.0017256547117012,1202.568186892811,0.089770995,0.190369984863312,0.0,0.0,2.24676876332356,1131.061988236916,0.0,4.376796761076134,1.003830819058234,0.5874467995293133,0,3.546224357151196,0.830572403924938
1206,536500,192500,Outer,Waltham Forest,0.0,0.290102982369088,0.0,0.0,0.0,37.99212732,0.0,0.0413188840860718,5037.357268983829,0.252884127,1.65553047924101,0.0,0.0,0.0,5011.303702015917,0.0,15.262707141683869,3.559073092064161,1.7648010692726404,0,15.043460596877887,0.2192465448059817
1207,538500,192500,Outer,Waltham Forest,0.0,0.417246872834183,0.0,0.0,0.0,98.23813723,0.0,0.0,6922.114858749852,0.85849932,5.17763989980375,2.799957551,0.0,0.0,2145.7235365415763,0.0,9.641602736134889,2.1105386099591823,1.296833417560455,0,10.007313399478534,-0.3657106633436449
1208,540500,192500,Outer,Redbridge,0.0,0.812409122997934,44.6662339165507,0.0,0.0,137.037058,0.0,0.0,6630.656719005515,0.122001861,7.33181017012244,0.0,0.0,0.0,2761.8979265141447,0.0,10.782454007182336,2.4242405621072325,1.3789566430842604,0,10.620265459272456,0.1621885479098797
1209,540500,192500,Outer,Waltham Forest,0.0,0.0001477931283585,0.0,0.0,0.0,0.0,0.0,0.00569,111.25189570298843,0.001647564,0.001336905518876,0.0,0.0,0.0,1.4561508682424007,0.0,0.0566838251526544,0.01599120761717,0.0078320801711987,0,0.10103835295048391,-0.04435452779782951
1210,542500,192500,Non GLA,Non GLA,0.0,3.66575700204464,0.0,0.0,0.0,0.0,0.0,0.00325,1337.6569678260032,0.114704926,0.855585188016591,0.0,0.0,0.0,6500.960815454025,0.0,15.907226344401886,2.895622470279314,0.9525979901137142,0,14.75725126089168,1.1499750835102063
1211,542500,192500,Outer,Redbridge,0.0,0.297115691666709,0.0,0.0,0.0,0.0,0.0,0.0,802.4495651879533,0.03265602,0.0693465290010481,0.0,0.0,0.0,1783.5044889452065,0.0,4.695773226225013,0.9511160612736924,0.401066022184745,0,4.380877610844809,0.3148956153802036
1212,544500,192500,Non GLA,Non GLA,0.0,2.47984777220667,0.0,0.0,0.0,0.0,0.0,0.0,6273.768145812084,0.7450689,8.27596116046407,0.0,0.0,0.0,2302.5523076864265,0.0,8.256568619634814,1.657916686622882,0.9406837492759292,0,8.366361333497444,-0.10979271386263001
1213,544500,192500,Outer,Redbridge,0.0,5.5982245590375e-05,0.0,0.0,0.0,0.0,0.0,0.06317,21.249603795416917,0.003544456,0.0001876358622983,0.0,0.0,0.0,18.78342912853464,0.0,0.0609711740473112,0.0211684714472931,0.0079318200406837,0,0.07466710150455036,-0.01369592745723916
1214,546500,192500,Non GLA,Non GLA,0.0,0.0243515304018719,0.106382940199167,0.0,0.0,0.0,0.0,0.09305,176.98599073706,0.141221548,0.225869182221989,0.0,0.0,0.0,130.70867069688182,0.0,0.4539319149808365,0.0977403773414328,0.0412101405957845,0,0.4031199854201226,0.0508119295607139
1215,546500,192500,Outer,Redbridge,0.0,0.660765162572667,0.0,0.0,0.0,95.81962112,0.0,0.10449,5897.804177056794,0.735637422,6.12889927375013,0.0,0.0,0.0,1471.757215843887,0.0,6.836871664591042,1.9242636257612973,1.2871119141799376,0,7.36365020738044,-0.5267785427893976
1216,548500,192500,Outer,Havering,0.0,0.412620500058594,0.0,0.0,0.0,0.0,0.0,0.10459,111.30556495114918,0.0,0.0244990449314335,0.0,0.0,0.0,0.0,0.0,0.228195111432937,0.0315439995025851,0.0225256324708169,0,0.14982999566293387,0.07836511577000313
1217,548500,192500,Outer,Redbridge,0.0,4.72310412452923,0.0,0.0,0.0,127.7074174,0.0,0.08762,635.6826795967835,0.0,0.280427659825645,0.0,0.0,0.0,46.641264511802746,0.0,1.692802996440714,1.5711967756025191,0.2549774279125582,0,1.68957909299702,0.003223903443694054
1218,550500,192500,Outer,Havering,0.0,2.50350960134286,0.0,0.0,0.0,21.66066987,0.0,0.0,2299.2019310646124,0.237848568,4.00095111518764,0.0,0.0,0.0,505.31603987705824,0.0,2.8035154245103997,0.6429199896176271,0.4622695469199115,0,2.098185370606828,0.7053300539035718
1219,552500,192500,Outer,Havering,0.0,8.76228285827008,0.0,0.0,0.0,5.844942665,0.0,0.02074,653.4888823742319,0.0,0.706050295346066,0.0,0.0,0.0,969.5765012485814,0.0,3.4856088668046588,0.8795152596379638,0.4517509669292582,0,3.137814616370896,0.34779425043376255
1220,554500,192500,Outer,Havering,0.0,2.71213527704978,0.0,0.0,0.0,0.0,0.0,0.47679,4002.245433782593,3.390457534,5.88375218199718,0.0,0.0,0.0,1062.059057209852,0.0,5.364223329533006,1.3685330267219105,0.9632122159766952,0,5.23491146223739,0.12931186729561617
1221,556500,192500,Non GLA,Non GLA,0.0,0.893759536570102,0.0,0.0,0.0,0.0,0.0,0.4079,359.3812553458854,0.221604546,0.235257676617705,20.74175937,0.0,0.0,4175.639822717838,0.0,7.950723903714003,2.12259818190206,0.5684330559564605,0,9.558655057067684,-1.6079311533536806
1222,556500,192500,Outer,Havering,0.0,2.42222711289535,0.0,0.0,0.0,0.0,0.0,0.0,835.8686509754114,0.364817985,0.63758498476974,0.0,0.0,0.0,16424.228656730636,0.0,32.65235556382312,7.909098822114032,2.1123939639083456,1,34.23147086056126,-1.5791152967381379
1223,504500,191500,Non GLA,Non GLA,0.0,0.0380343376541008,0.0,0.0,0.0,0.0,0.0,0.47958,29.953536227165696,0.352513021,0.0173940119670809,0.0,0.0,1.60897,41.21499488775374,0.0,0.2027773206673229,0.0760710939821158,0.0549745410276186,0,2.225506367348462,-2.022729046681139
1224,504500,191500,Outer,Hillingdon,0.0,3.13132062844127,0.0,0.0,0.0,0.0,0.0,0.20624,2310.8693447972287,3.198544767,1.43206789448502,0.0,0.0,3.41947,239.44819614909164,0.0,5.6487878877817055,0.5634220279558827,0.4418743132214618,0,4.132742860328985,1.5160450274527202
1225,506500,191500,Non GLA,Non GLA,0.0,0.395519790105588,0.0,0.0,0.0,0.0,0.0,0.12066,230.38213389735563,0.224181859,0.0846212609162766,0.0,0.0,0.0,49.70953566544047,0.0,0.4659555602579663,0.0584588914242231,0.0333565248762594,0,1.5487117598555535,-1.0827561995975872
1226,506500,191500,Outer,Hillingdon,0.0,3.35181901879299,3.38922177013318,0.0,0.0,0.0,0.0,0.62469,1294.4039942084055,0.652615573,0.717119973561571,0.0,0.0,0.0,279.38542127649976,0.0,4.494490647626406,0.4768974737408882,0.3466062240976409,0,4.378732623551558,0.11575802407484748
1227,508500,191500,Outer,Hillingdon,0.0,1.14742778064909,3.31506470366196,0.0,0.0,220.7207435,0.0,0.0,6375.701835621393,2.962211042,9.41389057461407,0.0,0.0,0.0,3236.071537749092,0.0,15.78340459315322,2.4708062193897677,1.2356270065770878,0,11.861009427174693,3.9223951659785268
1228,510500,190500,Outer,Hillingdon,0.0,0.125385301523616,0.0,0.0,0.0,0.0,0.0,0.47102,6800.914929139462,5.284660879,6.22365957251132,80.134353807,0.0,0.0,2484.0272682385425,0.0,12.74218867300355,2.37895153179547,1.492980450332737,0,12.05460468104053,0.6875839919630202
1229,510500,190500,Outer,Harrow,0.0,0.0105380979099322,0.0,0.0,0.0,0.0,0.0,0.37636,1678.3959390953878,1.53204585,0.523065121920354,0.0,0.0,0.0,549.1492866885228,0.0,2.1171747077158964,0.434012427307477,0.2555544671501766,0,4.29502681328143,-2.1778521055655333
1230,512500,190500,Outer,Harrow,0.0,2.81638616121812,0.0,0.0,0.0,143.8027806,0.0,0.38069,6358.729625609028,0.208934412,8.59008872375457,0.0,0.0,0.0,2588.6903146599266,0.0,9.796431394637494,2.0263594874320927,1.1263321458362423,0,11.401552227787171,-1.6051208331496767
1231,514500,190500,Outer,Harrow,0.0,0.0,0.0,0.0,0.0,190.8217823,0.0,0.64096,9540.525791258897,0.668072063,11.6496656918306,561.2231905,0.0,0.0,2562.086708929221,0.0,13.89080365290624,6.786565147383156,2.153346213021858,0,16.5178411091217,-2.6270374562154615
1232,516500,190500,Outer,Harrow,0.0,0.312931795690902,0.0,0.0,0.0,201.6387248,0.0,0.0,10403.856280874066,0.0,10.9435383317553,0.0,0.0,0.0,3005.037527240549,0.0,12.202334285302951,2.734894172376366,1.9189761783901311,0,14.39604269336223,-2.193708408059278
1233,518500,190500,Outer,Harrow,0.0,1.87760570274423,0.0,0.0,0.0,155.8005149,0.0,0.23604,7988.91036713246,14.08424081,8.11946447470622,0.0,0.0,0.0,3514.882300438124,0.0,13.166652693735548,5.264652121467744,2.1761882258944727,0,14.485429844819471,-1.318777151083923
1234,520500,190500,Outer,Harrow,0.0,0.0001873539152424,0.0,0.0,0.0,0.0,0.0,0.38113,169.75679353296186,0.040035665,0.0015865282285408,0.0,0.0,0.0,109.18216588316837,0.0,0.3356442506502007,0.0751433402793606,0.0366415744168715,0,1.8306454742228375,-1.4950012235726369
1235,520500,190500,Outer,Barnet,0.0,0.755847647773184,0.0,0.0,0.0,85.77647026,0.0,0.42864,7564.90178357677,2.541787947,6.39501718609523,0.0,0.0,0.0,3298.988120469631,0.0,13.692908291409838,3.633590409732648,1.579194984540642,0,14.115267204191419,-0.422358912781581
1236,520500,190500,Outer,Brent,0.0,0.0191108457846716,0.0,0.0,0.0,231.3673712,0.0,0.0,1683.484326177046,0.404166936,0.161691016035142,0.0,0.0,0.0,351.6607165069732,0.0,2.6612527557958083,0.5131792834829944,0.3944763961103576,0,3.8703597470175772,-1.209106991221769
1237,522500,190500,Outer,Barnet,0.0,3.85952275048205,21.4640763567215,0.0,0.0,73.23369339,0.0,0.10881,5247.941025319774,0.41095455,4.47158876679758,732.66327404,0.0,0.0,12906.179921781602,0.0,40.85184777398327,6.750554075637576,2.6542444285855464,1,35.245241645705235,5.606606128278038
1238,524500,190500,Outer,Barnet,0.0,0.417245379974301,9.24180841691388,0.0,0.0,198.6420956,0.0,0.0,10261.024011860116,3.536134735,10.2375852049808,0.0,0.0,0.0,3118.4138790696998,0.0,13.53601239581183,2.4550017942586617,1.4312030124988342,0,14.526375005399863,-0.9903626095880327
1239,526500,190500,Outer,Barnet,0.0,0.016894695289234,0.0,0.0,0.0,39.19549787,0.0,0.128896704380764,4216.815494767057,5.959372495,3.36239025640193,0.0,0.0,0.0,5854.067747107386,0.0,15.757641410576715,3.0124027631370685,1.2464613514931762,0,15.939781680556788,-0.1821402699800725
1240,538500,190500,Outer,Waltham Forest,0.0,0.0019892357933113,0.0,0.0,0.0,0.0,0.0,0.0009638823850336,942.9244483971596,3.616928521,0.341240945392614,0.216868303,0.0,0.0,8142.314658670494,0.0,18.94562217901644,4.228481666425659,1.4204190924554474,0,17.630117703942577,1.3155044750738618
1241,540500,190500,Outer,Redbridge,0.0,0.0268602814342619,0.0,0.0,0.0,66.70111041,0.0,0.102925237721167,5365.052736085001,10.85205318,0.955406629099236,0.0,0.0,0.0,7625.79357285572,0.0,20.111003775251987,4.940480999477781,2.0863862509688405,0,21.128312438907997,-1.01730866365601
1242,542500,190500,Outer,Redbridge,0.0,1.98191704773781,0.0,0.0,0.0,0.0,0.0,0.0,6516.298609530159,1.014863063,4.58926241992176,0.0,0.0,0.0,1742.725359758732,0.0,7.530169880181462,1.6569244957205636,1.176390577633171,0,8.623752028168527,-1.0935821479870649
1243,544500,190500,Outer,Redbridge,0.0,3.23365468052059,1.17003564776398,0.0,0.0,90.5966113,0.0,0.01162,5762.712383641367,0.447318693,5.53064913193489,0.0,0.0,0.0,4060.317139288553,0.0,13.301822730023597,2.7240371642376755,1.4938718089368868,0,12.890706517204471,0.4111162128191257
1244,546500,190500,Outer,Redbridge,0.0,8.8664717887533,0.0,0.0,0.0,105.6634687,0.0,0.0,430.0088702377161,0.801687913,0.117673653124178,0.0,0.0,0.0,1004.1423283879716,0.0,4.028759690188471,1.9399950386229805,0.5659513914169108,0,3.7719348990849433,0.2568247911035275
1245,548500,190500,Outer,Havering,0.0,0.0042434542157504,0.0,0.0,0.0,0.0,0.0,0.10509,74.155506968054,0.022384099,0.0007002838432207,0.0,0.0,0.0,0.0,0.0,0.0521545603379477,0.0362785982243785,0.0284372144484866,0,0.10340296352817191,-0.05124840319022421
1246,548500,190500,Outer,Redbridge,0.0,0.37087939131647,0.0,0.0,0.0,0.0,0.0,0.0,100.96599945372152,0.20926905,0.0612270896561448,0.0,0.0,0.0,115.5873292014548,0.0,0.4813686087401853,0.1318517178709684,0.0652382602022182,0,0.14560233928421518,0.3357662694559701
1247,548500,190500,Outer,Barking and Dagenham,0.0,5.06476899437688,0.0,0.0,0.0,133.8201989,0.0,0.01777,1560.6963871255657,0.773335796,0.836128856884427,0.0,0.0,0.0,1200.4654359298506,0.0,6.451702475165457,1.2643469936672955,0.5324446756246661,0,4.71564466586401,1.736057809301447
1248,550500,190500,Outer,Havering,0.0,0.521557471397817,0.0,0.0,0.0,11.94775045,0.0,0.31758,7434.581181533085,0.37492409,11.0612991015299,0.0,0.0,0.0,3669.692006004912,0.0,12.66886250217633,3.2980954729202554,1.9837326372441213,0,11.862382891288348,0.8064796108879815
1249,552500,190500,Outer,Havering,0.0,6.15437457963052,0.0,0.0,0.0,62.74717861,0.0,0.4155,2923.7276732929863,2.93672706,4.23624229820933,0.0,0.0,0.0,3909.594607309833,0.0,11.715892260367434,2.307980241488431,1.0319829104923892,0,11.180035963799886,0.5358562965675482
1250,554500,190500,Outer,Havering,0.0,0.20862268998715,0.0,0.0,0.0,0.0,0.0,0.0,6255.57091013508,0.860500162,9.17852483984352,179.2664061,0.0,0.0,4061.825286154691,0.0,14.171909030996137,2.891272861361951,1.6478773448693391,0,12.017630533610433,2.154278497385704
1251,556500,190500,Outer,Havering,0.0,6.98881010376347,0.0,0.0,0.0,31.3735893,0.0,0.2941,767.6282605417746,0.0,1.76508636834049,0.0,0.0,0.0,872.5014574022815,0.0,3.6371833792259065,0.5969821467522045,0.3289987071970457,0,3.1815552591919474,0.45562812003395914
1252,504500,189500,Non GLA,Non GLA,0.0,0.0033984955223063,1.04282126483554,0.0,0.0,0.0,0.0,0.49805,53.62833889025793,0.0,0.0030675112845389,0.0,0.0,0.0,0.0,0.0,0.0592178441034193,0.0159113448990608,0.0080174933651465,0,2.222230814947185,-2.1630129708437655
1253,504500,189500,Outer,Hillingdon,0.0,0.927441441237036,9.81359056516058,0.0,0.0,0.0,0.0,0.5527,1885.847775137268,0.0,0.836994997427358,0.0,0.0,5.47942,27.38863179295245,0.0,5.043681423528278,0.457545217037806,0.3986048900823352,0,4.103879428498805,0.9398019950294723
1254,506500,189500,Outer,Hillingdon,0.0,8.55365718256317,0.0,0.0,0.0,0.0,0.0,0.47801,1679.9740365826806,0.0,0.235349819228655,0.0,0.0,0.0,201.19107391952983,0.0,5.76437967286176,0.458374715275073,0.3501024969223917,0,5.012589980535514,0.7517896923262457
1255,508500,189500,Outer,Hillingdon,0.0,1.4603633084897,0.0,0.0,0.0,0.0,0.0,0.0,2372.781696981842,0.0,0.823715571869249,0.0,0.0,0.0,1108.3322471973854,0.0,8.291498139031429,1.2446858719964236,0.7798106467349191,0,5.378452897359712,2.9130452416717167
1256,558500,189500,Non GLA,Non GLA,0.0,8.49296869619349,0.0,0.0,0.0,0.0,0.0,0.45282,514.2885174853456,0.0,0.206040930005626,0.0,0.0,0.0,58.23168240595029,0.0,1.2868960236415927,0.118926912781401,0.0892441222644035,0,2.1121138694368984,-0.8252178457953057
1257,558500,189500,Outer,Havering,0.0,0.0401534522571818,0.0,0.0,0.0,0.0,0.0,0.0,31.79077491454743,0.0,0.0009741986957724,0.0,0.0,0.0,6187.827016649537,0.0,11.04613821819016,2.4289488290940797,0.4608927230801842,0,12.297418961080062,-1.251280742889902
1258,560500,189500,Non GLA,Non GLA,0.0,8.03199595740352,0.0,0.0,0.0,0.0,0.0,0.19887,510.51996911733664,60.50375158,1.05906287811761,0.0,0.0,0.0,98.44307320568412,0.0,2.871449121120732,0.3490323845497269,0.3030389059368943,0,1.2893106974245452,1.5821384236961866
1259,510500,188500,Outer,Hillingdon,0.0,0.20862268998715,0.0,0.0,0.0,79.42245621,0.0,0.56562,7493.580293411034,0.617669396,10.4729316735691,0.0,0.0,0.0,4105.646742769119,0.0,17.62450347494431,3.4607339293728514,2.145538993931305,0,14.96302821732555,2.6614752576187577
1260,512500,188500,Outer,Harrow,0.0,0.208621197127268,0.0,0.0,0.0,64.98200962,0.0,0.44161,8899.558573944154,0.969668037,11.4142279182915,6.428100687000001,0.0,0.0,2468.6073027913194,0.0,9.743433919856168,2.343721492186779,1.6821878408937565,0,12.279684672947702,-2.536250753091535
1261,514500,188500,Outer,Harrow,0.0,1.04311419636569,0.0,0.0,0.0,436.7484063,0.0,0.0,9797.978950457302,0.202709274,8.82550471813109,99.923813447,0.0,0.0,2961.7386829931474,0.0,13.36850931910325,2.559089380088755,1.4991837594106443,0,16.048931004314728,-2.6804216852114777
1262,516500,188500,Outer,Brent,0.0,0.0707473762573511,0.0,0.0,0.0,101.0506421,0.0,0.65481,2215.2883899896,0.593408987,0.445604179535,296.1600723,0.0,0.0,3369.538998843556,0.0,11.660353089084683,2.383581487878123,1.280498602476399,0,12.987543809213674,-1.327190720128991
1263,516500,188500,Outer,Harrow,0.0,0.727306406111328,0.0,0.0,0.0,203.4803033,0.0,0.60484,7358.384405725369,1.90264641,4.58096707195595,577.2989049,0.0,0.0,533.3456082381302,0.0,9.919754652189166,1.526190344633438,1.1498226114346672,0,12.545877042855542,-2.626122390666376
1264,518500,188500,Outer,Brent,0.0,0.38596324756834,47.9084649756288,0.0,0.0,157.89622,0.0,0.55082,8845.815314039335,0.480172158,7.75018788344188,0.0,0.0,0.0,2648.666715998039,0.0,12.60239256223938,7.417894244042268,2.0265129600277016,0,14.3913112192109,-1.7889186569715196
1265,518500,188500,Outer,Harrow,0.0,0.0101865294076246,0.0696596320762558,0.0,0.0,20.33484603,0.0,0.55581,1493.1201730078114,0.078008617,0.204552408008733,0.0,0.0,0.0,110.81850706165876,0.0,0.9994194848805824,0.314929565892555,0.2207300297669127,0,3.6285314864033857,-2.6291120015228033
1266,520500,188500,Outer,Brent,0.0,2.08622839273139,0.0,0.0,0.0,78.84358146,0.0,0.52374,8613.514130841537,3.650687385,8.70783106500691,0.0,0.0,0.0,3575.6477351685667,0.0,15.558403373073906,2.7819532369575706,1.5678993145687043,0,15.348681568064908,0.20972180500899817
1267,522500,188500,Outer,Barnet,0.0,0.0,0.0,0.0,0.0,258.9182136,0.0,0.58412,12471.7714881853,5.520585361,5.64832278505907,864.64023588,0.0,0.0,12668.506864124389,0.0,44.96131787107673,6.841380707460932,3.167017727230807,1,43.41679982251789,1.5445180485588423
1268,524500,188500,Outer,Barnet,0.0,0.0,0.0,0.0,0.0,0.0,0.0,0.0196521306902069,294.53097425850075,3.224244779,0.256516652284093,0.0,0.0,0.0,1041.061553329895,0.0,2.9214646607985792,0.6690444560575537,0.2437443538118614,0,2.868066069821962,0.05339859097661703
1269,542500,188500,Outer,Redbridge,0.0,0.0,0.954467173687308,0.0,0.0,86.90054462,0.0,0.00115,10456.162581819097,1.157024208,5.64832278505907,0.0,0.0,0.0,6325.948391527411,0.0,19.745486971275657,4.398561609734608,2.389755612386699,0,21.716168344810843,-1.9706813735351858
1270,544500,188500,Outer,Redbridge,0.0,0.417245379974301,0.0,0.0,0.0,31.3735893,0.0,0.01449,10182.887528638028,1.17360288,4.23624229820933,0.0,0.0,0.0,6416.56708583256,0.0,20.084667942830897,4.510662508671761,2.784615823835374,0,21.856723554561466,-1.7720556117305684
1271,546500,188500,Outer,Redbridge,0.0,2.92071989910993,0.0,0.0,0.0,120.8495981,0.0,0.00044,8107.178023240408,0.166865491,4.82460888851002,0.0,0.0,0.0,1531.149718483666,0.0,10.70831545084115,9.575144118897445,3.0976040929090294,0,10.20728580568921,0.5010296451519398
1272,548500,188500,Outer,Havering,0.0,0.0155675428537715,0.0,0.0,0.0,0.0,0.0,0.0,112.2276938829594,0.76131862,0.0345174597220084,0.0,0.0,0.0,0.1243648526605723,0.0,0.1744764535995989,0.0274013398621569,0.0192249897138078,0,-0.08534384425581365,0.25982029785541255
1273,548500,188500,Outer,Barking and Dagenham,0.0,2.60658411192386,0.0,0.0,0.0,56.07304586,0.0,0.18717,8297.728076829786,9.851308401,5.7795631811555,0.0,0.0,0.0,4748.230422023475,0.0,18.798176111640505,3.25066108769656,1.7471525092300182,0,16.785168722122414,2.0130073895180907
1274,550500,188500,Outer,Havering,0.0,0.625868816391392,0.0,0.0,0.0,140.6239452,0.0,0.35422,8049.046433968485,2.481203519,4.23624229820933,157.2045151,0.0,0.0,4314.711454159577,0.0,16.265120670494547,3.175411258232749,1.7135704370525242,0,17.338515292873236,-1.0733946223786894
1275,552500,188500,Outer,Havering,0.0,0.730180161384967,0.0,0.0,0.0,208.3086482,0.0,0.48653,8570.352513691603,1.930997118,9.17852483984352,67.38341251,0.0,0.0,3444.121237389722,0.0,13.872821991820569,2.7241822394591493,1.693795820983588,0,14.651185140089353,-0.7783631482687845
1276,554500,188500,Outer,Havering,0.0,0.0,0.0,0.0,0.0,343.9920668,0.0,0.48206,5682.769725034924,1.449116392,11.6496656918306,0.0,0.0,0.0,1377.544619698186,0.0,7.563434671387457,1.3046712062867194,0.7863490372834109,0,6.9718443438310445,0.5915903275564123
1277,556500,188500,Outer,Havering,0.0,6.67587830807257,0.0,0.0,0.0,23.80954585,0.0,0.0,2940.8412328364434,0.0,3.05948398780495,0.0,0.0,0.0,2916.411719245545,0.0,9.303125737253731,1.831074768086305,0.8423355361960723,0,8.35445108139617,0.9486746558575607
1278,504500,187500,Non GLA,Non GLA,0.0,4.66524535406667,0.0,0.0,0.0,199.4424631,0.0,0.44255,835.9312710543117,0.253200893,1.78560904077937,560.8956918,0.0,0.0,495.1669386421455,0.0,4.538190758463573,0.7760710010148749,0.5912925792256508,0,7.366515484431229,-2.828324725967656
1279,504500,187500,Outer,Hillingdon,0.0,0.0660493462074069,0.0,0.0,0.0,0.0,0.0,0.5168,174.10230122589212,0.030127442,0.0252805818043103,158.260361901,0.0,0.0,0.0,0.0,0.9958417867351084,0.059830946270175,0.0440449927467782,0,3.145652601031351,-2.1498108142962424
1280,506500,187500,Outer,Hillingdon,0.0,6.8846510304779,0.0,0.0,0.0,26.45077605,0.0,0.0,1700.013091660106,7.154354208,0.588374966901688,721.75568601,0.0,0.0,618.2819720797428,0.0,8.990638897171776,0.8530913875164198,0.549892806803564,0,7.994249634074741,0.9963892630970346
1281,508500,187500,Outer,Hillingdon,0.0,3.33797274338364,0.0,0.0,0.0,0.0,0.0,0.38691,5981.252517941408,0.0,8.00180673712393,0.0,0.0,0.0,1851.3271065042695,0.0,11.164414092943964,2.115347853401825,1.4482879770656507,0,9.297190157305016,1.8672239356389486
1282,558500,187500,Non GLA,Non GLA,0.0,0.0856722429317451,0.0,0.0,0.0,0.0,0.0,0.64864,54.17901333835205,0.0,0.0105913742986646,0.698064981,0.0,0.0,0.0,0.0,0.0930185411225472,0.0177019341850944,0.0094317236955853,0,1.1291430490029413,-1.036124507880394
1283,558500,187500,Outer,Havering,0.0,6.08508498104834,0.0,0.0,0.0,0.0,0.0,0.8369,783.2343547715859,0.0,0.752280756240031,3.645289018,0.0,0.0,13300.604495654716,0.0,25.076431232220777,5.394520172856153,1.138263272069786,0,30.120731539800765,-5.044300307579988
1284,560500,187500,Non GLA,Non GLA,0.0,3.92363585742197,0.0,0.0,0.0,0.0,0.0,0.47166,244.5929121360674,0.0,0.0962228532949942,4.200207402,0.0,0.0,50.28755741429155,0.0,0.5136017923903301,0.0689472598871997,0.0454181818687737,0,1.380298610459457,-0.8666968180691269
1285,560500,187500,Outer,Havering,0.0,1.24776214691593,0.0,0.0,0.0,0.0,0.0,0.0,103.414994619605,0.0,0.0305997234364299,0.0,0.0,0.0,51.14118855899333,0.0,0.4389733314931372,0.0782064946681519,0.0525875876944023,0,-0.1614501440745233,0.6004234755676605
1286,510500,186500,Outer,Hillingdon,0.0,2.19057034135255,0.0,0.0,0.0,185.1347888,0.0,0.4554,8985.749142850405,1.832088061,9.06097767339438,0.0,0.0,0.0,2761.6104279443725,0.0,14.511287004513257,3.8981241099541712,2.310443110312792,0,14.541578607336607,-0.030291602823350416
1287,512500,186500,Outer,Harrow,0.0,1.11034364831014,33.9774548319691,0.0,0.0,175.0044598,0.0,0.88917,8109.459133903992,0.483034807,6.84740976307695,0.0,0.0,0.0,1145.0806086750638,0.0,6.876263910529745,1.9978310144689215,1.6147863740438806,0,11.96048662752628,-5.084222716996535
1288,512500,186500,Outer,Hillingdon,0.0,0.0388643677487207,3.56234514349137,0.0,0.0,0.0,0.0,0.0,1302.2182557440976,0.090370584,0.239675495982713,0.0,0.0,0.0,584.126631278401,0.0,2.742036432102226,0.4405224878110612,0.2783752933854566,0,3.2291976209997646,-0.48716118889753846
1289,514500,186500,Outer,Harrow,0.0,0.625877027120745,31.6737371308064,0.0,0.0,354.6790286,0.0,0.66114,8886.220143435217,3.687254361,6.8251522965719,0.0,0.0,0.0,3771.094295333642,0.0,15.631092769934275,3.676670427303908,2.3376694878325184,0,18.264345833983274,-2.633253064048999
1290,516500,186500,Outer,Brent,0.0,1.01498573046132,0.0,0.0,0.0,71.08481741,0.0,0.0,11556.007317734138,0.165114123,8.95183307540378,0.0,0.0,0.0,4758.350136990763,0.0,20.30567734186211,3.76777542803553,1.9518077910439764,0,19.30115763968261,1.0045197021795005
1291,516500,186500,Outer,Harrow,0.0,0.004059832450214,0.0,0.0,0.0,0.0,0.0,0.0,145.75029416134345,0.010442394,0.0358049432950112,0.0,0.0,0.0,15.318197400244992,0.0,0.2293801306009066,0.0270399534519839,0.012331746968219,0,0.8803385929701069,-0.6509584623692003
1292,518500,186500,Outer,Brent,0.0,1.77331898993872,0.0,0.0,0.0,111.3117757,0.0,0.32044,9295.817167535635,1.612094833,6.47212714889887,49.929962032,0.0,0.0,3008.120011978745,0.0,14.227349551162508,2.32291849283124,1.3292782961234015,0,15.48235731162587,-1.2550077604633625
1293,520500,186500,Outer,Brent,0.0,0.208625675706915,0.0,0.0,0.0,96.35559893,0.0,0.55575,7927.991760465724,0.551169501,7.53120259191797,13.947173687,0.0,0.0,6682.380241571685,0.0,22.06797896622472,4.334223294589919,1.9821738746539876,0,21.473648740105126,0.5943302261195953
1294,542500,186500,Outer,Redbridge,0.0,0.095517653856239,0.0,0.0,0.0,0.0,0.0,0.0042395698715152,1641.7936207017483,1.802195243,0.10810422414696,0.0,0.0,0.0,3705.740117618781,0.0,9.091050936315144,2.095561849361953,0.7743003984159699,0,9.207221813079743,-0.11617087676459903
1295,544500,186500,Outer,Redbridge,0.0,0.0,0.0,0.0,0.0,297.3285712,0.0,0.0,11838.18467351248,19.58423144,1.41210059069213,158.9735281,0.0,0.0,6719.974640652411,0.0,25.508586377156053,4.818151514562143,2.716980954540292,0,26.835340511726507,-1.3267541345704537
1296,546500,186500,Outer,Barking and Dagenham,0.0,0.0676653670301157,0.0,0.0,0.0,31.3735893,0.0,0.42878,1554.6982645038586,0.675955542,0.0702260721055718,0.0,0.0,0.0,218.51781418682305,0.0,1.68221146071652,0.3553207441481672,0.2792138169450458,0,2.9714070286970653,-1.2891955679805454
1297,546500,186500,Outer,Redbridge,0.0,1.8353391073235,0.0,0.0,0.0,105.6634687,0.0,0.46961,6298.79401533604,3.52041957,1.90480472230443,0.0,0.0,0.0,1668.534007677231,0.0,7.777751528179844,1.8394495029173172,1.063851295777152,0,10.589752861871462,-2.812001333691618
1298,548500,186500,Outer,Barking and Dagenham,0.0,1.25175480067143,0.0,0.0,0.0,226.4550243,0.0,0.0,9388.828244056353,0.736336115,6.70747696812752,0.0,0.0,0.0,4384.81087568522,0.0,18.10420266971677,4.135905879533675,2.52780314101785,0,16.9745737916926,1.129628878024171
1299,550500,186500,Outer,Havering,0.0,0.0,0.0,0.0,0.0,0.0,0.0,0.4985,0.7335233546421642,2.84e-05,0.0,0.0,0.0,0.0,0.7931226301340457,0.0,0.0055390450121293,0.0097102867356115,0.0018770169136023,0,0.9523058174722916,-0.9467667724601623
1300,550500,186500,Outer,Barking and Dagenham,0.0,5.83982601668697,0.0,0.0,0.0,0.0,0.0,0.45688,4025.451894865369,0.19780438,3.17630406528769,0.0,0.0,0.0,1631.1028438245155,0.0,9.436094604533146,1.5577840703773482,1.0094259087318844,0,7.776397306210512,1.6596972983226337
1301,552500,186500,Outer,Havering,0.0,3.12938662846361,0.0,0.0,0.0,0.0,0.0,0.0,5082.590896562438,0.0,6.70747696812752,0.0,0.0,0.0,1012.6445045416876,0.0,5.732113659143611,1.225028997322538,0.8875794560742198,0,4.9894542388618905,0.7426594202817203
1302,554500,186500,Outer,Havering,0.0,0.312938513560373,0.0,0.0,0.0,48.99437234,0.0,0.4459,6902.770718139812,0.245142765,9.88470329718482,11.47402289,0.0,0.0,3727.46568539951,0.0,12.920028265805596,2.75226448218462,1.6933265375632818,0,12.272576855816409,0.6474514099891877
1303,556500,186500,Outer,Havering,0.0,1.56467465348327,0.0,0.0,0.0,118.9864998,0.0,0.42475,5279.726341742357,0.425983478,6.58972289963379,12.54354137,0.0,0.0,1982.700478194712,0.0,8.262392265923612,3.978862440758659,2.843971198320856,0,8.49557486099742,-0.23318259507380823
1304,504500,185500,Non GLA,Non GLA,0.0,6.2586859246241,0.0,0.0,0.0,0.0,0.0,0.63225,767.9114613488105,0.06316352,2.35346803652297,0.0,0.0,0.0,11763.917601087323,0.0,27.62308354946757,5.500322505117271,1.9122573746709617,1,27.476676050388626,0.14640749907894346
1305,506500,185500,Outer,Hillingdon,0.0,2.92071989910993,0.0,0.0,0.0,202.8507055,0.0,0.0,4505.241605871092,0.0,5.76599643818325,0.0,0.0,0.0,10648.560227235115,0.0,30.222751004806728,14.538858845966333,3.0448142012856776,1,26.70021973661936,3.522531268187368
1306,508500,185500,Outer,Hillingdon,0.0,6.98881010376347,0.0,0.0,0.0,0.0,0.0,0.56326,3480.233854783397,0.26377433,3.29482878107301,0.0,0.0,0.0,237.48977007510672,0.0,6.294187667596725,0.7626195500658959,0.6382410164304554,0,5.8900107048147525,0.4041769627819729
1307,558500,185500,Outer,Havering,0.0,8.03198028237476,0.0,0.0,0.0,0.0,0.0,0.21366,332.7190418205164,0.0,0.470693774836614,2.585839673,0.0,0.0,13475.816161977104,0.0,25.674161006152183,5.38051851753094,1.0846970315517654,0,28.927845027869104,-3.2536840217169214
1308,560500,185500,Outer,Havering,0.0,10.4310598563634,0.0,0.0,0.0,0.0,0.0,0.0,288.21427183714786,0.0,0.0,0.0,0.0,0.0,51.84318048349064,0.0,1.3197372390330135,0.1305478344332949,0.1021217332038619,0,1.1129082033991704,0.20682903563384314
1309,510500,184500,Outer,Hillingdon,0.0,5.00701845625579,421.069666302347,0.0,0.0,134.5164494,0.0,0.56116,3092.1871421107285,0.015805641,1.76512573836516,0.0,0.0,0.0,8925.230703961075,0.0,28.278652113595587,120.4263937406251,13.56126021486214,1,25.611418819324765,2.6672332942708223
1310,512500,184500,Outer,Hillingdon,0.0,0.0030193091121742,0.0,0.0,0.0,0.0,0.0,0.95005,75.61420494730044,0.013585099,0.0066979301559729,6.878817716,0.0,0.0,0.5744854450632249,0.0,0.2408718306819468,0.028350459786797,0.0188856883684354,0,3.176650477353732,-2.9357786466717855
1311,512500,184500,Outer,Ealing,0.0,2.93796690933141,0.0,0.0,0.0,287.0284402,0.0,0.0,5888.61237230382,0.42378323,6.51814568178765,34.265606067,0.0,0.0,5625.006264824973,0.0,18.631745265860463,3.841236137090849,1.6613271293126752,0,17.84249326443458,0.7892520014258828
1312,514500,184500,Outer,Ealing,0.0,0.208625675706915,0.0,0.0,0.0,144.8224439,0.0,0.64449,7060.25102935159,31.05507723,5.7660768535528,25.053312793,0.0,8.73336,2279.405274530184,0.0,12.462891180814944,3.820781245039808,2.9241049603136373,0,12.90668015224147,-0.4437889714265264
1313,516500,184500,Outer,Brent,0.0,0.0061998470916487,0.0,0.0,0.0,0.0,0.0,0.87536,344.8871583926224,0.00319646,0.0046632537741748,0.0,0.0,0.0,73.42022376909975,0.0,0.4017942661792319,0.0831253205386201,0.0453206247256827,0,3.271514605165354,-2.8697203389861223
1314,516500,184500,Outer,Ealing,0.0,4.66077050656914,0.0,0.0,0.0,102.4466096,0.0,0.0,4257.7287977608,0.087638794,3.50519957613319,0.0,0.0,3.13648,913.1827766371124,0.0,6.141076176465731,1.2712504290293252,0.9334710243155656,0,6.659009453499196,-0.5179332770334648
1315,518500,184500,Outer,Brent,0.0,0.938816287111059,0.0,0.0,0.0,186.7282827,0.0,0.01627,13907.877614451383,3.088428257,5.29537637743539,792.0238632,0.0,0.0,2023.1082666386228,0.0,21.43427807066358,3.442309208640322,2.1671463939031588,0,21.292180673018432,0.1420973976451485
1316,520500,184500,Outer,Brent,0.0,0.0131326883855608,0.0,0.0,0.0,0.0,0.0,0.183986551903577,2658.095246961303,1.468783647,0.944768345834997,0.0,0.0,0.0,4380.255598118193,0.0,11.992640065598373,2.719345579990064,0.977037243701149,0,12.355281873484786,-0.36264180788641376
1317,544500,184500,Outer,Barking and Dagenham,0.0,0.664825741452822,0.0,0.0,0.0,781.1425867,0.0,0.16462,10139.236125485451,1.664815787,0.857128995580055,607.501281,0.0,0.0,4009.542012443507,0.0,23.980512182887413,6.224159674762454,3.644892596552713,0,24.478298259796503,-0.49778607690909027
1318,544500,184500,Outer,Redbridge,0.0,0.0015324206692938,0.0,0.0,0.0,30.17021875,0.0,0.11471,511.21036567548015,0.079918903,0.0019752025147304,0.0,0.0,0.0,233.02716190456005,0.0,0.8965848073042202,0.1908205050788517,0.1052926160147811,0,1.3521539179800417,-0.4555691106758215
1319,546500,184500,Outer,Barking and Dagenham,0.0,1.98194466564563,0.0,0.0,0.0,0.0,0.0,0.00697,6564.622644107206,1.073972353,1.76512573836516,10.51303166,0.0,0.0,2916.7019442652418,0.0,12.494533714221305,2.710468423125641,1.759278793536127,0,12.006946680173382,0.48758703404792314
1320,548500,184500,Outer,Barking and Dagenham,0.0,2.19057034135255,0.0,0.0,0.0,0.0,0.0,0.0,7901.810476270819,1.817115472,3.05955100061292,10.46505863,0.0,0.0039278071888,1430.3802771733726,0.0,9.864014068261232,2.3784978605246967,1.9524399080277235,0,9.787920104628997,0.07609396363223553
1321,550500,184500,Outer,Havering,0.0,0.0072291739805704,0.0,0.0,0.0,0.0,0.0,0.04478,156.15597368415476,0.0,0.0101934857513801,0.0,0.0,0.0,258.71363598858545,0.0,0.795403259847202,0.1816399438041065,0.0736891556505458,0,0.6003964642297497,0.19500679561745227
1322,550500,184500,Outer,Barking and Dagenham,0.0,1.06872644693826,0.0,0.0,0.0,95.01067861,0.0,0.0,6106.935718225475,0.0,1.50703428509392,2.472853492,0.0,0.0,3091.813015846087,0.0,13.127664110438587,3.0280857722157863,1.7476980683223056,0,12.15383617685906,0.9738279335795266
1323,552500,184500,Outer,Havering,0.0,1.46038047637835,0.0,0.0,0.0,157.2977217,0.0,0.28196,5885.667995721963,0.551184294,8.82562785416572,0.0,0.0,0.0,2043.5416213931985,0.0,8.715110551998821,1.9777707038685453,1.3136260545902223,0,8.41029190514908,0.3048186468497409
1324,554500,184500,Outer,Havering,0.0,9.70109914538114,0.0,0.0,0.0,0.0,0.0,0.41786,449.6168463313467,0.0,0.117675328444377,0.0,0.0,0.0,363.479295507558,0.0,2.2024157805442623,0.3469414455314047,0.2032117484073248,0,2.9422420003542307,-0.7398262198099683
1325,556500,184500,Outer,Havering,0.0,8.55355417523128,0.0,0.0,0.0,0.0,0.0,0.0,491.3927824418212,0.025660689,1.05906287811761,0.0,0.0,0.0,453.68564200732806,0.0,2.2145726929957967,0.3802585311825349,0.1927572656394412,0,1.7130939679512274,0.5014787250445694
1326,504500,183500,Non GLA,Non GLA,0.0,1.47643245226396,0.0,0.0,0.0,0.0,0.0,0.20916,365.5029779935324,25.9371408,0.666223745913132,0.0,0.0,0.0,5048.688370834053,0.0,11.136142081957464,2.415636661951349,0.7785230760635243,0,12.311075333553532,-1.1749332515960678
1327,504500,183500,Outer,Hillingdon,0.0,0.684895749711942,6.823189158486,0.0,0.0,121.1058708,0.0,0.55571,2699.5565886867985,17.66555751,0.309051343087245,0.0,0.0,4.37358,691.6199074998622,0.0,6.333103687696008,7.231773381635865,1.4777963140626198,0,7.013242495502851,-0.6801388078068431
1328,506500,183500,Outer,Hillingdon,0.0,2.81644811490324,61.8857373102794,0.0,0.0,383.9642792,0.0,0.50913,7037.947145632661,0.589998476,6.35445182045449,0.0,0.0,0.0,3461.7702269228303,0.0,19.873966047780414,5.302854337497348,1.6442331403418011,0,16.376741193655228,3.497224854125186
1329,508500,183500,Outer,Hillingdon,0.0,5.11127008685407,0.0,0.0,0.0,85.52526399,0.0,0.70723,4314.16723722142,0.136163003,4.94229259355539,0.0,0.0,0.0,770.0385076030161,0.0,8.230065536788763,1.240539984058475,0.9624019697170234,0,7.799930083426884,0.43013545336187864
1330,558500,183500,Non GLA,Non GLA,0.0,9.28384704753737,0.0,0.0,0.0,0.0,0.0,0.0,842.2758459701863,0.0,0.117675328444377,8.977658607,0.0,0.0,9448.20699300803,0.0,18.20041976924441,3.7633011892439607,0.7530834411351768,0,20.943342690441327,-2.742922921196918
1331,510500,182500,Outer,Ealing,0.0,0.0938434114981162,0.0,0.0,0.0,0.0,0.0,0.82542,952.6786509395037,0.052775596,0.117126661079175,0.0,0.0,0.0,593.8637324404771,0.0,2.208974226094349,0.3962912025667809,0.2026953129901509,0,4.9800379154474435,-2.7710636893530944
1332,510500,182500,Outer,Hillingdon,0.0,3.63989021886212,0.0,0.0,0.0,25.78651176,0.0,1.62139,4932.662408719145,0.328681028,4.54297248516073,0.0,0.0,0.0,613.3257192749866,0.0,7.738660752347331,1.1889313602879668,0.9366683360853758,0,9.858484214143525,-2.1198234617961935
1333,512500,182500,Outer,Hillingdon,0.0,0.335547130049531,0.0,0.0,0.0,0.0,0.0,1.24703,1778.259469575722,0.260991181,0.638768598490399,0.0,0.0,1.7277,239.5773385814466,0.0,2.5911394107968744,0.3113553680192343,0.2072068593234153,0,5.858378454603235,-3.2672390438063608
1334,512500,182500,Outer,Ealing,0.0,1.5568513212695,0.0,0.0,0.0,341.8561193,0.0,0.0,5591.555459734776,0.562175396,2.96372100990461,0.0,0.0,5.71463,2491.6421943311466,0.0,10.745003565115317,2.8309652452480933,1.179097205682943,0,12.221361388305942,-1.4763578231906251
1335,514500,182500,Outer,Ealing,0.0,2.19053973772496,0.0,0.0,0.0,161.805427,0.0,0.75115,8151.539086612574,1.15952023,5.53064913193489,0.0,0.0,0.0,4787.043702835197,0.0,17.959232800701727,3.8559257049053706,1.9333623823552413,0,19.539298920285106,-1.5800661195833783
1336,516500,182500,Outer,Ealing,0.0,5.5284617238726,0.0,0.0,0.0,62.74717861,0.0,0.89835,5613.373502363245,1.238335237,2.70646637907282,0.0,0.0,0.0,10438.54126122068,0.0,29.936161961869804,6.48549834302844,2.723975881116097,1,29.840888115818522,0.0952738460512812
1337,518500,182500,Outer,Brent,0.0,1.1196449118075e-05,0.0,0.0,0.0,0.0,0.0,0.0,14.65520505202497,0.536541073,0.0006349463554561,0.0,0.0,0.0,0.0,0.0,0.0376862197547615,0.0155098211678113,0.0041145569539221,0,0.7342148202987673,-0.6965286005440058
1338,518500,182500,Outer,Ealing,0.0,0.409320533288527,0.0,0.0,0.0,136.8286253,0.0,0.515825021256062,10551.015435713816,9.913277752,2.20792124358639,1.127812698,0.0,0.0,10937.7219675857,0.0,38.08782236506272,5.728700975624999,2.2824657447795578,1,34.592254150186555,3.4955682148761653
1339,544500,182500,Outer,Newham,0.0,1.12252389209073,0.0,0.0,0.0,103.1428601,0.0,0.0,4271.939507686536,51293.452276308,0.105525906360557,0.0,0.0,0.03526713452874,4953.719560541264,0.0,139.2013764716711,7.990640785094555,4.0891349892821935,1,69.40818541470286,69.79319105696824
1340,544500,182500,Outer,Barking and Dagenham,0.0,0.0035186707428403,0.0,0.0,0.0,0.0,0.0,0.17124,204.8227682565967,0.13729644,0.0003308757393208,0.0,0.0,0.081544692724,23.829472012233943,0.0,0.3105325073282177,0.0364291862004096,0.0211109476486835,0,0.6546730270626071,-0.3441405197343894
1341,546500,182500,Outer,Barking and Dagenham,0.0,0.312934034980725,0.0,0.0,0.0,24.69945656,0.0,0.16787,3610.974014167981,11.82136831,0.117673653124178,0.0,0.0,0.0,785.1030800064264,0.0,7.518652199995849,1.1541308437817592,0.6519387908533762,0,5.564987447657267,1.9536647523385815
1342,548500,182500,Outer,Barking and Dagenham,0.0,0.521557471397817,0.0,0.0,0.0,105.6634687,0.0,0.00036,2117.178657871237,13200.02569188,0.0,27.73083793,0.0,0.3718288560767,1358.6503453559192,0.0,66.49517818784065,5.297243536054091,3.057450508821191,1,19.42898098939604,47.06619719844461
1343,550500,182500,Outer,Barking and Dagenham,0.0,0.0078927501983016,0.0,0.0,0.0,0.0,0.0,0.0,149.3252265177823,0.173122018,0.0025439737223224,20.54165751,0.0,0.0,1081.5178013060518,0.0,2.806302329939468,0.5423346744649958,0.1504487602518044,0,2.309258761461706,0.4970435684777619
1344,550500,182500,Outer,Havering,0.0,0.586240104382878,0.0,0.0,0.0,155.4943061,0.0,0.19782,1443.0784829843503,1.491998935,0.18895266397488,106.5860377,0.0,0.0,7822.358952572201,0.0,19.96756916730165,4.34901891074558,1.14033130342538,0,18.987879608167155,0.9796895591344956
1345,552500,182500,Outer,Havering,0.0,3.0250312441035,0.0,0.0,0.0,101.8567214,0.0,0.0,4980.963131765631,2.036442091,3.76554852337271,21.46696289,0.0,0.0,3687.502692233845,0.0,12.675857672872713,2.877397944697351,1.5348755453210017,0,11.907965712573917,0.7678919602987957
1346,554500,182500,Outer,Havering,0.0,6.78024264959197,0.0,0.0,0.0,0.0,0.0,0.33081,866.7664873839577,5.301888834,0.353020121712436,0.0,0.0,0.0,594.9873306593062,0.0,3.06606671999012,1.7270233983270578,1.5030213227122904,0,3.2420522849885103,-0.17598556499839013
1347,556500,182500,Non GLA,Non GLA,0.0,2.23120822664157,0.0,0.0,0.0,0.0,0.0,0.47766,802.6546580622623,0.0,0.0825254353472115,0.0,0.0,0.0,289.91362379321265,0.0,1.8101609769747609,0.2015444627915874,0.1164845970300896,0,2.3950160257864592,-0.5848550488116984
1348,556500,182500,Outer,Havering,0.0,1.05835704219504,0.0,0.0,0.0,0.0,0.0,0.22558,143.9089489520128,0.0,0.0391455317720022,0.0,0.0,0.0,5.472616491525704,0.0,0.374255705439889,0.052437597387821,0.040691749169688,0,0.4644429147171927,-0.09018720927730367
1349,505500,181500,Outer,Hillingdon,0.0,1.66898599847685,0.0,0.0,0.0,267.6403978,0.0,0.0,6372.378401286112,6.620212026,7.53111212462722,0.0,0.0,5.0005,2130.0586458490125,0.0,13.886127946187012,2.496904466857887,1.5300793980456704,0,10.69796382421062,3.188164121976392
1350,507500,181500,Outer,Hillingdon,0.0,2.19057034135255,0.0,0.0,0.0,177.783076,0.0,0.58012,6171.824698153128,0.0,8.70795252572134,0.0,0.0,0.0,6104.340894335346,0.0,22.76018407848376,4.931467322222319,2.225059692160704,0,19.224800040861968,3.5353840376217924
1351,509500,180500,Outer,Hillingdon,0.0,1.98191704773781,0.0,0.0,0.0,134.5164494,0.0,0.44575,11668.136733117346,2.976692507,8.00179082158204,0.0,0.0,0.14386,1768.525542264273,0.0,17.749740862424748,4.6895482197121305,1.606008910922279,0,15.261149906995259,2.4885909554294887
1352,511500,180500,Outer,Hillingdon,0.0,1.23838101541486,0.0,0.0,0.0,98.3837028,0.0,0.0,4139.046493528461,8.476708355,2.05875743433996,0.0,0.0,3.2821,4017.950775997747,0.0,15.847972664430255,11.558695352492828,2.3099049998648957,0,13.177199387681554,2.670773276748701
1353,511500,180500,Outer,Ealing,0.0,0.0870135775360905,0.0,0.0,0.0,0.0,0.0,0.0,2182.558603507968,2.246945371,0.144655522590667,0.0,0.0,3.49231,584.052520114159,0.0,2.969185674927905,0.6376096046487874,0.3948861276585362,0,4.249240802727337,-1.2800551277994323
1354,513500,180500,Outer,Ealing,0.0,1.77329435775066,0.0,0.0,0.0,237.6420891,0.0,0.0,10927.28199859273,33.31221517,5.41297631647081,233.26025608,0.0,0.0,3705.047945227844,0.0,21.133382048825347,3.2762222347296697,1.945394886693942,0,19.739054128640404,1.3943279201849421
1355,515500,180500,Outer,Ealing,0.0,0.625868816391392,0.0,0.0,0.0,365.0202297,0.0,0.33892,10048.348532494245,1.648144311,4.23624229820933,381.5514206,0.0,0.0,5053.34996512114,0.0,22.214494594580227,4.222191919871645,2.6107755323357256,0,23.854723877418817,-1.6402292828385896
1356,517500,180500,Outer,Ealing,0.0,0.730180161384967,0.0,0.0,0.0,1072.684648,0.0,1.22886,10249.103319562591,9.127365462,1.88277426168636,389.09091450000005,0.0,0.0,4880.3668845763,0.0,26.39447730036068,7.121019095555315,4.407558226553157,0,29.610658020689876,-3.216180720329195
1357,543500,180500,Outer,Newham,0.0,0.0,294.024423112154,0.0,0.0,0.0,0.0,0.0096863742616729,768.8767179393724,1.902001729,0.0,0.0,0.0,4.664158177267251,474.11110655894606,0.0,4.140667728215395,0.3560622040052694,0.1613796225176143,0,2.842812291891617,1.2978554363237782
1358,545500,180500,Outer,Greenwich,0.0,4.79828753392716,1753.65205962738,0.0,0.0,31.3735893,0.0,0.19898,4588.311478620197,0.311249212,0.117672815464079,0.0,0.0,0.40378017989768,292.22720093092335,0.0,14.683813937632046,0.4655476218760556,0.3360011753472913,0,12.075356033755593,2.6084579038764524
1359,547500,180500,Outer,Greenwich,0.0,0.216596801049043,444.476578766096,0.0,0.0,0.0,0.0,0.02862,2279.585261199515,0.114996199,0.111990129348756,0.0,0.0,0.0,1640.1156580167287,0.0,7.117928761222355,1.0991749701917255,0.4427387149775844,0,7.08499014591027,0.03293861531208542
1360,547500,180500,Outer,Bexley,0.0,1.24732623183026,1025.3655963921,0.0,0.0,78.16201795,0.0,0.0,4278.6563823592505,0.27596079,0.644922887241767,0.0,0.0,0.0,2334.5127471227347,0.0,14.689901669020582,1.592883960821854,0.674235363577965,0,12.632290318560283,2.0576113504602986
1361,549500,180500,Outer,Bexley,0.0,2.60776496409085,1469.83012247883,0.0,0.0,0.0,0.0,0.00033,2368.404403444037,747464.208592095,0.0,0.0,0.0,67.73501812075375,204.7509782196588,0.0,1012.088177595904,10.995274003135943,10.910114106402332,1,803.1994545182807,208.88872307762324
1362,551500,180500,Outer,Bexley,0.0,0.002716258556045,32.0125739514807,0.0,0.0,0.0,0.0,0.18866,11.60691116921054,0.47590132,0.0,0.0,0.0,66.78038094048493,0.0,0.0,1.3759707299058843,0.0669460128497543,0.0566519630297578,0,1.0599372481034681,0.3160334818024162
1363,551500,180500,Outer,Havering,0.0,2.54316294553944,659.939882177295,0.0,0.0,0.0,0.0,0.24946,391.83435497134417,14.56254255,0.0,0.0,0.0,43.363831813007664,110.32126524480891,0.0,4.047798330233557,0.225238613258405,0.1778139364847276,0,3.9914714087859355,0.056326921447621636
1364,553500,180500,Outer,Havering,0.0,8.24053728652708,0.0,0.0,0.0,0.0,0.0,0.40876,525.0743412300252,0.0,0.235344793268058,126.6376278,0.0,0.0,7913.438715489477,0.0,18.26836440552229,3.478057895690968,0.7753152767520183,0,19.00287242479479,-0.7345080192725
1365,555500,180500,Non GLA,Non GLA,0.0,8.44431042118622,0.0,0.0,0.0,0.0,0.0,0.33965,1495.3872205031485,0.569747331,1.64646950994422,0.0,0.0,0.0,3183.364355984118,0.0,8.35085067631432,1.718857080386501,0.4755715408957297,0,8.980295648453797,-0.6294449721394777
1366,555500,180500,Outer,Havering,0.0,7.46429941205e-07,0.0,0.0,0.0,0.0,0.0,0.0,0.083952902120731,0.000165758,0.0,0.0,0.0,0.0,0.0,0.0,0.0032773649023281,0.0092061962435449,0.0015988531279013,0,-0.26615266153943296,0.26943002644176106
1367,557500,180500,Non GLA,Non GLA,0.0,5.73712845322628,0.0,0.0,0.0,0.0,0.0,0.55612,1856.178500869032,0.0,1.76510060856218,0.0,0.0,0.0,15490.532886140383,0.0,32.461724110875565,6.770193580005418,1.6820409990304062,1,34.76042947406885,-2.2987053631932852
1368,505500,179500,Non GLA,Non GLA,0.0,0.104552441864584,0.0,0.0,0.0,0.0,0.0,0.4015,158.9835900516,0.164575488,0.375951904597618,48.8785127,0.0,0.0,129.10047264131,0.0,0.8582703413914202,0.1073159506311245,0.0627707641218418,0,2.5963145095465343,-1.7380441681551142
1369,505500,179500,Outer,Hillingdon,0.0,0.938081800048914,0.0,0.0,0.0,77.35953527,0.0,0.65318,4583.738446613771,0.4929665,3.37316340294219,0.0,0.0,0.0,1061.3052821187273,0.0,8.320706805714442,1.1310682214562915,0.7598564604322524,0,8.64490122812089,-0.3241944224064479
1370,507500,179500,Outer,Hillingdon,0.0,2.71213527704978,0.0,0.0,0.0,47.53313667,0.0,0.49518,5841.7129984393005,6717.732512759,4.11862644363202,367.4219447,0.0,1.74979,4038.535075229877,0.0,50.0060231248233,6.239082442278025,4.655107547397085,1,24.27801131296225,25.72801181186105
1371,509500,178500,Outer,Hillingdon,0.0,2.29488392563595,0.0,0.0,0.0,97.3870594,0.0,0.40323,9869.904125689493,0.531581705,6.11910200122584,0.0,0.0,0.0,12561.179139193411,0.0,40.4899276437498,6.8479039121317085,2.753747303483624,1,36.12462746770945,4.36530017604035
1372,511500,178500,Outer,Ealing,0.0,0.0884653837717342,0.0,0.0,0.0,36.78875677,0.0,0.0,2485.068154500729,0.58341935,0.130504092868931,0.0,0.0,1.32841,1083.282228475317,0.0,4.773516208524542,0.7976123539211097,0.4725394029124735,0,5.7396421859208,-0.966125977396258
1373,511500,178500,Outer,Hounslow,0.0,0.751809461791265,0.0,0.0,0.0,0.0,0.0,0.95288,3684.03265204369,1.700781606,1.10907202372062,0.0,0.0,1.00624,3221.9894299111047,0.0,10.67825895670059,1.6083006841295011,0.6887336572188775,0,13.12863679736617,-2.4503778406655794
1374,513500,178500,Outer,Hounslow,0.0,1.10367802893518,0.0,0.0,0.0,0.0,0.0,0.0,1052.3717759797184,0.064556487,0.844858950441899,0.0,0.0,0.0,6198.836729172922,0.0,15.053803770004556,2.250961705042392,0.7044467916894083,0,14.550188094875509,0.5036156751290477
1375,513500,178500,Outer,Ealing,0.0,1.86693548673471,0.0,0.0,0.0,0.0,0.0,1.30113,4094.755288124525,0.08396215,1.42912854519571,0.0,0.0,0.21117,2192.2914920509497,0.0,8.644320506671246,1.5619857228394578,0.868994859842116,0,12.182064307546801,-3.537743800875555
1376,515500,178500,Outer,Ealing,0.0,0.35186259570439,0.0,0.0,0.0,0.0,0.0,0.0,1045.6071642482334,0.0,0.0059247698840916,7.469146421,0.0,1.26875,248.2615053990751,0.0,2.250842294860299,0.2179904412790428,0.134257109787169,0,2.4635456666224496,-0.2127033717621507
1377,515500,178500,Outer,Hounslow,0.0,4.20447265850094,0.0,0.0,0.0,0.0,0.0,0.30422,1317.0243034629702,0.0,0.0707914926727656,12.03094617,0.0,0.51323,7313.207591880233,0.0,19.41863226247712,3.933191488946781,1.3866895325406752,0,18.413552626271198,1.0050796362059238
1378,517500,178500,Outer,Ealing,0.0,0.0,0.0,0.0,0.0,110.4522254,0.0,0.0,5460.213215337071,5.890610179,0.35925315051316,0.0,0.0,0.0,1585.2033757679308,0.0,7.313970898111996,1.607150609908501,1.0279386067079606,0,9.71394349690451,-2.399972598792515
1379,517500,178500,Outer,Hounslow,0.0,0.0,0.0,0.0,0.0,205.2539747,0.0,0.8438,6627.070549190104,8.804684947,0.802614076301575,7.866179931,0.0,0.0,11834.085408926543,0.0,33.585808491283004,8.278883111495142,2.819308812469345,1,34.22059595516024,-0.6347874638772382
1380,519500,178500,Outer,Hounslow,0.0,0.0427778999304586,0.0,0.0,0.0,208.1100783,0.0,0.0,1701.9406432149258,5.869929591,0.459409655635624,16.644313905,0.0,0.0,4138.649062806528,0.0,13.148568488937812,3.135163033569031,1.0578323145953428,0,11.768272513726536,1.3802959752112756
1381,543500,178500,Outer,Greenwich,0.0,0.375297510138462,0.0,0.0,0.0,496.1724536,0.0,0.0,7888.904975948627,1.266106115,0.506179569633698,21.85087131,0.0,0.0,6159.866429539492,0.0,24.33806252275812,4.773565276532033,2.2533362457836765,0,22.549623650239013,1.7884388725191052
1382,545500,178500,Outer,Greenwich,0.0,0.73018165424485,0.0,0.0,0.0,149.7336783,0.0,0.21116,11285.92377752668,2.239681162,1.17673653124178,29.18844575,0.0,0.0,3412.4116208764635,0.0,15.749701905101505,3.362706282733376,2.159079892348853,0,18.955940796853483,-3.206238891751978
1383,547500,178500,Outer,Greenwich,0.0,0.0904493945554571,0.0,0.0,0.0,0.0,0.0,0.0,2530.0572831083537,0.076745359,0.57140146030458,0.0,0.0,0.0,1397.164823527101,0.0,4.972068324864191,1.1512007243467812,0.6988076912911838,0,5.130265810031843,-0.1581974851676522
1384,547500,178500,Outer,Bexley,0.0,0.177615243799553,0.0,0.0,0.0,0.0,0.0,0.13896,1728.2428014871766,0.107544544,1.12205659292369,0.0,0.0,0.0,1103.020203876905,0.0,4.502674222066138,0.9505488005807192,0.5052050933998751,0,3.913486292788006,0.5891879292781317
1385,549500,178500,Outer,Bexley,0.0,0.0,0.0,0.0,0.0,117.8443587,0.0,0.0,7757.877294117732,1.073525608,6.58972289963379,0.0,0.0,0.0,2323.3992918023378,0.0,11.416176978081149,3.414493911076141,2.5637891971324263,0,10.657658033857526,0.7585189442236224
1386,551500,178500,Outer,Bexley,0.0,0.0,0.0,0.0,0.0,184.8959163,0.0,0.00418,3290.75263605283,4.382490761,0.0,9.571475636,0.0,296.04536244605964,1493.2143875417803,0.0,12.371830700434147,1.4294257386640217,0.7761543719770067,0,9.901836253015857,2.4699944474182907
1387,551500,178500,Outer,Havering,0.0,0.0,0.0,0.0,0.0,0.0,0.0,0.0,13.1425616209884,1.154580119,0.0,0.0,0.0,145.82469537516204,1.2494114075979044,0.0,2.6760728812476544,0.1172673955458801,0.1041309621057979,0,1.3212986865064078,1.3547741947412466
1388,553500,178500,Non GLA,Non GLA,0.0,0.0029289910892884,0.0,0.0,0.0,0.0,0.0,0.59969,23.833887097950704,0.812107267,0.0,0.0,0.0,105.48701339630198,0.0,0.0,2.01501665188812,0.0917047234107334,0.0799313823270374,0,2.27633671796165,-0.26132006607352976
1389,553500,178500,Outer,Havering,0.0,0.0056504746549218,0.0,0.0,0.0,0.0,0.0,0.0,9.1665224413852,1.128037923,0.0,0.0,0.0,207.7392098399337,0.0,0.0,3.871801558269135,0.1692066230864939,0.1537978607560515,0,1.8694091418507597,2.0023924164183753
1390,553500,178500,Outer,Bexley,0.0,0.0375140759850809,0.0,0.0,0.0,0.0,0.0,0.36654,219.9864884447288,2.906538277,0.0,0.0,0.0,141.832873464046,25.42928476411524,0.0,3.1295059981684408,1.0275864439513345,1.0043684064321563,0,2.3377106498515037,0.7917953483169371
1391,555500,178500,Non GLA,Non GLA,0.0,0.521564189267288,0.0,0.0,0.0,0.0,0.0,0.0,7870.17851561873,49.82980192,3.29490081984157,125.7737581,0.0,32.68012924528572,2874.195343663997,0.0,17.864628746110103,2.1847795176467346,0.857046589692879,0,13.265830050510122,4.598798695599982
1392,557500,178500,Non GLA,Non GLA,0.0,0.521564189267288,0.0,0.0,0.0,0.0,0.0,0.0,7165.920533085308,6.144868736,0.823725623790443,0.0,0.0,0.0,14782.559808731548,0.0,40.463901288906726,8.666123874444876,2.5243394617742143,1,36.857706201931975,3.6061950869747506
1393,504500,177500,Non GLA,Non GLA,0.0,0.496663286428689,0.0,0.0,0.0,0.0,0.0,0.75762,898.2180612000067,3.411402921,0.054929561027755,17.21208884,0.0,0.0,320.45770928372264,0.0,2.8591452219391997,0.3145587530035626,0.1858568437396289,0,4.590262355621581,-1.7311171336823814
1394,504500,177500,Outer,Hillingdon,0.0,2.56558346168341,0.0,0.0,0.0,0.0,0.0,0.0,1819.347168989792,7.75344977,0.283747306800148,0.0,0.0,0.0,18624.33704038616,0.0,40.93607258208659,8.407760959427025,2.42634813264711,1,41.477041674196826,-0.5409690921102381
1395,506500,177500,Outer,Hillingdon,0.0,8.76216044375972,0.0,0.0,0.0,103.1428601,0.0,0.92996,2835.220830734901,0.0,0.706040243424871,0.0,0.0,0.0,416.291124980773,0.0,8.397706251496889,4.865489015033462,0.8956102312323925,0,8.121370886172038,0.2763353653248508
1396,508500,176500,Outer,Hillingdon,0.0,1.77329808990037,62960.5979825181,0.0,0.0,105.6634687,0.0,1.64524,2782.608085827109,238.1089026,0.117673653124178,0.0,0.0,0.0,4416.115045259655,0.0,259.62129519256064,11.039067646806233,6.578736308869128,1,229.99096853204955,29.630326660511088
1397,510500,176500,Outer,Hillingdon,0.0,0.044938814610247,669.315481923608,0.0,0.0,0.0,0.0,0.0,471.6788939999782,0.0,0.0947778896232767,0.0,0.0,0.0,104.21072630057522,0.0,4.023994807643556,0.1667988498992222,0.0926683881674566,0,3.9257770027437253,0.09821780489983034
1398,510500,176500,Outer,Hounslow,0.0,1.78741830509814,3866.98950021616,0.0,0.0,95.38224496,0.0,1.62146,7866.085538129917,0.0,3.76975525239263,0.0,0.0,0.0,6387.674493274955,0.0,36.990693741771,6.775260956305333,2.570314163557877,1,38.0376597749842,-1.0469660332132023
1399,512500,176500,Outer,Hounslow,0.0,0.625869562821333,4532.81295661088,0.0,0.0,208.1100783,0.0,0.0,9266.95415174941,0.844041017,9.17854326836571,0.0,0.0,0.0,5928.611774342759,0.0,38.75611590559424,4.4235797389664615,2.342971347356392,1,35.529480214565226,3.226635691029017
1400,514500,176500,Outer,Hounslow,0.0,0.41725135141383,4532.984191447,0.0,0.0,305.7667778,0.0,0.64386,8984.945674112234,1.955414831,7.884227739591,0.0,0.0,0.0,3909.0166470786753,0.0,33.752650417474534,3.588991674003775,1.9150504832609765,1,33.35783014618674,0.3948202712877915
1401,516500,176500,Outer,Hounslow,0.0,2.36515507959081,4529.42666067356,0.0,0.0,113.7028218,0.0,0.37201,7905.546483244973,0.778915338,3.36415604389177,7.199193418,0.0,0.82346,3235.999858784711,0.0,33.93777647076544,3.479750426419226,1.952215031970844,1,31.061249969265603,2.876526501499839
1402,516500,176500,Outer,Richmond,0.0,0.0001216680804164,0.0,0.0,0.0,0.0,0.0,0.0,8.194231885393117,0.005580464,0.0001725579805065,0.0,0.0,0.43432,0.0,0.0,0.0136794481358304,0.0099986629866871,0.0023710088485988,0,0.8701092782133255,-0.8564298300774951
1403,518500,176500,Outer,Richmond,0.0,3.7552644020143,4523.10752231103,0.0,0.0,27.67752262,0.0,0.24878,4912.904143564981,0.530071437,1.64745040992079,0.0,0.0,0.0,1422.756123764352,0.0,25.84580624535873,1.3150295403396175,0.7650894910524347,0,24.353437674445125,1.4923685709136052
1404,542500,176500,Outer,Greenwich,0.0,0.0872285493591575,0.0,0.0,0.0,0.0,0.0,0.0708395052053741,1623.4318908314376,0.184740938,1.79070201418461,0.0,0.0,0.0,2941.2777788719936,0.0,8.336620534899662,1.738003730613393,0.8000616635035713,0,7.382961834876645,0.9536587000230172
1405,544500,176500,Outer,Bexley,0.0,0.0550820510812818,0.0,0.0,0.0,0.0,0.0,0.0,583.5970690869882,0.009996653,0.019931284408607,0.0,0.0,0.0,311.2643344193224,0.0,1.1678038001310078,0.3159748552569275,0.200437401095648,0,1.2947680054922106,-0.1269642053612028
1406,544500,176500,Outer,Greenwich,0.0,4.47996949978052,44.6662339165507,0.0,0.0,0.0,0.0,0.27425,1633.7303309752674,0.09015452,1.62104317528259,0.0,0.0,0.0,1116.496663557096,0.0,5.3037061172698685,0.972694694253189,0.545988142747357,0,4.765906883998472,0.5377992332713966
1407,546500,176500,Outer,Bexley,0.0,0.938816287111059,44.6662339165507,0.0,0.0,414.6235148,0.0,0.35241,7106.062026282578,6.015592863,7.41352726347359,15.24844716,0.0,0.0,2789.006762927354,0.0,12.930039353695836,3.1064676688180084,2.16798783751544,0,13.300653898292083,-0.370614544596247
1408,548500,176500,Outer,Bexley,0.0,0.0,63.6059901529525,0.0,0.0,20.37134429,0.0,0.34696,8129.2908387621055,3.382714182,8.00190306803538,12.5965766,0.0,0.0,3044.4597611460185,0.0,12.396934816079758,2.91064610102027,2.056113283418177,0,12.771881250366341,-0.37494643428658314
1409,550500,176500,Outer,Bexley,0.0,0.104312837853458,44.6662339165507,0.0,0.0,168.4106473,0.0,0.2569,7710.919140349271,0.973107169,9.53167814951179,15.69874014,0.0,0.0,2255.5461042891666,0.0,11.035491441361854,3.513602364475446,2.204886287827722,0,10.612554314264761,0.42293712709709297
1410,552500,176500,Outer,Bexley,0.0,4.27682859128158,0.0,0.0,0.0,0.773595353,0.0,0.0,3358.629818291848,9.754905975,2.35350070526685,42.31251712,0.0,0.0,1984.7107851309863,0.0,8.48587596654748,1.6434872493926385,0.831484643954507,0,7.16724837591451,1.3186275906329703
1411,554500,176500,Non GLA,Non GLA,0.0,5.21564487839264,0.0,0.0,0.0,0.0,0.0,0.15127,1196.974859733592,3.712545276,0.117675328444377,0.0,0.0,0.0,143.95053179971384,0.0,2.86106067992135,0.2384644294661754,0.1785061446801517,0,2.188684130118366,0.6723765498029839
1412,504500,175500,Non GLA,Non GLA,0.0,0.142877887195755,5860.1358207633,0.0,0.0,0.0,0.0,0.08478,240.03227604185253,0.0,0.0656658505236412,0.0,0.0,0.0,39.53644066840241,0.0,52.163674060881874,0.2523191336944435,0.2316430933279977,1,21.478367075745904,30.68530698513597
1413,504500,175500,Outer,Hillingdon,0.0,3.98152373865224,13176.0331687056,0.0,0.0,0.0,0.0,0.0,2271.770986695464,0.0,1.82988859130149,0.004569287,0.0,0.0,5481.70396139246,0.0,60.44162624511972,3.5326749213003987,1.618608233874291,1,59.01665348703512,1.4249727580845999
1414,506500,175500,Outer,Hillingdon,0.0,1.46038047637835,116789.762158365,0.0,0.0,0.0,0.0,0.30212,2578.0153447664925,0.0,0.0,0.1446907949999999,0.0,0.0,0.0,0.0,402.3019253480572,5.532824027583684,4.814646930344209,1,398.53376944704945,3.768155901007731
1415,508500,174500,Outer,Hillingdon,0.0,0.704523125015928,20503.7260639291,0.0,0.0,0.0,0.0,0.0,1819.817597811657,0.0,1.65067623896414,0.004673181,0.0,0.0,3830.0365132070815,0.0,47.42441241958564,3.393757861369656,2.02446013381533,1,79.48619578851942,-32.06178336893378
1416,508500,174500,Outer,Hounslow,0.0,0.105710901133335,0.0,0.0,0.0,57.25783111,0.0,0.87378,2248.363918951726,0.0,0.24767682525358,0.0,0.0,0.0,407.4175476341088,0.0,2.6340432211825373,0.5190047722194538,0.3510964941015778,0,6.337582555355054,-3.7035393341725165
1417,510500,174500,Outer,Hounslow,0.0,1.04311419636569,0.0,0.0,0.0,270.1779873,0.0,0.0,5121.963012057995,16.40398423,4.23624229820933,0.0,0.0,0.0,4361.196495274024,0.0,16.136416633464464,9.70593636861758,3.1136261475660607,0,14.972044017982741,1.1643726154817227
1418,512500,174500,Outer,Hounslow,0.0,5.73666492023279,0.0,0.0,0.0,0.0,0.0,0.0,3551.4239509856043,2.508657361,3.40028683696551,0.0,0.0,0.0,649.090409171171,0.0,5.095712801237956,0.78029875342715,0.559396236986479,0,5.36093773565187,-0.26522493441391415
1419,512500,174500,Outer,Richmond,0.0,0.0073374063220451,0.0,0.0,0.0,0.0,0.0,0.44023,367.17531900162606,0.089716894,0.0043491312368449,0.0,0.0,0.0,115.0853994468067,0.0,0.4241576946829543,0.090809576663288,0.0437567068011588,0,2.612937792046015,-2.1887800973630607
1420,514500,174500,Outer,Richmond,0.0,0.135219515998992,0.0,0.0,0.0,2.492696136,0.0,0.0,3428.7033697884904,0.977634232,2.26269081153513,0.0,0.0,0.0,1088.387016446534,0.0,4.663768807174899,1.0547564674539127,0.7122486587160962,0,5.811216104090628,-1.147447296915729
1421,514500,174500,Outer,Hounslow,0.0,0.179264107539675,0.0,0.0,0.0,3.867976763,0.0,0.64293,4877.380104931826,1.125648159,2.99970856310132,0.0,0.0,0.0,905.5373921903456,0.0,19.152418482727363,1.0158517378701994,0.7436952324678977,0,8.113752791160701,11.038665691566662
1422,516500,174500,Outer,Hounslow,0.0,0.0105604908081683,0.0,0.0,0.0,0.0,0.0,0.6797,1389.0364957177298,0.45832166,0.170758686612732,0.0,0.0,0.0,662.633139385024,0.0,2.7032926461346163,0.5504625310918135,0.3438041456644426,0,5.123814952401977,-2.420522306267361
1423,516500,174500,Outer,Richmond,0.0,0.208518936225323,0.0,0.0,0.0,104.0055974,0.0,0.0,9649.028002481034,2.036563833,3.37161792005853,10.946187153,0.0,0.05352,5863.801620153519,0.0,18.92209064366193,3.8527413911067474,2.063430922781965,0,21.749179000628843,-2.827088356966911
1424,518500,174500,Outer,Richmond,0.0,0.417245379974301,0.0,0.0,0.0,180.4196273,0.0,1.09251,13919.467083682472,19.56027206,3.2948547485361,0.0,0.0,0.32251,3135.0490351605317,0.0,17.368199364741532,2.7476431406050907,1.6594610997021089,0,23.10083118467895,-5.732631819937417
1425,520500,174500,Outer,Richmond,0.0,4.27676887688629,0.0,0.0,0.0,0.0,0.0,0.71514,3440.8456846918107,0.286591496,4.00089499196097,0.0,0.0,0.0,1135.8179146210907,0.0,4.655605492854877,0.8574582352149688,0.5756552673251061,0,7.347013196078102,-2.6914077032232244
1426,522500,174500,Outer,Wandsworth,0.0,0.625868816391392,0.0,0.0,0.0,165.1937882,0.0,0.59723,9470.124762463754,29.01277445,7.06040327190881,0.0,0.0,0.0,3679.367576507269,0.0,16.487727984554233,2.9503027166054547,1.6227316172946022,0,17.452160668701886,-0.9644326841476527
1427,524500,174500,Outer,Wandsworth,0.0,0.0,0.0,0.0,0.0,298.0256068,0.0,0.0,9857.924056803897,2.850174703,1.53064122201934,0.0,0.0,0.0,4073.3024973993415,0.0,16.5553734040352,2.71341086163754,1.40764840140778,0,19.3979421349989,-2.8425687309636984
1428,526500,174500,Outer,Wandsworth,0.0,0.397379893519071,0.0,0.0,0.0,140.9662643,0.0,0.241636283242417,10800.094674050635,3.158259085,1.03141255589168,115.363550346,0.0,0.0,4388.435779789344,0.0,18.169497578928784,3.1214229467814514,1.6492987247152135,0,21.515094079077357,-3.3455965001485737
1429,528500,174500,Outer,Lambeth,0.0,0.0058848536564602,0.0,0.0,0.0,114.0870626,0.0,0.0,446.70737568215327,0.144479303,0.0070396954765879,0.0,0.0,0.0,879.7569578034706,0.0,2.5905464081576177,0.4521740008707333,0.2215807908253587,0,3.29854579008326,-0.7079993819256423
1430,528500,174500,Outer,Wandsworth,0.0,1.20089007875796,0.0,0.0,0.0,609.3293373,0.0,0.211684155430327,10854.074502114698,0.576770952,0.401419284604127,0.0,0.0,0.0,1990.374873670938,0.0,12.574855587380927,2.289736993815428,1.518952194216039,0,18.311533066367804,-5.736677478986877
1431,540500,174500,Outer,Lewisham,0.0,2.0153608412535e-05,0.0,0.0,0.0,0.0,0.0,0.0,26.976149323880943,0.912927572,0.0077039599355282,0.0,0.0,0.0,0.590496176280901,0.0,0.0388894612984142,0.0141262328272288,0.0063302504562364,0,0.2540348995232904,-0.2151454382248762
1432,540500,174500,Outer,Greenwich,0.0,0.0039195036212674,0.0,0.0,0.0,0.0,0.0,0.002486679732492,369.8741655172093,1.934237498,0.227774021288358,31.61093136,0.0,0.0,23.99493389898848,0.0,0.522409895399654,0.100517811701212,0.0832973951093291,0,0.7193630566494118,-0.1969531612497578
1433,542500,174500,Outer,Greenwich,0.0,0.938802851372117,0.0,0.0,0.0,64.03650419,0.0,0.0,6292.404231041644,2.246261709,5.88366925364733,12.7195114,0.0,0.0,8347.020422711275,0.0,25.16752746907704,6.027017917738686,3.0108518830202207,0,22.041603878486043,3.125923590590997
1434,544500,174500,Outer,Greenwich,0.0,3.23365468052059,0.0,0.0,0.0,0.0,0.0,0.08459,4432.0737082928645,0.703876149,7.29575057815717,0.0,0.0,0.0,2130.309483527016,0.0,8.885556496847295,1.7841813951643144,1.0404707943446392,0,7.074795605079478,1.810760891767817
1435,546500,174500,Outer,Bexley,0.0,1.66898301275708,0.0,0.0,0.0,217.4050197,0.0,0.0,7201.989147688428,4.043311617,7.41342339362125,0.0,0.0,0.0,9447.0359085582,0.0,27.384758595671435,6.118524273489838,2.8533263650783707,0,25.296872514182468,2.0878860814889677
1436,548500,174500,Outer,Bexley,0.0,1.66898301275708,3.97063818139016,0.0,0.0,78.56290582,0.0,0.25618,7054.6804173621085,0.315760046,7.53109704674542,0.0,0.0,0.0,8960.514828122132,0.0,26.19664504633361,5.845951363114561,2.6514398812808437,0,24.058966478886713,2.1376785674468977
1437,550500,174500,Outer,Bexley,0.0,6.78024264959197,0.0,0.0,0.0,0.0,0.0,0.1092,3120.6277120825994,0.0,3.41252840166028,55.65615965,0.0,0.0,3991.7024920829062,0.0,13.80658506369704,2.4419500613029865,1.1158371476887006,0,11.412139311459962,2.394445752237079
1438,552500,174500,Non GLA,Non GLA,0.0,0.0473505297502804,0.0,0.0,0.0,0.0,0.0,0.0,4755.85495629879,0.352160475,2.61740216898855,68.49135304,0.0,0.0,1317.3664035608165,0.0,6.034509622643166,1.4833508455725326,1.0219187960438754,0,6.7094333622651945,-0.6749237396220282
1439,552500,174500,Outer,Bexley,0.0,0.0111031453754244,0.0,0.0,0.0,16.50336752,0.0,0.32451,1649.1059526939416,0.170527414,0.613731775775057,50.39238193,0.0,0.0,498.6336065988869,0.0,2.865051816233335,0.4993917327340157,0.3408083040267144,0,3.391758186979846,-0.5267063707465112
1440,554500,174500,Non GLA,Non GLA,0.0,0.20862268998715,44.6662339165507,0.0,0.0,0.0,0.0,0.0,5230.017737627843,26.18397351,2.11812073027461,118.548696,0.0,0.0,2473.3073339831485,0.0,11.418116305916376,3.0561252863970254,2.277825569332286,0,10.077569306034498,1.3405469998818784
1441,504500,173500,Non GLA,Non GLA,0.0,1.04312912496452,0.0,0.0,0.0,0.0,0.0,0.0,1137.1194788070345,0.0,0.0,0.0,0.0,0.0,438.4063937182713,0.0,3.0492120053862477,0.4012156687832266,0.2354221369953852,0,3.3482524139996706,-0.29904040861342285
1442,506500,173500,Non GLA,Non GLA,0.0,4.06820291557467,0.0,0.0,0.0,0.0,0.0,0.44442,4440.027179546672,0.657985563,4.82467673897808,0.0,0.0,0.0,646.4138637998635,0.0,4.755548846304398,0.9919215069294496,0.7802816796649603,0,6.789416353446848,-2.0338675071424497
1443,508500,172500,Non GLA,Non GLA,0.0,0.0014600169649969,0.0,0.0,0.0,0.0,0.0,0.58787,40.41186293278412,0.546843903,8.2090689755547e-05,0.0,0.0,0.0,0.0,0.0,0.052779156224649,0.0192760886694157,0.0114469252077414,0,2.5436407515555253,-2.4908615953308764
1444,508500,172500,Outer,Hounslow,0.0,4.01777709446662,0.0,0.0,0.0,103.1428601,0.0,0.14631,1695.4287944562354,28.6852641,0.226622238651481,41.639957852,0.0,0.0,626.8821088733993,0.0,5.576496674393585,16.225169540674678,2.499374684960596,0,5.470171029549937,0.10632564484364782
1445,510500,172500,Outer,Hounslow,0.0,0.417245379974301,0.0,0.0,0.0,94.12076791,0.0,0.49549,6345.761744178728,45.22158198,4.9422825416342,0.0,0.0,0.0,2584.4117636818773,0.0,12.433373550857356,3.1220816724153337,2.3102695742815693,0,12.644533790876592,-0.21116024001923606
1446,512500,172500,Outer,Hounslow,0.0,0.0,0.0,0.0,0.0,255.5231556,0.0,0.59074,6262.585378031679,23.89506355,5.92773436318396,0.0,0.0,0.0,5019.6454451409445,0.0,17.441005738325543,3.8194070805920974,2.112260280679394,0,18.074710486003948,-0.6337047476784043
1447,512500,172500,Outer,Richmond,0.0,0.0,0.0,0.0,0.0,0.0,0.0,0.53635,398.8321655011927,2.399503191,0.0597745870435314,0.0,0.0,0.0,126.60332550831797,0.0,0.6101456037788439,0.1739675815140047,0.1258437172555424,0,2.903523541551884,-2.29337793777304
1448,514500,172500,Outer,Richmond,0.0,1.35604823134642,0.0,0.0,0.0,243.2409638,0.0,0.0,7458.100612455296,0.728758866,7.06040327190881,0.0,0.0,0.0,3172.451922107235,0.0,12.782123119484217,2.986500127387126,1.8383198139983092,0,13.718027413176895,-0.935904293692678
1449,516500,172500,Outer,Richmond,0.0,3.75518154829082,0.0,0.0,0.0,23.20786058,0.0,0.49899,3152.3849360047648,0.080428153,2.58879356360874,0.0,0.0,8.73329,1370.7067699223326,0.0,5.746580231038492,1.2568679939151557,0.7677707268120448,0,7.753397632755738,-2.006817401717246
1450,518500,172500,Outer,Richmond,0.0,5.31988307325198,0.0,0.0,0.0,0.0,0.0,0.72842,1115.4192927517313,0.0,1.29440767138566,0.0,0.0,0.0,1334.059146537558,0.0,4.373249619554291,0.6941445163262666,0.3389666991608159,0,6.588618310917428,-2.215368691363137
1451,520500,172500,Outer,Richmond,0.0,5.40973457742453,0.0,0.0,0.0,0.0,0.0,0.45897,559.5061548936427,0.0,0.0,0.0,0.0,0.0,126.6593177486308,0.0,1.344584110078204,0.1905509793265422,0.1452933038457271,0,3.2979050091360627,-1.9533208990578586
1452,520500,172500,Outer,Kingston,0.0,9.703589235665e-06,0.0,0.0,0.0,0.0,0.0,0.0,13.795346412412108,0.0,0.0,0.0,0.0,0.0,0.0,0.0,0.0102266001169563,0.0100202381495884,0.0024005310516414,0,0.8173305550924681,-0.8071039549755118
1453,522500,172500,Outer,Merton,0.0,0.147674445997938,0.0,0.0,0.0,0.0,0.0,0.46463,458.2629754468466,0.0,0.0594973215505815,0.0,0.0,0.0,7.731102200093661,0.0,0.6804931734122297,0.0493918684132981,0.0374776126594723,0,2.2894790640876685,-1.6089858906754388
1454,522500,172500,Outer,Richmond,0.0,0.0057012318909237,0.0,0.0,0.0,0.0,0.0,0.0,25.718053357148055,0.0,0.0022968639929562,0.0,0.0,0.0,0.0,0.0,0.0452448891735857,0.0134659619247845,0.0056389675815371,0,0.7739772095748165,-0.7287323204012308
1455,522500,172500,Outer,Wandsworth,0.0,1.56054764233835,0.0,0.0,0.0,103.0482949,0.0,0.4263,1812.5801245232385,0.0,0.628731755177635,0.0,0.0,0.0,2289.87476759486,0.0,8.408120604546204,1.662090531686238,0.8617243113222401,0,8.641898707206991,-0.23377810266078747
1456,524500,172500,Outer,Merton,0.0,1.14158920564899,0.0,0.0,0.0,0.0,0.0,0.0,2276.48389181004,0.0,1.03741271518473,0.0,0.0,0.0,248.8229962405168,0.0,2.665909126259208,0.4347486989777452,0.3447648246522717,0,3.2112021200429375,-0.5452929937837294
1457,524500,172500,Outer,Wandsworth,0.0,0.755830479884536,0.0,0.0,0.0,61.11403286,0.0,0.46801,4368.327629897142,0.0,0.686856989485159,0.0,0.0,0.0,567.8244070682827,0.0,3.824203988160845,0.6921560709541443,0.4777318144784764,0,7.311352394418182,-3.487148406257337
1458,526500,172500,Outer,Wandsworth,0.0,1.98086682081053,0.0,0.0,0.0,450.2206981,0.0,0.0,11196.26899410642,10.44326671,2.11699910340132,2.266069762,0.0,0.0,4446.156113840957,0.0,19.23923766688877,4.140334153545916,2.5591258769711738,0,22.162143129976336,-2.9229054630875666
1459,526500,172500,Outer,Merton,0.0,0.0,0.0,0.0,0.0,0.0,0.0,0.28862,0.7094806707237413,0.002767172,0.0,0.0,0.0,0.0,0.0,0.0,0.0043316886162512,0.0095518979239437,0.0019386354859458,0,1.3134734446683716,-1.3091417560521204
1460,528500,172500,Outer,Wandsworth,0.0,0.834491506378542,0.0,0.0,0.0,833.6483991,0.0,0.32472,15646.11891153104,3.482679536,0.117673653124178,0.0,0.0,0.0,3798.6470170764446,0.0,18.872539716186093,3.280971433690456,1.9676754298775632,0,27.983866683435004,-9.11132696724891
1461,530500,172500,Outer,Lambeth,0.0,0.0,0.0,0.0,0.0,334.4274632,0.0,0.16044,15917.306348935712,1.853891915,1.29439678180437,9.242056286,0.0,0.0,7159.027266575922,0.0,24.60699319586728,4.927043602408382,2.332739112071975,0,32.10976459152956,-7.502771395662283
1462,532500,172500,Outer,Southwark,0.0,0.0036134673453734,0.0,0.0,0.0,20.97302956,0.0,0.28739,1776.416722685648,0.760815341,0.13451229644526,3.355166845,0.0,0.0,480.5540828366642,0.0,2.123164266150192,0.3941918288518772,0.2506965438256243,0,3.9159227712781384,-1.7927585051279462
1463,532500,172500,Outer,Lambeth,0.0,0.061451337769584,0.0,0.0,0.0,124.4628967,0.0,0.248627154889854,9942.898460060656,3.327023159,2.42579244717791,0.0,0.0,0.0,2183.0131842033134,0.0,12.051507025177596,2.3918064696313386,1.6610853789507214,0,14.943837046196638,-2.892330021019042
1464,534500,172500,Outer,Lewisham,0.0,0.455640243290003,0.0,0.0,0.0,277.2179298,0.0,0.06702,5431.965688439038,1.183567792,1.60248984173773,0.0,0.0,0.0,1919.5095476300964,0.0,8.365419072408665,1.7226298080563158,0.8545986233088908,0,10.540852794077017,-2.1754337216683517
1465,534500,172500,Outer,Southwark,0.0,0.431168537667597,0.0,0.0,0.0,68.48485682,0.0,0.25209,1699.5865772311708,1.151346694,1.51642445480984,0.0,0.0,0.0,855.7161589350642,0.0,3.787973167680301,0.7252082571607312,0.3451511788237821,0,4.288403364970151,-0.5004301972898499
1466,536500,172500,Outer,Lewisham,0.0,0.521557471397817,0.0,0.0,0.0,3.094381411,0.0,0.0,10706.103959824104,3.32122045,1.76510060856218,0.0658155,0.0,0.0,3123.713622193648,0.0,12.42788786248538,2.9694069457166714,1.896324067254499,0,16.65335620127353,-4.225468338788152
1467,538500,172500,Outer,Lewisham,0.0,1.25172718276361,0.0,0.0,0.0,22.82038188,0.0,0.35169,9072.80954251228,0.131919076,5.17758796487758,0.0,0.0,0.0,1627.1132185586785,0.0,8.594863639018868,2.152691061438495,1.6155192765098627,0,11.864822872422096,-3.2699592334032275
1468,540500,172500,Outer,Lewisham,0.0,0.577304591556712,0.0,0.0,0.0,107.529754,0.0,0.0,7021.289222302571,0.503004613,5.64421657525109,35.12156382,0.0,0.0,2835.919165666165,0.0,10.97401140516555,2.562483863288455,1.493555815584601,0,11.81124453609692,-0.8372331309313701
1469,540500,172500,Outer,Bromley,0.0,0.0009808089427433,0.0,0.0,0.0,0.0,0.0,0.18311,82.19143483473533,0.020729641,0.0095861821792089,0.0,0.0,0.0,3.222010071406749,0.0,0.0905469177979988,0.0192156627739508,0.0104952945990952,0,0.7662084766973969,-0.675661558899398
1470,542500,172500,Outer,Greenwich,0.0,0.113426747435571,0.0,0.0,0.0,4.985392273,0.0,0.0,3960.606516255874,0.54656707,2.559125318203,0.0,0.0,0.0,1843.8957910064012,0.0,7.135867238153122,1.5707911923219129,0.92734713945656,0,7.055696798167379,0.08017043998574369
1471,542500,172500,Outer,Bromley,0.0,0.0955781146814766,0.0,0.0,0.0,28.27920789,0.0,0.16635,3724.972172665097,0.501724511,2.15642357598647,0.0,0.0,0.0,1803.8398246792017,0.0,6.69692678241519,1.8686782526926493,1.2480879112348378,0,7.35967181100845,-0.6627450285932603
1472,544500,172500,Outer,Bexley,0.0,0.285501241781559,0.0,0.0,0.0,0.0,0.0,0.46792,3512.9216483439263,0.075911387,1.72539049388308,51.75454518,0.0,0.0,2273.685191996902,0.0,7.648719767955445,1.7459810064166998,1.0636123067587575,0,9.043936698540836,-1.3952169305853914
1473,544500,172500,Outer,Bromley,0.0,0.0784647154194696,0.0,0.0,0.0,0.0,0.0,0.29889,710.7247421379811,0.039796064,0.474189330432021,0.0,0.0,0.0,225.38874356651928,0.0,1.039079787876422,0.1795422913793398,0.0992495763293372,0,1.8544788494189781,-0.8153990615425561
1474,544500,172500,Outer,Greenwich,0.0,0.155248470611346,0.0,0.0,0.0,0.0,0.0,0.0,2872.905235359487,0.055977938,0.938223707477241,34.64528128,0.0,0.0,1374.902374448201,0.0,5.104309495032749,1.1690166653667533,0.7488273331859805,0,5.635708881615887,-0.5313993865831383
1475,546500,172500,Outer,Bexley,0.0,0.938802851372117,11.8000751656296,0.0,0.0,194.5904116,0.0,0.35258,7511.062629657928,1.673907584,7.06040327190881,116.7080245,0.0,0.0,4599.044000459746,0.0,18.10326655946924,3.137228556284624,1.761354800699186,0,16.97492445284624,1.128342106623002
1476,548500,172500,Outer,Bexley,0.0,5.00694903827125,0.0,0.0,0.0,0.0,0.0,0.1022,2643.9344299884224,0.41945331,4.47158876679758,46.53148389,0.0,0.0,1245.3156222653995,0.0,6.44241449480992,1.1643688014160138,0.6875141451261564,0,4.789026553370972,1.6533879414389476
1477,550500,172500,Non GLA,Non GLA,0.0,0.640050238844346,0.0,0.0,0.0,0.0,0.0,0.0351,1878.431092682181,3.174828641,1.0529730891939,0.0,0.0,0.0,699.167213943047,0.0,2.98153261641293,0.678034771115224,0.4047875728833184,0,3.0642747618637145,-0.0827421454507844
1478,550500,172500,Outer,Bexley,0.0,0.611846383515915,0.0,0.0,0.0,31.3735893,0.0,0.0,1351.973145475871,3.104090263,1.00657342095983,0.0,0.0,0.0,319.62027116065923,0.0,2.3536681562347237,0.3600387096000433,0.2262372211386525,0,1.8421188279133105,0.5115493283214132
1479,552500,172500,Non GLA,Non GLA,0.0,4.0681454404692,0.0,0.0,0.0,0.0,0.0,0.0,2226.559948783424,0.494598796,4.23624229820933,0.0,0.0,0.0,8441.168498214067,0.0,21.89158387348279,3.4720261191346453,1.4766651903920975,0,18.59730558557971,3.2942782879030794
1480,554500,172500,Non GLA,Non GLA,0.0,3.75521140548847,0.0,0.0,0.0,0.0,0.0,0.0,2876.291064532269,220.7101054,2.35346803652297,0.0,0.0,0.0,8714.261893910594,0.0,28.41543877978086,4.457695432206128,2.309145978445358,1,20.517003326908643,7.898435452872217
1481,508500,170500,Non GLA,Non GLA,0.0,0.104311344993575,0.0,0.0,0.0,0.0,0.0,0.0,6750.640553868093,6.446011794,8.82552230899318,0.0,0.0,0.0,4292.362782084912,0.0,14.490190268207366,3.100463256053781,1.876680939995748,0,13.775625942093638,0.7145643261137273
1482,510500,170500,Non GLA,Non GLA,0.0,2.00944836968922,0.0,0.0,0.0,0.0,0.0,0.04722,3638.114907205088,14.89853489,3.57465165030678,0.41337805,0.0,0.0,6222.083779441486,0.0,17.018533379238978,3.577669294298731,1.7064100223207517,0,16.667372684675442,0.3511606945635357
1483,510500,170500,Outer,Hounslow,0.0,0.0525800179183626,0.0,0.0,0.0,0.0,0.0,0.18337,293.5357265715706,2.409979434,0.0935348020355498,0.0,0.0,0.0,2698.880755497,0.0,6.209899140586327,1.182731840109824,0.3958392771538913,0,7.351167740947681,-1.1412686003613546
1484,512500,170500,Non GLA,Non GLA,0.0,0.0233192177931854,0.0,0.0,0.0,0.0,0.0,0.0,110.8714760709576,0.035922372,0.0526117555323101,0.137810054,0.0,0.0,0.0,0.0,0.1816088561205873,0.0273446087067503,0.0186753521014886,0,1.1449768513363612,-0.9633679952157739
1485,512500,170500,Outer,Hounslow,0.0,0.120970168421388,0.0,0.0,0.0,0.0,0.0,0.43335,598.0945864703162,0.081818292,0.272933114915004,0.0,0.0,0.0,0.0,0.0,0.6910838025319926,0.0544490256790243,0.0447082470985259,0,2.5677946077543954,-1.8767108052224026
1486,512500,170500,Outer,Richmond,0.0,1.53450320882983,0.0,0.0,0.0,31.3735893,0.0,0.0,4812.816733020487,0.291403363,3.46213714573571,0.163099563,0.0,0.0,682.1397702269838,0.0,4.246009798491251,1.006957301239254,0.7761654717845667,0,6.335001133715839,-2.0889913352245886
1487,514500,170500,Outer,Richmond,0.0,6.57171177048759,0.0,0.0,0.0,122.5718859,0.0,0.6338,3376.191552448942,1.408706904,2.70652585293989,0.200786234,0.0,0.0,1454.686895575164,0.0,6.276745812402453,2.4601021119599418,1.9041267701609448,0,9.179695107050497,-2.902949294648044
1488,516500,170500,Outer,Richmond,0.0,2.81641452555588,0.0,0.0,0.0,62.74717861,0.0,0.66258,7386.729394152874,3.428802698,6.11902828713708,1.072646352,0.0,0.0,2082.096080117248,0.0,9.621086957639625,1.7835095241898329,1.0674119236079114,0,12.600240035814974,-2.979153078175349
1489,518500,170500,Outer,Kingston,0.0,0.0,0.0,0.0,0.0,250.9260733,0.0,0.0,13476.46129865126,3.659700051,5.53072703432415,0.0,0.0,0.0,2643.91443337986,0.0,15.863642973319651,6.41059554631318,2.3989725943909788,0,18.71408980482613,-2.8504468315064795
1490,520500,170500,Outer,Kingston,0.0,3.54663797987744,0.0,0.0,0.0,184.9752443,0.0,0.4695,4570.162448053497,0.0,6.94282762501628,0.0,0.0,0.0,1083.8394247539056,0.0,7.834456654253005,1.0393265571749457,0.5601561409611936,0,7.622917997979521,0.21153865627348356
1491,522500,170500,Outer,Merton,0.0,3.23369946631707,0.0,0.0,0.0,406.199921,0.0,0.0,4279.0821409212185,0.299882071,5.64840152510843,0.0,0.0,0.0,1087.3003378757396,0.0,7.468917686860935,1.3352432369378882,0.7452054543343458,0,7.5390161191277665,-0.07009843226683188
1492,524500,170500,Outer,Merton,0.0,0.0,0.0,0.0,0.0,554.9188297,0.0,0.25479,16356.158015084507,14.989038932,1.76512573836516,149.64393054,0.0,0.0,6035.89673352393,0.0,30.049639367993464,6.287354911752927,3.4146997102538585,1,32.1248352607863,-2.0751958927928342
1493,526500,170500,Outer,Merton,0.0,0.727924450102646,0.0,0.0,0.0,462.4544884,0.0,0.45805,11056.374005663558,7.247029228,0.586548867884677,1.745910362,0.0,0.0,5822.921763200158,0.0,22.49585890159744,6.384694498467504,2.9797585330945604,0,26.338085329533364,-3.8422264279359233
1494,526500,170500,Outer,Wandsworth,0.0,1.49285988241e-06,0.0,0.0,0.0,0.0,0.0,0.34352,17.822293245388497,0.011255839,1.67532019909279e-06,0.0,0.0,0.0,1.193454436780024,0.0,0.029751380785317,0.0106112091560847,0.0026479042065869,0,1.4883215163549295,-1.4585701355696126
1495,528500,170500,Outer,Merton,0.0,0.0487112715330971,0.0,0.0,0.0,157.8876099,0.0,0.2868,9690.914410034467,2.942107234,0.164852345250831,13.73580728,0.0,0.0,1794.2672850182446,0.0,8.979729757377308,2.412208891462032,1.716890092103861,0,15.041311515940949,-6.061581758563641
1496,528500,170500,Outer,Wandsworth,0.0,0.0104589763361645,0.0,0.0,0.0,109.9255548,0.0,0.0,4525.491290107215,1.363284104,0.0353961651664326,0.0,0.0,0.0,1462.0855612408218,0.0,6.135370946490765,1.7486115419194057,0.876029783502009,0,8.46352871067186,-2.3281577641810944
1497,530500,170500,Outer,Lambeth,0.0,1.15501673386132,0.0,0.0,0.0,176.2325559,0.0,0.31729,8504.956863587071,2.420617331,2.44307086205125,20.449770419,0.0,0.0,4350.194962917465,0.0,14.295322538771288,3.6802351563899114,1.5961339033917437,0,18.701948026890143,-4.406625488118856
1498,530500,170500,Outer,Croydon,0.0,0.0471654151248615,0.0,0.0,0.0,62.74717861,0.0,0.0,1518.7724106451562,0.489149838,0.0997628048756773,0.0,0.0,0.0,596.8408445765579,0.0,2.369518503776382,0.5267005503453664,0.3066328088892914,0,3.502343863008088,-1.1328253592317057
1499,532500,170500,Outer,Croydon,0.0,0.681476354151282,0.0,0.0,0.0,395.0839385,0.0,0.28103,7631.737135050793,0.0,8.7859604601517,0.0,0.0,0.0,2908.086645238488,0.0,11.951244254175132,3.2611655754037745,1.405698607804249,0,13.581765284155601,-1.6305210299804695
1500,532500,170500,Outer,Lambeth,0.0,0.0008404801137968,0.0,0.0,0.0,0.0,0.0,0.0,401.7373274213364,0.0,0.0108376463679313,0.0,0.0,0.0,315.0969311480737,0.0,0.899811361038949,0.214906487228693,0.0833366385431104,0,1.5359967608201561,-0.6361853997812071
1501,534500,170500,Outer,Croydon,0.0,0.0,0.0,0.0,0.0,0.0,0.0,0.0,0.5162529177078294,0.001902197,0.0,0.0,0.0,0.0,0.0,0.0,0.0034185337271838,0.0092235886049006,0.0016173281070704,0,0.44875685709917157,-0.44533832337198775
1502,534500,170500,Outer,Bromley,0.0,1.66878894097237,0.0,0.0,0.0,14.6983117,0.0,0.29096,7161.061360702653,32.21568207,4.70638991866104,129.659158141,0.0,0.0,2353.31212317938,0.0,11.675433035738369,2.324636108243954,1.466003886993073,0,12.309165327419356,-0.6337322916809871
1503,536500,170500,Outer,Bromley,0.0,3.6509508177309,0.0,0.0,0.0,31.3735893,0.0,0.06814,4808.351241723928,2.14073322,5.29537637743539,1.079516283,0.0,0.0,2002.124027360424,0.0,8.13461175646134,1.3774713351086048,0.8655478309683867,0,8.22693515265877,-0.0923233961974308
1504,538500,170500,Outer,Lewisham,0.0,2.9650197696905,0.0,0.0,0.0,12.97921092,0.0,0.0,1182.1875386942709,0.403403505,1.45153008923788,40.6781103,0.0,0.0,41.05645788920319,0.0,1.5830346829586253,0.260930704362302,0.2338865720376744,0,1.6998754224899137,-0.11684073953128848
1505,538500,170500,Outer,Bromley,0.0,0.396089316150727,0.0,0.0,0.0,0.0,0.0,0.10343,1723.8262637371424,0.147442455,0.193906585803597,15.01425699,0.0,0.0,191.24036343507143,0.0,1.4986739584283848,0.2562644475761729,0.1810234626519765,0,2.6923836268863415,-1.1937096684579567
1506,540500,170500,Outer,Bromley,0.0,1.35606763852489,0.0,0.0,0.0,157.3718796,0.0,0.10798,8321.265927788103,1.50139357,6.11910200122584,0.450532027,0.0,0.0,3486.3318592314813,0.0,14.017490916300035,2.81531113764073,1.5655295266435356,0,14.683745305183221,-0.6662543888831856
1507,542500,170500,Outer,Bromley,0.0,0.834503449257602,0.0,0.0,0.0,238.0095035,0.0,0.56561,4775.885847466032,0.0,9.53167814951179,32.1724741,0.0,0.0,1768.258135691026,0.0,8.305064373017883,1.3598540462651532,0.7989283879366826,0,8.114860697144215,0.1902036758736685
1508,544500,170500,Outer,Bromley,0.0,1.04312912496452,0.0,0.0,0.0,28.36516293,0.0,0.29875,2841.5393246703024,1.120702625,7.06050211580056,0.0,0.0,0.0,4928.142529413844,0.0,13.498425709151812,2.895277183178194,1.2511187964594257,0,11.799906462056287,1.6985192470955255
1509,546500,170500,Outer,Bexley,0.0,0.683230464513114,9.47501001695521,0.0,0.0,0.0,0.0,0.16619,714.5203791038978,19593.106947231,0.620882042384785,0.0,0.0,0.0,4501.049760190702,0.0,42.01823100410199,2.409253017363931,1.078741940353141,1,31.208267851181034,10.809963152920957
1510,546500,170500,Outer,Bromley,0.0,1.23491907334755,15.5249376290767,0.0,0.0,5.071347312,0.0,0.0,2407.393197438771,2.832627721,1.1222258002638,0.0,0.0,0.0,695.4561574039325,0.0,4.0407577357979525,0.6077489933254367,0.3915721702553422,0,3.7438114339917785,0.296946301806174
1511,548500,170500,Outer,Bromley,0.0,0.846589642865593,0.0,0.0,0.0,105.6634687,0.0,0.0,225.4427027364436,0.0,0.659428647185612,0.0,0.0,0.0,1873.584829430046,0.0,5.602428473767593,0.6660259315163745,0.260640415482746,0,4.4943626688112825,1.1080658049563104
1512,548500,170500,Outer,Bexley,0.0,1.37595402501847,0.0,0.0,0.0,27.50561254,0.0,0.0,1620.950963091792,0.0,1.07176348054693,0.0,0.0,0.0,1494.898130447288,0.0,5.552665252394628,1.1067616390606865,0.5754026706402572,0,4.650656774388095,0.9020084780065334
1513,550500,170500,Non GLA,Non GLA,0.0,8.970908533977,0.0,0.0,0.0,0.0,0.0,0.18663,1014.303316887557,0.0,1.0590754430191,0.0,0.0,0.0,777.4691893027949,0.0,3.6235334466672144,0.7540127451997614,0.5151206046548212,0,3.7265894339318244,-0.10305598726460996
1514,552500,170500,Non GLA,Non GLA,0.0,6.67602535477099,0.0,0.0,0.0,0.0,0.0,0.11019,2454.995169143958,9.256580473,3.64792596751461,0.0,0.0,0.0,880.220806452501,0.0,3.760703030334968,0.9760685143269108,0.6963428392750189,0,4.033360346984223,-0.27265731664925497
1515,554500,170500,Non GLA,Non GLA,0.0,9.38815988539083,0.0,0.0,0.0,0.0,0.0,0.2989,835.9428386261573,0.0,0.47070047611741,0.0,0.0,0.0,16915.962435323134,0.0,32.108194048231695,6.917386417279948,1.3992971303590378,1,37.15525234458345,-5.047058296351757
1516,512500,168500,Non GLA,Non GLA,0.0,0.0,0.0,0.0,0.0,0.0,0.0,0.482,2731.250601458336,0.201571736,4.00837362132972,0.0,0.0,8.01886,1053.2082600074991,0.0,3.988752366924603,0.9583270091570923,0.6439767485194485,0,5.835169073524229,-1.846416706599626
1517,512500,168500,Outer,Richmond,0.0,0.0,0.0,0.0,0.0,0.0,0.0,0.12683,33.65650235147689,0.00850885,0.0071427276688321,0.0,0.0,5.55447,0.0,0.0,0.1143041089377945,0.0191566185396007,0.011336798962088,0,1.4595319541848735,-1.345227845247079
1518,514500,168500,Non GLA,Non GLA,0.0,0.961422664310394,0.0,0.0,0.0,0.0,0.0,0.1491,6693.418342507721,2.380302512,7.70050291229739,0.0,0.0,0.0,1693.750943801513,0.0,6.914234685206439,1.4744827321075311,0.9310934955565076,0,9.028300377501848,-2.1140656922954095
1519,514500,168500,Outer,Richmond,0.0,0.0016660316287695,0.0,0.0,0.0,0.0,0.0,0.70942,238.9071877867704,0.099076834,0.0133414124054755,0.0,0.0,4.27901,29.798570252908466,0.0,0.3056558798811749,0.1277344471695349,0.1073076049457723,0,3.0087528045365026,-2.703096924655328
1520,516500,168500,Outer,Richmond,0.0,9.49235926589322,0.0,0.0,0.0,0.0,0.0,0.45906,625.7618052931333,0.0,0.235347306248357,0.0,0.0,0.0,1158.3645630431888,0.0,3.8377988329407087,0.808610813272871,0.3281896649315309,0,6.047386226909024,-2.2095873939683157
1521,518500,168500,Outer,Kingston,0.0,0.521564189267288,0.0,0.0,0.0,562.1873463,0.0,0.0,11123.588672206884,3.746283853,2.82420118138426,0.0,0.0,0.0,4213.395690204722,0.0,20.60111102133525,5.658414455544269,2.1304352306137746,0,21.97322657392332,-1.3721155525880704
1522,520500,168500,Outer,Kingston,0.0,0.41725135141383,0.0,0.0,0.0,309.8863404,0.0,0.6244,8581.120480949836,4.674702336,6.11910200122584,123.727875702,0.0,0.0,2800.873103514719,0.0,12.808386729083749,2.8569447785496,1.9583922993086715,0,16.444580775362184,-3.636194046278435
1523,522500,168500,Outer,Merton,0.0,1.34267369965991,0.0,0.0,0.0,321.2651677,0.0,0.0,5044.634095485129,3.280859467,1.6928616392374,40.12518537,0.0,0.0,10556.959026948338,0.0,28.89577871020761,6.274848296876104,2.8967427349907044,1,28.63010185187484,0.26567685833276755
1524,522500,168500,Outer,Kingston,0.0,0.0299012370147311,0.0,0.0,0.0,0.0,0.0,0.41402,873.6663522101284,0.489605582,0.0376997304401852,18.158492937,0.0,0.0,96.49281853316012,0.0,0.8846787675927231,0.2340253952646785,0.1896590109830156,0,2.8891779083529325,-2.0044991407602093
1525,524500,168500,Outer,Merton,0.0,0.938816287111059,0.0,0.0,0.0,50.02583281,0.0,0.0,7655.619758591235,0.605303608,8.35492821570841,1.220044002,0.0,0.0,2681.616962651201,0.0,10.32411249950716,2.544836844272061,1.6009852166131162,0,11.385143248113799,-1.0610307486066386
1526,526500,168500,Outer,Merton,0.0,2.81644811490324,0.0,0.0,0.0,293.0457797,0.0,0.30003,6699.254788129145,8.906632759,3.88327662440336,0.0,0.0,0.0,4092.87232931098,0.0,15.51950716164409,3.009223255147605,1.5126464055860978,0,16.693452120538634,-1.1739449588945448
1527,528500,168500,Outer,Merton,0.0,5.00701845625579,0.0,0.0,0.0,0.0,0.0,0.0,4838.153329159897,0.023133598,0.941400114574721,3.793896014,0.0,0.0,5405.1188688760485,0.0,16.75172930471484,3.0965461849340694,1.45985987222489,0,16.734887950994796,0.016841353720042918
1528,530500,168500,Outer,Croydon,0.0,0.131636652281208,0.0,0.0,0.0,87.76009501,0.0,0.0,6773.996918355294,0.438043469,3.26697825808329,0.0,0.0,0.0,1669.0563510600305,0.0,7.421364440312382,1.7289553470303414,1.1435687960835317,0,9.939939036180949,-2.518574595868567
1529,530500,168500,Outer,Merton,0.0,0.0386471566358301,0.0,0.0,0.0,115.3398655,0.0,0.28852,3473.479896143661,0.237348236,0.959142593143213,0.0,0.0,0.0,752.5580458620202,0.0,3.63043877343054,0.800982120031229,0.4552832888571413,0,6.37157790973168,-2.7411391363011397
1530,532500,168500,Outer,Croydon,0.0,0.104312837853458,0.0,0.0,0.0,426.2510393,0.0,0.18559,13290.333862809824,1.507493646,0.588374966901688,102.49814024,0.0,0.0,4912.091121265724,0.0,19.445935035397607,4.118119570336696,2.5698867121140645,0,26.079997498970062,-6.634062463572455
1531,534500,168500,Outer,Croydon,0.0,0.320505820304309,0.0,0.0,0.0,234.7385957,0.0,0.06937,9159.90981485948,0.553247213,2.07898022446321,199.276976474,0.0,0.0,3188.742743049348,0.0,13.26224169779345,3.014572057632064,1.7507953271323975,0,17.39072707006084,-4.1284853722673915
1532,534500,168500,Outer,Bromley,0.0,0.0063700331182434,0.0,0.0,0.0,0.0,0.0,0.0,1199.479485238913,0.077996845,0.0413209350505242,0.21634724,0.0,0.0,163.07593011449154,0.0,0.9732972059584571,0.2201806377456573,0.1501422668186493,0,1.9581749278715908,-0.9848777219131336
1533,536500,168500,Outer,Bromley,0.0,1.46038047637835,0.0,0.0,0.0,254.758939,0.0,0.31871,9237.675545235075,1.332859433,6.11910200122584,0.106728648,0.0,0.0,3957.387702806824,0.0,15.752751107322617,3.101695496135206,2.030117789363217,0,17.60450422624957,-1.851753118926954
1534,538500,168500,Outer,Bromley,0.0,0.0,0.0,0.0,0.0,34.46797071,0.0,0.18569,6965.101201579146,1.654293075,11.6496891463134,0.0,0.0,0.0,2219.2759060567814,0.0,8.932396436978577,1.9096975088731256,1.113483559101957,0,8.607932826341674,0.32446361063690254
1535,540500,168500,Outer,Bromley,0.0,0.834503449257602,0.0,0.0,0.0,242.3634285,0.0,0.1767,8905.47725993389,0.840570776,5.7660768535528,61.02845439,0.0,0.0,5380.845309361824,0.0,19.54226454765096,4.110148364734404,2.310987613422092,0,20.04044742582471,-0.4981828781737505
1536,542500,168500,Outer,Bromley,0.0,0.312938513560373,0.0,0.0,0.0,187.1241203,0.0,0.0,6718.004005558381,1.183979618,11.1791285594326,61.102265,0.0,0.0,3088.259568246652,0.0,11.860041870013532,2.1668696429547483,1.1851030588225349,0,10.753405305904156,1.106636564109376
1537,544500,168500,Outer,Bromley,0.0,2.39919676348941,10.487813392298,0.0,0.0,0.0,0.0,0.11421,2744.403575651545,0.0,3.64792596751461,56.68823121,0.0,0.0,145.5163433549253,0.0,2.766018568744699,0.4555917152087614,0.395370626622494,0,2.8546499717994642,-0.08863140305476502
1538,546500,168500,Outer,Bromley,0.0,0.41725135141383,0.0,0.0,0.0,21.31684972,0.0,0.0,7333.079076038525,71.29108872,9.06097767339438,44.74472204,0.0,0.0,2065.679314095316,0.0,12.023677962375286,2.677133759299054,1.9579697954533395,0,9.075322701667023,2.9483552607082633
1539,548500,168500,Outer,Bromley,0.0,7.09327670618482,0.0,0.0,0.0,0.0,0.0,0.04947,681.2402516256616,0.0,0.706050295346066,44.73387777,0.0,0.0,283.817198823967,0.0,2.19674553826218,0.318417796195144,0.2180809230244499,0,2.254635803782774,-0.05789026552059395
1540,550500,168500,Non GLA,Non GLA,0.0,1.85366769452979,0.0,0.0,0.0,0.0,0.0,0.01974,4060.771235075051,0.794509091,3.6119292000568,45.44302607,0.0,0.0,3963.206061449668,0.0,11.954034018181073,1.6115988052687948,0.8160748716374182,0,11.459353073602676,0.4946809445783966
1541,550500,168500,Outer,Bromley,0.0,0.243890011849204,0.0,0.0,0.0,0.0,0.0,0.09065,113.63171580485697,0.288191312,0.475227191295359,0.0,0.0,0.0,0.0,0.0,0.2694048181503209,0.3835372765940802,0.3740232083523587,0,0.23892395400411282,0.030480864146208098
1542,517500,166500,Non GLA,Non GLA,0.0,0.0710944661800115,0.0,0.0,0.0,0.0,0.0,0.00084,4149.23507359702,0.3892051,3.56896393823087,67.438375713,0.0,0.0,341.2294096650681,0.0,3.071231293214187,0.8127996240052351,0.6931920459303784,0,4.888150355572462,-1.8169190623582745
1543,517500,166500,Outer,Kingston,0.0,0.0361443770429697,0.0,0.0,0.0,0.0,0.0,0.09124,2993.248357587419,0.277511725,1.81446475588855,25.072907436,0.0,0.0,351.274966775052,0.0,2.952678733370014,0.3938564426624295,0.2672770920726475,0,4.349510480488412,-1.396831747118398
1544,519500,166500,Outer,Kingston,0.0,1.35603778132724,0.0,0.0,0.0,88.8587255,0.0,0.0,7287.447426799955,1.487208978,8.47241674595059,0.0,0.0,0.0,4953.350236393314,0.0,16.02058290881563,3.348606687630446,1.8078807645093824,0,16.047632579756193,-0.02704967094056343
1545,521500,166500,Non GLA,Non GLA,0.0,0.0,0.0,0.0,0.0,0.0,0.0,0.29126,2.4669874662706888,0.000230452,8.37660099546397e-07,0.0,0.0,0.0,0.0,0.0,0.0040418509594521,0.009348411145586,0.0017416303282377,0,1.5417873140994534,-1.5377454631400012
1546,521500,166500,Outer,Kingston,0.0,0.938234071756919,0.0,0.0,0.0,107.7016641,0.0,0.0,7219.233043739208,0.760044003,10.2313806566235,9.148790973,0.0,0.0,2594.4092453177723,0.0,10.347015655497614,2.5779738060858426,1.7768438379816176,0,10.599640278533183,-0.2526246230355689
1547,523500,166500,Outer,Merton,0.0,0.64341663787918,0.0,0.0,0.0,0.0,0.0,0.00499,3412.6056414010995,2.597169981,2.17750999367235,0.0,0.0,0.0,469.6949429124032,0.0,2.995609832648316,2.065799151941488,1.889242613400817,0,4.474454516636152,-1.4788446839878362
1548,523500,166500,Outer,Sutton,0.0,0.459560493341212,0.0,0.0,0.0,7.735953527,0.0,0.473,3419.9165093722204,2.194953978,1.555285182148,0.0,0.0,0.0,359.1402884429588,0.0,2.7090824402661973,0.5563238601726912,0.4321867528307733,0,5.552001451603394,-2.842919011337197
1549,525500,166500,Outer,Merton,0.0,0.0892931745765305,0.0,0.0,0.0,0.0,0.0,0.34277,1549.649361062338,0.655355562,0.17046801855819,0.754790657,0.0,0.0,203.69470605893912,0.0,1.3175912320193772,0.2546378960151653,0.1846404963839695,0,3.4259540949997085,-2.1083628629803313
1550,525500,166500,Outer,Sutton,0.0,1.81717249541445,0.0,0.0,0.0,39.10954283,0.0,0.23407,6039.205833475405,2.956423686,3.46913998416792,1.423975906,0.0,0.0,2870.0646696097187,0.0,11.64376018932638,2.5040260291624485,1.4941050813101953,0,12.340208165209663,-0.6964479758832827
1551,527500,166500,Outer,Sutton,0.0,0.417242394254536,0.0,0.0,0.0,149.2921059,0.0,0.0,7863.32955261684,1.221080319,5.76595036687777,0.0,0.0,0.0,2260.0092337659903,0.0,9.920570642184188,2.5764219087628417,1.7535625650907378,0,11.841938434009617,-1.9213677918254284
1552,529500,166500,Outer,Sutton,0.0,2.81640855411635,0.0,0.0,0.0,25.43248604,0.0,0.33682,2764.013968941236,266086.926046823,0.117673653124178,0.0,0.0,0.0,954.8141727695267,0.0,304.95260678022305,18.375951812496535,3.710352339763492,1,289.34924818741945,15.603358592803602
1553,531500,166500,Outer,Croydon,0.0,0.0,0.0,0.0,0.0,997.8947212,0.0,0.25355,15303.269015126814,30.295295959,1.05906036513731,0.0,0.0,0.0,5963.17626864329,0.0,27.720714736388,6.122137998387565,3.405095591919256,1,32.303582625830806,-4.582867889442806
1554,533500,166500,Outer,Croydon,0.0,0.0,0.0,0.0,0.0,376.4218422,0.0,0.13565,13122.381417583929,33.87511188,2.23579438339879,178.28023847,0.0,0.0,4386.761230584146,0.0,19.32853875395161,5.408499944858937,2.9426911716064605,0,24.36404464701821,-5.035505893066603
1555,535500,166500,Outer,Croydon,0.0,2.08622839273139,0.0,0.0,0.0,140.0207588,0.0,0.40051,5211.868650136496,4.191258975,9.2961976553076,0.0,0.0,0.0,769.302262088522,0.0,5.341320905142196,1.1666712656256342,0.8245157760604347,0,5.9833113930726745,-0.6419904879304781
1556,537500,166500,Outer,Croydon,0.0,0.0090646452059935,0.0,0.0,0.0,0.0,0.0,0.0,391.84131623609727,0.091428051,0.0342862655345336,0.0,0.0,0.0,1282.7533474994816,0.0,3.232097373771168,0.7090958648820301,0.3218034313064141,0,3.430501496832166,-0.1984041230609983
1557,537500,166500,Outer,Bromley,0.0,1.52879078048979,0.0,0.0,0.0,31.3735893,0.0,0.53754,3739.603227369089,1.187353108,5.78256367963208,0.094199919,0.0,0.0,2608.999812750018,0.0,9.268298927315776,1.9212080775117903,1.1242831788304484,0,9.165836972655487,0.10246195466028851
1558,539500,166500,Outer,Bromley,0.0,0.625868816391392,0.0,0.0,0.0,0.0,0.0,0.44367,6942.865883330861,0.766981037,10.8259517952815,0.345758969,0.0,0.0,2231.8834811006705,0.0,8.719387616869543,2.3094566896302915,1.5422871601029848,0,9.39284111143003,-0.6734534945604871
1559,541500,166500,Outer,Bromley,0.0,7.30174189945438,0.0,0.0,0.0,0.0,0.0,0.0,1189.209698724052,0.0,0.470689586536116,0.0,0.0,0.0,104.64257070242654,0.0,1.6290696970724885,0.2597685427070569,0.2071350508801758,0,2.368864192504258,-0.7397944954317697
1560,543500,166500,Outer,Bromley,0.0,2.29485182914848,2.45511959434273,0.0,0.0,0.0,0.0,0.37263,2592.614941347912,2.804218393,2.35346803652297,0.0,0.0,0.0,196.50740320840148,0.0,2.519625708906437,0.589009076040787,0.5147963149930077,0,3.574091308730239,-1.0544655998238017
1561,545500,166500,Outer,Bromley,0.0,0.0,0.0,0.0,0.0,0.0,0.0,0.29188,7203.8684712814575,0.820294562,11.4142279182915,34.9998238,0.0,0.0,1240.6929452062348,0.0,7.239506919576421,1.3509150099964509,0.9942573611293204,0,6.9924547341006,0.24705218547582053
1562,547500,166500,Outer,Bromley,0.0,1.35604823134642,0.0,0.0,0.0,54.58144988,0.0,0.35862,5882.322710464875,1.320089546,8.82550471813109,0.0,0.0,0.0,1023.9575573279162,0.0,5.552799724986643,1.3387901013720118,0.9859333171393494,0,6.4124204257247905,-0.8596207007381471
1563,549500,166500,Outer,Non GLA,0.0,0.328475452786555,0.0,0.0,0.0,0.0,0.0,0.26913,70.57748440753228,0.0,0.0,0.0,0.0,0.0,0.0,0.0,0.090255059542313,0.0210380954167136,0.0128775253919403,0,0.826548363439926,-0.7362933038976129
1564,549500,166500,Outer,Bromley,0.0,6.80047836529804,0.0,0.0,0.0,0.0,0.0,0.08689,351.6786485656637,0.0,0.0,0.0,0.0,0.0,0.963845828655794,0.0,1.050617164567307,0.0973872550646957,0.0845230412266509,0,1.4198292631918044,-0.36921209862449733
1565,517500,164500,Non GLA,Non GLA,0.0,0.108161430630311,0.0,0.0,0.0,0.0,0.0,0.40919,220.2353724656057,0.010153301,0.19174039678617,0.0,0.0,0.0,4215.807015307235,0.0,10.492727877336716,1.4359687737512927,0.5283793864281285,0,10.794217744981957,-0.3014898676452411
1566,517500,164500,Outer,Kingston,0.0,2.50226231691111,0.0,0.0,0.0,107.443799,0.0,0.00522,4548.783207703761,0.048835706,4.43581900522675,0.0,0.0,0.0,2451.65969070198,0.0,9.054587843923798,2.1448741501172788,1.4226221630862843,0,9.82172806768477,-0.7671402237609719
1567,519500,164500,Non GLA,Non GLA,0.0,0.22739764229828,0.0,0.0,0.0,0.0,0.0,0.16276,1731.800556633944,4.057094208,0.384790056307932,0.0,0.0,0.0,140.23742521160818,0.0,1.147338572858824,0.2021129157768238,0.1538267676679202,0,3.192628075525594,-2.04528950266677
1568,519500,164500,Outer,Kingston,0.0,1.82287820588503,0.0,0.0,0.0,6.790448096,0.0,0.0,2979.25669493433,24.68684607,3.08457442076667,0.043034196,0.0,0.0,720.2886231012619,0.0,4.2040464326135485,0.7791395196104368,0.5533117821290372,0,4.604176703336231,-0.40013027072268237
1569,521500,164500,Non GLA,Non GLA,0.0,0.834491506378542,0.0,0.0,0.0,0.0,0.0,0.26944,6763.170420763939,0.10659906,10.7082789798174,0.047129488,0.0,0.0,2558.025834871712,0.0,8.791026160868157,2.455709952391985,1.6684371112549232,0,10.063978557977283,-1.272952397109126
1570,523500,164500,Non GLA,Non GLA,0.0,0.0703092218818638,0.0,0.0,0.0,0.0,0.0,0.0,129.38981231976794,0.10661061,0.231337427351828,0.0,0.0,0.0,83.06918193999832,0.0,0.3191812881537759,0.082577733549892,0.0463821752588387,0,1.0649964192126422,-0.7458151310588663
1571,523500,164500,Outer,Sutton,0.0,1.73467705831248,0.0,0.0,0.0,60.08257239,0.0,0.31501,7118.8149987971765,0.529544725,5.70757634752068,0.0,0.0,0.0,2501.8545584577946,0.0,9.817201432720196,2.262962017251632,1.3370316844142376,0,12.270711012483286,-2.4535095797630895
1572,525500,164500,Outer,Sutton,0.0,0.625868816391392,3.38277686279341,0.0,0.0,372.7999334,0.0,0.0,10702.962317576674,2.43255778,3.76554852337271,2.447050577,0.0,0.0,2940.61126524066,0.0,15.807205938834835,3.564064666580234,2.279975577224297,0,17.719477983925742,-1.9122720450909068
1573,527500,164500,Outer,Sutton,0.0,0.312931795690902,1.20571339831936,0.0,0.0,85.18144383,0.0,0.27569,7594.150606881652,1.058728589,8.11939913721845,4.923922291,0.0,0.0,4544.389848097319,0.0,14.828645923634308,3.253370780695222,2.001025484821485,0,15.95398290510232,-1.1253369814680116
1574,529500,164500,Outer,Sutton,0.0,0.625868816391392,0.0,0.0,0.0,62.14549333,0.0,0.28151,9380.91445765168,0.242227238,10.0022387363926,1.544129435,0.0,0.0,1429.6362161275456,0.0,9.275412670926007,1.7792339286360666,1.359919974460602,0,10.552887903478208,-1.2774752325522005
1575,531500,164500,Outer,Croydon,0.0,2.08622839273139,0.0,0.0,0.0,517.9977458,0.0,0.0,8249.218231357212,10.0630874,6.23668937535976,0.605097698,0.0,0.0,8118.758168455578,0.0,26.19859550705343,5.901420552611766,2.495150610268821,0,25.86818377485271,0.3304117322007194
1576,533500,164500,Outer,Croydon,0.0,2.29485182914848,0.0,0.0,0.0,353.9796835,0.0,0.0,7171.620016225748,4.99274207,8.35481094329447,0.0,0.0,0.0,3288.095208231877,0.0,13.99158109179333,2.6584973204517235,1.1933561081631952,0,13.465514835550763,0.5260662562425669
1577,535500,164500,Outer,Croydon,0.0,1.77329435775066,0.0,0.0,0.0,31.3735893,0.0,0.24154,1122.605775099806,0.0,3.76554852337271,0.0,0.0,0.0,1315.1600286051869,0.0,4.478531096820205,0.9723648679114372,0.4648163337315374,0,4.0252498247194985,0.453281272100706
1578,537500,164500,Outer,Bromley,0.0,0.0328473959926672,0.0,0.0,0.0,0.0,0.0,0.2984,483.4255172674682,0.013519762,0.032695549005495,0.0,0.0,0.0,126.0044436551078,0.0,0.5717301225623713,0.135402176562695,0.0778838358358139,0,1.864956555335631,-1.2932264327732597
1579,537500,164500,Outer,Croydon,0.0,2.89680726951348,0.0,0.0,0.0,0.0,0.0,0.1167,2119.196257309143,0.126964029,2.88342291276209,0.0,0.0,0.0,2000.7294567541423,0.0,6.382735218012858,1.4131322760775058,0.6299880646570436,0,6.318921729610864,0.06381348840199408
1580,539500,164500,Outer,Bromley,0.0,3.96383409547562,0.0,0.0,0.0,0.0,0.0,0.47036,3238.67489991999,0.242083028,5.29530266334663,0.0,0.0,0.0,659.1106174929436,0.0,3.570204159654846,0.7639072389253926,0.5631278543613305,0,4.778514426903495,-1.208310267248649
1581,541500,164500,Outer,Bromley,0.0,0.834484788509072,0.0,0.0,0.0,0.0,0.0,0.74999,2458.800255466747,0.850805165,5.0599151494135,0.0,0.0,0.0,1189.3197702446282,0.0,4.662392683421452,0.9080529783608128,0.5131376245053696,0,5.428436871523977,-0.7660441881025246
1582,543500,164500,Outer,Bromley,0.0,5.00694903827125,43.5192400558283,0.0,0.0,152.6443525,0.0,0.1909,2579.864775121685,1.313089811,4.9422825416342,0.0,0.0,0.0,3241.6618535032176,0.0,10.20477947901815,2.413194215428775,1.0705160886998817,0,9.745477898450304,0.4593015805678462
1583,545500,164500,Outer,Bromley,0.0,0.834484788509072,0.0,0.0,0.0,31.3735893,0.0,0.0,6616.181129052599,0.89290493,10.4728479075591,0.066880441,0.0,0.0,3541.4846953569117,0.0,11.644256891925115,2.815192981850048,1.618356523447143,0,10.872493680532475,0.7717632113926403
1584,547500,164500,Outer,Bromley,0.0,7.82335759238761,0.0,0.0,0.0,0.0,0.0,0.19669,1320.1966551407088,0.0,2.58881450511123,0.0,0.0,0.0,2271.524295432828,0.0,6.73381640138889,1.623905803998326,0.7572547346527962,0,6.676743812061939,0.05707258932695147
1585,549500,164500,Non GLA,Non GLA,0.0,1.86977863838076,0.0,0.0,0.0,0.0,0.0,0.28225,128.0211123528137,0.977882032,0.414942469251204,0.0,0.0,0.0,94.0895067825076,0.0,0.5309173828087012,0.1044721300570518,0.0681373019433917,0,1.1831078081648592,-0.652190425356158
1586,549500,164500,Outer,Bromley,0.0,1.33423232345482,0.0,0.0,0.0,0.0,0.0,0.00216,201.96322451045765,0.826052227,0.296093579007362,0.0,0.0,0.0,26.08709687490791,0.0,0.515788514436778,0.0613703414233556,0.0435652756908282,0,0.43648832757528666,0.07930018686149132
1587,517500,162500,Outer,Kingston,0.0,6.0501475812203,0.0,0.0,0.0,0.0,0.0,0.06767,722.697970478164,2.906295324,2.58885052449551,0.0,0.0,0.0,1671.788696428875,0.0,5.631720214107649,1.2266116762464747,0.585111617005673,0,5.213558814534555,0.4181613995730933
1588,519500,162500,Non GLA,Non GLA,0.0,5.31989352327116,0.0,0.0,0.0,0.0,0.0,0.25729,1226.6063422130069,0.08079712,4.58927163418286,0.0,0.0,0.0,495.12495777047934,0.0,2.0611931351937054,0.4478699600832367,0.2956854782418718,0,2.954354724924711,-0.8931615897310055
1589,521500,162500,Non GLA,Non GLA,0.0,0.208625675706915,0.0,0.0,0.0,0.0,0.0,0.22545,5393.33241024399,1.423353288,10.3554037733022,0.765532405,0.0,0.0,2390.632170526118,0.0,7.982518608301597,1.845068974543972,1.182405599051978,0,8.365535998542597,-0.3830173902410001
1590,523500,162500,Non GLA,Non GLA,0.0,2.54280689845748,0.0,0.0,0.0,0.0,0.0,0.0,3637.546214543546,8.196124329,8.60559716283757,2.204759843,0.0,0.0,1332.637571375377,0.0,4.71336241822454,1.0428636184010776,0.6676076979160509,0,4.7414205253232105,-0.02805810709867007
1591,523500,162500,Outer,Sutton,0.0,0.0004097900377215,0.0,0.0,0.0,0.0,0.0,0.00013,64.05459766652012,0.104070166,0.0013871651248488,0.0,0.0,0.0,116.3509894951692,0.0,0.2975156315883964,0.0677517639411803,0.0310323213976845,0,1.1622563108631976,-0.8647406792748011
1592,525500,162500,Non GLA,Non GLA,0.0,8.95715929446e-06,0.0,0.0,0.0,0.0,0.0,0.0,5.164612054579656,0.000929941,7.28764286605366e-05,0.0,0.0,0.0,0.1496670514687134,0.0,0.0116949728070976,0.0098043572336664,0.0021293328206993,0,0.8114096597430667,-0.799714686935969
1593,525500,162500,Outer,Sutton,0.0,1.14110253332732,0.0,0.0,0.0,299.3929664,0.0,0.18293,7373.829868508639,0.335448817,9.4790161343735,0.582324028,0.0,0.0,3518.2827968095426,0.0,14.513922915224065,8.312282362511468,3.0835859508233385,0,14.082614086900962,0.43130882832310213
1594,527500,162500,Outer,Sutton,0.0,2.50347899771527,0.0,0.0,0.0,102.4466096,0.0,0.0,4150.358714631449,0.560505158,7.29576481837886,0.0,0.0,0.0,910.5769672169316,0.0,5.306047524312448,1.3709901532554265,0.681948656490846,0,5.093590447436743,0.21245707687570548
1595,529500,162500,Outer,Croydon,0.0,0.0132834672336842,0.0,0.0,0.0,94.12076791,0.0,0.24054,561.434950020956,0.061226216,0.119883400466782,0.0,0.0,0.0,430.9727858406342,0.0,1.7227049823807237,0.3272058768790593,0.1414425683124528,0,3.063984258686755,-1.3412792763060315
1596,529500,162500,Outer,Sutton,0.0,0.913801180491456,0.0,0.0,0.0,7.735953527,0.0,0.29262,5418.366281267027,0.50781177,8.24684912136444,0.0,0.0,0.0,2612.8229863411075,0.0,9.350445321483567,2.029397776571517,1.039865636486155,0,9.552840942926231,-0.20239562144266365
1597,531500,162500,Outer,Croydon,0.0,2.90476719840649,9.54286631201418,0.0,0.0,260.1348717,0.0,0.0,5073.825427246028,0.283116788,5.71109703291908,4.629354718,0.0,0.0,4133.570855841045,0.0,14.06971525300728,3.1624663422181536,1.311987219329386,0,13.795459920452247,0.27425533255503254
1598,531500,162500,Outer,Sutton,0.0,0.0426032353242166,0.235460346628004,0.0,0.0,0.0,0.0,0.24903,240.71364386744293,0.034287021,0.083761821654142,0.0,0.0,0.0,18.003752143128615,0.0,0.2488960481555654,0.0478829974921845,0.0341792767190482,0,1.471523756445336,-1.2226277082897707
1599,533500,162500,Outer,Croydon,0.0,0.0,18.0609825565544,0.0,0.0,212.9833891,0.0,0.45994,5108.987115081659,0.474637754,11.1791285594326,0.0,0.0,0.0,1338.9016181619916,0.0,6.75939269363322,1.4410399731329953,0.9242898044211,0,6.855366113946947,-0.0959734203137268
1600,535500,162500,Outer,Croydon,0.0,0.104312837853458,0.0,0.0,0.0,167.1386815,0.0,0.30449,6476.163604458004,0.0,9.64935347795616,0.0,0.0,0.0,2857.9296133660773,0.0,10.556137796658282,2.43073035541614,1.4292430265039835,0,11.110285707855166,-0.5541479111968837
1601,537500,162500,Outer,Croydon,0.0,7.40621521974519,0.0,0.0,0.0,0.0,0.0,0.33682,1901.6843522417207,0.0,2.23582537682247,0.0,0.0,0.0,930.6061962389704,0.0,3.724069190939397,0.7135070812218319,0.4391961403808513,0,5.168679307861834,-1.444610116922437
1602,539500,162500,Outer,Bromley,0.0,5.21930835654408,0.0,0.0,0.0,0.0,0.0,0.30252,308.4500761863348,17.99355933,0.447181493502446,0.0,0.0,0.0,430.0694478044519,0.0,2.273242873728684,0.3338637334590947,0.1959155393800777,0,2.791482667024212,-0.5182397932955283
1603,539500,162500,Outer,Croydon,0.0,0.343488398194011,0.0,0.0,0.0,0.0,0.0,0.25574,847.7161832710568,4.616007654,0.0294295122773636,0.0,0.0,0.0,184.67551530288156,0.0,1.2277157623997628,0.2795919690000784,0.2066241953292662,0,2.2524612859453725,-1.0247455235456098
1604,541500,162500,Outer,Bromley,0.0,6.98887952174801,0.0,0.0,0.0,0.0,0.0,0.0625,465.5511171779452,0.164002615,3.17718779669272,0.0,0.0,0.0,1648.5814768159244,0.0,4.7536142201039215,1.0295045582250308,0.4569346941972135,0,4.169643623675515,0.5839705964284061
1605,543500,162500,Outer,Bromley,0.0,7.51052805759865,0.0,0.0,0.0,0.0,0.0,0.0,760.2409612612189,0.0,1.52977591913651,0.0,0.0,0.0,269.520335255811,0.0,1.856008644818788,0.2665450779194794,0.169682191814759,0,1.9887792771795088,-0.13277063236072073
1606,545500,162500,Outer,Bromley,0.0,8.03199595740352,0.0,0.0,0.0,0.0,0.0,0.09308,736.1392868420191,0.56602345,0.941389224993427,0.0,0.0,0.0,940.1720411759096,0.0,3.467933200692856,0.674867248735087,0.3150518213996949,0,3.7523581411816167,-0.28442494048876066
1607,547500,162500,Non GLA,Non GLA,0.0,0.39780088000591,0.0,0.0,0.0,0.0,0.0,0.14055,151.1960961198917,0.466146007,0.480066353690439,0.0,0.0,0.0,52.13563211676798,0.0,0.2972137549027124,0.0816096369450938,0.0577350525567694,0,0.6809300738991588,-0.3837163189964464
1608,547500,162500,Outer,Bromley,0.0,2.21167564794012,0.0,0.0,0.0,34.29606064,0.0,0.11563,1098.7726343575114,1.099133515,2.66905229072658,0.0,0.0,0.0,2636.261577236831,0.0,7.2270410234158495,1.4775382815094882,0.6114037732198326,0,6.533282717373005,0.6937583060428443
1609,549500,162500,Non GLA,Non GLA,0.0,1.25173987207261,0.0,0.0,0.0,0.0,0.0,0.14194,719.1189250387457,0.0,2.82416683732018,38.63274497,0.0,0.0,3609.6287431224814,0.0,8.078224279605122,1.796269603092305,0.5691022077833366,0,8.046561254747951,0.03166302485717054
1610,517500,160500,Non GLA,Non GLA,0.0,0.942377504360548,0.0,0.0,0.0,0.0,0.0,0.26428,238.7231166716945,0.0,0.0360369751425856,0.0,0.0,0.0,26.99119136421576,0.0,0.3294272783632759,0.0668247382010502,0.0496803800417467,0,2.052717329434369,-1.7232900510710931
1611,517500,160500,Outer,Kingston,0.0,2.28025763093804,0.0,0.0,0.0,0.0,0.0,0.05234,371.66794739730574,0.0,0.0871987410425809,0.0,0.0,0.0,252.25095702063567,0.0,1.4573827776226416,0.2100280402948906,0.1090143380230413,0,2.2883941961443846,-0.831011418521743
1612,519500,160500,Non GLA,Non GLA,0.0,0.417246872834183,0.0,0.0,0.0,0.0,0.0,0.00868,3653.0133602852025,0.293094866,5.29531355292793,1.328331399,0.0,0.0,1040.0186290002312,0.0,4.407480538401263,1.24294000922493,0.8432538918191558,0,5.087137761823433,-0.6796572234221703
1613,521500,160500,Non GLA,Non GLA,0.0,1.04312912496452,0.0,0.0,0.0,0.0,0.0,0.0,7255.520332017038,0.689544684,8.11957755881966,0.871480377,0.0,0.0,2278.8647262180834,0.0,9.979637507894491,1.7810062847227537,1.075670671783612,0,10.227740313315815,-0.24810280542132368
1614,523500,160500,Non GLA,Non GLA,0.0,5.2349475566722,0.0,0.0,0.0,0.0,0.0,0.05389,2056.6868251826545,0.0,3.67885321604996,0.618772815,0.0,0.0,2256.602618978649,0.0,6.640369927630693,1.4997732506178674,0.7634880532421475,0,7.101786760718047,-0.4614168330873545
1615,523500,160500,Outer,Sutton,0.0,0.0549902401985136,0.0,0.0,0.0,0.0,0.0,0.06552,334.9766516232939,0.0,0.0386446110324735,0.0,0.0,0.0,22.700620804747302,0.0,0.2896832432375006,0.0482752200619136,0.0333938879126328,0,1.405829331726073,-1.1161460884885726
1616,525500,160500,Non GLA,Non GLA,0.0,0.938816287111059,0.0,0.0,0.0,0.0,0.0,0.22959,5002.797400706631,0.673543695,7.06050211580056,0.427470082,0.0,0.0,2554.952796487521,0.0,9.409995660009526,1.824042945642835,0.9238018470109832,0,9.364254858682756,0.04574080132677061
1617,527500,160500,Non GLA,Non GLA,0.0,3.98895146299717,0.0,0.0,0.0,0.0,0.0,0.18416,973.153416273518,0.476964453,0.93504897569996,0.0,0.0,0.0,657.8721460735616,0.0,2.520410581192508,0.5155200091462677,0.2639622634878567,0,3.6699028714205983,-1.1494922902280904
1618,527500,160500,Outer,Sutton,0.0,0.700303556558296,0.0,0.0,0.0,0.0,0.0,0.0,178.2016413753061,0.199847665,0.164157925028307,0.0,0.0,0.0,279.1817238301516,0.0,0.9987430651475464,0.2063599505173552,0.0937024752482035,0,1.5553807819419614,-0.556637716794415
1619,529500,160500,Outer,Sutton,0.0,0.406209413293585,0.0,0.0,0.0,0.0,0.0,0.0,281.9811991134964,0.062546566,0.458243632777056,0.0,0.0,0.0,8.349402023759179,0.0,0.4110158652568974,0.0669195759978368,0.0543734277062351,0,0.9175527412915425,-0.5065368760346451
1620,529500,160500,Outer,Croydon,0.0,2.71072676375073,0.0,0.0,0.0,81.31346707,0.0,0.30741,4067.9358545766136,0.161573833,3.05796279706418,0.0,0.0,0.0,1652.262357758519,0.0,6.662268794129727,1.3792436868345912,0.797414413578353,0,8.483183281887392,-1.8209144877576646
1621,531500,160500,Outer,Croydon,0.0,0.521564189267288,0.0,0.0,0.0,252.0919417,0.0,0.13973,6636.057111900484,1.045378061,10.0023786256292,5.465676697999999,0.0,0.0,1679.3249020924468,0.0,8.32072459773219,6.123634390143512,1.5142630881449783,0,8.929529086699546,-0.6088044889673565
1622,533500,160500,Outer,Croydon,0.0,5.52858339195302,0.0,0.0,0.0,0.0,0.0,0.0,1861.4552078574145,0.0,3.05955100061292,12.439221001,0.0,0.0,815.5205116130488,0.0,3.5364784880486515,0.7729950395455301,0.4867196010128148,0,3.8297802449184157,-0.29330175686976423
1623,535500,160500,Outer,Non GLA,0.0,0.0073082955543381,0.0,0.0,0.0,0.0,0.0,0.25353,9.70175337345113,0.0,0.0019902803965222,0.0,0.0,0.0,1.805536663177289,0.0,0.0250870404239292,0.0121052759143803,0.003832501358977,0,1.1645923538577065,-1.1395053134337774
1624,535500,160500,Outer,Croydon,0.0,2.73498946898959,0.0,0.0,0.0,31.3735893,0.0,0.16159,1446.578360872853,0.0,0.744735951723417,0.0,0.0,0.0,73.57484787757589,0.0,1.576712125686575,0.3235074610670164,0.2456091598441662,0,2.7045974373224784,-1.1278853116359033
1625,537500,160500,Non GLA,Non GLA,0.0,8.76228285827008,0.0,0.0,0.0,0.0,0.0,0.0,185.7739522078399,0.0,0.235349819228655,0.0,0.0,0.0,98.70656524451532,0.0,0.7770712123905695,0.111187560047305,0.0723731468497799,0,1.822940450582232,-1.0458692381916626
1626,539500,160500,Non GLA,Non GLA,0.0,3.79845059912259,11.3771152733647,0.0,0.0,0.0,0.0,0.2422,95.26909229713264,0.0,0.0446355560644293,0.0,0.0,0.0,490.04676729150407,0.0,1.6148504777073804,0.2790450944179711,0.1297323038117497,0,2.577594968646876,-0.9627444909394955
1627,539500,160500,Outer,Croydon,0.0,0.0395712369030419,0.0,0.0,0.0,0.0,0.0,0.29458,184.83566168460385,0.0,0.0004649013552482,0.0,0.0,0.0,62.97270649213289,0.0,0.3493311653843826,0.0703065838661326,0.0465140918742696,0,1.4498327400962037,-1.1005015747118212
1628,539500,160500,Outer,Bromley,0.0,1.03347927868462,6.68386547709874,0.0,0.0,0.0,0.0,0.03903,147.708142017001,0.0,0.0121443961232237,0.0,0.0,0.0,108.99103111994518,0.0,0.5964875537576637,0.0839800337131165,0.046013660780619,0,1.046018961548123,-0.4495314077904593
1629,541500,160500,Outer,Bromley,0.0,5.73714039610534,928.365158728188,0.0,0.0,0.0,0.0,0.06179,774.8980931593128,1.052999098,1.6474311437385,0.0,0.0,0.0,1692.6341219683131,0.0,7.038127046728275,1.1694243620746154,0.5487056519792884,0,8.051164097203738,-1.0130370504754636
1630,543500,160500,Outer,Bromley,0.0,6.67602535477099,0.0,0.0,0.0,0.0,0.0,0.0,484.4850999881914,0.0,0.353025147673033,0.0,0.0,0.0,124.12262787493228,0.0,1.294480969266724,0.2124230367159116,0.1566366448846924,0,1.7222345659559775,-0.4277535966892534
1631,545500,160500,Outer,Bromley,0.0,7.51043773957576,0.0,0.0,0.0,0.0,0.0,0.03019,479.6984395610856,0.0,0.235347306248357,0.0,0.0,0.0,33.36833147065547,0.0,1.1197829471862435,0.1364262804576751,0.1131543395765847,0,1.6792054619821002,-0.5594225147958567
1632,547500,160500,Non GLA,Non GLA,0.0,4.7435428691793,0.0,0.0,0.0,0.0,0.0,0.02322,244.9866360585077,1.280597208,1.11062169490479,0.0,0.0,0.0,223.8218905379451,0.0,1.011388602765992,0.2026144979189271,0.1181402721322848,0,1.183447785600789,-0.17205918283479704
1633,547500,160500,Outer,Bromley,0.0,0.0300400729837952,0.0,0.0,0.0,0.0,0.0,0.00893,41.94321411476483,0.101909484,0.0070338318558911,0.0,0.0,0.0,1.797651094527999,0.0,0.0766066644415357,0.0199634170006296,0.0113689462435845,0,0.2975637904907824,-0.22095712604924672
1634,549500,160500,Non GLA,Non GLA,0.0,8.44924283023771,0.0,0.0,0.0,0.0,0.0,0.0,473.6105246357192,0.0,1.05906287811761,0.0,0.0,0.0,142.30564443088707,0.0,0.9987064627496977,0.1609905269249107,0.1094301369129076,0,1.568671247853997,-0.5699647851042994
1635,529500,158500,Outer,Croydon,0.0,5.31988307325198,0.0,0.0,0.0,350.1056879,0.0,0.07404,2710.553544463927,0.240301057,5.05995619475838,61.206023295,0.0,0.0,2683.485611867871,0.0,9.553057566194584,12.033038682575372,1.886340574446068,0,9.921569176843303,-0.36851161064871896
1636,531500,158500,Outer,Croydon,0.0,2.71209720912278,0.0,0.0,0.0,0.0,0.0,0.03338,2083.120348186762,1.887135142,3.41252840166028,0.0,0.0,0.0,498.5459077178797,0.0,2.671038995055002,0.6643009765324067,0.4947393733917118,0,3.061337932567751,-0.3902989375127488
1637,533500,158500,Non GLA,Non GLA,0.0,0.603234821284233,0.0,0.0,0.0,0.0,0.0,0.0,1703.5689313362932,2.60536186,0.969207916899363,69.84945287400001,0.0,0.0,1695.4257048357613,0.0,4.877187543764146,1.4261908702922304,0.7757118924792415,0,5.872116350753884,-0.994928806989738
1638,533500,158500,Outer,Croydon,0.0,1.16349767085329,0.0,0.0,0.0,34.81179087,0.0,0.00054,1263.2686234982948,3.61832873,1.86937170009361,0.224155735,0.0,0.0,104.18278660181788,0.0,1.326183325613625,0.3323391602559925,0.2587064786273328,0,1.7859583695987098,-0.45977504398508473
1639,535500,158500,Non GLA,Non GLA,0.0,3.54658871550132,0.0,0.0,0.0,0.0,0.0,0.13015,3420.1511429500238,2.990753009,7.6487706998696,0.0,0.0,0.0,2249.512212096258,0.0,7.273147775085763,1.8519360891283232,1.1223004450532468,0,6.847402316149882,0.42574545893588134
1640,537500,158500,Non GLA,Non GLA,0.0,8.03198028237476,0.0,0.0,0.0,0.0,0.0,0.29791,172.77225882192272,0.0,0.588366590300693,0.0,0.0,0.0,250.46732719085043,0.0,1.2401704595297502,0.1978345344899013,0.1072693026550488,0,2.6512124808762234,-1.4110420213464732
1641,539500,158500,Non GLA,Non GLA,0.0,9.17940582373403,0.0,0.0,0.0,0.0,0.0,0.08673,148.3578441791762,0.0,0.117673653124178,0.0,0.0,0.0,478.6330442608437,0.0,1.758467474224111,0.3021212316970826,0.1505327916131278,0,2.8288531253179308,-1.0703856510938197
1642,541500,158500,Non GLA,Non GLA,0.0,0.0215860074697074,0.0,0.0,0.0,0.0,0.0,0.0,135.8483460862614,0.060377932,0.271340723065766,0.0,0.0,0.0,67.63756847313657,0.0,0.2536096714156362,0.0577178650051306,0.0266387050782518,0,0.6116209207375238,-0.35801124932188766
1643,541500,158500,Outer,Bromley,0.0,0.500669375923136,0.0,0.0,0.0,48.0488669,0.0,0.19375,4846.749473983324,0.290782163,6.29352880141448,0.0,0.0,0.0,834.3663114929046,0.0,4.453162279476352,0.9485699588035584,0.6458647159088582,0,5.575569920882647,-1.1224076414062951
1644,543500,158500,Outer,Bromley,0.0,9.07509447874045,0.0,0.0,0.0,9.626964389,0.0,0.02875,498.017277596084,0.0,0.941387549673228,0.0,0.0,0.0,228.2123413738021,0.0,1.6308325042023768,0.2463251190585621,0.1569804539751782,0,2.1793515872728175,-0.5485190830704407
1645,545500,158500,Non GLA,Non GLA,0.0,2.50414929180248,1.94516807842173,0.0,0.0,0.0,0.0,0.0,151.5518476420769,0.0,0.602033014824792,0.0,0.0,0.0,134.93429605459983,0.0,0.6121898379832155,0.1590553422166407,0.1051460707080867,0,0.8448366522172766,-0.23264681423406108
1646,545500,158500,Outer,Bromley,0.0,0.883670789484775,0.0,0.0,0.0,0.0,0.0,0.0,170.0385793088158,0.0,0.212446516786858,0.0,0.0,0.0,100.83456615386812,0.0,0.571377409614681,0.0943026864285682,0.0509747189783325,0,0.7209003659496158,-0.14952295633493484
1647,547500,158500,Non GLA,Non GLA,0.0,4.0681454404692,14.1731798615427,0.0,0.0,0.0,0.0,0.15841,304.1945327423081,0.0,0.0,0.0,0.0,0.0,44.36148655631845,0.0,0.7130495136519335,0.0967958239830212,0.0735550772693873,0,1.5294914227241048,-0.8164419090721713
1648,549500,158500,Non GLA,Non GLA,0.0,7.71898429370891,7.99343840945105,0.0,0.0,0.0,0.0,0.30016,214.2292569927359,0.0,0.706034379804174,0.0,0.0,0.0,1453.841373171009,0.0,3.596065535907244,0.6284785483125168,0.1976061483958844,0,4.798748178026685,-1.2026826421194405
1649,529500,156500,Non GLA,Non GLA,0.0,4.69401425686059,0.0,0.0,0.0,0.0,0.0,0.07496,1362.836327477789,0.0,3.53020205478446,0.0,0.0,0.0,296.650383250472,0.0,2.293850801012061,0.321323614447325,0.2180446277675607,0,2.3197586176640446,-0.025907816651983495
1650,531500,156500,Non GLA,Non GLA,0.0,0.456459076935505,0.0,0.0,0.0,0.0,0.0,0.0,417.5257385933165,0.0,0.027585822398262,0.0,0.0,0.0,13.084944628962411,0.0,0.3691646450859764,0.0601091997596015,0.047795881242442,0,1.1990071011890002,-0.8298424561030238
1651,531500,156500,Outer,Croydon,0.0,3.0320887391976,0.0,0.0,0.0,0.0,0.0,0.00437,616.7823337260979,0.0,0.183240659756073,0.0,0.0,0.0,266.74450569938904,0.0,1.444977580174717,0.2736254167165569,0.1784414698616147,0,2.1715375101381316,-0.7265599299634147
1652,533500,156500,Non GLA,Non GLA,0.0,1.87760570274423,0.0,0.0,0.0,0.0,0.0,0.00089,4020.60016047796,0.592993695,8.35481094329447,0.0,0.0,0.0,1072.9133513097377,0.0,4.555390692613763,1.00217731574869,0.6765252886010021,0,4.371326198514181,0.18406449409958192
1653,535500,156500,Non GLA,Non GLA,0.0,5.73712845322628,0.0,0.0,0.0,0.0,0.0,0.00152,500.5031599179423,0.0,0.941387549673228,251.891692743,0.0,0.0,386.2891674389285,0.0,2.0914520483386387,0.3051053670483803,0.1678540007177407,0,3.4399682436599885,-1.3485161953213498
1654,537500,156500,Non GLA,Non GLA,0.0,4.38108022187986,0.0,0.0,0.0,0.0,0.0,0.0,1067.0923943054763,0.0,5.41297631647081,0.0,0.0,0.0,199.0062292408865,0.0,1.3317328512553508,0.232028129159011,0.1613715877279188,0,0.816028873160807,0.5157039780945438
1655,539500,156500,Non GLA,Non GLA,0.0,8.55353700734263,54.4323171683955,0.0,0.0,0.0,0.0,0.0,156.708329357732,0.0,0.0,0.0,0.0,0.0,168.18334548689938,0.0,1.2581474825998316,0.1468924406378381,0.0873731928295356,0,2.171768156016153,-0.9136206734163215
1656,541500,156500,Non GLA,Non GLA,0.0,6.67587830807257,0.0,0.0,0.0,0.0,0.0,0.03008,785.4124046589861,0.0,2.35344877034068,0.0,0.0,0.0,260.22417742132404,0.0,1.2588179567871185,0.2640509205750771,0.1718630363500205,0,1.8493373147497714,-0.5905193579626529
1657,543500,156500,Non GLA,Non GLA,0.0,3.35917359300369,0.0,0.0,0.0,0.0,0.0,0.01119,129.3636932920455,0.07224736,0.874493689443652,0.0,0.0,0.0,710.9835057032279,0.0,1.9487298451519928,0.429182044732208,0.1920077797020541,0,2.124750789077961,-0.17602094392596812
1658,543500,156500,Outer,Bromley,0.0,0.594571755386608,0.0,0.0,0.0,0.0,0.0,0.00361,121.4381897383056,0.030395399,0.154785346174482,0.0,0.0,0.0,202.0192850163752,0.0,0.7178598417129706,0.2099197796286511,0.1323877621682841,0,0.9580408759987122,-0.24018103428574167
1659,545500,156500,Non GLA,Non GLA,0.0,7.93237219244071,0.0,0.0,0.0,0.0,0.0,0.00797,159.1343086352729,0.0,0.0,0.0,0.0,0.0,50.95666139017571,0.0,0.7301570640237349,0.0895489546505635,0.0647628939810555,0,1.5318691564408233,-0.8017120924170884
1660,545500,156500,Outer,Bromley,0.0,0.0699628783891447,0.0,0.0,0.0,0.0,0.0,0.0,35.10341476103993,0.0,0.0,0.0,0.0,0.0,13.011999323528634,0.0,0.1018961520227095,0.0210045556373352,0.0092112190379396,0,0.410343027470244,-0.30844687544753446
1661,547500,156500,Non GLA,Non GLA,0.0,7.51042281097694,0.0,0.0,0.0,0.0,0.0,0.00676,317.7646828413807,0.0,0.588366590300693,0.0,0.0,0.0,11321.350407070464,0.0,23.614196202565765,4.077065895479726,0.9153774878555634,0,24.592436326164176,-0.9782401235984111
1662,549500,156500,Non GLA,Non GLA,0.0,6.67587830807257,0.0,0.0,0.0,0.0,0.0,0.09561,640.9995936201268,0.0,1.05905198853631,0.0,0.0,0.0,12496.706635878894,0.0,24.44063593888683,5.2832511313385,1.2710290000227875,0,27.23306150794654,-2.7924255690597093
1663,525500,199500,Non GLA,Non GLA,0.0,8.34503150685625,0.0,0.0,0.0,0.0,0.0,0.10111,879.9582377185181,0.0,1.17675077146348,184.66594826,0.0,0.0,12316.355130135053,0.0,26.49644361472248,5.331473465615308,1.3696548523180607,0,28.182178570645583,-1.6857349559231025
1664,527500,199500,Non GLA,Non GLA,0.0,0.001951914296251,0.0,0.0,0.0,0.0,0.0,0.0,19.50918639648625,0.0,2.26168226877527e-05,0.0,0.0,0.0,0.0,0.0,0.0318447577485021,0.0152500744328242,0.007432356485948,0,0.25565709704071793,-0.22381233929221583
1665,527500,199500,Outer,Enfield,0.0,9.73628062779996,7.01004870111107,0.0,0.0,0.0,0.0,0.20711,836.3943832424078,0.0,0.114410967036445,0.0,0.0,0.0,1267.9263757656322,0.0,4.810974536804099,0.8299261310912307,0.3519113257511482,0,5.245329670828873,-0.43435513402477444
1666,529500,199500,Outer,Enfield,0.0,9.70109914538114,7.26534694510106,0.0,0.0,0.0,0.0,0.23802,468.887421176584,0.025660689,0.823725623790443,0.0,0.0,0.0,1166.5505421413854,0.0,4.200074796437661,0.7658110417153376,0.3395858672614558,0,4.4748971308780074,-0.27482233444034687
1667,531500,199500,Outer,Enfield,0.0,3.96389007772121,4.40613965951071,0.0,0.0,0.0,0.0,0.0047,838.3654649216103,0.0,4.58932691974943,58.733802918,0.0,0.0,523.5368349892036,0.0,3.221391865890604,0.4783822218442686,0.3154279536771332,0,1.338379729746375,1.8830121361442287
1668,533500,199500,Outer,Enfield,0.0,8.03209224686594,0.0,0.0,0.0,0.0,0.0,0.00084,552.8351957878237,0.0982406,0.235349819228655,0.0,0.0,0.0,305.8518052939271,0.0,2.0957345768215205,0.2912377170389341,0.1834811764492098,0,2.0885590432818404,0.007175533539680146
1669,535500,199500,Outer,Enfield,0.0,0.938816287111059,0.0,0.0,0.0,45.55617077,0.0,0.0,6908.782962419044,0.456156887,9.06097767339438,8.26020864,0.0,0.0,3091.0574178007478,0.0,10.46367677263949,2.6466434770396434,1.530259442864328,0,10.567354221781187,-0.10367744914169741
1670,537500,199500,Non GLA,Non GLA,0.0,0.972849760280301,0.0,0.0,0.0,0.0,0.0,0.33114,1010.643280479059,0.30986971,0.179178845933373,0.0,0.0,0.60622,5448.987796907211,0.0,11.603209012625497,2.1812459403018924,0.5371069874093157,0,12.987977337833234,-1.3847683252077374
1671,537500,199500,Outer,Enfield,0.0,1.62432336294485,0.0,0.0,0.0,89.16259826,0.0,0.00739,822.802015320291,0.400398652,0.299166116252498,0.0,0.0,5.13883,8534.2572284127,0.0,17.93822177897079,5.203595797742336,0.9806342917577672,0,18.875683558262192,-0.9374617792914037
1672,517500,197500,Non GLA,Non GLA,0.0,9.07522137183046,7.10935153673869,0.0,0.0,0.0,0.0,0.01654,1224.385771384831,0.0,0.706050295346066,247.96082905,0.0,0.0,534.5198683012795,0.0,5.436222237758209,0.6265661884998954,0.4055058818086914,0,4.864790835612512,0.5714314021456968
1673,519500,197500,Non GLA,Non GLA,0.0,0.208623436417092,14.1996474861859,0.0,0.0,0.0,0.0,0.0,6818.488688179021,0.167901479,11.2966681869408,0.0,0.0,0.0,1164.052448850212,0.0,7.485290566963424,1.5650257290722172,1.1530490510483955,0,6.007671535052266,1.477619031911158
1674,521500,197500,Non GLA,Non GLA,0.0,9.59678630752768,14.1997653439652,0.0,0.0,0.0,0.0,0.00218,1374.950175748399,0.0,0.47070047611741,0.0,0.0,0.0,5206.017258147484,0.0,13.684674517114386,2.4685902469490872,0.7857470026494628,0,13.481897310618187,0.20277720649619901
1675,523500,197500,Non GLA,Non GLA,0.0,3.66890544353664,0.0,0.0,0.0,0.0,0.0,0.0018,400.0130139438206,0.0,0.394179388363747,0.0,0.0,0.0,353.0193790393084,0.0,1.980223407752224,0.2848174658870728,0.1485535344259914,0,1.7902626354416036,0.18996077231062047
1676,523500,197500,Outer,Barnet,0.0,1.0913111776693,0.0,0.0,0.0,0.0,0.0,0.09538,1306.4306680479162,0.0,0.117248121793609,0.0,0.0,0.0,41.04668179634389,0.0,1.1439102537104124,0.170131113381028,0.1476927087704767,0,2.0307531145271653,-0.8868428608167529
1677,525500,197500,Non GLA,Non GLA,0.0,0.0222174871999668,0.0,0.0,0.0,0.0,0.0,0.0,62.3658757750482,0.438946563,0.0196439669944626,0.0,0.0,0.0,0.0,0.0,0.1631637776848661,0.0244719762082681,0.0157106612878562,0,0.37631398639110536,-0.21315020870623927
1678,525500,197500,Outer,Barnet,0.0,2.12204807274993,0.0,0.0,0.0,5.930897704,0.0,0.01505,1188.773775005862,4.289862458,1.87628072059467,0.0,0.0,0.0,531.1119069962707,0.0,2.768969280295015,0.4975199652543093,0.3159118719929382,0,2.2842935565862383,0.48467572370877665
1679,525500,197500,Outer,Enfield,0.0,0.128735279099744,0.0,0.0,0.0,62.74717861,0.0,0.2433,867.722013759094,1.056608044,0.113826280286962,0.0,0.0,0.0,165.49452405052193,0.0,1.1244061176295497,0.1883764123623054,0.0968656011146106,0,2.320707169501347,-1.1963010518717971
1680,527500,197500,Outer,Enfield,0.0,7.456491754865,0.0,0.0,0.0,52.34661886,0.0,0.01625,1899.32314512556,0.0,1.81873430941593,0.0,0.0,0.0,1625.292449917641,0.0,6.129390655889733,1.1737965406450497,0.519085912238081,0,6.001441182056723,0.12794947383300936
1681,527500,197500,Outer,Barnet,0.0,0.0022713863110868,0.0,0.0,0.0,0.0,0.0,0.07833,53.62826567797774,0.0,0.0005536933258001,0.0,0.0,0.0,0.0,0.0,0.0388417248863089,0.0164696972673134,0.0087250752032451,0,0.4989692715481713,-0.4601275466618624
1682,529500,197500,Outer,Enfield,0.0,5.73720906765993,0.0,0.0,0.0,102.4466096,0.0,0.00056,867.7463526672375,0.0,0.47070047611741,0.0,0.0,0.0,76.99913397852102,0.0,2.2962948794730766,2.033572330609072,0.3422613276044323,0,2.170418867485269,0.1258760119878075
1683,531500,197500,Outer,Enfield,0.0,0.521564189267288,0.0,0.0,0.0,101.7641173,0.0,0.05275,7995.082915759126,0.319527285,10.5907535925309,29.55565554,0.0,0.0,3307.952130385579,0.0,14.05227756068259,2.3535813226142084,1.3251409909222225,0,12.143421213994626,1.9088563466879638
1684,533500,197500,Outer,Enfield,0.0,1.04312912496452,0.0,0.0,0.0,0.0,0.0,0.0386,9176.273740927722,0.64942277,9.53167814951179,0.0,0.0,0.0,2089.508532614849,0.0,10.567656119081509,2.3977739747987084,1.784654620694922,0,10.493459018890967,0.07419710019054193
1685,535500,197500,Outer,Enfield,0.0,0.104312837853458,0.0,0.0,0.0,83.29043297,0.0,0.0,10372.471254170683,2.416019851,9.29632833028313,5.785399619,0.0,0.0,3582.6989321282595,0.0,14.635245983815365,3.2499063073460146,2.168796341362731,0,14.936361325605759,-0.30111534179039445
1686,537500,197500,Non GLA,Non GLA,0.0,0.214926290840627,0.0,0.0,0.0,0.0,0.0,0.00104,197.39150664885733,7.090370849,0.0404095608622178,0.0,0.0,0.0,0.922243957268616,0.0,0.392519167888313,0.0440248500227924,0.0351624368498426,0,0.2049322800332174,0.18758688785509559
1687,537500,197500,Outer,Enfield,0.0,1.70407417715301,44.6662339165507,0.0,0.0,0.0,0.0,0.0,5774.76019184036,19.96493992,0.320393260835103,0.0,0.0,7.29862,3.0969642793146,0.0,8.777113210037355,0.2503038320961211,0.2330645425636517,0,5.9094290101520395,2.867684199885315
1688,517500,195500,Non GLA,Non GLA,0.0,5.52858339195302,0.0,0.0,0.0,0.0,0.0,0.00885,2451.6853651389715,3.777589636,3.88327662440336,0.0,0.0,0.0,2764.5318632176723,0.0,9.536800700199723,1.738544852634597,0.933153489246312,0,8.072009619995644,1.4647910802040798
1689,519500,195500,Non GLA,Non GLA,0.0,4.21340966418698,0.0,0.0,0.0,0.0,0.0,0.02411,4385.920921055752,0.377941007,4.44314685577759,890.97985523,0.0,0.0,1160.3735231893677,0.0,13.29361079873962,1.5832078657763886,1.079433284106843,0,10.447330204612081,2.8462805941275384
1690,519500,195500,Outer,Barnet,0.0,0.0190026134431969,0.0,0.0,0.0,0.0,0.0,0.01052,69.62877892830775,0.02538139,0.0200385049013489,0.0,0.0,0.0,0.0,0.0,0.0976810573477767,0.019014692866435,0.0109043256834422,0,0.5991421465760762,-0.5014610892282996
1691,521500,195500,Non GLA,Non GLA,0.0,0.0043785580351085,0.0,0.0,0.0,0.0,0.0,0.0,116.61430050878978,0.0,0.0019324818496535,0.0,0.0,0.0,183.88486656129183,0.0,0.5487337232471935,0.0910082239504172,0.0351716118956816,0,0.9475669847269685,-0.39883326147977505
1692,521500,195500,Outer,Barnet,0.0,6.84688913975234,0.0,0.0,0.0,0.0,0.0,0.00024,1184.071827675579,0.0,3.02241669073993,0.0,0.0,0.0,3174.7615238778912,0.0,8.993653516340387,1.7321054810614966,0.7033204600058012,0,7.979713968503318,1.0139395478370696
1693,523500,195500,Outer,Barnet,0.0,2.92072587054946,0.0,0.0,0.0,59.99661735,0.0,0.0073,6241.293834366112,0.45924454,8.35482769649647,0.0,0.0,0.0,918.7104593279688,0.0,5.892613093513605,1.390076173584374,1.088226885743547,0,6.326764235699986,-0.43415114218638085
1694,525500,195500,Outer,Barnet,0.0,2.50350960134286,0.0,0.0,0.0,105.9969174,0.0,0.07283,7125.314455257881,1.361282634,8.82562785416572,0.0,0.0,0.0,4869.665474284167,0.0,17.344722535325577,12.357680403938208,2.8752079074682637,0,15.418024447580418,1.9266980877451587
1695,527500,195500,Outer,Enfield,0.0,8.95715929446e-05,0.0,0.0,0.0,0.0,0.0,0.00265,30.439334950373805,0.008291281,0.0007170370452117,0.0,0.0,0.0,4.328691680024981,0.0,0.0398086561627165,0.0136329938710848,0.0046872845249151,0,0.33651906979650725,-0.29671041363379075
1696,527500,195500,Outer,Barnet,0.0,1.12723535787961,0.0,0.0,0.0,182.3170575,0.0,0.33639,7349.319923135411,0.929844176,9.01701810903028,0.0,0.0,0.0,2727.4663792252336,0.0,10.844601995416296,3.36591134196714,1.6797605987389057,0,11.901539687847457,-1.0569376924311609
1697,529500,195500,Outer,Enfield,0.0,0.521564189267288,0.0,0.0,0.0,102.4466096,0.0,0.0,8514.915862522126,4.647331965,10.8261034117595,0.0,0.0,0.0,2755.300425388803,0.0,11.849656152648867,2.6603946385192496,1.558205669011758,0,11.263370702753264,0.5862854498956036
1698,531500,195500,Outer,Enfield,0.0,0.834503449257602,0.0,0.0,0.0,85.61121903,0.0,0.03111,6960.142977138733,0.731500535,9.88470329718482,61.114428499,0.0,0.0,3163.5462775000674,0.0,11.250866308710089,2.273228223902144,1.4659612542100822,0,11.157914718821313,0.09295158988877539
1699,533500,195500,Outer,Enfield,0.0,0.208625675706915,0.0,0.0,0.0,5.157302351,0.0,0.01086,11159.195517619424,0.844318192,8.9433031826101,2.265797374,0.0,0.0,1396.1875012276323,0.0,10.20511538047959,2.293048102439184,1.7844727686265505,0,11.063998228635809,-0.8588828481562185
1700,535500,195500,Outer,Enfield,0.0,0.730189864974203,0.0,0.0,0.0,220.4510813,0.0,0.35612,9220.051893247315,7.708037188,4.58932691974943,4.440603582,0.0,0.0,3828.078987952677,0.0,16.261699375163722,4.017968737357168,2.214928991352448,0,17.329849357834373,-1.0681499826706506
1701,537500,195500,Non GLA,Non GLA,0.0,0.0003844114197205,0.0,0.0,0.0,0.0,0.0,0.0,16.187702587616858,0.249148474,0.0018570924406943,0.0,0.0,0.0,0.0,0.0,0.0283017084438996,0.0114048952064989,0.0037235356035086,0,0.03362221567137702,-0.005320507227477421
1702,537500,195500,Outer,Enfield,0.0,0.245446318276617,0.0,0.0,0.0,0.0,0.0,0.02056,4764.921559862332,6.29804916,1.18665861512091,0.0,0.0,0.0,776.9277485829675,0.0,8.685463335522448,0.6025784378215908,0.3207014542638449,0,5.928310976875479,2.7571523586469686
1703,537500,195500,Outer,Waltham Forest,0.0,0.115251022211876,0.0,0.0,0.0,1.03146047,0.0,0.0,2323.0457819572293,4.315678188,0.557202283957169,0.0,0.0,0.0,1468.9148638802274,0.0,5.057174808000692,1.022120107528441,0.5475998006763321,0,5.131989757244126,-0.07481494924343401
1704,539500,195500,Non GLA,Non GLA,0.0,0.78564065244644,0.0,0.0,0.0,0.0,0.0,0.0,262.33613516776285,0.0,0.316528297135796,0.0,0.0,0.0,54.458562419657255,0.0,0.5233931705187879,0.0597222242942684,0.0358755431146324,0,0.3204274826792517,0.20296568783953617
1705,539500,195500,Outer,Waltham Forest,0.0,0.676763395502514,0.0,0.0,0.0,0.0,0.0,0.08272,502.145475157596,0.0,0.27266255070285,0.0,0.0,0.0,15.727191801153102,0.0,0.9170963746244004,0.112486440071545,0.0960792606157511,0,0.6662078542064993,0.2508885204179011
1706,509500,193500,Non GLA,Non GLA,0.0,6.78024264959197,0.836972300613648,0.0,0.0,0.0,0.0,0.0,1760.918512125449,0.0,2.58881450511123,0.0,0.0,0.0,1580.4903706323812,0.0,5.395448694026112,1.0946249049411794,0.5715773708934546,0,5.741434981490796,-0.34598628746468396
1707,511500,193500,Non GLA,Non GLA,0.0,2.08622839273139,5.86713965249606,0.0,0.0,0.0,0.0,0.04297,4308.6326131281885,2.113136138,7.76644351533368,682.3628972,0.0,0.0,1180.0064670224529,0.0,8.83353174049688,1.4451617905243894,1.025457189916198,0,8.470352018372248,0.3631797221246327
1708,513500,193500,Non GLA,Non GLA,0.0,6.48914915469091,0.0,0.0,0.0,0.0,0.0,0.0,1161.2750976168898,0.0,0.0,0.0,0.0,0.0,0.0,0.0,1.992253091419752,0.2434419059768495,0.2225717927440361,0,2.5713591854850293,-0.5791060940652772
1709,513500,193500,Outer,Harrow,0.0,0.0239641332623865,0.0,0.0,0.0,0.0,0.0,0.00196,23.89389166886752,0.0,0.0,0.0,0.0,0.0,0.0,0.0,0.0516392265305763,0.0169195484793844,0.0088810876133329,0,0.7340536321619773,-0.682414405631401
1710,515500,193500,Non GLA,Non GLA,0.0,0.0086444051490951,0.0,0.0,0.0,0.0,0.0,0.33291,371.84178491965713,0.083413969,0.0455083978881567,0.0,0.0,0.0,347.3882986479962,0.0,1.1059888236872923,0.2350252342088232,0.1003636146627198,0,2.4860579791916777,-1.3800691555043854
1711,515500,193500,Outer,Harrow,0.0,0.767275490173032,0.0,0.0,0.0,31.3735893,0.0,0.47188,1420.9154828658077,0.785857439,4.03928411666308,0.0,0.0,0.0,1929.471448573004,0.0,6.593473349006058,1.1751829583051876,0.5203162774775515,0,6.058928043800774,0.5345453052052838
1712,517500,193500,Outer,Harrow,0.0,3.41507298487059,0.0,0.0,0.0,0.0,0.0,0.49427,1643.4742125248677,0.0,0.687952648895366,0.0,0.0,0.0,301.3406061917673,0.0,2.6377145407670968,0.2935871162260545,0.190066533948239,0,4.131634988510045,-1.4939204477429486
1713,517500,193500,Outer,Barnet,0.0,0.323664711815489,0.0,0.0,0.0,0.0,0.0,0.0,151.67359429460143,0.0,0.0652009491683929,0.0,0.0,0.0,918.6930850383357,0.0,2.542852698959293,0.452146369108986,0.1965144858976478,0,2.648253734586442,-0.10540103562714886
1714,519500,193500,Outer,Barnet,0.0,2.60776496409085,0.0,0.0,0.0,9.197189193,0.0,0.07306,7200.114362535359,2.169693614,8.70776153921865,0.0,0.0,0.0,589.7259099328243,0.0,4.62440855038805,0.9951455100759078,0.7779125531121711,0,6.498279650078478,-1.8738710996904286
1715,521500,193500,Outer,Barnet,0.0,1.46036032276993,0.0,0.0,0.0,65.49773986,0.0,0.11676,3621.30332581408,2.282219894,8.82550471813109,0.0,0.0,0.0,2099.828374302902,0.0,7.962695868388851,1.755344699077881,0.8303009665829421,0,6.278552733586143,1.6841431348027074
1716,523500,193500,Outer,Barnet,0.0,10.0138174621089,0.0,0.0,0.0,0.0,0.0,0.17643,1056.5465355224085,0.0,0.353017608732137,0.0,0.0,0.0,16.740523543278062,0.0,1.8179811193338389,0.1570151547640623,0.1363005788512479,0,2.937911054672826,-1.119929935338987
1717,525500,193500,Outer,Barnet,0.0,0.834491506378542,0.0,0.0,0.0,34.12415056,0.0,0.0,6488.640477603707,0.744458249,10.355258858105,0.0,0.0,0.0,1681.704982092475,0.0,8.020370233420698,1.62241065107925,1.0376296864851486,0,7.114368446611031,0.906001786809667
1718,527500,193500,Outer,Barnet,0.0,0.417242394254536,0.0,0.0,0.0,86.47076942,0.0,0.0,8828.274252864501,0.543735067,10.2375031142911,351.06394470000004,0.0,0.0,3632.454954945694,0.0,16.79960508176089,3.1870608484956264,1.8740315596900463,0,15.189732684751878,1.6098723970090134
1719,529500,193500,Outer,Enfield,0.0,0.873193898830022,0.0,0.0,0.0,5.157302351,0.0,0.05899,5538.939789128981,0.428749921,4.63551633529851,0.0,0.0,0.0,2720.099980936182,0.0,9.64308941400544,2.0378453909827567,1.153327824200941,0,10.024261818408695,-0.38117240440325517
1720,529500,193500,Outer,Barnet,0.0,0.157769910952736,0.0,0.0,0.0,0.0,0.0,0.29318,1925.0226320287156,0.182247254,0.837551203733456,0.0,0.0,0.0,323.8815095240973,0.0,1.6895039062268178,0.4411470085260793,0.3369940755590629,0,3.2304656864554175,-1.5409617802285998
1721,531500,193500,Outer,Enfield,0.0,0.0,0.0,0.0,0.0,130.5657045,0.0,0.37248,10354.733309080975,3.21993946,7.06040327190881,61.206918396,0.0,0.0,4008.064198028344,0.0,15.323449985208203,3.086520095433713,1.8625382602710487,0,17.981421528461897,-2.6579715432536943
1722,533500,193500,Outer,Enfield,0.0,1.77329435775066,0.0,0.0,0.0,0.0,0.0,0.0,8435.868211532763,0.213321493,4.82460888851002,0.0,0.0,0.0,2961.640871153538,0.0,12.166848308241123,2.6364900574101573,1.7425378451487366,0,13.091550637593125,-0.9247023293520016
1723,535500,193500,Outer,Enfield,0.0,0.104311344993575,0.0,0.0,0.0,10.40055974,0.0,0.41849,5534.127099353199,24.10842649,0.588366590300693,11.95029174,0.0,0.0,4099.51825241321,0.0,112.87981280211658,2.769425513801433,1.4051523355117357,1,14.810818995251857,98.06899380686471
1724,537500,193500,Outer,Waltham Forest,0.0,0.0,0.0,0.0,0.0,31.3735893,0.0,0.45348,7913.956724857406,1.676008834,7.93938430650573,0.0,0.0,0.0,2058.769725629905,0.0,9.728185021127686,2.2789260454460125,1.5617375070099144,0,10.641233735128363,-0.9130487140006771
1725,537500,193500,Outer,Enfield,0.0,0.0,0.0,0.0,0.0,0.0,0.0,0.34103,1.7593583857975768,0.006574476,0.0001222983745337,0.0,0.0,0.0,0.0,0.0,0.0084571149229074,0.0095942847854519,0.0019502787195617,0,0.8431610323024294,-0.8347039173795221
1726,539500,193500,Outer,Redbridge,0.0,0.0824222869677385,0.0,0.0,0.0,0.0,0.0,0.54893,909.506730889158,0.125834751,0.340925985195185,0.0,0.0,0.0,148.07645949749894,0.0,0.9838412222902762,0.1676471412463437,0.1073061375150673,0,2.3573258734447577,-1.3734846511544816
1727,539500,193500,Outer,Waltham Forest,0.0,0.691755440871616,44.6662339165507,0.0,0.0,114.5662701,0.0,0.43897,3719.534799630271,0.36454909,2.86134638083855,0.0,0.0,0.0,2151.77503221983,0.0,7.572428501832315,1.8330101049988716,1.0778689629743463,0,8.874726566779334,-1.3022980649470188
1728,541500,193500,Non GLA,Non GLA,0.0,0.201386798137109,0.0,0.0,0.0,0.0,0.0,0.0,6329.468311012056,9.409254879,4.88444713772112,0.0,0.0,0.0,1177.3070407325083,0.0,5.925568427194857,1.3635297506907829,0.989901903911319,0,6.977218937946621,-1.051650510751764
1729,541500,193500,Outer,Redbridge,0.0,6.419297494363e-05,0.0,0.0,0.0,0.0,0.0,0.14723,77.02411460978034,0.167517142,0.0015479958639617,0.0,0.0,0.0,0.9924128772165114,0.0,0.0561457040783606,0.0201545701507985,0.0121418185665978,0,0.35596459282374227,-0.29981888874538165
1730,543500,193500,Non GLA,Non GLA,0.0,4.79832560185416,0.0,0.0,0.0,0.0,0.0,0.0,2326.123423221318,0.0,4.70693607304594,0.0,0.0,0.0,3907.913707793753,0.0,10.134111881162143,2.1784164663853742,0.9819858792797508,0,9.25399577401116,0.8801161071509824
1731,545500,193500,Non GLA,Non GLA,0.0,6.36294651238167,0.0,0.0,0.0,0.0,0.0,0.03562,784.7455994945047,0.150515442,2.47112158580476,0.0,0.0,0.0,389.8797292406574,0.0,1.9726172366206367,0.3223201810865823,0.1945200524054251,0,1.4315822272279881,0.5410350093926486
1732,547500,193500,Non GLA,Non GLA,0.0,0.951997493442798,0.0,0.0,0.0,0.0,0.0,0.0,373.3096319266282,0.0,0.0671217037766528,0.0,0.0,0.0,101.21952226964744,0.0,0.5861628431035117,0.0980529129348916,0.0620495175037364,0,0.4293470849199519,0.15681575818355986
1733,547500,193500,Outer,Redbridge,0.0,0.724722265654876,0.0,0.0,0.0,0.0,0.0,0.09623,382.8011342329961,0.0,0.0510972660723302,0.0,0.0,0.0,0.0,0.0,0.6685131972087249,0.0628274061805071,0.0521018996247053,0,0.4334476829846956,0.23506551422402933
1734,549500,193500,Non GLA,Non GLA,0.0,0.477816676843204,0.0,0.0,0.0,0.0,0.0,0.24335,56.98583810489647,0.0,0.0,0.0,0.0,0.0,0.0,0.0,0.0905675396521615,0.0230861898644263,0.0148090880368075,0,0.39488481217429516,-0.3043172725221337
1735,549500,193500,Outer,Havering,0.0,6.19839603184303,0.0,0.0,0.0,0.0,0.0,0.0,374.5167893121084,0.0,0.0,0.0,0.0,0.0,13.01102519352353,0.0,1.009149661063575,0.0978539622096901,0.0817410045630788,0,0.8190807033337926,0.1900689577297825
1736,551500,193500,Outer,Non GLA,0.0,1.49285988241e-06,0.0,0.0,0.0,0.0,0.0,0.0,0.2772533415308819,7.71e-05,8.37660099546397e-07,0.0,0.0,0.0,0.0,0.0,0.0032682274276683,0.0092087064308726,0.0016014300350096,0,-0.33722151612352036,0.34048974355118866
1737,551500,193500,Outer,Havering,0.0,7.50354669835856,0.0,0.0,0.0,15.64381713,0.0,0.0,515.8990855331757,0.168341307,2.70401035966095,0.0,0.0,0.0,777.0726083858236,0.0,3.103177117894341,0.6147740616645113,0.3483261420058539,0,1.8489994550070818,1.2541776628872592
1738,553500,193500,Outer,Havering,0.0,6.25863591381804,0.0,0.0,0.0,0.0,0.0,0.09844,1084.758467488467,0.83979208,3.76551836760913,0.0,0.0,0.0,641.7276487270043,0.0,2.82887686837405,0.6208795281267236,0.4100676966529366,0,1.7517414981903077,1.0771353701837425
1739,555500,193500,Non GLA,Non GLA,0.0,0.461497479038639,0.0,0.0,0.0,0.0,0.0,0.09784,135.43418498336246,0.0,0.0,0.0,0.0,0.0,0.0,0.0,0.2516452664196216,0.0373661528049222,0.0281055694977192,0,-0.035063143818213405,0.286708410237835
1740,555500,193500,Outer,Havering,0.0,3.39724450572491,0.0,0.0,0.0,0.0,0.0,0.0,372.2165811471812,0.0,0.0,0.0,0.0,0.0,15964.428193850212,0.0,29.163340154044946,6.257371254291723,1.2524819255725863,1,33.16189491168054,-3.9985547576355955
1741,503500,192500,Non GLA,Non GLA,0.0,3.98733021716487,0.0,0.0,0.0,0.0,0.0,0.42869,1400.4799776784732,111.0458962,3.48602302347428,0.0,0.0,0.0,952.8183146173724,0.0,5.952414513278117,1.297620388602838,0.9155647534697116,0,4.793696234480128,1.1587182787979886
1742,503500,192500,Outer,Hillingdon,0.0,0.002101200284492,0.0,0.0,0.0,0.0,0.0,0.29204,35.93210702668872,2.549185203,0.0018369885983052,0.0,0.0,0.0,0.0,0.0,0.1752177419602935,0.0232260467964251,0.014630276763723,0,1.7097575649694186,-1.534539823009125
1743,505500,192500,Non GLA,Non GLA,0.0,2.03996242568568,0.0,0.0,0.0,0.0,0.0,0.00014,431.9019937597992,0.546516427,0.0250142058926545,0.0,0.0,0.0,112.2714648883321,0.0,0.9553000746921796,0.1238538879839267,0.0790934339779873,0,1.812590954545037,-0.8572908798528573
1744,505500,192500,Outer,Hillingdon,0.0,2.78748140817489,0.0,0.0,0.0,0.0,0.0,0.38102,891.654489231134,0.638849409,0.0341798827018912,0.0,0.0,0.0,48.61879216797337,0.0,2.897123300561968,0.2352814592203742,0.1881045116806855,0,3.0968836472092427,-0.19976034664727482
1745,507500,192500,Non GLA,Non GLA,0.0,4.81949808713644,0.0,0.0,0.0,0.0,0.0,0.46916,849.9537695024189,0.249855821,2.22822109843879,0.0,0.0,0.0,1907.5832268190695,0.0,5.416018384191118,1.161482305794705,0.5196553611913497,0,6.582732819738121,-1.1667144355470027
1746,507500,192500,Outer,Hillingdon,0.0,0.107043278578385,0.0,0.0,0.0,0.0,0.0,0.35427,444.3647603097301,0.037236476,0.0494897963413007,0.0,0.0,0.0,629.962229108887,0.0,2.228526596082046,0.3942199977424125,0.1691342474186628,0,3.4306072343331984,-1.2020806382511524
1747,557500,192500,Non GLA,Non GLA,0.0,5.3199577162461,0.0,0.0,0.0,0.0,0.0,0.0,1819.5512261954705,0.891717188,4.11862644363202,177.0646898,0.0,0.0,1487.618655624536,0.0,5.219319546102398,1.0535792093138314,0.4904352586951914,0,4.485032861944616,0.734286684157782
1748,509500,191500,Non GLA,Non GLA,0.0,3.3589347354225e-05,0.0,0.0,0.0,0.0,0.0,0.5409,74.00478214900679,0.029704204,0.0036128280093436,0.0,0.0,0.0,6.610296230252808,0.0,0.0596838661984271,0.0158975955774776,0.0063299344757715,0,2.1865795703115545,-2.1268957041131276
1749,509500,191500,Outer,Hillingdon,0.0,0.100615023924728,0.0,0.0,0.0,299.7180595,0.0,0.43686,8873.143476554025,1.631256993,10.8963127306631,99.473094491,0.0,0.0,2257.8435642456943,0.0,14.889654363094818,3.112417156497556,1.9408272994932032,0,13.464938822953357,1.4247155401414613
1750,511500,191500,Non GLA,Non GLA,0.0,0.0364213025511568,0.0,0.0,0.0,0.0,0.0,0.2499,177.02658250902846,0.0,0.0126419662223542,0.0,0.0,0.0,0.4829302397338351,0.0,0.1366989748403226,0.0427621617458009,0.0346497988881624,0,1.5412154031396383,-1.4045164282993157
1751,511500,191500,Outer,Harrow,0.0,5.82285667840362,0.0,0.0,0.0,0.0,0.0,0.41882,2378.742803566516,0.0,2.02115235949102,0.0,0.0,0.0,153.83026944280925,0.0,2.02377963418056,0.3954152796944978,0.339428423738749,0,4.415119983553932,-2.3913403493733725
1752,513500,191500,Outer,Harrow,0.0,2.60782243919632,0.0,0.0,0.0,48.4786421,0.0,0.0,5780.440831438184,5.975272386,8.35492821570841,379.3205691,0.0,0.0,4051.931695381111,0.0,15.091059657384353,2.917280471133334,1.5763265429962288,0,14.333594468796601,0.7574651885877515
1753,515500,191500,Outer,Harrow,0.0,0.521564189267288,0.0,0.0,0.0,103.5758222,0.0,0.0,7512.414378133417,1.959753455,10.8261034117595,0.0,0.0,0.0,4727.226882905574,0.0,14.793000855549073,3.373484755737125,1.7687385142939835,0,14.795984885378363,-0.002984029829290691
1754,517500,191500,Outer,Harrow,0.0,0.938816287111059,0.0,0.0,0.0,0.0,0.0,0.20326,7622.098897898183,0.623110385,10.3554037733022,0.0,0.0,0.0,3839.835355525276,0.0,12.690691786885692,2.630672660798314,1.4616653651162297,0,13.23317161666651,-0.5424798297808184
1755,519500,191500,Outer,Harrow,0.0,0.0339013550696487,0.0,0.0,0.0,186.4660787,0.0,0.3879,3216.71071868994,13.904540545,0.650154074563434,0.0,0.0,0.0,2329.023090817644,0.0,7.735659368470266,1.5831345252579003,0.8576661333765737,0,10.004511659580793,-2.2688522911105267
1756,519500,191500,Outer,Barnet,0.0,0.140836401306559,0.0,0.0,0.0,98.86113191,0.0,0.0,6717.481816752414,1.435993183,2.70091185495273,0.0,0.0,0.0,3167.765792440341,0.0,13.126618808804173,2.516708485763226,1.3696294253611423,0,13.178985941716515,-0.05236713291234274
1757,521500,191500,Outer,Barnet,0.0,0.625877027120745,0.0,0.0,0.0,36.53089165,0.0,0.1826,7383.280615527993,0.95062707,8.35492821570841,993.56657359,0.0,0.0,13959.534766800603,0.0,45.18161665629812,7.204862093241692,3.1672803427266616,1,39.060824711420615,6.120791944877503
1758,523500,191500,Outer,Barnet,0.0,1.66898599847685,0.0,0.0,0.0,223.285009,0.0,0.04411,6519.790942254141,0.848590375,9.06086961524153,0.0,0.0,0.0,1733.8319858653365,0.0,8.36230269880466,4.971807206879764,1.1848380827666949,0,8.767974459260158,-0.4056717604554976
1759,525500,191500,Outer,Barnet,0.0,0.0,21.4640785031408,0.0,0.0,31.3735893,0.0,0.0,10735.761974595272,12.84494742,10.2377284448579,0.0,0.0,0.0,3093.273942247521,0.0,12.806476652841376,2.86480103303576,1.8951343669809064,0,14.159847558768156,-1.3533709059267807
1760,527500,191500,Outer,Barnet,0.0,0.904864174805408,0.0,0.0,0.0,42.54441984,0.0,0.0,4034.591365590822,0.989367536,3.31469221501356,0.0,0.0,0.0,6374.75622849023,0.0,17.33528698809776,3.6418566364725984,1.602553329031293,0,16.620225068174225,0.7150619199235351
1761,529500,191500,Outer,Enfield,0.0,0.0015570528573536,0.0,0.0,0.0,0.0,0.0,0.0,178.57040335583466,3.444736149,0.0360068193790019,0.0,0.0,0.0,2027.1527510028416,0.0,4.902235824656412,1.007248901486699,0.3636200106767045,0,4.630413966969643,0.2718218576867688
1762,537500,191500,Outer,Waltham Forest,0.0,2.69535329268167,0.0,0.0,0.0,144.2207586,0.0,0.0048445074693191,5699.839582298476,2.042044449,1.63814735685522,0.0,0.0,0.0,6661.550597590496,0.0,19.503986747597068,4.149015927439734,1.8667691363742125,0,19.731601226596144,-0.22761447899907594
1763,539500,191500,Outer,Waltham Forest,0.0,0.516346643978265,0.0,0.0,0.0,0.0,0.0,0.03908,3669.557390706071,0.347276789,3.78617757864424,0.0,0.0,0.0,561.5966329471743,0.0,4.2746772522388135,0.7742725204739571,0.5988846078612029,0,3.686085146521325,0.5885921057174883
1764,539500,191500,Outer,Redbridge,0.0,0.0380007483067466,0.0,0.0,0.0,0.0,0.0,0.0,1446.1785367396574,0.094210426,0.278643443813611,0.0,0.0,0.0,3381.2159716289457,0.0,8.833893535844393,2.003169740205592,0.9289196917426762,0,8.291617033888434,0.5422765019559588
1765,541500,191500,Outer,Redbridge,0.0,1.77329808990037,0.0,0.0,0.0,37.39044205,0.0,0.1672,6472.869492517125,0.236422492,4.82461894043121,0.0,0.0,0.0,9136.51676932217,0.0,34.037021484260435,6.455757372962947,3.87315375090977,1,24.269482717149195,9.76753876711124
1766,543500,191500,Non GLA,Non GLA,0.0,0.0286696276117428,0.0,0.0,0.0,0.0,0.0,0.0,1576.619938010054,0.186606126,0.722307602558062,0.0,0.0,0.0,722.7754727037978,0.0,2.476147017747002,0.4845878583377777,0.267978260985938,0,2.696808501597392,-0.22066148385038975
1767,543500,191500,Outer,Redbridge,0.0,0.152167954243993,0.0,0.0,0.0,31.3735893,0.0,0.49881,3510.6536200682235,0.429908707,3.83374075675659,0.0,0.0,0.0,580.2283445736697,0.0,3.660794425987857,0.5687881734262192,0.3866744581397173,0,4.614864759363559,-0.9540703333757024
1768,545500,191500,Non GLA,Non GLA,0.0,0.0,0.0,0.0,0.0,0.0,0.0,0.0,0.2428056174066188,8.64e-05,0.0,0.0,0.0,0.0,0.0,0.0,0.0031961835164584,0.0091974704890952,0.0015913530971181,0,-0.1450386907074197,0.1482348742238781
1769,545500,191500,Outer,Redbridge,0.0,4.69367089908763,0.638199215645848,0.0,0.0,87.29843628,0.0,0.07584,4808.8867068106265,2.310337686,5.53024454210681,0.0,0.0,0.0,1382.8446151920164,0.0,6.726039733912442,1.373724126596492,0.8886121754382967,0,6.721746782475502,0.0042929514369403066
1770,547500,191500,Outer,Redbridge,0.0,9.17953420968391,0.0,0.0,0.0,0.0,0.0,0.32238,479.1048003678975,23.80375468,0.353025147673033,0.0,0.0,0.0,1103.9427488867475,0.0,4.8126075891616935,1.1067132409093006,0.6671005173813711,0,4.258318723506868,0.5542888656548257
1771,549500,191500,Outer,Havering,0.0,1.77329808990037,0.0,0.0,0.0,98.41851987,0.0,0.39846,5989.571339021755,0.842571873,8.94319596211736,0.0,0.0,0.0,1940.104073726493,0.0,7.99750103718628,1.9896798478638504,1.3055015940169254,0,8.295253004863381,-0.2977519676771019
1772,551500,191500,Outer,Havering,0.0,5.73720906765993,0.0,0.0,0.0,16.50336752,0.0,0.40812,3345.2772884623078,0.455070625,4.35397626286067,0.0,0.0,0.0,1422.566772067168,0.0,5.495670495765426,1.3727141690236553,0.8877262893302568,0,6.173705210117482,-0.678034714352056
1773,553500,191500,Outer,Havering,0.0,0.208623436417092,0.0,0.0,0.0,179.8366189,0.0,0.0,7376.940573556046,5.756738158,9.06086961524153,0.0,0.0,0.0,2367.9178076963426,0.0,10.659521904757902,2.6945780436350084,1.680977909008868,0,9.621659317576505,1.0378625871813973
1774,503500,190500,Non GLA,Non GLA,0.0,5.28340728131512,0.0,0.0,0.0,0.0,0.0,0.47993,278.94697290846943,0.0,0.229238251142365,0.0,0.0,0.0,863.4052671828466,0.0,2.749186114555291,0.6002751268949719,0.2555757863018384,0,4.7217717154905845,-1.9725856009352936
1775,503500,190500,Outer,Hillingdon,0.0,0.0009255731270942,0.0,0.0,0.0,0.0,0.0,0.31696,22.009784673400187,0.0,4.02076847782271e-05,0.0,0.0,0.0,0.0,0.0,0.0672518540265726,0.0149088676314473,0.0067306135422349,0,1.7799825767799113,-1.7127307227533388
1776,505500,190500,Outer,Hillingdon,0.0,2.71207556265448,10.0933319671498,0.0,0.0,37.39044205,0.0,0.31125,4049.816607367947,0.761507588,8.47241674595059,0.0,0.0,0.0,1519.2136846185251,0.0,9.434587033304007,1.4673800951327385,0.960255141956999,0,6.593989876932304,2.840597156371703
1777,507500,190500,Outer,Hillingdon,0.0,6.05006323463695,0.0,0.0,0.0,141.8258147,0.0,0.61802,2812.6978714705238,0.275637751,2.35346803652297,0.0,0.0,0.0,1411.18813972607,0.0,9.852533130554914,1.2974625514115152,0.6606284717819382,0,8.555644190393956,1.296888940160958
1778,555500,190500,Outer,Havering,0.0,5.11126038326483,0.0,0.0,0.0,34.2101056,0.0,0.0,2095.9333593429137,0.389033663,3.41252840166028,72.81046414,0.0,0.0,686.4181181732621,0.0,4.181812898579093,0.7008916792271337,0.4906471553073759,0,3.04455712577289,1.1372557728062027
1779,557500,190500,Non GLA,Non GLA,0.0,2.08020694239568,0.0,0.0,0.0,0.0,0.0,0.23615,339.5960944244402,0.0,0.354215462674488,0.0,0.0,0.0,249.04888451717048,0.0,1.101964123990623,0.1784521524652454,0.0990811724488319,0,1.0599400751730954,0.04202404881752764
1780,557500,190500,Outer,Havering,0.0,0.826253905547404,0.0,0.0,0.0,0.0,0.0,0.52516,258.0803711095509,0.0,0.140693390319813,0.0,0.0,0.0,14291.60792144733,0.0,25.574778202656468,5.6666034530028,1.100496029348786,0,30.480604034791362,-4.905825832134894
1781,509500,189500,Outer,Hillingdon,0.0,1.87763182779218,0.0,0.0,0.0,0.0,0.0,0.0,3814.671192462277,0.0,3.41257614828595,0.0,0.0,0.0,191.27893132915293,0.0,6.686174736446851,0.7472167607663749,0.6302109012258971,0,4.095443537721964,2.590731198724887
1782,511500,189500,Outer,Hillingdon,0.0,0.0,0.0,0.0,0.0,0.0,0.0,0.46293,1299.386650627876,0.462075344,0.432705051662085,7.816748234999999,0.0,0.0,985.8563134745432,0.0,3.665110892781384,0.6100031555254964,0.3288547723621483,0,5.078880166071549,-1.4137692732901654
1783,511500,189500,Outer,Harrow,0.0,0.0,0.0,0.0,0.0,40.1410033,0.0,0.0,5761.290152014927,1.849197082,6.93002734103511,91.035353181,0.0,0.0,1107.518970445936,0.0,5.758871189981988,1.172605689326136,0.8110343901422532,0,7.094859169686637,-1.3359879797046483
1784,513500,189500,Outer,Harrow,0.0,2.71213527704978,0.0,0.0,0.0,80.96964691,0.0,0.0,5870.500601096996,0.0,8.70795252572134,0.0,0.0,0.0,3157.56167499046,0.0,10.307441199221849,2.1647839435533847,1.2790469466408318,0,10.874937883206577,-0.5674966839847286
1785,515500,189500,Outer,Harrow,0.0,0.208625675706915,0.0,0.0,0.0,427.9081744,0.0,0.7233,11330.743500969334,19.625319351,5.17770188665112,803.4329843,0.0,0.0,5557.229579033022,0.0,25.267949543102503,4.703478320043113,2.9829061623317843,0,28.82374690038482,-3.555797357282316
1786,517500,189500,Outer,Harrow,0.0,0.0,0.0,0.0,0.0,90.5966113,0.0,0.0,10606.42080436657,1.648716922,11.64982903555,0.0,0.0,0.0,3248.4089306915835,0.0,12.58830496586077,2.825531246702881,1.9624608622192905,0,14.336654653469994,-1.748349687609224
1787,519500,189500,Outer,Brent,0.0,0.909551008406235,18.0096504447398,0.0,0.0,74.78088409,0.0,0.0,10101.923566155232,0.585379543,10.0326014020208,0.0,0.0,0.0,1415.314467836512,0.0,10.438640190669071,1.937493448311451,1.5053921119654057,0,10.621410531994389,-0.1827703413253179
1788,519500,189500,Outer,Harrow,0.0,0.0002313932817735,0.0,0.0,0.0,0.0,0.0,0.24557,190.19609113043015,0.009339128,0.0025531879834174,0.0,0.0,0.0,552.7747890006618,0.0,1.44276152412461,0.3418549499619809,0.1325309778157913,0,2.4881996867010923,-1.0454381625764824
1789,521500,189500,Outer,Brent,0.0,0.0026162369439235,0.0,0.0,0.0,0.0,0.0,0.3531,1127.9410930667325,0.146903724,0.0177106474847095,0.0,0.0,0.0,344.49112443858064,0.0,1.531736287703584,0.3117032976643742,0.1812425829084386,0,3.1561257160824887,-1.6243894283789047
1790,521500,189500,Outer,Barnet,0.0,0.842303642143194,21.2061032281976,0.0,0.0,533.2837212,0.0,0.23311,11048.810786516033,2.635725354,5.70120091650303,0.0,0.0,0.0,3040.327176761988,0.0,19.45091454232561,3.8503785582734458,1.5390948490955398,0,18.73885473158216,0.712059810743451
1791,523500,189500,Outer,Barnet,0.0,0.0,0.0,0.0,0.0,472.9052566,0.0,0.0,13117.35236169536,29.94879055,9.17854326836571,0.0,0.0,0.0,5721.733181888613,0.0,24.14344954349174,4.977303267283452,3.1144960747277364,0,24.166133889220234,-0.022684345728492872
1792,525500,189500,Outer,Barnet,0.0,0.0113434958164924,0.0,0.0,0.0,31.3735893,0.0,0.105585122799499,3464.0497987418657,1.014939309,3.57008891574456,0.0,0.0,0.0,2474.410071669301,0.0,7.383955709306505,1.3899313435540988,0.6059881387558039,0,8.13909721364481,-0.7551415043383045
1793,541500,189500,Outer,Redbridge,0.0,0.965601925551201,44.6662339165507,0.0,0.0,0.0,0.0,0.204368263454095,2457.173344682249,1.701770092,2.83681885546373,0.0,0.0,0.0,6936.3564762092565,0.0,18.60900387592173,4.240263952377156,1.6833179180470166,0,16.49546501327883,2.1135388626428977
1794,543500,189500,Outer,Redbridge,0.0,0.41725135141383,1.70189177563312,0.0,0.0,41.60223897,0.0,0.05657,9829.010908155142,0.427927092,9.64935347795616,0.0,0.0,0.0,2061.601040045509,0.0,9.636695974162558,2.221604998812397,1.5956282832237412,0,11.024597602813474,-1.3879016286509156
1795,545500,189500,Outer,Redbridge,0.0,7.30181504958861,0.0,0.0,0.0,0.0,0.0,0.08925,2346.189330869468,13.2,2.706493184196,0.0,0.0,0.0,386.53063347945744,0.0,2.6895385592480703,0.4951704084238068,0.3725765993842159,0,3.1607640772046057,-0.47122551795653544
1796,547500,189500,Outer,Redbridge,0.0,1.86498730458816,0.0,0.0,0.0,7.821908566,0.0,0.0051,1016.4114652182122,0.931559449,1.82601441334109,0.0,0.0,0.0,2342.0218746201645,0.0,6.588256765714956,1.478780031738686,0.6783697724022536,0,5.321389764911117,1.2668670008038392
1797,547500,189500,Outer,Barking and Dagenham,0.0,0.971494243507073,0.0,0.0,0.0,31.3735893,0.0,0.0,2853.867914453252,0.672344527,0.951192361138418,0.0,0.0,0.0,1272.952661099248,0.0,5.326793619157135,1.087498049194508,0.6543252324470483,0,5.155445056535177,0.17134856262195797
1798,549500,189500,Outer,Havering,0.0,4.85566112492794,0.0,0.0,0.0,31.3735893,0.0,0.10713,3885.0624389030368,0.229565572,4.10824197137794,0.0,0.0,0.0,3528.722774264902,0.0,11.0787419478958,2.494395569466456,1.2465037209771508,0,10.450431160828359,0.6283107870674414
1799,549500,189500,Outer,Barking and Dagenham,0.0,0.0455195371045045,0.0,0.0,0.0,0.0,0.0,0.0,272.2393161019115,0.022227078,0.0385130983968447,0.0,0.0,0.0,0.0,0.0,0.4998578281427746,0.0494857428221539,0.0392728860750982,0,0.028918478408195725,0.47093934973457885
1800,551500,189500,Outer,Havering,0.0,0.104312837853458,0.0,0.0,0.0,140.7943542,0.0,0.35019,8071.052197177058,0.606525542,9.64935347795616,0.0,0.0,0.0,6150.975455256992,0.0,20.87551183045791,4.397465035629254,2.186454190796265,0,18.604792768241303,2.2707190622166067
1801,553500,189500,Outer,Havering,0.0,0.417246872834183,0.0,0.0,0.0,0.0,0.0,0.35101,7278.21557068244,1.030725506,10.0022580025749,168.5795705,0.0,0.0,4020.270800068956,0.0,14.28066274032926,2.569641512141504,1.5301015628140302,0,13.496304755176848,0.784357985152413
1802,503500,188500,Non GLA,Non GLA,0.0,4.79832560185416,103.785947281751,0.0,0.0,0.0,0.0,1.11337,1991.6350498172528,0.0,4.00089499196097,0.0,0.0,0.0,478.93260408902273,0.0,2.4428723589049564,0.4781579492312842,0.3049893208938374,0,6.206202918123342,-3.7633305592183857
1803,505500,188500,Outer,Hillingdon,0.0,5.94570411812714,0.0,0.0,0.0,0.0,0.0,0.56949,2045.4660720219256,4.672962356,1.41206959726845,0.0,0.0,3.17926,744.104240815958,0.0,7.072089967746675,0.788300285772784,0.5100104371128927,0,6.106337785736709,0.9657521820099655
1804,507500,188500,Outer,Hillingdon,0.0,8.55353700734263,0.0,0.0,0.0,0.0,0.0,0.51201,1969.6038251032855,0.199474917,1.6474277930981,0.0,0.0,0.0,405.6874228373169,0.0,6.394886087108687,2.565761063872993,0.6498651011576286,0,5.338518130542461,1.056367956566226
1805,555500,188500,Outer,Havering,0.0,6.6759313045984,0.0,0.0,0.0,8.681458958,0.0,0.0,2792.9476173005423,0.518963212,4.00089499196097,0.0,0.0,0.0,917.4749286366548,0.0,4.482431967316596,1.1624421895379995,0.6269755312092927,0,3.765284297948371,0.7171476693682246
1806,557500,188500,Outer,Havering,0.0,2.6077858641292,0.0,0.0,0.0,63.77863908,0.0,0.0,2975.9325677318025,0.303794512,6.11901655989568,0.0,0.0,0.0,4238.766581101406,0.0,12.010995214509077,2.0560556815688065,0.8865461968601867,0,9.83579563083115,2.1751995836779265
1807,559500,188500,Non GLA,Non GLA,0.0,8.97078313374687,0.0,0.0,0.0,0.0,0.0,0.59959,510.5189991330553,0.0,0.941387549673228,0.0,0.0,0.0,132.72291350212507,0.0,1.4343473801149027,0.1697837497716887,0.1181479335868141,0,2.4162534090005554,-0.9819060288856527
1808,509500,187500,Outer,Hillingdon,0.0,0.208625675706915,0.0,0.0,0.0,737.9005295,0.0,0.73268,8382.650962601136,3.377221376,10.5907535925309,0.0,0.0,0.0,4892.989275670368,0.0,21.809923896689742,7.631088560177186,3.455348825370705,0,20.73073666917874,1.079187227511003
1809,511500,187500,Outer,Hillingdon,0.0,0.354295957312718,0.0,0.0,0.0,379.8230597,0.0,0.43577,7200.854213028734,3.205873973,7.35411957155366,0.0,0.0,0.0,2208.95896778618,0.0,12.834596372221672,2.6608088935441963,1.9659785852394285,0,12.772131603649228,0.06246476857244332
1810,511500,187500,Outer,Harrow,0.0,0.0161199010102632,0.0,0.0,0.0,0.0,0.0,0.0,826.5912126426692,0.683827067,0.334604164423908,0.0,0.0,0.0,234.73158053462177,0.0,0.9914447917296676,0.224748539199494,0.1601743537670069,0,2.0209422504958745,-1.029497458766207
1811,513500,187500,Outer,Harrow,0.0,0.41725135141383,0.0,0.0,0.0,177.095316,0.0,0.76396,8679.415066042287,1.920469662,10.4730782640865,0.0,0.0,0.0,2571.25463125825,0.0,10.531103447401389,2.4570777214897594,1.7113666014665403,0,13.797871073580366,-3.266767626178977
1812,515500,187500,Outer,Harrow,0.0,4.69407994269541,47.9781294054983,0.0,0.0,70.74129747,0.0,0.448,5076.304564413254,1.595019797,4.82467673897808,58.703087191,0.0,0.0,2571.3987388819737,0.0,11.034577769093778,2.114838440415354,1.2621388170339691,0,11.752179860897185,-0.717602091803407
1813,517500,187500,Outer,Brent,0.0,1.98194466564563,4.93142536273028,0.0,0.0,0.0,0.0,0.84843,8982.90529736381,1.057379563,9.53167814951179,739.6607328,0.0,0.0,1073.569329126749,0.0,13.09612236435234,1.749421662747095,1.3938011558427386,0,14.260237929115494,-1.1641155647631543
1814,519500,187500,Outer,Brent,0.0,4.17246574262207,0.0,0.0,0.0,62.74717861,0.0,0.85978,4748.316188758016,0.0,3.41253510294107,0.0,0.0,0.0,2448.1493692600466,0.0,10.442008315656343,2.0914612122190666,1.144662933483321,0,11.94053967893784,-1.4985313632814972
1815,521500,187500,Outer,Barnet,0.0,1.31785565054478,0.0,0.0,0.0,102.4466096,0.0,0.18223,1831.2091099864376,4.100089935,0.882709459700003,0.0,0.0,0.0,331.6864755816694,0.0,3.5789593366705934,0.369988821836034,0.2415454060842077,0,3.773467987620041,-0.19450865094944758
1816,521500,187500,Outer,Brent,0.0,0.460978710229502,0.0,0.0,0.0,0.0,0.0,0.0,1792.6621459305077,2.42524027,0.308805908678078,0.0,0.0,0.0,288.8093483072068,0.0,2.320491520215649,0.8054619183627373,0.7036020097246042,0,2.8516390430147602,-0.5311475227991114
1817,523500,187500,Outer,Barnet,0.0,0.0664643612547168,0.0,0.0,0.0,0.0,0.0,0.157650103782237,735.3610638103137,40.0720219,0.654825704938604,0.0,0.0,0.0,6415.013293934983,0.0,17.051467588031446,3.7264175949763616,1.3222990726075796,0,14.64012168266726,2.411345905364186
1818,541500,187500,Outer,Redbridge,0.0,1.791431858892e-05,0.0,0.0,0.0,0.0,0.0,1.24941259442029e-05,7.440341899591813,0.0,0.005100512346138,0.0,0.0,0.0,335.2136539672849,0.0,0.7878777178743113,0.2049115320492499,0.0650503679404518,0,0.7155399578456763,0.07233776002863501
1819,543500,187500,Outer,Redbridge,0.0,3.23369946631707,0.0,0.0,0.0,202.4500437,0.0,0.47056,7465.212629625152,0.368619959,2.00047555759382,0.0,0.0,0.0,2487.517978076881,0.0,11.168084072210828,2.177919682631666,1.1590300532659823,0,14.024408093898614,-2.8563240216877865
1820,545500,187500,Outer,Redbridge,0.0,0.0,0.0,0.0,0.0,616.0043932,0.0,0.39634,12624.99043381957,1.818259849,0.941389224993427,146.9780554,0.0,0.0,3427.095317727755,0.0,16.78426799273046,5.417461543816881,2.3441363688568937,0,23.17174631584627,-6.387478323115811
1821,547500,187500,Outer,Barking and Dagenham,0.0,0.0,0.0,0.0,0.0,38.93763275,0.0,0.0,4532.979065578419,1.869478469,0.184375689190958,45.29135344,0.0,0.0,2340.438859575976,0.0,9.277949195881895,1.7825159541493651,1.098909882412714,0,9.374059570058597,-0.09611037417670154
1822,547500,187500,Outer,Redbridge,0.0,0.0,0.0,0.0,0.0,105.1112158,0.0,0.42832,4422.247616030837,2.354826945,0.292536036564588,107.4966615,0.0,0.0,2002.7987479736871,0.0,8.238847059887359,1.5960552657518372,0.9577725986239504,0,10.11905722507751,-1.8802101651901513
1823,549500,187500,Outer,Havering,0.0,2.00321418682027,0.0,0.0,0.0,13.83876131,0.0,0.35267,1943.598141214002,1.87215959,1.29132591987943,148.846066,0.0,0.0,924.3772714919072,0.0,4.880520094771029,0.8192331384096729,0.5039656871236636,0,4.986946119038318,-0.10642602426728942
1824,549500,187500,Outer,Barking and Dagenham,0.0,0.714806690315909,0.0,0.0,0.0,0.0,0.0,0.35337,2245.7235404678145,1.118340842,0.460783418198881,0.0,0.0,0.0,599.2113063567027,0.0,3.85436037397592,0.6333475350454734,0.3919739818683294,0,3.9651694777820747,-0.11080910380615494
1825,551500,187500,Outer,Barking and Dagenham,0.0,0.0058027463629276,0.0,0.0,0.0,0.0,0.0,0.13411,1260.3715547273273,0.879342825,0.127640970648681,0.0,0.0,0.0,159.6089236936194,0.0,1.357120420868709,0.3039289377548111,0.2453692025714525,0,1.5653420696547595,-0.20822164878605043
1826,551500,187500,Outer,Havering,0.0,0.144841744371065,0.0,0.0,0.0,249.0321116,0.0,0.08637,5718.254913277678,4.393395083,3.18622028554613,0.0,0.0,0.0,7053.510032909776,0.0,21.619859390958418,10.175689941467448,2.666397698353726,0,20.10463905150459,1.5152203394538262
1827,553500,187500,Outer,Havering,0.0,0.625869562821333,0.0,0.0,0.0,128.7971943,0.0,0.0,6648.416734139568,1.506357215,7.53111212462722,0.55132302,0.0,0.0,4248.264396321751,0.0,14.44471686587232,4.657299024503839,2.07408161512958,0,13.143597046091543,1.3011198197807765
1828,503500,186500,Non GLA,Non GLA,0.0,7.40621521974519,0.0,0.0,0.0,0.0,0.0,0.415,978.9090546095862,0.200496281,3.05955100061292,0.0,0.0,0.0,3256.3702942132827,0.0,8.695963359680704,1.954857762532644,0.8276655608965985,0,9.588468518793498,-0.8925051591127939
1829,505500,186500,Non GLA,Non GLA,0.0,0.15795801129792,0.0,0.0,0.0,0.0,0.0,0.61823,93.75390718443148,0.0,0.0121494220838209,0.0,0.0,0.14871,11.56989168032807,0.0,0.1820530258727318,0.034717642939931,0.0229638982207339,0,2.5923074433066393,-2.4102544174339076
1830,505500,186500,Outer,Hillingdon,0.0,3.04475341601002,0.0,0.0,0.0,0.0,0.0,0.0,1858.3716142073672,0.0,0.234189659990784,0.0,0.0,4.89731,0.0,0.0,4.5248823655344665,0.3533882300678616,0.3086158624268805,0,3.1391982745684235,1.385684090966043
1831,507500,186500,Outer,Hillingdon,0.0,0.41725135141383,0.0,0.0,0.0,113.7185168,0.0,0.0,6190.350535657442,15.19036169,10.8261034117595,39.050335149,0.0,0.0,2170.235311606021,0.0,12.217128184368253,2.205154320823306,1.3895114278311498,0,8.774922140030018,3.442206044338235
1832,555500,186500,Outer,Havering,0.0,1.25175480067143,0.0,0.0,0.0,114.0238043,0.0,0.12969,6202.416916622441,0.920748418,7.64887792036234,11.62777118,0.0,0.0,2517.720024166478,0.0,10.05732854236038,3.3562281977083104,2.441409390925633,0,9.434435789345613,0.6228927530147672
1833,557500,186500,Outer,Havering,0.0,6.67602535477099,0.0,0.0,0.0,8.853369036,0.0,0.84748,2128.691605287195,1.14688331,3.64792596751461,9.420530194,0.0,0.0,995.1750097118309,0.0,4.269800444592044,1.0000374452677987,0.6396286912782919,0,5.389355777082519,-1.1195553324904752
1834,559500,186500,Outer,Havering,0.0,8.03209224686594,0.0,0.0,0.0,0.0,0.0,0.0,288.21948857015127,0.0,1.41210059069213,0.0,0.0,0.0,1032.2156038203927,0.0,3.6078017087745087,0.7722002159019857,0.3132865926043729,0,2.427580299676615,1.1802214090978937
1835,509500,185500,Outer,Hillingdon,0.0,4.90263694684774,46.7158529159398,0.0,0.0,31.3735893,0.0,0.42401,2527.939145712383,0.117284504,2.70648815823541,3.228439702,0.0,0.0,212.9805715350924,0.0,6.2808600053723005,0.5956067128893844,0.4769497974899879,0,4.822093177391606,1.4587668279806945
1836,511500,185500,Outer,Hillingdon,0.0,1.14742554135927,47.9781294055431,0.0,0.0,196.5673775,0.0,0.0,6191.742095385089,20.825113904,6.70738315019638,787.48749709,0.0,0.0,2839.046007652912,0.0,17.48287896830153,2.8932077452046494,1.978830657938009,0,15.451691384222535,2.031187584078996
1837,513500,185500,Outer,Ealing,0.0,0.133033969131144,0.0,0.0,0.0,159.3853682,0.0,0.0,3260.2313204469533,0.99462628,1.59454966165413,267.317781841,0.0,0.0,2208.3659274811807,0.0,8.802005690921384,1.6279700722605357,0.7991030379480173,0,9.973394091640378,-1.1713884007189943
1838,513500,185500,Outer,Harrow,0.0,0.301144920489334,0.0,0.0,0.0,4.555617077,0.0,0.0,5313.119513027537,1.496465473,3.6095318168519,450.306475158,0.0,0.0,1627.3808948645797,0.0,7.721138731393974,2.0167118409391684,1.4064125469311095,0,10.3242084506263,-2.6030697192323258
1839,515500,185500,Outer,Brent,0.0,0.124514964212171,0.0,0.0,0.0,13.06516596,0.0,0.89099,2165.548415093339,0.128774802,0.370316965107969,301.545416374,0.0,0.0,287.7357706184068,0.0,3.0600656750502675,0.4556807817408489,0.3356688612019226,0,6.8843136661974755,-3.824247991147208
1840,515500,185500,Outer,Ealing,0.0,0.556771050304104,0.0,0.0,0.0,149.2508774,0.0,0.0,4303.371309768429,0.272307071,1.65587727052222,0.0,0.0,0.0,2448.912047007537,0.0,9.251391016108398,2.2206597928047147,1.0897747894751113,0,10.156783492984813,-0.9053924768764148
1841,515500,185500,Outer,Harrow,0.0,0.172922438759198,0.0,0.0,0.0,1.289325588,0.0,0.28663,1921.2050793712156,0.151756222,0.514284768756909,425.607181877,0.0,0.0,1326.886992883845,0.0,5.391325997814279,0.9727826331224227,0.5176144582659448,0,7.865898893460689,-2.4745728956464097
1842,517500,185500,Outer,Brent,0.0,2.19053973772496,0.0,0.0,0.0,112.4291913,0.0,0.77684,9204.87855928736,0.467935228,7.76644351533368,1090.665876,0.0,0.0,2392.1162784228086,0.0,15.889598000400143,2.681573098682026,1.7123955510134294,0,19.73898247751839,-3.8493844771182477
1843,519500,185500,Outer,Brent,0.0,0.208621197127268,0.0,0.0,0.0,1494.62888,0.0,0.0,12429.250290700422,7.334902359,2.94181117234088,735.183376531,0.0,0.0,1643.1328748033084,0.0,26.21754557037176,41.81029533219902,8.905776490909886,0,25.1375917249092,1.079953845462562
1844,521500,185500,Outer,Brent,0.0,0.0105597443782271,0.0,0.0,0.0,0.0,0.0,0.0854157741470931,732.9439289148576,10.64824556,0.284644440766762,173.659340246,0.0,0.0,4205.274982596388,0.0,11.285510177779036,2.703868554181332,0.9288521119991228,0,10.892209134267667,0.39330104351136974
1845,543500,185500,Outer,Redbridge,0.0,0.082857455623461,0.0,0.0,0.0,83.89211825,0.0,0.41406,7079.59473068097,4.283534392,0.436200607257492,0.0,0.0,0.0,2786.8291724169726,0.0,11.059707937728463,2.217533934137972,1.2515953854151811,0,13.773055492927316,-2.713347555198853
1846,545500,185500,Outer,Redbridge,0.0,0.395671315383652,0.0,0.0,0.0,0.0,0.0,0.48062,6774.089791184177,0.51847692,0.725328204877027,0.0,0.0,0.0,2016.8817046915592,0.0,7.816319834555768,1.9028026356775,1.2550951003701862,0,11.567304943326173,-3.750985108770405
1847,545500,185500,Outer,Barking and Dagenham,0.0,0.0809271877955049,0.0,0.0,0.0,103.1428601,0.0,0.0,3242.620770410156,0.234482077,0.148352116609966,0.0,0.0,0.0,1450.2311405020127,0.0,5.69978840935339,6.005344324985206,1.1582158420702606,0,6.468581852098717,-0.7687934427453271
1848,547500,185500,Outer,Barking and Dagenham,0.0,1.87760570274423,0.0,0.0,0.0,218.8909809,0.0,0.0,8448.57973496525,0.40964724,2.11812073027461,0.0,0.0,0.0023374722129,5041.372378779996,0.0,18.282377237791117,7.6797296796663534,2.9499147864111035,0,18.92999989313681,-0.6476226553456925
1849,549500,185500,Outer,Barking and Dagenham,0.0,0.104310598563634,0.0,0.0,0.0,7.564043448,0.0,0.45792,8474.491194028129,17.78071916,6.11896713794981,0.0,0.0,0.0,2299.024992023568,0.0,13.07820106642989,3.2484298020458526,2.483129420374832,0,11.961936419168739,1.1162646472611524
1850,551500,185500,Outer,Havering,0.0,0.761740712158997,0.0,0.0,0.0,8.079773683,0.0,0.30104,743.6924559042411,23.60107015,0.0937433794003369,3.517981673,0.0,0.0,1715.4336978486824,0.0,5.328780697495259,1.137984714931987,0.5022900511397264,0,4.859837118975397,0.4689435785198617
1851,551500,185500,Outer,Barking and Dagenham,0.0,2.317862024946,0.0,0.0,0.0,0.0,0.0,0.64187,1147.8138565596737,41.16913758,0.285247556038435,7.250669562,0.0,0.0,0.0,0.0,3.642632299529684,0.4057178081831614,0.3780953663524613,0,2.633995478182557,1.0086368213471268
1852,553500,185500,Outer,Havering,0.0,1.66896957701814,0.0,0.0,0.0,62.74717861,0.0,0.0,6032.990040866308,0.553216582,6.00129516014583,3.428729305,0.0,0.0,1487.0060771025885,0.0,7.321954882372077,1.5357096002538229,1.070265779079903,0,7.21380311900914,0.10815176336293675
1853,561500,185500,Non GLA,Non GLA,0.0,0.693675258680396,0.0,0.0,0.0,0.0,0.0,0.0,34.88522198052428,0.0,0.0,0.0,0.0,0.0,0.0,0.0,0.0663194381570756,0.0148141389116769,0.0071383358933444,0,-0.3866618186654467,0.45298125682252227
1854,561500,185500,Outer,Havering,0.0,5.66757536487486,0.0,0.0,0.0,0.0,0.0,0.86794,213.2046772874879,0.0,0.0,0.0,0.0,0.0,6.292294594874332,0.0,0.8314190469209372,0.0809780248476203,0.0670928596016154,0,2.3953181866737285,-1.5638991397527913
1855,503500,184500,Non GLA,Non GLA,0.0,7.82346657115902,0.0,0.0,0.0,0.0,0.0,0.0,445.1239956636514,0.0,0.235349819228655,0.0,0.0,0.0,9842.783802779571,0.0,20.98481859548516,4.8017381876585645,1.454101024984402,0,22.618503851045,-1.6336852555598398
1856,505500,184500,Non GLA,Non GLA,0.0,0.0018623427033064,0.0,0.0,0.0,0.0,0.0,0.97455,226.1721177694366,0.279964787,0.117667789503482,0.0,0.0,1.49214,299.826678286015,0.0,0.8772236090931362,0.268634380311024,0.1564465751199144,0,4.134899508084072,-3.2576758989909353
1857,505500,184500,Outer,Hillingdon,0.0,0.0782967686826985,0.0,0.0,0.0,774.1721511,0.0,0.95368,7677.788824521753,1.815153289,4.94625891412674,0.0,0.0,2.40772,3566.117455426526,0.0,20.87390218099785,4.571526727769388,2.883831507846085,0,19.913338860823,0.9605633201748489
1858,507500,184500,Outer,Hillingdon,0.0,2.19057034135255,41.3174028166336,0.0,0.0,259.8184892,0.0,0.0,6332.585188298062,0.29704746,8.82562785416572,0.0,0.0,0.0,4271.363538211182,0.0,18.755181249706983,2.930891730060078,1.5714281724723789,0,14.675754994957146,4.079426254749837
1859,555500,184500,Outer,Havering,0.0,8.76228285827008,0.0,0.0,0.0,18.05055823,0.0,0.97141,579.6283520380208,0.320644548,0.941400114574721,0.0,0.0,0.0,454.3183867578091,0.0,2.354301092068575,0.41369958931374,0.2575197238662364,0,4.2329337819388435,-1.8786326898702685
1860,557500,184500,Non GLA,Non GLA,0.0,0.0008404801137968,0.0,0.0,0.0,0.0,0.0,0.78592,4.885397417449385,0.0,4.27206650768663e-05,0.0,0.0,0.0,0.0,0.0,0.0092251593990618,0.0096855362349676,0.002068506727992,0,1.4611579268231782,-1.4519327674241165
1861,557500,184500,Outer,Havering,0.0,6.7333414706663,0.0,0.0,0.0,0.0,0.0,1.05908,363.2181070871417,0.0,0.345266739831034,0.0,0.0,0.0,505.73146718817407,0.0,2.232785456526778,0.3809188169790863,0.2019263014933968,0,4.1523542114248855,-1.9195687548981075
1862,559500,184500,Non GLA,Non GLA,0.0,2.58349031597292,0.0,0.0,0.0,0.0,0.0,0.0,206.0729568963089,0.0,0.093013777453632,0.0,0.0,0.0,151.06226929549757,0.0,0.6866656387715836,0.1336035972507871,0.0543639243151837,0,0.3467153399986067,0.3399502987729769
1863,559500,184500,Outer,Havering,0.0,2.32266007660807,0.0,0.0,0.0,0.0,0.0,0.93397,142.54557899883005,0.0,0.0836227700776173,0.0,0.0,0.0,381.0830266702865,0.0,1.3402880827569776,0.3519715356398138,0.1625522901318969,0,2.9100931678939173,-1.5698050851369396
1864,509500,183500,Outer,Hillingdon,0.0,5.62094364715796,0.0,0.0,0.0,0.0,0.0,0.0,3017.38013740366,0.0,1.75596089921603,0.0,0.0,0.0,255.6169373969211,0.0,5.985685049376059,0.724290310622915,0.5921308396083175,0,4.489647731288844,1.4960373180872146
1865,509500,183500,Outer,Ealing,0.0,0.0543117353819582,0.0,0.0,0.0,0.0,0.0,0.0231,122.55481037457903,0.0,0.0169668053163123,0.0,0.0,0.0,0.0,0.0,0.2553857089620979,0.0420527609024702,0.0325837603728725,0,1.1254801100575325,-0.8700944010954346
1866,511500,183500,Outer,Hillingdon,0.0,0.0145927053505578,0.0,0.0,0.0,0.0,0.0,0.0,154.70352346080853,0.134632837,0.026521994071838,0.0,0.0,0.0,297.4410940927621,0.0,1.064259102258508,0.2057566324526924,0.0813893794615185,0,1.6526252783909001,-0.5883661761323922
1867,511500,183500,Outer,Ealing,0.0,3.30165668745419,0.0,0.0,0.0,22.00449003,0.0,0.0,4793.2635464721325,2.025114723,6.00072555127814,0.0,0.0,0.0,6832.536197138941,0.0,18.37910506342693,3.1364816368673947,1.545412470776997,0,18.193185344490423,0.18591971893650694
1868,513500,183500,Outer,Ealing,0.0,3.12938662846361,0.0,0.0,0.0,310.9488278,0.0,0.67793,6179.475505064534,83.07654838,4.11862644363202,0.0,0.0,9.82051,10011.661860470162,0.0,32.392547001541914,7.020367301284247,3.264902538948598,1,29.61972125564153,2.772825745900384
1869,515500,183500,Outer,Ealing,0.0,2.19057034135255,0.0,0.0,0.0,169.3890091,0.0,0.51372,5915.128779334456,2.78058597,3.41257614828595,85.23495252999999,0.0,3.9571,4383.268614527816,0.0,16.619437396004624,3.456546169967751,1.86812429894912,0,17.087546501918702,-0.4681091059140776
1870,517500,183500,Outer,Brent,0.0,0.207459005708812,0.0,0.0,0.0,2.492696136,0.0,0.0,2475.4602422796124,5.970991783,0.468067710424536,0.0,0.0,3.6264,2673.0821630932883,0.0,9.422707130329682,1.8117261163963208,0.912463197370175,0,8.554705159798186,0.8680019705314965
1871,517500,183500,Outer,Ealing,0.0,0.379096838539195,0.0,0.0,0.0,235.1117577,0.0,0.0,5284.587381824498,8.071536835,0.855316299124636,0.491240362,0.0,1.67772,804.6651438636569,0.0,6.583277878491766,1.730849360101396,1.1230142497778062,0,8.32588632524326,-1.7426084467514942
1872,519500,183500,Outer,Ealing,0.0,0.0002634897692453,0.0,0.0,0.0,0.0,0.0,0.0813892693083332,510.3761341506768,45.80056656,0.0060814123227068,0.0,0.0,0.156382233307553,1943.5099875916144,0.0,6.192436912467308,1.22359441736652,0.4650832451295961,0,5.409314954702014,0.7831219577652941
1873,519500,183500,Outer,Brent,0.0,0.019443753538449,0.0,0.0,0.0,31.3735893,0.0,0.156008550408517,2686.325776089319,173.1491216,0.182421428178717,69.36516518,0.0,2.54134096939023,2562.9265923410862,0.0,13.721213877239842,2.2694561607009462,1.3446191505097982,0,9.525727067547257,4.195486809692586
1874,543500,183500,Outer,Newham,0.0,0.0004866723216656,0.0,0.0,0.0,0.0,0.0,0.0,68.84864051397119,0.0,0.0523948015665276,0.0,0.0,4.38611233894492e-05,92.6279304920069,0.0,0.3644969583974215,0.0739470790209989,0.0286834571879853,0,0.2616199670747683,0.10287699132265321
1875,543500,183500,Outer,Barking and Dagenham,0.0,0.0233654964495401,0.0,0.0,0.0,204.8932192,0.0,0.0,765.1099928458478,0.0,0.0790759510572795,0.0,0.0,0.0099582720303,1271.494309569955,0.0,4.980274036719926,0.8535191937671488,0.3142807074501488,0,4.254223347979167,0.7260506887407594
1876,545500,183500,Outer,Barking and Dagenham,0.0,0.312934781410667,0.0,0.0,0.0,95.01067861,0.0,0.2354,8470.850491212577,23.5296628,1.6474311437385,403.4628606,0.0,0.0,12877.31785549876,0.0,38.374762399150185,8.624804474680516,3.4667610025180404,1,37.042093956860874,1.332668442289311
1877,547500,183500,Outer,Barking and Dagenham,0.0,2.50350960134286,0.0,0.0,0.0,0.0,0.0,0.44052,4164.375683718871,35.27161291,0.823725623790443,236.5386208,0.0,0.0,7898.006960105561,0.0,26.06155733249989,5.844299152872982,2.2034832686293013,0,22.386350699701392,3.675206632798499
1878,549500,183500,Outer,Barking and Dagenham,0.0,0.625869562821333,0.0,0.0,0.0,83.64134153,0.0,0.28131,5894.20847453469,2.286578974,0.353020959372535,0.0,0.0,0.0019105366489,4990.638594239797,0.0,18.23402324007768,7.289868880121536,2.34658207509094,0,16.804189959518162,1.4298332805595173
1879,551500,183500,Outer,Havering,0.0,0.41725135141383,0.0,0.0,0.0,87.24436477,0.0,0.0,6407.370864102372,1.255292438,6.00142667278146,0.0,0.0,0.0,2933.3709011062297,0.0,11.194883080639134,2.315656216847847,1.376491746063167,0,10.58286598471283,0.6120170959263032
1880,553500,183500,Outer,Havering,0.0,2.29485630772812,0.0,0.0,0.0,63.00504372,0.0,0.4094,3252.3428834337456,0.435132998,4.70694528730704,0.0,0.0,0.0,415.56954683549947,0.0,3.2068436684957127,0.6536482706580443,0.4758888085171888,0,3.76867408499273,-0.5618304164970174
1881,503500,182500,Non GLA,Non GLA,0.0,8.24060297236191,61.8857434988289,0.0,0.0,0.0,0.0,0.0,1287.4510032125197,0.130208998,1.6474277930981,0.0,0.0,0.0,91.7842347276213,0.0,1.6480201806429602,0.2661682317570278,0.2262727587178201,0,3.205716252553078,-1.5576960719101176
1882,505500,182500,Outer,Hillingdon,0.0,1.35603778132724,0.0,0.0,0.0,62.74717861,0.0,0.89539,7203.689061922802,4.959103239,8.11939913721845,0.0,0.0,4.36686,2910.3142263810105,0.0,16.373836473019885,2.8141917742831337,1.727381642185283,0,14.053156048912669,2.3206804241072163
1883,507500,182500,Outer,Hillingdon,0.0,0.521557471397817,0.0,0.0,0.0,134.1758162,0.0,0.80393,8540.498859279147,2.753908921,10.2375852049808,0.0,0.0,0.0,6819.440495945113,0.0,25.00276908779631,4.426485444782987,2.3408709743319065,0,22.632640977141953,2.370128110654356
1884,555500,182500,Outer,Non GLA,0.0,0.860882283379786,0.0,0.0,0.0,0.0,0.0,0.0,557.1459373942997,0.0,0.0,0.0,0.0,0.0,0.0,0.0,0.7603599496050321,0.0480996686037058,0.0404003201098475,0,0.3427014332580285,0.41765851634700357
1885,555500,182500,Outer,Havering,0.0,1.77681526778332,0.0,0.0,0.0,0.0,0.0,0.0,366.0472300761397,0.0,0.0,0.0,0.0,0.0,46.32039253179139,0.0,0.8221615419572355,0.0950804869311132,0.0707132995811411,0,0.35907341186284114,0.4630881300943943
1886,557500,182500,Non GLA,Non GLA,0.0,2.9912791750221,0.0,0.0,0.0,0.0,0.0,0.74591,584.5297134194303,0.0,0.0,0.0,0.0,0.00235,13680.700159085474,0.0,25.320202591816034,5.432760455563942,1.0754779717104064,0,30.457547304447147,-5.137344712631112
1887,557500,182500,Outer,Havering,0.0,0.0826178516123342,0.0,0.0,0.0,0.0,0.0,0.0,50.27618937514396,0.0,0.0,0.0,0.0,0.0,0.0,0.0,0.1191500347865681,0.0228636854983715,0.0143658915537981,0,-0.29082646230042997,0.40997649708699807
1888,509500,181500,Outer,Hillingdon,0.0,1.35606763852489,0.0,0.0,0.0,303.1516261,0.0,0.0,8578.6574171393,0.735458348,9.64935347795616,0.0,0.0,0.0,3833.1353699084575,0.0,19.43831451876932,3.382514962865225,1.922178536564911,0,15.626559614303433,3.8117549044658876
1889,511500,181500,Outer,Hillingdon,0.0,1.98194466564563,0.0,0.0,0.0,31.3735893,0.0,1.35282,6556.062770460615,1.049043229,7.64887792036234,0.0,0.0,0.0,3958.2420820014186,0.0,15.92522964907179,2.742705301148315,1.626796398478227,0,16.535433012934753,-0.6102033638629631
1890,513500,181500,Outer,Ealing,0.0,0.625877027120745,0.0,0.0,0.0,124.3769417,0.0,0.0,11182.041208009852,5.630509109,8.82562785416572,0.0,0.0,0.0,2142.156904443784,0.0,13.145646070756497,2.663833395603141,1.9716454317805376,0,13.941713029203255,-0.7960669584467581
1891,515500,181500,Outer,Ealing,0.0,1.25175480067143,0.0,0.0,0.0,185.6510875,0.0,0.44903,9567.766963594237,1.975166618,8.23725288726403,87.24799311,0.0,0.0,1781.9591209371051,0.0,11.380851073242653,2.376798555902898,1.6050366278100556,0,13.563170451273098,-2.1823193780304457
1892,517500,181500,Outer,Ealing,0.0,0.104312837853458,0.0,0.0,0.0,250.4580001,0.0,0.97919,12678.340101287718,1.048382874,8.23725288726403,0.0,0.0,0.0,2960.6409972900537,0.0,16.765918185201464,6.373386348854598,1.927079021329412,0,19.916885755746687,-3.150967570545223
1893,543500,181500,Outer,Newham,0.0,0.0032215916262407,0.0,0.0,0.0,0.0,0.0,0.0613625739842671,826.1043893082298,0.568054724,0.0827172595100077,0.0,0.0,0.0002615808313932,1250.7095889835043,0.0,4.564881650775479,0.8095468283871088,0.2938343936861796,0,3.5383970153553523,1.0264846354201262
1894,545500,181500,Outer,Barking and Dagenham,0.0,0.0061386398364699,0.0,0.0,0.0,0.0,0.0,0.30457,416.6723451807428,0.0,0.0,0.0,0.0,181.54436173373557,32.20740544338018,0.0,3.976724938137438,3.229797969069762,3.184095071639913,0,2.9580951759427165,1.0186297621947213
1895,545500,181500,Outer,Newham,0.0,0.0274014431416356,0.0,0.0,0.0,0.0,0.0,0.14708,890.729792689139,0.0,0.0,0.0,0.0,274.9644648488791,0.2369155869978223,0.0,6.441250289542413,0.245569961527607,0.222667072150335,0,3.9033205834411433,2.53792970610127
1896,545500,181500,Outer,Greenwich,0.0,0.0062550829072979,0.0,0.0,0.0,0.0,0.0,0.01483,98.23985337903832,0.0,0.0,0.0,0.0,63.50354216848998,0.0,0.0,1.12547721118548,0.046442519341875,0.0370129470642654,0,0.748270055947053,0.37720715523842707
1897,547500,181500,Outer,Greenwich,0.0,0.0,0.0,0.0,0.0,0.0,0.0,0.17061,497.0511746359872,0.086826951,0.0,0.0,0.0,0.80321581721681,121.6111023480333,0.0,0.7392668922614918,0.1174627939897668,0.0429758380974276,0,1.0749196340911027,-0.3356527418296109
1898,547500,181500,Outer,Barking and Dagenham,0.0,0.0,0.0,0.0,0.0,0.0,0.0,0.39707,41.50837165325634,0.238624662,0.0,0.0,0.0,283.2899275662673,0.0,0.0,4.959481981468742,0.1948700221126658,0.1781445794763073,0,3.690540850406295,1.268941131062447
1899,547500,181500,Outer,Bexley,0.0,0.0,0.0,0.0,0.0,0.0,0.0,0.0,3277.7533596502917,0.454363469,0.0,0.0,0.0,72.32866070355536,370.5554900852192,0.0,5.199097684217741,0.4394284666926218,0.254066440891758,0,4.576360867702796,0.6227368165149452
1900,549500,181500,Outer,Barking and Dagenham,0.0,0.182533470682153,0.0,0.0,0.0,0.0,0.0,0.0,680.492445619494,8056.0,0.0,0.0,0.0,1495.0533015576084,21.29058834088935,0.0,62.15178131113761,4.528647617691345,4.461585407517389,1,23.8686966430094,38.28308466812821
1901,549500,181500,Outer,Bexley,0.0,0.0071784167445684,0.0,0.0,0.0,0.0,0.0,0.0,38.7934408837876,0.0,0.0,0.0,0.0,176.15360265209966,0.0,0.0,2.853099096798965,0.1022477729925622,0.0901114368272169,0,1.6543119566139133,1.1987871401850518
1902,549500,181500,Outer,Havering,0.0,0.002250486272733,0.0,0.0,0.0,0.0,0.0,0.0,58.24694074158341,0.0,0.0,0.0,0.0,18.85683128601544,0.0,0.0,0.4285824724922508,0.0283300793956986,0.0197945876197686,0,0.12610061493862545,0.30248185755362533
1903,551500,181500,Outer,Havering,0.0,3.85957723986775,0.0,0.0,0.0,103.1428601,0.0,0.34499,718.1858703650225,89.49373655,0.0,0.0,0.0,0.0,8337.417428027802,0.0,21.44885715217492,23.9881480216514,5.379545523164428,0,19.480061181986017,1.9687959701889035
1904,553500,181500,Outer,Havering,0.0,7.82337326741637,0.0,0.0,0.0,31.3735893,0.0,0.26456,1245.6206050285712,0.0,0.353020959372535,40.23989496,0.0,0.0,621.6792528870283,0.0,3.598455040825162,0.6722432105107535,0.3998385557316529,0,3.989480111782637,-0.39102507095747496
1905,504500,180500,Non GLA,Non GLA,0.0,1.5530796107766,0.0,0.0,0.0,0.0,0.0,0.41015,660.0442040249712,1.547864052,1.05121484064495,248.2839621,0.0,1.74083,13890.55086329045,0.0,29.4821279154248,6.227871917583028,1.738461804913443,1,32.34351817113082,-2.8613902557060165
1906,504500,180500,Outer,Hillingdon,0.0,0.0392644541972066,0.0,0.0,0.0,0.0,0.0,0.34202,373.098774191585,0.246112826,0.0265764419783086,0.0,0.0,0.5319,0.0,0.0,0.910348555696054,0.0883603333765429,0.0741866421672211,0,2.290578962168448,-1.380230406472394
1907,506500,180500,Outer,Hillingdon,0.0,0.938802851372117,0.0,0.0,0.0,682.5901618,0.0,0.54151,6948.136577057437,85.25749506,6.70738315019638,312.124991,0.0,2.31353,3277.588595659936,0.0,21.92399287914348,5.313599002374536,3.232350303427303,0,18.37463657621968,3.549356302923801
1908,556500,180500,Non GLA,Non GLA,0.0,2.08621197127268,0.0,0.0,0.0,0.0,0.0,0.37684,6030.817092620173,0.738373813,8.35474393048651,0.0,0.0,0.0,1288.803041232878,0.0,6.881859121626859,1.5313910643417168,1.0344135641698655,0,6.692543726889286,0.18931539473757297
1909,508500,179500,Outer,Hillingdon,0.0,0.834492999238425,0.0,0.0,0.0,0.0,0.0,0.28257,8610.742387523453,42.9234392,5.76600816542464,369.0109659,0.0,1.52579,1555.2087701943597,0.0,18.42890818643286,2.4151666340135,1.816031780016348,0,13.285644851223944,5.143263335208916
1910,510500,179500,Outer,Hounslow,0.0,0.0003545542220723,0.0,0.0,0.0,0.0,0.0,0.0,72.48720232965383,1.24388852,0.0012003669226499,0.0,0.0,0.45405,763.4378443830751,0.0,1.78294163866222,0.302248454212115,0.1150848322458371,0,2.6273685678829466,-0.8444269292207265
1911,510500,179500,Outer,Ealing,0.0,0.00555642448233,0.0,0.0,0.0,0.0,0.0,0.0,602.6046165771669,4.923109652,0.0188037939146175,38.03053095,0.0,2.30497,65.05156865476884,0.0,1.2017980763482006,0.2407618437981498,0.2109010427076784,0,1.8962425072370497,-0.6944444308888491
1912,510500,179500,Outer,Hillingdon,0.0,0.395413050623996,0.0,0.0,0.0,274.6387036,0.0,0.81023,7306.242967101693,5412.19126024,1.33819216478895,318.0978761,0.0,3.69112,4901.620278079562,0.0,49.674749957174825,7.495050510033505,5.148269700925128,1,28.119255261619415,21.55549469555541
1913,512500,179500,Outer,Ealing,0.0,0.0,0.0,0.0,0.0,856.4901962,0.0,1.48769,10635.164665712407,16.43465197,2.35347222482347,394.2215856,0.0,0.00162,2820.09120848881,0.0,20.59418380548961,29.560235431240184,4.576619261255091,0,25.348557110591955,-4.7543733051023445
1914,514500,179500,Outer,Ealing,0.0,6.30720088508266,0.0,0.0,0.0,0.0,0.0,0.0,8454.63688439877,1514.7623563490902,1.12938611879472,24.25299278,0.0,2.42965,1966.659685979571,0.0,24.75709845184793,1.754823902299937,1.1335647507483655,0,15.19903244654976,9.558066005298171
1915,514500,179500,Outer,Hounslow,0.0,0.002716258556045,0.0,0.0,0.0,0.0,0.0,0.68658,43.8571724032001,1.262791288,0.0004866805178364,0.0,0.0,0.0,0.0,0.0,0.1026064918294249,0.0157713191091553,0.0079456958703555,0,2.5161972235554373,-2.4135907317260124
1916,516500,179500,Outer,Ealing,0.0,0.104311344993575,0.0,0.0,0.0,196.7510847,0.0,0.74603,15017.45690673443,1.579923286,2.706493184196,0.0,0.0,0.0,2106.804119138326,0.0,13.103011857368868,4.192983196002169,3.421756053481719,0,21.418099540666624,-8.315087683297756
1917,518500,179500,Outer,Hounslow,0.0,0.373017913098022,0.0,0.0,0.0,103.1428601,0.0,0.0,2058.847932490996,0.397017336,0.645226957857902,0.0,0.0,0.0,142.83942198963112,0.0,3.3386850561249783,46.65462894834984,4.807978223217762,0,3.3373416869740975,0.0013433691508808465
1918,518500,179500,Outer,Ealing,0.0,1.00978759235077,0.0,0.0,0.0,32.14718466,0.0,0.259086982420573,5907.267926680466,0.75291747,2.01326411433359,0.0,0.0,0.0,1502.077241915798,0.0,7.78658052931449,1.3577202899319385,0.8389110149854974,0,9.788150275595811,-2.001569746281321
1919,544500,179500,Outer,Newham,0.0,0.00221764335532,0.0,0.0,0.0,0.0,0.0,0.0,52.81281018722349,1.915904638,0.0020011699778163,0.0,0.0,105.90750572207338,0.0,0.0,1.8867292589119569,0.0787520245137161,0.067988099458973,0,1.142895704629959,0.7438335542819978
1920,544500,179500,Outer,Greenwich,0.0,0.455760418510537,0.0,0.0,0.0,0.0,0.0,0.0,6722.173293994513,27.46543998,0.411313725699969,0.0,0.0,7.49867876334619,2448.126261337548,0.0,12.696682940367706,1.8555615447891043,0.919550198484592,0,11.601947847779448,1.0947350925882589
1921,546500,179500,Outer,Greenwich,0.0,0.41725135141383,0.0,0.0,0.0,0.0,0.0,0.36043,6085.3217158666885,9.479182995,4.7070014105337,3.766467225,0.0,0.0,3958.865233887703,0.0,14.10470277299922,2.9449480476149947,1.5864703971699234,0,13.463016271268804,0.6416865017304154
1922,548500,179500,Outer,Bexley,0.0,3.54663797987744,0.0,0.0,0.0,35.44824132,0.0,0.4336,6025.280769721082,7.152678471,1.64745040992079,29.15664513,0.0,0.0,902.2478091324148,0.0,8.906856235622564,5.6081581535486285,0.9799029336763712,0,8.81607645608167,0.09077977954089533
1923,550500,179500,Outer,Bexley,0.0,0.0,0.0,0.0,0.0,167.2805355,0.0,0.3973,4837.6417427252845,78962.39155168,0.0,11.70739135,0.0,756.6176491652176,1714.5497263722502,0.0,36.77987589762931,34.86922281483469,6.838618306092774,1,101.18553508452753,-64.40565918689822
1924,552500,179500,Outer,Havering,0.0,1.04312912496452,0.0,0.0,0.0,0.0,0.0,0.0,525.0839501920475,0.0,0.0,0.0,0.0,0.0,186.0661451432445,0.0,1.5286112904952172,0.1694727480080513,0.1027826541854072,0,0.839642793367867,0.6889684971273502
1925,504500,178500,Non GLA,Non GLA,0.0,2.75433021519616,0.0,0.0,0.0,0.0,0.0,0.57443,1505.3313850751686,0.0,0.731094657002304,36.67775043,0.0,0.0,19425.23922911811,0.0,42.15556794648448,8.543739064659002,2.552896062454562,1,44.19348892434537,-2.0379209778608853
1926,504500,178500,Outer,Hillingdon,0.0,0.050010806060735,0.0,0.0,0.0,0.0,0.0,0.0,319.87663732703305,0.0,0.0132743995975118,0.0,0.0,0.0,2970.778639023747,0.0,6.753614290464862,1.310933856638648,0.3757533094421134,0,7.583815342196022,-0.8302010517311604
1927,506500,178500,Outer,Hillingdon,0.0,4.4854542669885,0.0,0.0,0.0,107.529754,0.0,0.29288,5263.100279070501,0.108283166,6.23677732967021,0.0,0.0,0.0,12953.22357583241,0.0,34.78974919579713,7.821306244450091,2.6126474705473046,1,32.570340963435484,2.219408232361644
1928,554500,178500,Non GLA,Non GLA,0.0,0.848845354147915,0.0,0.0,0.0,0.0,0.0,0.82236,1376.668199345726,0.0,0.319192893912453,0.0,0.0,513.3097315096527,191.071157038,0.0,9.327722391299432,0.3947540713389359,0.3031481495066018,0,8.473391441251824,0.8543309500476077
1929,554500,178500,Outer,Bexley,0.0,0.0390017108579025,0.0,0.0,0.0,0.0,0.0,0.77642,31.129061689956057,0.0,0.0146657530228583,0.0,0.0,111.3022340643284,0.0,0.0,2.079116732785202,0.0924700078644845,0.0807434165439928,0,2.724058673467839,-0.6449419406826373
1930,556500,178500,Non GLA,Non GLA,0.0,0.938805090661941,0.0,0.0,0.0,0.0,0.0,0.0,8249.84643138289,2.474530833,2.00045126545093,7.354160843,0.0,0.28011,2201.5258207742004,0.0,14.631702147230207,1.3098138743835388,0.538761465921058,0,11.750420230895509,2.8812819163346983
1931,508500,177500,Outer,Hillingdon,0.0,3.96380274541809,0.0,0.0,0.0,0.0,0.0,0.85929,5966.41803273569,0.984587371,6.23663995341389,0.0,0.0,0.0,1672.670869757981,0.0,12.589579866106536,1.7810972009990262,1.1677284905659768,0,10.779743895822104,1.809835970284432
1932,510500,177500,Outer,Hounslow,0.0,4.0888110998214,0.0,0.0,0.0,0.0,0.0,0.0,3646.274077240645,0.153492585,2.06770615718341,0.0,0.0,0.0,6692.852748900384,0.0,19.946833083746693,5.304035919927431,2.9076723076284186,0,18.12854064185761,1.8182924418890813
1933,510500,177500,Outer,Hillingdon,0.0,0.191499587135908,0.0,0.0,0.0,0.0,0.0,0.79756,743.2188623664765,0.033217919,0.0968410464484595,0.0,0.0,0.0,30.470220032624763,0.0,1.4610953831990794,0.130006889389353,0.1002391075918938,0,3.6404343850251113,-2.179339001826032
1934,512500,177500,Outer,Hounslow,0.0,0.52155299281817,0.0,0.0,0.0,15.98763729,0.0,0.0,7574.375062332586,6.429719005,8.11939913721845,0.0,0.0,0.0,8702.462648198705,0.0,24.68847220657473,4.050952198353588,1.8401186624316608,0,23.77912389255595,0.9093483140187786
1935,514500,177500,Outer,Hounslow,0.0,5.63281710823271,0.0,0.0,0.0,45.38426069,0.0,0.31827,3197.248162325164,2.577075726,3.64787487024853,0.0,0.0,0.0,2571.3464551184607,0.0,8.833102985732072,1.6402364179074505,0.8364556040251939,0,9.731625410601676,-0.8985224248696042
1936,516500,177500,Outer,Hounslow,0.0,0.834484788509072,0.0,0.0,0.0,981.873211,0.0,0.0,5055.934951325903,21.09205121,3.17715596560893,25.567897016,0.0,1.12867,5823.311398358162,0.0,22.16628440590198,30.70133862096239,4.499757894002479,0,21.27918273796617,0.8871016679358092
1937,518500,177500,Outer,Richmond,0.0,1.20325103666199,0.0,0.0,0.0,30.17021875,0.0,0.214204224870689,1614.871405539653,0.279251123,0.20138102687185,0.0,0.0,4.86189967003591,571.9555121901067,0.0,3.2366726872739964,0.5640240418689593,0.3637705204365982,0,4.280752655550989,-1.0440799682769928
1938,518500,177500,Outer,Hounslow,0.0,0.332574846023653,0.0,0.0,0.0,133.8201989,0.0,0.0,3303.9173996151744,0.147372928,0.0558736039599438,0.0,0.0,3.97449345889256,2107.7162263176374,0.0,8.18749875117091,1.7081632691531168,0.9257504367445368,0,8.963594614989507,-0.7760958638185969
1939,542500,177500,Outer,Greenwich,0.0,0.0064722940201885,0.0,0.0,0.0,0.0,0.0,0.0064258214336985,177.8842664835349,0.516925008,0.0678085850582809,0.0,0.0,0.0,826.1302473801078,0.0,2.291551071755342,0.4895572819152213,0.173294882240986,0,1.9988524019199563,0.2926986698353855
1940,544500,177500,Outer,Greenwich,0.0,1.35604823134642,44.6662339165507,0.0,0.0,0.0,0.0,0.17698,8968.849909349266,0.338033955,3.2948547485361,0.0,0.0,0.0,2227.186172569381,0.0,11.110055474008384,2.41871578419605,1.7520279357587178,0,13.008155134735636,-1.8980996607272527
1941,546500,177500,Outer,Greenwich,0.0,1.93984228481197,0.0,0.0,0.0,0.0,0.0,0.08685,2959.031700069949,0.145188365,1.88649095954804,0.0,0.0,0.0,2009.9868093101263,0.0,7.265324890843071,1.5675951049079917,0.8991139312831227,0,6.852195894380871,0.41312899646220025
1942,546500,177500,Outer,Bexley,0.0,0.120048327444,0.0,0.0,0.0,0.0,0.0,0.0,780.9120047297894,0.036118195,0.11674636339398,0.0,0.0,0.0,330.6762768206645,0.0,1.4213225266129337,0.3572972556985709,0.2565701131109788,0,1.4337305915077412,-0.012408064894807502
1943,548500,177500,Outer,Bexley,0.0,0.0,0.0,0.0,0.0,0.0,0.0,0.30873,8416.652688615195,0.192151387,10.7082789798174,0.0,0.0,0.0,1827.8830072617736,0.0,8.815029252289323,2.3099240917706854,1.724956122520027,0,9.231613134036953,-0.4165838817476306
1944,550500,177500,Outer,Bexley,0.0,0.834491506378542,0.0,0.0,0.0,107.529754,0.0,0.12653,8752.045456480491,5.860009001,6.35436302848394,0.0,0.0,0.0,2502.2040529800747,0.0,13.482967296208008,2.5459452355724825,1.66119570856791,0,12.3959613122968,1.087005983911208
1945,552500,177500,Outer,Bexley,0.0,1.04311419636569,0.0,0.0,0.0,204.8932192,0.0,0.22227,2801.753659440228,8.5237512,0.235346468588257,0.0,0.0,0.22400438552031,773.4747903028162,0.0,5.747368913166998,3.253625262020849,2.3804800884858053,0,5.6296645474901315,0.11770436567686637
1946,503500,176500,Non GLA,Non GLA,0.0,2.50277586071066,12367.4454990952,0.0,0.0,0.0,0.0,0.1949,3703.584305946998,92.15035561,3.2577388671853,0.0,0.0,0.0,1147.844564411769,0.0,115.43707350451142,2.2114170662261285,1.7040709345217442,1,48.700575171810506,66.7364983327009
1947,503500,176500,Outer,Hillingdon,0.0,0.0042038934288665,568.912077712163,0.0,0.0,0.0,0.0,0.0,104.72790589717914,3.776642122,0.005471595770237,0.0,0.0,0.0,7826.092469488981,0.0,20.269168320829973,3.328476413379819,0.8737580947874573,0,19.345414019928533,0.9237543009014395
1948,505500,176500,Outer,Hillingdon,0.0,2.92072587054946,41718.3507010972,0.0,0.0,0.0,0.0,0.3641,2575.2498596346877,0.0,0.941389224993427,0.0,0.0,0.0,1450.5306243742598,0.0,152.00678050001747,5.92016471999116,4.233683184833657,1,148.2716865785221,3.735093921495377
1949,507500,175500,Outer,Hillingdon,0.0,0.312938513560373,75103.597217339,0.0,0.0,105.6634687,0.0,0.34887,2537.4461725919973,4.754702209,0.0,0.119734311,0.0,0.0,486.0477325934786,0.0,344.266853905297,9.72117628966748,6.7809222957415525,1,259.2723190553972,84.99453484989982
1950,509500,175500,Outer,Hillingdon,0.0,1.33640816673343,14478.2242265161,0.0,0.0,0.0,0.0,0.0,2132.740243756746,47.23303069,0.0,0.0,0.0,0.0,5486.929878056435,0.0,77.49339879734131,5.030887164065318,3.155589241931369,1,63.4660894310968,14.027309366244516
1951,509500,175500,Outer,Hounslow,0.0,0.104991342670013,6535.70246099842,0.0,0.0,211.3269374,0.0,1.02952,520.6347314766446,13.23892652,0.0,0.0,0.0,0.0,802.8494379364479,0.0,49.526569756536624,3.605133020102955,0.7296932942054148,1,28.624293202978492,20.90227655355813
1952,511500,175500,Outer,Hounslow,0.0,1.77331898993872,11319.1234111598,0.0,0.0,311.2529384,0.0,1.2497,7440.218825390069,2.998836513,4.47165159130505,0.0,0.0,0.0,833.3551581940999,0.0,92.05198124281998,8.497497415854166,1.932380463029458,1,51.18681889585907,40.86516234696091
1953,513500,175500,Outer,Hounslow,0.0,0.104312837853458,10454.6115559814,0.0,0.0,1206.717606,0.0,0.0,16067.420396239006,35.12963376,1.52977591913651,1.262094449,0.0,0.0,5546.963243758834,0.0,105.63217234098072,10.951631018069806,3.5842069864359862,1,68.02619233285336,37.60598000812736
1954,515500,175500,Outer,Hounslow,0.0,0.521564189267288,10085.4341758228,0.0,0.0,31.3735893,0.0,0.0,7256.177350683586,24.49163874,4.82467673897808,3.5983370690000003,0.0,0.0,1371.2524755661675,0.0,235.655039685776,1.928979990849525,1.46943171571065,1,43.48595205928395,192.16908762649203
1955,517500,175500,Outer,Richmond,0.0,8.03209224686594,6587.29311942187,0.0,0.0,126.0364777,0.0,0.08462,3395.33393710979,5.98524904,1.76512573836516,10.463834035,0.0,0.40961,2230.7485819369585,0.0,49.39565938727781,2.3026894500204484,0.9391651222159942,1,32.120948254220046,17.274711133057764
1956,519500,175500,Outer,Richmond,0.0,0.386261819544822,4198.69402226035,0.0,0.0,467.0770758,0.0,0.0,8591.54549272722,0.256586852,2.83547776164436,14.116354971,0.0,0.0,4525.151974347309,0.0,36.97823974072952,3.395343058723752,1.8753205983704184,1,33.83764140403148,3.140598336698041
1957,521500,175500,Outer,Richmond,0.0,0.0257734794398675,0.0,0.0,0.0,0.0,0.0,0.0,945.9037308536052,2.273487463,0.143748336702859,0.0,0.0,0.0,571.8296868362333,0.0,1.9765327291422952,0.4054478858611792,0.2000962596836466,0,2.7851973540877335,-0.8086646249454383
1958,521500,175500,Outer,Wandsworth,0.0,0.198251045954107,0.0,0.0,0.0,85.39924184,0.0,0.0,3110.543855812168,1.195639839,0.209668835896762,0.0,0.0,0.0,341.5805055697743,0.0,4.039442069621777,0.4564291107743781,0.1919444671727801,0,4.773410809857117,-0.7339687402353396
1959,523500,175500,Outer,Wandsworth,0.0,0.016413994407098,0.0,0.0,0.0,21.74662491,0.0,0.0,2926.696088550607,2.115251321,0.161959067266997,0.0,0.0,0.0880359548117614,839.4807313424953,0.0,3.713465398764123,0.6302665067608172,0.3563361931889126,0,5.282224752810465,-1.568759354046342
1960,527500,175500,Outer,Wandsworth,0.0,0.0,0.0,0.0,0.0,45.72808085,0.0,0.0408039949805297,2006.5342861825484,1.210244918,0.1082164706003,0.0,0.0,0.0,1209.4050293412906,0.0,4.011577995918429,1.0975328115983438,0.7408825282515579,0,5.259603489913259,-1.24802549399483
1961,541500,175500,Outer,Greenwich,0.0,6.717869470845e-06,0.0,0.0,0.0,0.0,0.0,0.0006002111857076,25.34112562483436,0.255199428,0.0259666254258388,0.496159203,0.0,0.0,141.54453126413972,0.0,0.3786075355782277,0.0924253586067775,0.0323095573512129,0,0.4985829745419519,-0.1199754389637242
1962,543500,175500,Outer,Greenwich,0.0,2.08625750349909,0.0,0.0,0.0,46.24381108,0.0,0.24717,6487.346994696172,1.183701258,5.88375218199718,15.53582108,0.0,0.0,7023.987872685467,0.0,20.997359402831627,4.955835196684946,2.4741408204108906,0,20.10772195952404,0.8896374433075884
1963,545500,175500,Outer,Greenwich,0.0,0.0,0.0,0.0,0.0,0.0,0.0,0.0,13.29372533536238,0.001122335,5.6960886769155e-05,0.0,0.0,0.0,21.442200531011224,0.0,0.0595851235837218,0.0209963937457357,0.0054002373677667,0,0.13425721499471344,-0.07467209141099164
1964,545500,175500,Outer,Bexley,0.0,0.0,0.0,0.0,0.0,62.74717861,0.0,0.03011,9157.079547105332,0.469510902,9.95460770781217,15.18684291,0.0,0.0,5007.682157890288,0.0,17.672295850013548,4.142615364759616,2.522990310349755,0,16.532994629460614,1.1393012205529338
1965,547500,175500,Outer,Bexley,0.0,2.81644811490324,0.0,0.0,0.0,89.99492603,0.0,0.03731,6562.854490823074,0.870768869,4.23630177207639,0.0,0.0,0.0,4811.187186096939,0.0,16.593904776563726,3.291464105073743,1.8073180357961047,0,15.744305935635634,0.8495988409280919
1966,549500,175500,Outer,Bexley,0.0,0.0,44.6662339165507,0.0,0.0,280.6196087,0.0,0.02424,7763.488883820585,1.51732964,5.88368098088872,0.0,0.0,0.0,7330.826607708508,0.0,24.99743067122558,4.7851809200060496,2.5705471286777883,0,22.154176584490735,2.843254086734845
1967,551500,175500,Outer,Bexley,0.0,5.94583474336685,44.6662339165507,0.0,0.0,69.79549182,0.0,0.0,3846.377486733956,0.616723201,4.23630177207639,0.0,0.0,0.0,1675.214486515849,0.0,8.28630546184595,1.6356888760298949,1.0508373163199405,0,6.89364380737956,1.3926616544663908
1968,554500,175500,Non GLA,Non GLA,0.0,2.19057034135255,44.6662339165507,0.0,0.0,0.0,0.0,0.27102,4255.435198169356,1.532041535,4.23630177207639,0.0,0.0,0.0,2464.2051669014145,0.0,8.22548463852538,1.784219391820463,0.6589539691832171,0,8.724348349285268,-0.49886371075988833
1969,503500,174500,Non GLA,Non GLA,0.0,4.69401425686059,0.0,0.0,0.0,0.0,0.0,1.17742,1170.0537558755352,0.0,1.29440767138566,0.0,0.0,0.0,13443.3403476311,0.0,27.6453613278387,5.2140413505644245,1.3173669536337291,1,32.923523934268324,-5.278162606429625
1970,505500,174500,Non GLA,Non GLA,0.0,1.09457382294231,0.0,0.0,0.0,0.0,0.0,0.25639,2495.680017974014,0.701153205,1.90830362854023,0.0,0.0,0.0,910.2500516946592,0.0,4.082696791431084,0.94252909412876,0.5849793059572409,0,5.59851956213039,-1.5158227706993062
1971,505500,174500,Outer,Hillingdon,0.0,0.219634770909748,3651.8507868795,0.0,0.0,0.0,0.0,0.05533,776.1613806365524,0.314080356,0.382916210665246,0.0,0.0,0.0,2338.44156528476,0.0,13.31296450253828,1.5827452759924807,0.6214806501249923,0,19.105139061853507,-5.792174559315226
1972,507500,173500,Outer,Non GLA,0.0,0.127755216586942,0.0,0.0,0.0,0.0,0.0,0.40825,256.54264630714346,0.111688826,0.0135960610757376,0.0,0.0,0.0,386.2225554783347,0.0,1.1478469102087705,0.2181438809292862,0.1042626401189141,0,3.151561570092868,-2.0037146598840976
1973,507500,173500,Outer,Hounslow,0.0,3.66173747681125,0.0,0.0,0.0,48.88688984,0.0,0.42395,1314.0349744209766,0.597949242,0.389697906831174,0.0,0.0,0.0,2670.6716221919937,0.0,8.345550151891423,9.221417447222356,1.3153331885014805,0,9.415376199353291,-1.0698260474618682
1974,507500,173500,Outer,Hillingdon,0.0,0.0064469154021875,1.7008540204709,0.0,0.0,0.0,0.0,0.0,84.97418338558893,0.025090103,0.0006860436215284,0.0,0.0,0.0,0.0004506424039787,0.0,0.2295457967943406,0.0216972315360633,0.0124546380708261,0,1.2345847229939082,-1.0050389261995676
1975,509500,173500,Outer,Hounslow,0.0,1.46038047637835,0.0,0.0,0.0,413.699548,0.0,0.0,7191.237335796988,1.055462323,8.23725288726403,10.242941257,0.0,0.0,1707.1362686321704,0.0,10.428489930265744,49.78113400965271,5.944717701508621,0,11.009342205890281,-0.5808522756245367
1976,511500,173500,Outer,Hounslow,0.0,1.5646933142318,0.0,0.0,0.0,81.33385371,0.0,0.76297,5459.790723427566,1.099418213,6.58980247734325,40.635756372,0.0,0.0,1952.6480992830896,0.0,9.16334440064703,1.918453837941699,1.2145193232908431,0,10.776590938163928,-1.613246537516897
1977,513500,173500,Outer,Richmond,0.0,1.98194466564563,0.0,0.0,0.0,34.12415056,0.0,0.0,6668.334624455643,0.151716656,9.06097767339438,21.408707267,0.0,0.0,2131.3804901681133,0.0,8.95653881883051,2.0258297531286584,1.3803947764474824,0,9.455481063514162,-0.49894224468365245
1978,515500,173500,Outer,Richmond,0.0,0.208625675706915,0.0,0.0,0.0,517.3264021,0.0,0.30773,10589.12255420438,24.7621154,4.11862644363202,17.80732841,0.0,0.0,3006.986919936224,0.0,16.45473208134893,23.24899367892763,4.301238323605261,0,19.17338463878434,-2.718652557435412
1979,517500,173500,Outer,Richmond,0.0,5.42427055409956,0.0,0.0,0.0,0.0,0.0,0.71808,2743.689769611686,0.123798874,1.64745040992079,0.0,0.0,9.83692,526.5576363944027,0.0,3.797976172475927,0.7496899002393674,0.5199793810501778,0,6.4859800418222076,-2.6880038693462804
1980,519500,173500,Outer,Richmond,0.0,4.17246574262207,0.0,0.0,0.0,0.0,0.0,0.7833,1026.338551775742,0.0,0.117673653124178,0.0,0.0,0.0,286.4579397611045,0.0,2.032719386226312,0.2669581371486291,0.1929277409396765,0,4.668098718905572,-2.63537933267926
1981,521500,173500,Outer,Wandsworth,0.0,0.0863537334680653,0.0,0.0,0.0,0.0,0.0,0.69328,1332.9325244919085,0.0,0.010254634938647,0.0,0.0,0.0,61.24622002564638,0.0,0.8933635269032661,0.1171660917892095,0.0903112194917309,0,3.798769726626329,-2.9054061997230627
1982,521500,173500,Outer,Richmond,0.0,6.35930244140871,0.0,0.0,0.0,0.0,0.0,0.56519,497.8117896816006,0.0,0.755148066760779,0.0,0.0,0.0,84.22573171924824,0.0,1.1433948284649875,0.1429969786116283,0.1125821899795766,0,3.231220002509067,-2.0878251740440796
1983,523500,173500,Outer,Wandsworth,0.0,0.73018165424485,0.0,0.0,0.0,25.26080784,0.0,0.33085,6665.492163593765,1.610144032,3.41253510294107,0.0,0.0,0.0,6031.073835770471,0.0,19.00950921211967,3.681381220868533,1.5122806772859865,0,19.457464545729934,-0.4479553336102633
1984,525500,173500,Outer,Wandsworth,0.0,1.04312912496452,0.0,0.0,0.0,588.0826073,0.0,0.0,13696.318002514232,31.07050645,0.706050295346066,0.0,0.0,0.0,4355.171475335008,0.0,21.18901902800056,4.091835671241797,2.615365904407015,0,25.349953210193885,-4.160934182193326
1985,527500,173500,Outer,Wandsworth,0.0,1.4603633084897,0.0,0.0,0.0,262.0005885,0.0,0.43853,12220.3741896813,2.997573625,2.23579857169929,103.71557004,0.0,0.0,4153.204906198994,0.0,18.72793860446378,3.2814643264267307,1.891801324842041,0,23.07097310115557,-4.343034496691789
1986,529500,173500,Outer,Wandsworth,0.0,0.0,0.0,0.0,0.0,23.20786058,0.0,0.0,880.4739525031849,0.199914824,0.0071050329643525,4.816153692,0.0,0.0,85.48679838603164,0.0,0.6617700189106084,0.1239037676550038,0.0960637659757945,0,1.6915437008548633,-1.029773681944255
1987,529500,173500,Outer,Lambeth,0.0,0.0,0.0,0.0,0.0,45.21235061,0.0,0.446484927522687,12173.49519818162,2.618363399,1.09716636072577,0.0,0.0,0.0,2076.0099053243034,0.0,11.245686194446508,1.8707580469430305,1.1931930484606663,0,17.464450762017265,-6.218764567570757
1988,531500,173500,Outer,Lambeth,0.0,0.0025363689402145,0.0,0.0,0.0,0.0,0.0,0.0083247819307903,374.4955522611381,0.352075374,0.0757755702650667,0.0,0.0,0.0,142.31990289124136,0.0,0.625361607461624,0.1030257940172889,0.0469154587408999,0,1.1394842672130387,-0.5141226597514148
1989,533500,173500,Outer,Southwark,0.0,0.191532430053321,0.0,0.0,0.0,0.0,0.0,0.050812577263276,471.2193526311914,0.095114114,1.12345716061013,0.0,0.0,0.0,327.888037341433,0.0,1.411174210790315,0.2431325034437406,0.131908257964384,0,1.3537392888363016,0.05743492195401334
1990,535500,173500,Outer,Lewisham,0.0,0.0,0.0,0.0,0.0,62.74717861,0.0,0.0,1259.646602846519,1.241605437,0.551718123285438,8.224254634,0.0,0.0,1497.3887319111243,0.0,4.330825208986146,0.969516376141234,0.4389068730170514,0,4.819884921806183,-0.4890597128200378
1991,537500,173500,Outer,Lewisham,0.0,0.110148427133798,0.0,0.0,0.0,230.2499557,0.0,0.13536299151352,5915.348517040305,0.153283179,0.767955889682843,26.27615806,0.0,0.0,6037.248271588885,0.0,18.200363562509875,3.593000189634014,1.5379943359165125,0,19.681756657160697,-1.481393094650823
1992,539500,173500,Outer,Lewisham,0.0,0.0,0.0,0.0,0.0,76.49998488,0.0,0.259901163180997,5886.184241303497,0.484422269,1.55497357259096,24.8764424,0.0,0.0,1440.5923323385873,0.0,6.275194178299113,1.3401343472857978,0.920680478362496,0,9.488600933477349,-3.2134067551782355
1993,541500,173500,Outer,Bromley,0.0,0.635317126587165,0.0,0.0,0.0,0.0,0.0,0.12827,1189.9200202984027,0.043768322,1.13477394855501,0.0,0.0,0.0,1026.4300479946312,0.0,3.594265482212774,0.6480873813383716,0.3049945461750201,0,3.4940339878558735,0.10023149435690071
1994,541500,173500,Outer,Greenwich,0.0,1.17071639481469,0.0,0.0,0.0,0.0,0.0,0.10612,2917.9845502912785,0.059414194,2.09107854928096,133.8786565,0.0,0.0,2871.5027165456363,0.0,10.06968548683008,1.949734527108723,0.9913680794030496,0,9.295914754574481,0.7737707322555991
1995,541500,173500,Outer,Lewisham,0.0,0.0034544777678967,0.0,0.0,0.0,0.0,0.0,0.00573,331.02237301708294,0.003227396,0.0061702042932587,0.0,0.0,0.0,74.6176973476063,0.0,0.3009342168615392,0.0754244185930119,0.0477873863532362,0,0.6995920245813281,-0.39865780771978887
1996,543500,173500,Outer,Greenwich,0.0,5.73720906765993,0.0,0.0,0.0,0.0,0.0,0.11641,3904.9191905214,1.466807488,4.47165159130505,117.0006705,0.0,0.0,1764.2278500913617,0.0,8.889523738945687,1.5722433367763613,0.8965341819260151,0,7.644298403168237,1.2452253357774508
1997,545500,173500,Outer,Bexley,0.0,0.283849392321673,0.0,0.0,0.0,49.42414753,0.0,0.0,8047.023603174573,0.204362834,9.71302988574338,0.0,0.0,0.0,1831.619228920045,0.0,9.463049119167616,2.4443697923534065,1.8109097059963293,0,8.860605699948945,0.6024434192186714
1998,545500,173500,Outer,Greenwich,0.0,0.0007091084441447,0.0,0.0,0.0,0.0,0.0,0.0,383.70008769421,0.010215019,0.0242678507439587,0.0,0.0,0.0,30.75490476627137,0.0,0.3225110424648931,0.0632244962113636,0.0459609602098674,0,0.5312326243609817,-0.20872158189608864
1999,547500,173500,Outer,Bexley,0.0,0.730189864974203,19.3407453550752,0.0,0.0,48.65055218,0.0,0.0068,6719.697701530241,1.976863149,10.1200531164135,0.0,0.0,0.0,3452.709060117437,0.0,12.682807681051784,3.1033775267942763,1.9535790509144704,0,10.865541492360476,1.817266188691308
2000,549500,173500,Outer,Bexley,0.0,3.75521886978788,0.0,0.0,0.0,140.3893045,0.0,0.0,4293.337300320603,0.736555556,4.23625067481032,128.8417376,0.0,0.0,4431.535723932188,0.0,15.009282936152267,4.058548996909383,2.5898146107462034,0,13.589550060192368,1.4197328759599
2001,551500,173500,Non GLA,Non GLA,0.0,1.20041908146506,0.0,0.0,0.0,0.0,0.0,0.26173,1326.60290327025,202.5634125,1.6080988137643,0.0,0.0,0.0,7323.633822253361,0.0,23.919170179731776,4.297968185424746,2.30480758934043,0,16.757118986410273,7.162051193321503
2002,551500,173500,Outer,Bexley,0.0,0.0385187706859428,0.0,0.0,0.0,0.0,0.0,0.2024,874.3764164513494,36.28524889,0.0515998621320581,0.0,0.0,0.0,135.1153877756003,0.0,1.8451223329203223,0.2624055796746637,0.2124116447661252,0,1.5616058881691952,0.28351644475112714
2003,554500,173500,Non GLA,Non GLA,0.0,1.98194466564563,0.0,0.0,0.0,0.0,0.0,0.2756,4953.25180506331,5.809968167,3.41257614828595,0.0,0.0,0.0,3640.032395471736,0.0,12.91168544976205,2.8922016553890355,1.7472758116842089,0,11.943178549272316,0.968506900489734
2004,507500,171500,Non GLA,Non GLA,0.0,0.521532839209757,0.0,0.0,0.0,0.0,0.0,0.52418,6811.117161860368,0.581983701,9.64877214184708,0.0,0.0,0.0,3269.9137039854127,0.0,11.169586025515974,2.821688462855622,1.7134702160683968,0,12.750588043759922,-1.5810020182439484
2005,507500,171500,Outer,Hounslow,0.0,0.0,0.0,0.0,0.0,0.0,0.0,0.07039,0.0509350633310412,1.64e-05,0.0,0.0,0.0,0.0,0.0,0.0,0.003160815199748,0.0091938962716334,0.0015876454739142,0,1.3383359012254772,-1.3351750860257292
2006,509500,171500,Non GLA,Non GLA,0.0,0.553438987046565,0.0,0.0,0.0,0.0,0.0,0.00183,1452.2716054630655,0.180338904,0.570043613283215,0.0,0.0,0.0,753.2558222282332,0.0,3.2411712609208867,0.7743981809247013,0.5449293600181538,0,3.961509680645891,-0.7203384197250045
2007,509500,171500,Outer,Hounslow,0.0,2.0926051437191,0.0,0.0,0.0,31.3735893,0.0,0.0,3277.2940251863333,0.350669682,2.15538655278323,0.0,0.0,0.0,919.0670067396557,0.0,4.8944310136526425,0.9431806639312732,0.6317498591668219,0,5.8803246242474545,-0.985893610594812
2008,511500,171500,Outer,Hounslow,0.0,2.39919676348941,0.0,0.0,0.0,268.3366483,0.0,0.0296,4375.362435922968,1.532041535,6.70747696812752,0.0,0.0,0.0,7981.99214291012,0.0,22.44119734468244,6.50750826432103,2.01945553315459,0,21.148766585071044,1.2924307596113955
2009,513500,171500,Outer,Richmond,0.0,4.17251575342813,0.0,0.0,0.0,31.3735893,0.0,0.20542,4938.447327409177,0.0,5.64840152510843,0.0,0.0,0.0,2937.302019195773,0.0,10.251458750718523,2.153400456405732,1.174982574313178,0,11.156355586414941,-0.9048968356964178
2010,515500,171500,Outer,Richmond,0.0,0.208625675706915,0.0,0.0,0.0,316.6322293,0.0,0.61605,10552.330989203972,20.38849594,4.11862644363202,1.174107632,0.0,0.0,3390.684711829806,0.0,15.51485830690149,3.2228979754683453,2.0042725209954697,0,19.710797458187876,-4.195939151286387
2011,517500,171500,Outer,Richmond,0.0,0.680599298970366,0.0,0.0,0.0,91.62807177,0.0,0.47922,3779.549359427304,0.257134177,2.39931819973174,0.0,0.0,12.45301,1114.7521251222888,0.0,5.199863663838492,1.1988755804288251,0.7706164856334696,0,7.814612984223756,-2.614749320385264
2012,517500,171500,Outer,Kingston,0.0,0.218007553637921,0.0,0.0,0.0,18.30842335,0.0,0.0,2374.169992605136,0.145529007,0.768543927072725,0.0,0.0,5.58024,1098.9444555586329,0.0,4.302488824144654,0.8332603293293716,0.4256128287175365,0,5.373901929506286,-1.071413105361632
2013,519500,171500,Outer,Kingston,0.0,9.6289462415445e-05,0.0,0.0,0.0,0.0,0.0,0.52543,50.40960782590479,0.0,7.53894089591758e-06,0.0,0.0,0.0,1.61422608328042,0.0,0.0333224973980959,0.0135062577295507,0.0053778390445331,0,2.122788988494186,-2.08946649109609
2014,519500,171500,Outer,Richmond,0.0,3.09467838262752,0.0,0.0,0.0,0.0,0.0,0.43057,554.3305448735794,0.0,0.232739670358469,0.0,0.0,0.0,897.7301038137516,0.0,3.0017701651840976,0.4174655279957623,0.2234227849193081,0,4.515916356356232,-1.5141461911721348
2015,521500,171500,Outer,Merton,0.0,0.415279283509167,0.0,0.0,0.0,0.0,0.0,0.13618,761.5941934700902,0.387661307,0.507514799832375,0.0,0.0,0.0,4.521608680826922,0.0,1.1962251779503876,0.0806102987381699,0.0674281509891605,0,1.7423074873825755,-0.5460823094321878
2016,521500,171500,Outer,Wandsworth,0.0,0.0018712998626009,0.0,0.0,0.0,0.0,0.0,0.44419,66.03596891223134,0.026023727,0.0022868120717616,0.0,0.0,0.0,0.0,0.0,0.0788624490100851,0.0131984312204942,0.0054008909738319,0,1.8897896642194176,-1.8109272152093325
2017,521500,171500,Outer,Kingston,0.0,0.800243807816175,0.0,0.0,0.0,62.74717861,0.0,0.0,3292.762679096573,0.538138568,0.977981568782012,0.0,0.0,0.0,3876.876713192337,0.0,11.78794703461414,2.189277003971964,0.9209260156010208,0,12.010850310354813,-0.22290327574067348
2018,523500,171500,Outer,Merton,0.0,1.56467465348327,0.0,0.0,0.0,457.5386736,0.0,0.42284,4051.0104943901247,2.130463752,4.82461894043121,0.0,0.0,0.0,1804.041254725092,0.0,9.505018648879096,1.670876885990445,0.9147552475318592,0,10.031305924963416,-0.5262872760843198
2019,525500,171500,Outer,Wandsworth,0.0,0.0,0.0,0.0,0.0,0.0,0.0,0.34148,77.44894075419192,0.004608908,0.0009566078336819,0.0,0.0,0.0,7.165595013912499,0.0,0.1053947052478191,1.915050297441744,1.905219455926465,0,1.5665780233902815,-1.4611833181424625
2020,525500,171500,Outer,Merton,0.0,0.0,0.0,0.0,0.0,269.812868,0.0,0.14677,9523.656347247455,0.229646047,2.37488281696787,135.73087604,0.0,0.0,3849.016756461012,0.0,15.474688620829331,3.076210479509221,1.8651621036259685,0,19.21397764861045,-3.7392890277811173
2021,527500,171500,Outer,Wandsworth,0.0,0.208623436417092,0.0,0.0,0.0,1078.063565,0.0,0.0,17395.576259826816,9.202937278,0.353020959372535,0.0,0.0,0.0,5720.047915228323,0.0,27.45353138816889,6.66956478465703,3.4775257982364143,0,33.84487112623967,-6.391339738070776
2022,529500,171500,Outer,Lambeth,0.0,0.153757850018759,0.0,0.0,0.0,203.1117576,0.0,0.0,6885.605998737,2.541330055,0.5451416538439,70.79229968,0.0,0.0,2990.398709666551,0.0,11.920510415866552,1.8813022688326049,0.9046175258027918,0,14.443892138982447,-2.523381723115895
2023,529500,171500,Outer,Wandsworth,0.0,0.213804406638995,0.0,0.0,0.0,366.1688204,0.0,0.12061,5680.59370005437,2.996753166,0.758032130483517,48.40496813,0.0,0.0,2652.869445281584,0.0,10.498255981509654,1.9373749126185624,0.9492520121128062,0,13.420263488244698,-2.922007506735044
2024,531500,171500,Outer,Lambeth,0.0,0.0,0.0,0.0,0.0,111.1097868,0.0,0.32023,12684.730929392312,7.032777535,5.14495021441895,0.349458708,0.0,0.0,3960.0735808589257,0.0,16.33891342565332,3.58516481860207,2.104507053024339,0,20.547305945188747,-4.208392519535426
2025,531500,171500,Outer,Croydon,0.0,0.0,0.0,0.0,0.0,31.3735893,0.0,0.0,62.2113753996946,0.102056164,0.0010830945087134,0.0,0.0,0.0,90.01764573150132,0.0,0.3589889884815391,0.4150704509374649,0.0635671912447388,0,0.8994194329629366,-0.5404304444813974
2026,533500,171500,Outer,Southwark,0.0,0.103402939755129,0.0,0.0,0.0,198.7280506,0.0,0.28148,5892.007938062358,0.856736982,3.49945071487001,3.4632310630000003,0.0,0.0,3747.135592921669,0.0,12.376848455192386,2.4993366860565733,1.1618652158388008,0,14.326805624539162,-1.949957169346776
2027,533500,171500,Outer,Lambeth,0.0,0.0096222283720736,0.0,0.0,0.0,13.75280627,0.0,0.17109,2995.6317878393183,0.261352365,0.325654603920354,1.665175434,0.0,0.0,679.2694430096017,0.0,3.00429639177728,0.616150256433458,0.4124453071657156,0,5.117676834663394,-2.113380442886114
2028,533500,171500,Outer,Lewisham,0.0,0.0001231609402988,0.0,0.0,0.0,0.0,0.0,1.15336,130.48829068388315,0.029536886,0.0041598200543474,0.65665032,0.0,0.0,32.81850752483042,0.0,0.1640814965074135,0.0327075606133323,0.0145754937706624,0,3.347063477050636,-3.1829819805432225
2029,533500,171500,Outer,Bromley,0.0,0.0006762655267317,0.0,0.0,0.0,0.0,0.0,0.0,223.6364686554533,0.069300586,0.0228974388211008,0.0,0.0,0.0,170.29806631514109,0.0,0.6061553266266257,0.0982905835012919,0.0367976043047425,0,1.0210789613205193,-0.4149236346938936
2030,535500,171500,Outer,Lewisham,0.0,0.308936902645573,0.0,0.0,0.0,172.3280564,0.0,0.1726,10248.106194304548,7.552828711,2.43957446879574,166.403661087,0.0,0.0,4276.041926477263,0.0,15.853135371788326,3.456830500991729,2.026758016004869,0,20.31646041525544,-4.4633250434671154
2031,535500,171500,Outer,Bromley,0.0,0.008123397050134,0.0,0.0,0.0,0.0,0.0,0.26266,1515.5296408141496,1.224713465,0.0641454974429645,23.600865756,0.0,0.0,261.72442822685827,0.0,1.4967693511311273,0.2603211690310433,0.1594730031207947,0,3.113157247549429,-1.6163878964183018
2032,537500,171500,Outer,Lewisham,0.0,1.06968934156241,0.0,0.0,0.0,0.0,0.0,0.0,5804.891625672322,0.088443468,4.26372006245475,31.00303607,0.0,0.0,2422.1092156962395,0.0,8.787412207318322,1.916075735312921,1.1531477270901676,0,9.877167131331216,-1.0897549240128939
2033,537500,171500,Outer,Bromley,0.0,0.0469228253939699,0.0,0.0,0.0,0.0,0.0,0.0,724.7060450559945,0.018523786,0.18703190936662,0.0,0.0,0.0,165.87030831766174,0.0,1.0164949781573436,0.1245889344599148,0.0687834381587101,0,1.3399772094582776,-0.323482231300934
2034,539500,171500,Outer,Lewisham,0.0,1.59724512396775,0.0,0.0,0.0,0.0,0.0,0.13508,7341.1682658497875,0.174624689,7.00718421280433,0.0,0.0,0.0,1692.822357747602,0.0,7.391572676879727,2.326025379703842,1.7400462117949715,0,9.179195023531445,-1.7876223466517178
2035,539500,171500,Outer,Bromley,0.0,0.0113300600775507,0.0,0.0,0.0,0.0,0.0,0.16429,504.7278992459249,0.014707324,0.0497050749868841,0.0,0.0,0.0,63.781041310137454,0.0,0.3961322314856439,0.1404944210458686,0.1127073837016705,0,1.2846912327550903,-0.8885590012694464
2036,541500,171500,Outer,Lewisham,0.0,0.386475298508007,0.0,0.0,0.0,31.3735893,0.0,0.19114,2242.489295850594,0.473863709,0.985697255958934,0.0,0.0,0.0,418.0423335478215,0.0,2.262340373235076,0.5814759299728105,0.4086963655677446,0,3.588127330630556,-1.3257869573954797
2037,541500,171500,Outer,Bromley,0.0,0.859798467105157,0.0,0.0,0.0,0.0,0.0,0.47548,1774.9481321063165,0.706791146,2.19289948502122,33.75248529,0.0,0.0,242.137200246992,0.0,2.080662875943427,0.3869574309018911,0.3017004840931924,0,3.136008411157391,-1.0553455352139642
2038,543500,171500,Outer,Greenwich,0.0,0.0132155421090345,0.0,0.0,0.0,31.3735893,0.0,0.0,2912.013822104384,0.204825753,1.35662738825977,0.0,0.0,0.0,614.1414269936662,0.0,3.1458912554386886,0.7669857377717342,0.5519324697819096,0,3.978277610703543,-0.8323863552648545
2039,543500,171500,Outer,Bromley,0.0,0.0432712901215951,0.0,0.0,0.0,23.72359082,0.0,0.26646,4795.450351507125,0.370635637,4.44207800149056,0.0,0.0,0.0,2291.417989566952,0.0,7.708262306185047,1.9105996113036636,1.112614754293758,0,8.877098608263093,-1.1688363020780468
2040,545500,171500,Outer,Bromley,0.0,0.687677694102813,0.0,0.0,0.0,0.0,0.0,0.0,454.18753511121446,3.605869007,0.794238312966211,0.0,0.0,0.0,14.318491238408376,0.0,0.743741023261446,0.0906947115085252,0.0760909346721417,0,0.43597215814615353,0.30776886511529244
2041,545500,171500,Outer,Bexley,0.0,1.59729513477382,0.0,0.0,0.0,10.3146047,0.0,0.0006,3984.2329189545353,5.495525912,1.84480648001432,0.0,0.0,0.0,3844.5955175397703,0.0,12.489608313006778,2.104899631204879,1.008523674391089,0,11.55185783189045,0.9377504811163284
2042,547500,171500,Outer,Bexley,0.0,5.63289622980647,0.0,0.0,0.0,0.0,0.0,0.09869,3118.0237897031607,26.51552058,3.1772263290573,0.0,0.0,0.0,894.3447487062938,0.0,6.611846872359244,1.0960066359544958,0.7942190414866085,0,4.84360955008127,1.7682373222779741
2043,549500,171500,Non GLA,Non GLA,0.0,0.135853235019075,0.0,0.0,0.0,0.0,0.0,0.0,197.7280199105216,0.0,0.0510855388309366,0.0,0.0,0.0,0.0,0.0,0.3294483443947306,0.0536151909447158,0.0436459872297428,0,0.21387664302314668,0.1155717013715839
2044,549500,171500,Outer,Bexley,0.0,2.21044627782696,0.0,0.0,0.0,31.3735893,0.0,0.0,1165.5329484322915,0.0,0.831199227198596,0.0,0.0,0.0,93.37199537624156,0.0,2.6111298063927944,0.2898783422246797,0.2116738149256709,0,1.4732806563783853,1.137849150014409
2045,551500,171500,Non GLA,Non GLA,0.0,5.52858339195302,0.0,0.0,0.0,0.0,0.0,0.19411,2246.513563352626,0.781123449,4.94235206742246,0.0,0.0,0.0,1262.303860917052,0.0,5.277614054960253,1.1919791957553163,0.777806114066447,0,4.282922290138096,0.9946917648221572
2046,554500,171500,Non GLA,Non GLA,0.0,8.13640583114934,0.0,0.0,0.0,0.0,0.0,0.0,1403.831801103237,0.0,2.00047555759382,0.0,0.0,0.0,2774.599933285618,0.0,7.401681498739461,1.2869144136739332,0.4302297650400066,0,7.264547576255505,0.13713392248395628
2047,511500,169500,Non GLA,Non GLA,0.0,5.00694903827125,0.0,0.0,0.0,0.0,0.0,0.36525,3904.8938286947127,0.08520788,5.53064913193489,0.0,0.0,4.38586,1898.7380992217047,0.0,7.324320879271474,1.6016927595205477,0.9891206357302492,0,8.514957816458724,-1.19063693718725
2048,513500,169500,Non GLA,Non GLA,0.0,0.0080338254571894,0.0,0.0,0.0,0.0,0.0,0.76484,818.0176162533392,0.778345012,0.120835819999966,0.0,0.0,5.18023,74.57025925779853,0.0,0.6112246329971495,0.105746770331738,0.076276653560901,0,3.7792802061853266,-3.168055573188177
2049,513500,169500,Outer,Richmond,0.0,0.220687983556788,0.0,0.0,0.0,221.4099532,0.0,0.0,4293.875534573115,4.079493467,3.31943755947749,0.314242855,0.0,18.73092,2538.627405628107,0.0,9.664979554251667,3.9730969628594304,1.3747404959318623,0,10.558628084922269,-0.8936485306706015
2050,515500,169500,Outer,Richmond,0.0,8.03198028237476,0.0,0.0,0.0,0.0,0.0,0.48251,1541.101260249617,0.0,0.0,0.0,0.0,0.0,710.3925873781732,0.0,3.602760776000121,0.3849494271112632,0.2202138586717795,0,5.9821323836577935,-2.3793716076576725
2051,517500,169500,Outer,Kingston,0.0,0.259635205028982,0.0,0.0,0.0,119.1975249,0.0,0.51709,2773.256678245178,1.546925015,0.159760209505688,0.226075849,0.0,11.28403,1429.6869578022547,0.0,6.984177494787484,1.9792820987584496,1.2908298883576028,0,8.370055221677505,-1.3858777268900218
2052,517500,169500,Outer,Richmond,0.0,1.81116000223805,0.0,0.0,0.0,202.9280504,0.0,0.0,3385.755223054471,4.085699054,1.11445315220011,0.622309496,0.0,12.06417,3314.00108613951,0.0,11.009126573900875,2.5460416423102683,1.3752217145262795,0,11.894245441300727,-0.8851188673998518
2053,519500,169500,Outer,Kingston,0.0,0.417242394254536,0.0,0.0,0.0,347.9921361,0.0,0.35646,13825.30048624234,3.671859288,5.29525994268156,0.547213699,0.0,0.0,5557.536448819491,0.0,24.879590351732936,5.089160236552672,3.051826378722319,0,26.415940564103956,-1.536350212371019
2054,521500,169500,Outer,Merton,0.0,0.0197699434227556,0.0,0.0,0.0,0.0,0.0,0.0,630.2662815576386,0.080140408,0.0273202841467058,0.0,0.0,0.0,688.8179438163512,0.0,1.950804663137759,0.3798935722132978,0.1709810357046768,0,2.8381594878797287,-0.8873548247419698
2055,521500,169500,Outer,Kingston,0.0,3.61781082120128,0.0,0.0,0.0,97.77534221,0.0,0.0,4666.226997832352,1.084113965,4.9995198562362,0.0,0.0,0.0,4190.237837032303,0.0,13.68861357319356,4.162295253027995,1.357205108589713,0,13.233374137493495,0.4552394357000651
2056,523500,169500,Outer,Merton,0.0,0.208621197127268,0.0,0.0,0.0,913.0402831,0.0,0.0,11988.377926503428,9.328065737,2.70646637907282,147.74862518,0.0,0.0,7062.082930199517,0.0,26.346102143725943,7.393104612395983,3.236081534033917,0,30.75748060266838,-4.411378458942437
2057,525500,169500,Outer,Merton,0.0,0.834491506378542,0.0,0.0,0.0,200.7050165,0.0,0.47629,11401.740445341777,39.87106871,5.64832278505907,0.0,0.0,0.0,4645.784861191383,0.0,21.623508635076057,3.515242956189312,2.0349498330772064,0,21.64260760150828,-0.01909896643222453
2058,527500,169500,Outer,Merton,0.0,0.730174189945438,0.0,0.0,0.0,78.99268101,0.0,0.0,9344.717249255677,17.292505691212614,2.00043199926864,0.0,0.0,0.0,6117.055193733623,0.0,20.451337661811277,4.336891940536042,2.310021437374853,0,22.08745989579407,-1.6361222339827926
2059,529500,169500,Outer,Croydon,0.0,2.239289823615e-06,0.0,0.0,0.0,0.0,0.0,0.26337,16.466810290976774,0.003744105,5.02596059727839e-06,0.0,0.0,0.0,0.0,0.0,0.0108534872000992,0.011910383989818,0.00429483495167,0,1.2293256622511226,-1.2184721750510235
2060,529500,169500,Outer,Merton,0.0,0.751514621964489,0.0,0.0,0.0,169.7494053,0.0,0.0,7221.593877077536,2.281179891,1.90750785144566,0.0,0.0,0.0,1869.0553123897323,0.0,8.848495775673678,3.0302193693761232,1.923167575662268,0,11.654502419445052,-2.806006643771374
2061,529500,169500,Outer,Lambeth,0.0,0.0627441544277511,0.0,0.0,0.0,130.8360115,0.0,0.3022,2214.0952633402826,0.659139654,0.15925845110606,0.0,0.0,0.0,545.1563844256768,0.0,2.721484004670546,7.247548346014682,1.1552934796714365,0,5.09556801992308,-2.374084015252534
2062,531500,169500,Outer,Croydon,0.0,0.625868816391392,0.0,0.0,0.0,122.5124408,0.0,0.0,7834.591842588193,5.541684229,8.59015741188273,94.34674482,0.0,0.0,2270.953510676749,0.0,10.143951765459272,2.340974751247688,1.5553222662805013,0,11.15585896775699,-1.0119072022977171
2063,533500,169500,Outer,Croydon,0.0,1.35604823134642,0.0,0.0,0.0,317.2364554,0.0,0.1555,7125.188646323233,0.2173348,8.82550471813109,0.0,0.0,0.0,3363.009803690871,0.0,12.84559448720935,2.61520716922118,1.3102729554099577,0,13.446661807002075,-0.6010673197927243
2064,535500,169500,Outer,Bromley,0.0,0.0,0.0,0.0,0.0,309.9785969,0.0,0.0,10723.683835478516,3.470975074,2.70648815823541,0.878602704,0.0,0.0,4177.170389231433,0.0,16.778084949155613,3.9406550393787114,2.1044936556938185,0,19.90583249950367,-3.127747550348058
2065,537500,169500,Outer,Bromley,0.0,0.104311344993575,0.0,0.0,0.0,137.1724454,0.0,0.32744,8886.994317870534,2.052124737,6.23668937535976,9.218678457,0.0,0.0,5346.140021156924,0.0,18.62144603905388,4.57746915408487,2.903245833415622,0,19.437596278287188,-0.8161502392333091
2066,539500,169500,Outer,Bromley,0.0,2.29485182914848,0.0,0.0,0.0,119.9072797,0.0,0.0,7606.600605522293,1.184611569,6.35436302848394,54.51640589,0.0,0.0,4174.211199403304,0.0,15.231688564483512,2.822361462926139,1.5428510668712954,0,15.321576813353845,-0.08988824887033253
2067,541500,169500,Outer,Bromley,0.0,0.0,0.0,0.0,0.0,238.1696165,0.0,0.0,7622.82169818079,0.0,9.76681352775496,0.0,0.0,0.0,4239.321736209282,0.0,15.221694445787772,2.731037703583732,1.5200774288451273,0,14.351435320677213,0.8702591251105591
2068,543500,169500,Outer,Bromley,0.0,2.19053973772496,0.0,0.0,0.0,170.0981243,0.0,0.15012,4161.648753635786,1.17164667,7.53109704674542,22.23051984,0.0,0.0,4345.956919543745,0.0,13.503464495132375,2.8949110839540158,1.4683753384407392,0,12.281827236570473,1.221637258561902
2069,545500,169500,Outer,Bromley,0.0,0.834484788509072,43.5192357038037,0.0,0.0,0.0,0.0,0.07348,2823.1778413289944,0.184072046,3.29482878107301,0.0,0.0,0.0,1692.8842388278476,0.0,6.253421881060922,1.3666597116618926,0.8298151666237723,0,5.7562291151911325,0.4971927658697899
2070,547500,169500,Outer,Bromley,0.0,5.2155717282584,0.0,0.0,0.0,62.74717861,0.0,0.0,2679.6663157473577,5.956348324,2.58881450511123,0.0,0.0,0.0,2257.4564453749017,0.0,8.827346656143618,1.7482099878048512,1.0084452998421147,0,7.413086513353314,1.4142601427903037
2071,549500,169500,Non GLA,Non GLA,0.0,0.13610403547932,0.0,0.0,0.0,0.0,0.0,0.00077,308.2978956004203,0.062720512,0.0105159848897055,0.0,0.0,0.0,2427.23006174075,0.0,6.260596979742027,0.8162427572428329,0.2996176192110117,0,5.358778474507129,0.9018185052348979
2072,549500,169500,Outer,Bromley,0.0,5.41825059662374,0.0,0.0,0.0,0.0,0.0,0.0758,365.3942080171232,0.395735319,0.418651628171995,0.0,0.0,0.0,1783.246546626317,0.0,5.4628824583828,0.6412710165403147,0.2745865415241869,0,4.744537221828688,0.7183452365541116
2073,549500,169500,Outer,Bexley,0.0,0.0039478679590332,0.0,0.0,0.0,0.0,0.0,0.0572,33.25678668362027,0.010682186,0.0003049082762348,0.0,0.0,0.0,107.28959781662348,0.0,0.3247338279049233,0.0690979118240847,0.0277212278839816,0,0.4378883210621858,-0.1131544931572625
2074,551500,169500,Non GLA,Non GLA,0.0,3.6509000604949,0.0,0.0,0.0,0.0,0.0,0.10974,2762.2144230167314,0.0,5.76599643818325,0.0,0.0,0.0,774.5309842153856,0.0,3.377092690023421,0.8616653512903342,0.6084873563315596,0,3.133743851927443,0.24334883809597763
2075,554500,169500,Non GLA,Non GLA,0.0,10.3268313650933,0.0,0.0,0.0,0.0,0.0,0.0,960.347459366034,0.0,0.117673653124178,6.635374264,0.0,0.0,1241.155685597853,0.0,4.227174189940987,0.6747484880497828,0.2599468114186444,0,4.578665733450729,-0.35149154350974143
2076,511500,167500,Non GLA,Non GLA,0.0,2.60782243919632,0.0,0.0,0.0,0.0,0.0,0.23517,942.4920137605154,0.025660689,1.64745040992079,0.0,0.0,0.0,1082.7784744438077,0.0,3.2909711831951305,0.6588279424150115,0.3460508987201869,0,4.59314270945894,-1.3021715262638094
2077,513500,167500,Non GLA,Non GLA,0.0,4.06820291557467,0.0,0.0,0.0,0.0,0.0,0.0,3656.713529735491,0.442919208,4.58932691974943,0.0,0.0,0.0,264.6777282978459,0.0,2.908134321858172,0.6495782284529724,0.557755739637501,0,4.1761278818294425,-1.2679935599712704
2078,515500,167500,Non GLA,Non GLA,0.0,2.38789805346939,0.0,0.0,0.0,0.0,0.0,0.0,5229.695367737579,0.307752868,7.29565424724572,0.487916815,0.0,3.54432,2315.255733417337,0.0,8.159305197347074,1.9747461015091636,1.1929747026315092,0,8.859190528648071,-0.6998853313009974
2079,515500,167500,Outer,Richmond,0.0,0.0013659667924051,0.0,0.0,0.0,0.0,0.0,0.69103,14.40231361987088,0.007361279,0.0041740602760397,0.0,0.0,3.22558,0.0,0.0,0.0660294899347516,0.0128295955139993,0.005102240044327,0,2.6667628777340884,-2.6007333877993366
2080,517500,167500,Non GLA,Non GLA,0.0,0.0211224744762191,0.0,0.0,0.0,0.0,0.0,0.4358,816.9395040810982,0.812523304,0.0140165664457099,0.0,0.0,2.28869,359.19833297832685,0.0,1.2814458309019188,0.2408174164118875,0.126322531248933,0,3.521303194928228,-2.2398573640263093
2081,517500,167500,Outer,Kingston,0.0,0.780741832742312,0.0,0.0,0.0,185.418571,0.0,0.0,8041.987944342374,4.939888607,0.518089420929049,50.417958933,0.0,10.82788,2909.4287734665663,0.0,13.900740812797796,4.173903660117871,2.795080999778723,0,15.794383895098449,-1.8936430823006525
2082,517500,167500,Outer,Richmond,0.0,0.0916436824613851,0.0,0.0,0.0,0.0,0.0,0.163,158.48240222024566,1.692445304,0.0608132855669689,0.0,0.0,9.21838,0.0,0.0,0.4104200326834825,0.0397100427642199,0.0308741266739905,0,1.5728879343042,-1.1624679016207176
2083,519500,167500,Outer,Kingston,0.0,0.312934781410667,0.0,0.0,0.0,0.0,0.0,0.49523,6928.116312995692,14.040353786,10.7082999213199,58.638278846000006,0.0,0.0,769.0309597301715,0.0,5.553685123015109,1.4067575743196004,1.1330982195748571,0,7.308935345324115,-1.755250222309006
2084,521500,167500,Outer,Kingston,0.0,0.0,0.0,0.0,0.0,124.4083261,0.0,0.34776,8255.908686418445,3.751727293,9.53167814951179,0.0,0.0,0.0,10287.58388102069,0.0,28.785300466821408,6.387550560505394,2.9514327674207257,1,28.37575453622795,0.4095459305934561
2085,523500,167500,Outer,Merton,0.0,3.65090752479431,0.0,0.0,0.0,187.610354,0.0,0.36308,4896.510867557676,0.377717915,6.82507020588215,0.0,0.0,0.0,2315.7118927367787,0.0,9.805765653129985,14.669043917906938,2.803573283889739,0,10.24538295299536,-0.43961729986537534
2086,525500,167500,Outer,Merton,0.0,2.19057034135255,0.0,0.0,0.0,246.71352,0.0,0.0,6297.983679052516,1.60031142,6.11910200122584,2.157867162,0.0,0.0,3033.075895074699,0.0,11.45189830905448,3.087153213798961,1.67562973484609,0,12.49575813684984,-1.0438598277953606
2087,527500,167500,Outer,Sutton,0.0,0.148451479566733,0.0,0.0,0.0,0.0,0.0,0.38183,1399.3981726627578,20.14908983,0.257642467457884,0.0,0.0,0.0,151.8885449078693,0.0,1.7351076905415714,0.6011037848100518,0.530391377800197,0,3.1935415714264206,-1.4584338808848492
2088,527500,167500,Outer,Merton,0.0,0.607155817765383,0.0,0.0,0.0,0.0,0.0,0.0,3778.289714826863,40.74860466,1.05373954818499,0.0,0.0,0.0,915.7397603199028,0.0,6.564130846555116,3.4632918212393635,3.1017688403880506,0,5.997200150654173,0.5669306959009432
2089,529500,167500,Outer,Croydon,0.0,0.0004194936269572,0.0,0.0,0.0,0.0,0.0,0.31393,45.436170523894376,0.603838745,0.0001248113548324,0.0,0.0,0.0,216.94043454323,0.0,0.5928184665757706,0.1438182670497961,0.051186693652745,0,1.8501928872205564,-1.2573744206447857
2090,529500,167500,Outer,Sutton,0.0,0.660018732631462,0.0,0.0,0.0,0.0,0.0,0.28146,1093.6865476818734,23.95061533,0.195937911544997,0.0,0.0,0.0,281.1658818639189,0.0,2.868088830063434,1.206429159104205,1.0924985638405047,0,2.9578991008345508,-0.08981027077111658
2091,529500,167500,Outer,Merton,0.0,2.57764726239317,0.0,0.0,0.0,0.0,0.0,0.46873,1729.577382280742,47.33146042,0.765220091797724,0.0,0.0,0.0,2957.396522347808,0.0,10.628898785847422,2.0500936180994795,0.990319454236206,0,9.584693322000586,1.0442054638468363
2092,531500,167500,Outer,Croydon,0.0,0.0,0.0,0.0,0.0,1015.355507,0.0,0.40469,17858.409223918454,6.935748299,1.0590754430191,0.0,0.0,0.0,5184.381945958931,0.0,29.063365716366,4.971634814677562,2.794982251698724,1,33.55681588224259,-4.493450165876588
2093,533500,167500,Outer,Croydon,0.0,0.834503449257602,0.0,0.0,0.0,97.21514932,0.0,0.27866,7709.517227041419,1.055568662,2.35350070526685,362.06808033,0.0,0.0,1840.63214090059,0.0,10.058867374553609,1.7983445111088423,1.112955472531241,0,13.875817951994232,-3.8169505774406236
2094,535500,167500,Outer,Bromley,0.0,0.0121347115541697,0.0,0.0,0.0,0.0,0.0,0.30744,381.0418318957263,0.024501286,0.0342234410270676,0.112275305,0.0,0.0,243.99469996141968,0.0,0.9629300101356236,0.1554668781558849,0.0916458896560953,0,2.0408301089020515,-1.077900098766428
2095,535500,167500,Outer,Croydon,0.0,1.97325099612042,0.0,0.0,0.0,351.9580516,0.0,0.16909,5570.661400212463,0.312434995,5.56504513094246,0.0,0.0,0.0,2331.3620858056693,0.0,9.351351083309613,1.984932524885608,1.2842242518174432,0,11.068585848367714,-1.7172347650581017
2096,537500,167500,Outer,Bromley,0.0,3.23369946631707,0.0,0.0,0.0,105.6634687,0.0,0.0678,4452.930819091777,0.0,5.17770188665112,0.44190116,0.0,0.0,2409.9154928655034,0.0,9.6255443093437,2.0990788806512843,1.0882268438588565,0,9.046532824609157,0.5790114847345436
2097,539500,167500,Outer,Bromley,0.0,0.625877027120745,0.0,0.0,0.0,94.12076791,0.0,0.07392,6175.075338753326,1.150816102,10.3554037733022,0.0,0.0,0.0,2738.119409609133,0.0,10.28915019115643,2.154727702447035,1.2711586850118335,0,9.376536930503804,0.9126132606526269
2098,541500,167500,Outer,Bromley,0.0,4.17246574262207,0.0,0.0,0.0,62.74717861,0.0,0.0,3976.456881418716,0.071799802,1.88277844998685,0.0,0.0,0.0,3023.7803315568462,0.0,9.840532202078412,2.331335874336032,1.2568434460182687,0,10.527896076303886,-0.6873638742254737
2099,543500,167500,Outer,Bromley,0.0,3.33801230417052,0.0,0.0,0.0,0.0,0.0,0.02797,5006.240209163306,0.196733544,7.06050211580056,0.0,0.0,0.0,1824.2263400898364,0.0,6.913778126315482,1.6584951959535923,1.1540460991672508,0,7.076457870295428,-0.1626797439799459
2100,545500,167500,Outer,Bromley,0.0,0.417246872834183,0.0,0.0,0.0,48.39268706,0.0,0.0,6473.700471316817,0.309691776,10.4729526150716,0.0,0.0,0.0,2530.7872232109107,0.0,9.515096825008722,2.2036044593541217,1.414785715358127,0,8.638752145503872,0.8763446795048502
2101,547500,167500,Outer,Bromley,0.0,3.54663797987744,0.0,0.0,0.0,59.65279719,0.0,0.11172,3816.24261592979,2.560942023,6.11910200122584,0.0,0.0,0.0,995.0265081840666,0.0,4.945287106632279,1.3721265274431769,1.0379917046005744,0,4.88933126308485,0.05595584354742922
2102,549500,167500,Non GLA,Non GLA,0.0,1.02059963004913,0.0,0.0,0.0,0.0,0.0,0.0007,151.33807305368748,0.0,0.0125146418872232,0.0,0.0,0.0,105.24888129821436,0.0,0.4487295594937584,0.0761620378997341,0.04133692973696,0,0.5569034106592721,-0.10817385116551365
2103,549500,167500,Outer,Bromley,0.0,4.35808346182128,0.0,0.0,0.0,0.0,0.0,0.04019,288.92567317360874,0.0,0.0534385260505624,0.0,0.0,0.0,202.40229764800523,0.0,1.334458058673949,0.1767207547504022,0.1087588284031798,0,1.353203108488671,-0.018745049814722137
2104,516500,165500,Non GLA,Non GLA,0.0,3.23366065196012,0.0,0.0,0.0,0.0,0.0,0.14016,3482.4978692600403,0.272114891,6.35437559338543,0.040207782,0.0,0.0,2190.8593951385988,0.0,7.168473366619307,1.52073226289309,0.7630361859344256,0,7.598432380387168,-0.42995901376786083
2105,518500,165500,Outer,Kingston,0.0,1.04312912496452,0.0,0.0,0.0,119.4599634,0.0,0.2026,8487.700708269202,34.10758838,6.94282762501628,0.0,0.0,0.0,9733.640059982812,0.0,29.349184111983977,19.240170889023048,4.286244319559858,1,28.168930430134097,1.18025368184988
2106,520500,165500,Non GLA,Non GLA,0.0,0.302634794651979,0.0,0.0,0.0,0.0,0.0,0.0,1640.0041069505726,0.0,0.225453702812614,0.0,0.0,0.0,1087.615003186212,0.0,3.3747628659024618,0.8941058892162614,0.5353873797185607,0,4.687105920604466,-1.3123430547020045
2107,520500,165500,Outer,Kingston,0.0,3.24420024272994,0.0,0.0,0.0,0.0,0.0,0.0,1532.5277664775504,0.0,2.41683032177286,3.933883297,0.0,0.0,1976.29615736357,0.0,6.608616986472927,1.326564189965497,0.6987527801774829,0,6.085945837028568,0.522671149444359
2108,522500,165500,Non GLA,Non GLA,0.0,0.0,0.0,0.0,0.0,0.0,0.0,0.36335,1809.7554134523384,0.428120184,0.667935923156605,0.758553744,0.0,0.0,185.3595465519838,0.0,1.2059729530657124,0.4068841031617988,0.3439248692291505,0,3.617645141994698,-2.4116721889289856
2109,522500,165500,Outer,Sutton,0.0,0.0,0.0,0.0,0.0,84.2359384,0.0,0.0,6351.8656711159065,1.267132928,5.85124008055349,0.0,0.0,0.0,2044.8218571866669,0.0,8.277581067014284,2.12397049171884,1.4300907514453984,0,9.731039010295198,-1.453457943280915
2110,524500,165500,Outer,Sutton,0.0,0.208625675706915,0.0,0.0,0.0,180.2359201,0.0,0.2772,7899.540691978675,63.70314061,8.11957755881966,0.0,0.0,0.0,3591.758456627444,0.0,15.610089858479627,4.41347766446913,3.3973206707262777,0,14.804713055040216,0.8053768034394118
2111,526500,165500,Outer,Sutton,0.0,0.208625675706915,0.0,0.0,0.0,7.821908566,0.0,0.35854,8849.905238614007,0.622350581,10.5907535925309,0.0,0.0,0.0,1425.3170143969685,0.0,8.833824389857273,1.9898569058782187,1.5293384252010092,0,9.802503484288907,-0.9686790944316339
2112,528500,165500,Outer,Sutton,0.0,1.87763182779218,0.0,0.0,0.0,617.8965167,0.0,0.18586,6006.623557810328,8.425645522,3.1772263290573,4.248273103,0.0,0.0,2294.1344333405564,0.0,11.922639087118542,4.623657229669411,1.5809905601010703,0,13.60171622143141,-1.6790771343128679
2113,530500,165500,Outer,Croydon,0.0,0.0866926126613723,0.0,0.0,0.0,475.2434229,0.0,0.25235,1741.7267877243255,12.02309018,0.508548472395215,0.0,0.0,0.0,1451.0277761637135,0.0,6.971495125217621,1.9903316832987263,0.818668487169169,0,7.834749919969738,-0.863254794752117
2114,530500,165500,Outer,Sutton,0.0,0.182973117917523,0.0,0.0,0.0,76.58308462,0.0,0.0,3375.1107080444567,17.46702181,1.07333911919417,0.0,0.0,0.0,1307.2139403867573,0.0,6.9686181031010905,1.5846856941670588,0.7197088222056205,0,6.616162750156349,0.35245535294474184
2115,532500,165500,Outer,Croydon,0.0,0.208625675706915,0.0,0.0,0.0,1561.849691,0.0,0.31581,11853.065801688528,4.132190259,0.706050295346066,297.4940126,0.0,0.0,9970.95575619733,0.0,42.86590552473719,29.680098553161805,6.65375768611596,1,41.32685766683687,1.5390478579003144
2116,534500,165500,Outer,Croydon,0.0,3.33797274338364,0.0,0.0,0.0,37.64830716,0.0,0.0,4411.76879794549,0.089737929,7.88413308399975,0.0,0.0,0.0,2399.468650105113,0.0,8.85634505264592,1.8127717329285304,0.8975002760146911,0,7.80426614365248,1.0520789089934404
2117,536500,165500,Outer,Croydon,0.0,0.208625675706915,0.0,0.0,0.0,34.89774591,0.0,0.0,7512.30285318071,4.028139705,10.5907535925309,0.0,0.0,0.0,2353.9831229169545,0.0,9.350742123491294,2.195566563678156,1.456178683624225,0,9.435438174855683,-0.08469605136438929
2118,538500,165500,Outer,Bromley,0.0,1.77329808990037,0.0,0.0,0.0,15.72977217,0.0,0.08629,5569.1115653184015,1.226360446,8.00180673712393,0.0,0.0,0.0,3275.369777768008,0.0,10.953097925777694,2.417943903303911,1.3631122000493712,0,10.503696773506062,0.4494011522716317
2119,540500,165500,Outer,Bromley,0.0,1.25175480067143,0.0,0.0,0.0,0.0,0.0,0.71903,2260.983338988585,0.0,4.35397626286067,0.0,0.0,0.0,2869.229073442998,0.0,8.478890168059706,1.9134204472330083,0.8740368275973835,0,8.903824815462569,-0.42493464740286235
2120,542500,165500,Outer,Bromley,0.0,0.41725135141383,0.0,0.0,0.0,125.4943572,0.0,0.25937,4486.294796480413,0.795441516,9.17865300183875,0.0,0.0,0.0,5677.573488950016,0.0,16.449531101864395,3.652826680257968,1.590282533830053,0,14.655594642603843,1.7939364592605518
2121,544500,165500,Outer,Bromley,0.0,0.625877027120745,0.0,0.0,0.0,60.34043751,0.0,0.0,5356.283820187447,0.107323584,9.76702796874044,0.0,0.0,0.0,2114.821255318871,0.0,7.616216591451595,1.8194844246550028,1.0540043819404863,0,7.055980830141138,0.5602357613104569
2122,546500,165500,Outer,Bromley,0.0,0.0,0.0,0.0,0.0,0.0,0.0,0.2111,6622.726895586555,0.619272225,11.1791285594326,0.0,0.0,0.0,3547.178070697542,0.0,11.593793961583804,2.785855040914139,1.5673825649721238,0,10.886794387961627,0.706999573622177
2123,548500,165500,Outer,Bromley,0.0,8.65797002041662,0.0,0.0,0.0,0.0,0.0,0.18946,741.5435152470061,0.0,1.64745040992079,0.0,0.0,0.0,129.043497249196,0.0,1.5792938365950209,0.2268749835794447,0.1754662414627461,0,2.0401483551725157,-0.4608545185774948
2124,550500,165500,Non GLA,Non GLA,0.0,10.2226633346484,0.0,0.0,0.0,0.0,0.0,0.26514,232.2642744678253,0.0,0.117675328444377,0.0,0.0,0.0,8476.346194904956,0.0,16.666343099508975,3.303652317209701,0.693207415369534,0,19.508515656869836,-2.842172557360861
2125,516500,163500,Non GLA,Non GLA,0.0,1.81963123564078,0.0,0.0,0.0,0.0,0.0,0.12754,3167.7998001642954,1.687793697,7.13050201967925,0.0,0.0,0.0,3083.232982830585,0.0,9.297242985122852,1.2916854699336855,0.6800207816438626,0,8.726283129208598,0.5709598559142535
2126,516500,163500,Outer,Kingston,0.0,0.0034656742170148,0.0,0.0,0.0,0.0,0.0,0.17252,45.24385065820276,0.073657789,0.0135809831939457,0.0,0.0,0.0,29.904213300598137,0.0,0.1375593501002735,0.0286100905745549,0.0120188533975862,0,1.5426442974769365,-1.4050849473766631
2127,518500,163500,Non GLA,Non GLA,0.0,0.0,0.0,0.0,0.0,0.0,0.0,0.27098,0.1525647535704763,3.69e-05,0.0,0.0,0.0,0.0,0.0,0.0,0.003271066148779,0.009216998617509,0.0016101185557403,0,1.6161850560398694,-1.6129139898910905
2128,518500,163500,Outer,Kingston,0.0,3.33666574455659,0.0,0.0,0.0,64.55223443,0.0,0.26036,4429.015246100303,0.1850019,6.82239890782469,0.16655814,0.0,0.0,993.5578092234506,0.0,5.960450141990735,1.1924538557314004,0.8329553659383309,0,6.450743209746333,-0.4902930677555979
2129,520500,163500,Non GLA,Non GLA,0.0,3.33801230417052,0.0,0.0,0.0,0.0,0.0,0.0,4279.358228632268,0.13512578,7.53120259191797,0.0,0.0,0.0,1502.9685384781212,0.0,5.64279174837455,1.3541476272019706,0.8988743679747669,0,6.187471395330627,-0.5446796469560775
2130,522500,163500,Non GLA,Non GLA,0.0,3.12938662846361,0.0,0.0,0.0,0.0,0.0,0.00266,4488.165104019713,2.376256432,6.47212714889887,0.0,0.0,0.0,3241.840656508377,0.0,9.59566720750004,2.330816137130045,1.3311086727641182,0,10.228132261304104,-0.6324650538040633
2131,524500,163500,Outer,Sutton,0.0,0.312938513560373,0.0,0.0,0.0,112.3024408,0.0,0.15921,7499.30235797962,1.595533912,10.3554037733022,2.682220073,0.0,0.0,5119.049448239268,0.0,16.54133959399826,3.924490274986783,2.4677567079726352,0,16.277339125036985,0.2640004689612745
2132,526500,163500,Outer,Sutton,0.0,0.0,0.0,0.0,0.0,363.9742259,0.0,0.34769,9855.900535915824,3.115443937,9.76702796874044,3.346707736,0.0,0.0,1656.9600595814522,0.0,12.33834075517831,1.86430732981072,1.281624148897453,0,13.068041217540245,-0.7297004623619348
2133,528500,163500,Outer,Sutton,0.0,0.208625675706915,3.38277652451392,0.0,0.0,80.79773683,0.0,0.0,7336.005276105929,0.084929452,10.1200531164135,1.411353215,0.0,0.0,3643.534317317532,0.0,12.926832172949116,2.922120431831293,1.7822813053683129,0,12.528767759943218,0.3980644130058977
2134,530500,163500,Outer,Sutton,0.0,3.41708237427231,3.38274878580734,0.0,0.0,0.0,0.0,0.08782,4985.483151065183,22.53622843,3.18021007433188,0.0,0.0,0.0,851.1119943232333,0.0,5.993419240325173,0.8448418508955724,0.5241611377615855,0,6.859620151740848,-0.8662009114156746
2135,530500,163500,Outer,Croydon,0.0,0.0376850084416168,0.0,0.0,0.0,0.0,0.0,0.0,251.2398880602983,15.566659701,0.0350728283680077,0.0,0.0,0.0,50.85201855375632,0.0,0.5765941654175671,0.3598395000353545,0.3370232742048206,0,1.0122950248126372,-0.4357008593950701
2136,532500,163500,Outer,Croydon,0.0,0.730189864974203,0.0,0.0,0.0,460.2327356,0.0,0.33767,8821.050948954618,20.624696976,6.00142667278146,301.89607217,0.0,0.0,4476.411651702822,0.0,18.1717238872076,3.662975292933854,2.1418233573329184,0,20.778569546428642,-2.6068456592210403
2137,534500,163500,Outer,Croydon,0.0,2.08623287131103,0.0,0.0,0.0,30.68582927,0.0,0.46921,3273.8558811252387,0.0,6.23670194026125,0.0,0.0,0.0,689.5431105921422,0.0,4.157532418624052,2.1221847857318283,0.6375581570475112,0,4.6480273852323,-0.49049496660824854
2138,536500,163500,Outer,Croydon,0.0,5.00701845625579,0.0,0.0,0.0,0.0,0.0,0.32869,2272.218238893268,0.0,5.41305170587977,0.0,0.0,0.0,5180.328381459412,0.0,14.167254246316327,3.3374010291145195,1.3625646772882476,0,13.000434810524732,1.166819435791595
2139,538500,163500,Outer,Bromley,0.0,0.0593180409976202,0.0,0.0,0.0,0.0,0.0,0.22872,63.3293323168746,0.0,0.182500168228074,0.0,0.0,0.0,0.8631835360611291,0.0,0.147703752789773,0.0267022946893431,0.0178424178521206,0,0.9822867982581407,-0.8345830454683677
2140,538500,163500,Outer,Croydon,0.0,1.61626415886966,0.0,0.0,0.0,68.93594143,0.0,0.0,4984.334033698243,0.0,4.97264353194226,0.0,0.0,0.0,772.8120433722179,0.0,4.648954875846261,1.3928853246570088,1.009662423752828,0,5.774286853761331,-1.12533197791507
2141,540500,163500,Outer,Bromley,0.0,8.76228285827008,0.0,0.0,0.0,17.19100784,0.0,0.18849,518.0038249447176,0.06007323,0.353025147673033,0.0,0.0,0.0,181.21635591147896,0.0,1.603151682424512,0.2048211915222901,0.139334355999292,0,2.667923673530165,-1.064771991105653
2142,542500,163500,Outer,Bromley,0.0,7.30190238189173,37.9420966952826,0.0,0.0,0.0,0.0,0.86402,944.2844149917428,0.0,0.353025147673033,0.0,0.0,0.0,346.23686871698413,0.0,2.2744208055141364,0.3080657001986746,0.1958416339939118,0,4.824031075678347,-2.5496102701642105
2143,544500,163500,Outer,Bromley,0.0,7.30190238189173,0.0,0.0,0.0,0.0,0.0,0.17043,679.5407812772276,0.0,0.235349819228655,0.0,0.0,0.0,552.5832357549131,0.0,2.4673985631337194,0.4290315841364411,0.249414263747928,0,3.2294702753550837,-0.7620717122213643
2144,546500,163500,Outer,Bromley,0.0,2.60782243919632,0.0,0.0,0.0,164.7758101,0.0,0.32061,3623.93748054662,0.0,7.29585277268931,2.695975846,0.0,0.0,408.2833241831745,0.0,3.505494564705286,0.7950732291763993,0.5600579807529683,0,4.062759180943699,-0.5572646162384127
2145,548500,163500,Non GLA,Non GLA,0.0,0.0,0.0,0.0,0.0,0.0,0.0,0.23501,0.0610003950791465,0.000379646,0.0,0.0,0.0,0.0,0.0,0.0,0.0031847500283422,0.0092035496393015,0.0015968652470251,0,0.7102383614422187,-0.7070536114138766
2146,548500,163500,Outer,Bromley,0.0,8.96818182540178,0.0,0.0,0.0,0.0,0.0,0.07876,449.6396921187926,2.531431908,0.823475163420679,6.466069432,0.0,0.0,3358.4613565252766,0.0,8.957095760041414,1.906773939564559,0.6835115435417374,0,8.500639211702211,0.4564565483392027
2147,550500,163500,Non GLA,Non GLA,0.0,8.13640583114934,0.0,0.0,0.0,0.0,0.0,0.19295,228.3108226096058,0.0,0.588374966901688,0.0,0.0,0.0,11345.779272239535,0.0,21.3317194587313,4.766051639713728,1.0538570566982577,0,24.883138008369976,-3.551418549638676
2148,516500,161500,Non GLA,Non GLA,0.0,1.06832262834007,0.0,0.0,0.0,0.0,0.0,0.23337,436.52512079108624,0.0,0.0927055185369989,0.0,0.0,0.0,353.6346472195374,0.0,1.4814978996225183,0.2901946692870619,0.1458519542007113,0,2.8541264340584167,-1.3726285344358984
2149,516500,161500,Outer,Kingston,0.0,0.966994017391548,0.0,0.0,0.0,0.0,0.0,0.26872,318.2263722914354,0.0,0.0839126004720604,0.0,0.0,0.0,280.95678013427033,0.0,1.333217104479122,0.2254605782298573,0.1067384676981661,0,2.663904323529085,-1.330687219049963
2150,518500,161500,Non GLA,Non GLA,0.0,4.23911820422197,0.0,0.0,0.0,0.0,0.0,0.00192,747.8635354071384,0.073464717,2.00541188856045,0.0,0.0,0.0,609.4092619439925,0.0,2.1196710147053746,0.4522511615295436,0.2190935457656198,0,2.854862313483169,-0.7351912987777944
2151,518500,161500,Outer,Kingston,0.0,0.234429012344431,0.0,0.0,0.0,0.0,0.0,0.00041,116.021524446312,0.017276137,0.110902008879445,0.0,0.0,0.0,160.4967084115305,0.0,0.640923919689723,0.1206582076803574,0.0549463085139112,0,1.4475130892654189,-0.8065891695756959
2152,520500,161500,Non GLA,Non GLA,0.0,1.35604823134642,0.0,0.0,0.0,0.0,0.0,0.15655,6022.577542164135,2.418983837,8.00179082158204,0.239222722,0.0,0.0,1142.3165365725258,0.0,5.840240101574884,1.2407216610600975,0.895584214977694,0,7.148915910694185,-1.3086758091193005
2153,522500,161500,Non GLA,Non GLA,0.0,5.84143979821986,0.0,0.0,0.0,0.0,0.0,0.0,2706.152475386425,0.0,4.82460888851002,1.346953584,0.0,0.0,1369.9844505990245,0.0,4.803761861271508,1.092814098624808,0.6097862805619586,0,5.507263373594104,-0.7035015123225961
2154,524500,161500,Outer,Non GLA,0.0,0.0752744738507594,0.0,0.0,0.0,0.0,0.0,0.0,203.0463268235666,0.049412622,0.134451984918093,0.0,0.0,0.0,0.0,0.0,0.2098459404349588,0.0453272252593585,0.0364617893084321,0,1.0101679757195487,-0.8003220352845899
2155,524500,161500,Outer,Sutton,0.0,2.76714791014653,0.0,0.0,0.0,44.43875526,0.0,0.18655,3118.5590640032688,0.29959192,4.94255059286605,0.0,0.0,0.0,275.22701772929923,0.0,3.0420427071449256,0.5344070516435747,0.3917793300564406,0,3.8307579584949796,-0.7887152513500539
2156,526500,161500,Non GLA,Non GLA,0.0,1.40243064146296,0.0,0.0,0.0,0.0,0.0,0.16256,814.248188577943,0.0,1.91514647389343,0.0,0.0,0.0,23.52123937581023,0.0,1.403778648179024,0.1389937075397978,0.1178002898966423,0,1.5700115651891888,-0.16623291701016485
2157,526500,161500,Outer,Sutton,0.0,0.65075702992099,0.0,0.0,0.0,0.0,0.0,0.17816,1499.4776143345086,0.0,0.888667735988076,0.0,0.0,0.0,280.2019465282824,0.0,1.6822319104468135,0.3193893463337373,0.219571561540959,0,3.0296231018926836,-1.34739119144587
2158,528500,161500,Outer,Sutton,0.0,9.80527464012542,0.0,0.0,0.0,26.05400598,0.0,0.34419,699.2576660275131,0.0,0.706040243424871,0.0,0.0,0.0,2272.9358170684204,0.0,6.748288344312167,1.7888942317400198,0.6533666860811832,0,7.916675619835841,-1.1683872755236742
2159,530500,161500,Outer,Croydon,0.0,0.0,0.0,0.0,0.0,690.6757535,0.0,0.40524,5400.35218895782,0.0,11.5318998960954,0.024497527,0.0,0.0,1817.840393562654,0.0,10.1804355949202,1.862714473138032,1.028586505169927,0,10.017520516509109,0.16291507841109087
2160,532500,161500,Outer,Croydon,0.0,3.6509000604949,0.0,0.0,0.0,158.1572721,0.0,0.28442,4980.229076615675,0.647207811,6.35436302848394,247.423390067,0.0,0.0,785.4417315223986,0.0,5.7356603236463926,0.9619635360107094,0.6914545477425758,0,8.002732143881065,-2.2670718202346727
2161,534500,161500,Outer,Croydon,0.0,5.00690873105443,4.35308019534205,0.0,0.0,215.551644,0.0,0.26647,2834.512807154705,0.281595392,4.4715527474133,0.0,0.0,0.0,2546.522383951726,0.0,8.765380422494793,1.7000393979606752,0.804200689500436,0,9.314918840454341,-0.5495384179595479
2162,536500,161500,Non GLA,Non GLA,0.0,0.717135551732469,7.33003604550757,0.0,0.0,0.0,0.0,0.0,77.6205476231516,0.0,0.080899537093992,0.0,0.0,0.0,0.0,0.0,0.1925231191203877,0.028205178148818,0.0192488527293095,0,0.6756211950747186,-0.48309807595433096
2163,536500,161500,Outer,Croydon,0.0,1.42998659560242,10.7309447049553,0.0,0.0,0.0,0.0,0.32007,885.0644446180445,0.0,0.161316581970645,0.0,0.0,0.0,29.28251085876095,0.0,0.8689266367794832,0.1039460584002905,0.0814664694377756,0,2.3300512122184447,-1.4611245754389615
2164,538500,161500,Outer,Non GLA,0.0,0.0817348249918887,6.24110778402233,0.0,0.0,0.0,0.0,0.13003,38.53666670502828,0.027304599,0.23864768704057,0.0,0.0,0.0,2.017727804826652,0.0,0.113522192640436,0.0214477922294814,0.0124480010532234,0,0.7645333095005142,-0.6510111168600783
2165,538500,161500,Outer,Croydon,0.0,1.09359898543909,2.07065342972247,0.0,0.0,12.7213458,0.0,0.10987,4118.184885673409,0.099876128,3.19306815685992,0.0,0.0,0.0,724.7496451699246,0.0,4.355087369813663,0.8468807730733312,0.5747477875140551,0,5.378740587563827,-1.0236532177501632
2166,540500,161500,Outer,Bromley,0.0,8.34491431735548,0.0,0.0,0.0,0.0,0.0,0.0,528.3279531864976,0.0,0.588366590300693,0.0,0.0,0.0,294.8997627896875,0.0,1.70118258558809,0.2344530840619179,0.1372799129066843,0,2.3030452278006184,-0.6018626422125284
2167,542500,161500,Outer,Bromley,0.0,7.51042281097694,92.8846623585042,0.0,0.0,0.0,0.0,0.18495,477.2420145378345,0.0,0.588366590300693,0.0,0.0,0.0,59.58167984587709,0.0,1.3355437058808206,0.1864604008709786,0.1541481718315174,0,2.3632806319229136,-1.027736926042093
2168,544500,161500,Outer,Bromley,0.0,7.30180012098979,0.0,0.0,0.0,0.0,0.0,0.00144,445.43323766535417,0.0,1.76510060856218,0.0,0.0,0.0,289.47247353822985,0.0,1.7332769924480738,0.268737501492595,0.1690672368050823,0,1.6184884327416125,0.11478855970646129
2169,546500,161500,Outer,Bromley,0.0,8.65784909876615,0.0,0.0,0.0,31.3735893,0.0,0.00239,562.4443076569838,0.01097915,0.353020121712436,0.0,0.0,0.0,172.50828063833322,0.0,1.6148003441068903,0.2601850720673894,0.1782406001766726,0,2.1724836539196293,-0.557683309812739
2170,548500,161500,Non GLA,Non GLA,0.0,6.36299726961767,0.0,0.0,0.0,0.0,0.0,0.00087,616.9271740924288,0.0,1.76510060856218,0.0,0.0,0.0,168.0992855926607,0.0,1.018316042227856,0.3385769624652185,0.2521803028592271,0,1.3151632075684017,-0.29684716534054556
2171,550500,161500,Non GLA,Non GLA,0.0,2.92071989910993,0.0,0.0,0.0,0.0,0.0,0.1474,371.9867234818581,0.0,0.0,14.34954067,0.0,0.0,9373.918994035424,0.0,20.098992718316158,3.3541571407590105,0.7779723708976559,0,20.534879969115742,-0.4358872507995848
2172,516500,159500,Non GLA,Non GLA,0.0,2.98187788991262,0.0,0.0,0.0,0.0,0.0,0.0,894.1569937335432,0.0,2.01830766579296,0.0,0.0,0.0,1101.5202467098673,0.0,3.6312327969881992,0.7279025834638001,0.3427359654523015,0,3.9382252830176974,-0.30699248602949814
2173,516500,159500,Outer,Kingston,0.0,0.0017794889798327,0.0,0.0,0.0,0.0,0.0,0.00301,14.091574105310272,0.0,0.0012045552231477,0.0,0.0,0.0,67.88673122591008,0.0,0.1853122263465617,0.0800461572008547,0.049565893099888,0,1.2546377904911505,-1.069325564144589
2174,518500,159500,Non GLA,Non GLA,0.0,0.104312837853458,0.0,0.0,0.0,0.0,0.0,0.00081,2726.2177884644643,0.983617719,5.64840152510843,3.296457924,0.0,0.0,305.32702375746726,0.0,2.1324624617304297,0.6160795160034737,0.5176971252347544,0,2.567306388732673,-0.4348439270022433
2175,520500,159500,Non GLA,Non GLA,0.0,1.77331898993872,0.0,0.0,0.0,0.0,0.0,0.0,3516.5885694360563,0.9811031,7.53120259191797,0.0,0.0,0.0,953.3177280226336,0.0,4.523094740616169,0.8637338139586225,0.5412555001927806,0,4.196489373735176,0.32660536688099295
2176,522500,159500,Non GLA,Non GLA,0.0,5.63289622980647,0.0,0.0,0.0,0.0,0.0,0.00023,2670.54617902069,0.2332039,4.94235206742246,0.112240821,0.0,0.0,880.0157694936883,0.0,3.9804719866364144,0.8340658893624869,0.5512841267703156,0,4.426534601426235,-0.4460626147898208
2177,524500,159500,Non GLA,Non GLA,0.0,0.104312837853458,0.0,0.0,0.0,0.0,0.0,0.02428,5442.523617049336,0.201977935,11.1791285594326,0.0,0.0,0.0,1681.702631113051,0.0,7.02010414735606,1.4181488482845266,0.8810855907573424,0,6.1703637811373,0.8497403662187599
2178,526500,159500,Non GLA,Non GLA,0.0,7.30190238189173,0.0,0.0,0.0,0.0,0.0,0.0,1700.713716438276,0.768500646,3.1772263290573,0.0,0.0,0.0,195.67788990144507,0.0,2.6430545569861943,0.3558020471918983,0.2845537704414118,0,2.7147689222255007,-0.07171436523930641
2179,528500,159500,Non GLA,Non GLA,0.0,0.281454098640346,0.0,0.0,0.0,0.0,0.0,0.29631,446.4315119494534,0.0,0.97898173494087,0.365933535,0.0,0.0,216.40925946331797,0.0,1.0113429330026151,0.2718399473416629,0.1953031816669638,0,2.061736021794202,-1.0503930887915867
2180,528500,159500,Outer,Sutton,0.0,0.0710354982146562,0.0,0.0,0.0,0.0,0.0,0.11215,930.7820560605225,0.0,0.247083761903101,0.0,0.0,0.0,99.60741200916644,0.0,0.6769089700664298,0.1436073309977241,0.0988279436686585,0,2.0615816924127,-1.38467272234627
2181,528500,159500,Outer,Croydon,0.0,0.616533963546682,0.0,0.0,0.0,33.95224048,0.0,0.0,4480.357740274625,0.0,2.14448943254823,1.16812405,0.0,0.0,773.8507485783036,0.0,3.8272362204398056,1.1437786920850193,0.8688205083277687,0,6.238637815581195,-2.4114015951413896
2182,530500,159500,Outer,Croydon,0.0,2.08623287131103,0.0,0.0,0.0,23.55168074,0.0,0.14063,4545.106809148108,0.361987551,8.11948039024811,40.360533781,0.0,0.0,1299.625050299916,0.0,6.093944350390462,1.2111441813031658,0.7613692138912015,0,6.099529018985238,-0.005584668594775799
2183,532500,159500,Outer,Croydon,0.0,1.04312912496452,0.0,0.0,0.0,87.33031981,0.0,0.12284,3769.767731761856,0.793361046,9.17865300183875,0.329854444,0.0,0.0,1050.3473632884345,0.0,4.790142126494099,1.055206132689703,0.6041481744533848,0,4.385174786724322,0.40496733976977684
2184,534500,159500,Non GLA,Non GLA,0.0,2.15938375197906,0.0,0.0,0.0,0.0,0.0,0.0,1027.9281452316443,0.584537901,1.60949603081034,0.0,0.0,0.0,78.49938680668396,0.0,0.95251929455288,0.1762145431509981,0.1431113936197102,0,1.5019680322763573,-0.5494487377234774
2185,534500,159500,Outer,Croydon,0.0,0.897614847216426,0.0,0.0,0.0,43.32133975,0.0,0.01359,1749.3364263048104,0.376870893,0.669036608527409,0.0,0.0,0.0,775.4116030689111,0.0,3.069060364967304,0.7660562694106032,0.4810862944172152,0,4.002400493405245,-0.9333401284379415
2186,536500,159500,Non GLA,Non GLA,0.0,7.61484089545211,0.0,0.0,0.0,0.0,0.0,0.17631,939.3679213190036,0.0,1.88280022914944,0.0,0.0,0.0,383.4813279190278,0.0,1.736564978647708,0.4266324923646906,0.3041683936036847,0,2.9428272912490865,-1.2062623126013785
2187,538500,159500,Non GLA,Non GLA,0.0,8.44924283023771,0.0,0.0,0.0,0.0,0.0,0.14827,156.6253347302305,0.0,0.117673653124178,0.0,0.0,0.0,91.46627129112603,0.0,0.7172851533048115,0.1056637174124974,0.0689694422940246,0,2.1129087650751206,-1.3956236117703091
2188,540500,159500,Non GLA,Non GLA,0.0,0.0309746032701839,0.0,0.0,0.0,0.0,0.0,0.09353,8.605711551234151,0.035769068,0.0007438421683972,0.0,0.0,0.0,0.0,0.0,0.0240615242947825,0.0115975258661672,0.0038145004009321,0,0.6667118885040164,-0.6426503642092339
2189,540500,159500,Outer,Bromley,0.0,8.7341342387573,27.3641251217487,0.0,0.0,0.0,0.0,0.0,630.402334251673,0.600639056,0.209637004812979,0.0,0.0,0.0,25.625443050675955,0.0,1.3111317706726042,0.1117793380944027,0.0914305663660549,0,2.1310474387526543,-0.8199156680800501
2190,542500,159500,Outer,Bromley,0.0,5.84152190551339,456.433696813162,0.0,0.0,54.92527004,0.0,0.0201,1281.0698374333197,0.0,3.05955100061292,0.0,0.0,0.0,221.9535892417838,0.0,2.7204651700553915,0.4114297155780338,0.3193217921414499,0,3.6213123941495002,-0.9008472240941088
2191,544500,159500,Outer,Bromley,0.0,7.19758954403828,14.1731798615426,0.0,0.0,0.0,0.0,0.0,591.5002190471756,0.156161788,1.29442526224775,0.0,0.0,0.0,234.8590110162804,0.0,1.6439528218316055,0.3010343058154497,0.2185680478624378,0,1.854309408177535,-0.21035658634592957
2192,546500,159500,Non GLA,Non GLA,0.0,8.55062593057193,0.0,0.0,0.0,0.0,0.0,0.12773,241.10119875214968,0.0,0.1176334454394,0.0,0.0,0.0,43.98846331547394,0.0,0.6447984916128682,0.1002955215321826,0.0772635724218469,0,1.841295086907584,-1.1964965952947157
2193,546500,159500,Outer,Bromley,0.0,0.0,0.0,0.0,0.0,0.0,0.0,0.00206,0.0809745509785661,0.0,0.0,0.0,0.0,0.0,0.0,0.0,0.0031821914802152,0.009208557735572,0.0016018717759515,0,0.27738096172252824,-0.27419877024231304
2194,548500,159500,Non GLA,Non GLA,0.0,5.42427055409956,0.0,0.0,0.0,0.0,0.0,0.00773,773.7260270840326,0.730199015,2.82420118138426,0.0,0.0,0.0,287.9628535993833,0.0,1.4360475462153246,0.3831150769910263,0.2837477741917628,0,1.319339795895873,0.11670775031945158
2195,550500,159500,Non GLA,Non GLA,0.0,4.4854542669885,0.0,0.0,0.0,0.0,0.0,0.02128,391.8372261429865,0.019213516,1.17675077146348,35.67117176,0.0,0.0,10056.4279285046,0.0,21.69082747738571,3.664653436912112,0.8851210449667499,0,21.60509379432783,0.08573368305788165
2196,528500,157500,Non GLA,Non GLA,0.0,4.39274542900101,0.0,0.0,0.0,0.0,0.0,0.00191,1171.6611279513695,0.0,2.01090442583317,6.760527352,0.0,0.0,1019.2646273866628,0.0,3.512389697378784,0.5690046633027606,0.2635920194407987,0,3.9365029316810585,-0.42411323430227466
2197,528500,157500,Outer,Croydon,0.0,0.34449757147452,0.0,0.0,0.0,62.74717861,0.0,0.02834,306.19242223761773,0.0,0.157703753961302,0.0,0.0,0.0,90.34473029367896,0.0,0.6760726270454636,0.1283634672501053,0.0679347886956549,0,1.6070833113446987,-0.9310106842992352
2198,530500,157500,Non GLA,Non GLA,0.0,0.0034858278254273,0.0,0.0,0.0,0.0,0.0,0.00508,29.20487160588662,0.0,0.0020413776625945,0.0,0.0,0.0,0.0,0.0,0.0375623319405963,0.0124832188181456,0.0046341407922067,0,0.7784980190555171,-0.7409356871149207
2199,530500,157500,Outer,Croydon,0.0,5.15268500571188,0.0,0.0,0.0,102.4466096,0.0,0.01026,1594.301148233125,0.0,3.01814713721254,0.0,0.0,0.0,201.11556805155504,0.0,2.0900610627348364,0.534715741614342,0.3090801708893508,0,2.8167614535562393,-0.7267003908214029
2200,532500,157500,Non GLA,Non GLA,0.0,0.0424151349790329,0.0,0.0,0.0,0.0,0.0,0.0,1043.9798992240417,0.004881236,0.0430641057176803,0.0,0.0,0.0,124.22442747987368,0.0,0.7053988744446865,0.1600165338790295,0.1163855213444337,0,1.93849355555216,-1.2330946811074734
2201,532500,157500,Outer,Croydon,0.0,2.44313685483832,0.0,0.0,0.0,0.0,0.0,0.12737,1463.1633684278788,0.037046101,2.48048578805759,0.0,0.0,0.0,311.52018375648885,0.0,1.8398069643253492,0.392101239899833,0.2915648952665204,0,2.541668678395208,-0.7018617140698589
2202,534500,157500,Non GLA,Non GLA,0.0,2.29485630772812,0.0,0.0,0.0,0.0,0.0,0.21995,2980.5441192268654,2.449195792,6.82507020588215,280.79963948100004,0.0,0.0,2023.980522390259,0.0,6.521666040062637,1.4138193230515737,0.6209345067639758,0,7.63286306840998,-1.111197028347343
2203,536500,157500,Non GLA,Non GLA,0.0,5.52858339195302,0.0,0.0,0.0,0.0,0.0,0.08862,980.7138686844162,0.0,2.35350070526685,0.0,0.0,0.0,206.0225036772016,0.0,1.3612379116931883,0.21921487385581,0.1484518696910893,0,2.0537661087889614,-0.6925281970957731
2204,538500,157500,Non GLA,Non GLA,0.0,9.80529404730389,0.0,0.0,0.0,0.0,0.0,0.22665,148.3581260588528,0.0,0.117673653124178,0.0,0.0,0.0,943.7755597748916,0.0,2.885714233154454,0.5244748951036267,0.237418557668992,0,4.225936745086976,-1.340222511932522
2205,540500,157500,Non GLA,Non GLA,0.0,1.25911012131207,32.9159340669659,0.0,0.0,0.0,0.0,0.05286,76.5743714989026,0.0,0.0855661415085649,0.0,0.0,0.0,47.1946215238953,0.0,0.4351446389646031,0.0519235061831861,0.0297129589679192,0,0.9883487807977769,-0.5532041418331738
2206,540500,157500,Outer,Bromley,0.0,3.31362270584165,4.19981637582513,0.0,0.0,0.0,0.0,0.0,602.9251102122313,0.0,0.225185651580759,0.0,0.0,0.0,48.21560144431844,0.0,0.9032760558898648,0.1144068481321114,0.0892608968389431,0,1.4711825100296547,-0.5679064541397899
2207,542500,157500,Non GLA,Non GLA,0.0,1.3166277732915,0.0,0.0,0.0,0.0,0.0,0.0,366.2330864657572,0.044887741,0.61348717902599,0.0,0.0,0.0,134.88771766239694,0.0,0.601908328413685,0.1184966498892512,0.0629959203980941,0,1.0012187135873258,-0.3993103851736408
2208,542500,157500,Outer,Bromley,0.0,1.0880052394597,0.0,0.0,0.0,0.0,0.0,0.19703,394.1377069768846,0.040804823,0.506959431186376,0.0,0.0,0.0,25.773368337628845,0.0,0.5491797139101775,0.0664201461418496,0.048338167411136,0,1.270011205328922,-0.7208314914187446
2209,544500,157500,Outer,Bromley,0.0,8.44934434470971,0.0,0.0,0.0,0.0,0.0,0.19544,412.1029771739586,0.0,0.235349819228655,0.0,0.0,0.0,49.88283746303155,0.0,1.0436088210647114,0.1108541264366937,0.0838466565397598,0,2.2106091988814196,-1.1670003778167082
2210,546500,157500,Non GLA,Non GLA,0.0,8.34503150685625,0.0,0.0,0.0,0.0,0.0,0.16018,202.8484416412322,0.0,0.117675328444377,0.0,0.0,0.0,54.04629505771712,0.0,0.7091886534139671,0.097514760045006,0.0725283686216892,0,1.9049082927725234,-1.1957196393585563
2211,548500,157500,Non GLA,Non GLA,0.0,8.44934434470971,0.0,0.0,0.0,0.0,0.0,0.11539,207.87904125938627,0.0,0.353025147673033,0.0,0.0,0.0,76.48375874435042,0.0,0.7891037849287798,0.1104879848777383,0.0779765315689589,0,1.735275422744614,-0.9461716378158344
2212,550500,157500,Non GLA,Non GLA,0.0,7.82346657115902,14.1731812788553,0.0,0.0,0.0,0.0,0.0,1415.291334600755,0.0,1.0590754430191,0.0,0.0,0.0,107.20747826797394,0.0,1.2037526293732856,0.2672490728322693,0.2246790514519267,0,2.395269250756197,-1.1915166213829114
2213,528500,155500,Non GLA,Non GLA,0.0,7.61484089545211,0.0,0.0,0.0,0.0,0.0,0.04346,612.0692228741281,0.0,1.29442526224775,53.485326371,0.0,0.0,3617.616075398498,0.0,10.60328395211696,1.8925061802909329,0.7604053057271156,0,9.681827064492689,0.9214568876242719
2214,530500,155500,Non GLA,Non GLA,0.0,8.28452962797188,0.0,0.0,0.0,0.0,0.0,0.00025,588.368138203247,0.0,0.225199054142352,0.0,0.0,0.0,500.756259969697,0.0,2.413228840940404,0.3136001139312538,0.1825773126379538,0,3.2490621398372532,-0.8358332988968491
2215,530500,155500,Outer,Croydon,0.0,0.0041135754059807,0.0,0.0,0.0,0.0,0.0,0.0,19.10070322499563,0.0,0.0001122464533392,0.0,0.0,0.0,8.914831271495222,0.0,0.0461004950482295,0.0159593800168961,0.005709274310629,0,0.8037451495458967,-0.7576446544976672
2216,532500,155500,Non GLA,Non GLA,0.0,4.17251575342813,0.0,0.0,0.0,0.0,0.0,0.00244,3408.916985379776,0.377433131,6.35445182045449,0.0,0.0,0.0,1135.1249051549355,0.0,4.277629367506694,0.8679046555970257,0.5509114271356401,0,4.841975868258821,-0.5643465007521273
2217,534500,155500,Non GLA,Non GLA,0.0,3.44228408837722,0.0,0.0,0.0,0.0,0.0,0.04815,3023.3592259275115,0.427851395,4.3539243279345,0.184683208,0.0,0.0,2043.09824702678,0.0,6.18869346703515,1.4901546388395135,0.7630010693632363,0,6.931443914233895,-0.7427504471987447
2218,536500,155500,Non GLA,Non GLA,0.0,5.21564487839264,0.0,0.0,0.0,0.0,0.0,0.01243,561.551370310185,0.0,2.70652585293989,275.64153984300003,0.0,0.0,221.70019209241624,0.0,1.7426926026639455,0.222592769114736,0.1496567688402545,0,2.672297528526901,-0.9296049258629553
2219,538500,155500,Non GLA,Non GLA,0.0,9.07511239305904,7.27010786905273,0.0,0.0,0.0,0.0,0.00213,358.5036169601615,0.0,0.0,0.0,0.0,0.0,10.079393642654964,0.0,0.6396276954998952,0.0927987312907517,0.0791335114299219,0,1.9882933283366704,-1.3486656328367752
2220,526500,199500,Non GLA,Non GLA,0.0,7.20002439850649,0.0,0.0,0.0,0.0,0.0,0.0,913.022442648806,0.0,0.0882860238517921,232.08345039,0.0,0.0,3111.452659104954,0.0,10.14687849473848,1.7183310780889258,0.642456779504704,0,9.434007798193266,0.712870696545215
2221,526500,199500,Outer,Enfield,0.0,0.171872958261863,0.0,0.0,0.0,0.0,0.0,0.05912,122.43514368307402,0.0,0.0021075528104587,0.0,0.0,0.0,254.56728527509887,0.0,0.804669345255686,0.1606653631636456,0.0628946530807376,0,1.0631417452258365,-0.2584723999701505
2222,528500,199500,Outer,Enfield,0.0,8.24071866900279,7.26534621856929,0.0,0.0,0.0,0.0,0.01463,497.6131005770017,0.0,0.941400114574721,0.0,0.0,0.0,959.1152334373212,0.0,3.747707776508327,0.6367807660583026,0.2646862154139338,0,3.3771827448261273,0.37052503168219975
2223,530500,199500,Outer,Enfield,0.0,9.28373582947613,7.26528664286105,0.0,0.0,0.0,0.0,0.04341,573.45396757771,0.0,0.235347306248357,2.998424478,0.0,0.0,354.07737949476774,0.0,2.4358737706037648,0.2628701846244139,0.1627203034441629,0,2.571699848754415,-0.13582607815065018
2224,532500,199500,Outer,Enfield,0.0,3.96389007772121,0.0,0.0,0.0,0.0,0.0,0.0,514.7462928578816,0.0,0.235349819228655,0.0,0.0,0.0,342.0860551027842,0.0,2.138164039526541,0.3126267137876738,0.2002596758574016,0,1.6833718857682118,0.45479215375832904
2225,534500,199500,Outer,Enfield,0.0,3.23366065196012,0.0,0.0,0.0,0.0,0.0,0.0,2133.5206900247817,0.460019138,6.58972289963379,0.0,0.0,0.0,11366.537281428762,0.0,24.57976697131524,5.735502757153603,1.9039977465663955,0,23.81596376528321,0.7638032060320299
2226,536500,199500,Non GLA,Non GLA,0.0,0.0012442987119887,0.0,0.0,0.0,0.0,0.0,0.06239,95.38675520653368,1.321286511,0.0035558671225744,0.096416807,0.0,0.0,0.6862597390396297,0.0,0.191216885333494,0.0210184035719428,0.0123642057044134,0,0.2298891858898795,-0.038672300556385486
2227,536500,199500,Outer,Enfield,0.0,1.4776812295556,44.6662339165507,0.0,0.0,31.3735893,0.0,0.0,4166.835043869573,45.53190337,4.22298297649361,11.23658563,0.0,0.0,13698.605524481514,0.0,31.17251726374085,6.4713578520802,2.18189588723896,1,31.44828474143975,-0.2757674776988992
2228,518500,197500,Non GLA,Non GLA,0.0,3.23369946631707,14.2589338806043,0.0,0.0,0.0,0.0,0.09413,5951.233689397207,0.67595206,8.11957755881966,815.33950712,0.0,0.0,1407.3848967131596,0.0,13.5021374564513,1.7571416748472968,1.214606604163791,0,11.064869660074743,2.437267796376556
2229,520500,197500,Non GLA,Non GLA,0.0,2.08625750349909,14.1997639239942,0.0,0.0,0.0,0.0,0.13195,4686.72142203483,19.79150888,6.23677732967021,0.0,0.0,0.0,2016.0743391398923,0.0,10.32910696222912,1.656274801109344,0.9083717672004792,0,7.799917017870634,2.529189944358487
2230,522500,197500,Non GLA,Non GLA,0.0,8.93379753016017,6.58663862356529,0.0,0.0,0.0,0.0,0.02577,589.0656666420858,0.0,0.53607398326631,0.0,0.0,0.0,94.11916421871948,0.0,2.0887673713686934,0.1931333370851473,0.1482754871365942,0,2.107197361905669,-0.018429990536975804
2231,522500,197500,Outer,Barnet,0.0,0.0202797550725986,0.0,0.0,0.0,0.0,0.0,0.00145,65.38307318544888,0.0,0.0012171201246409,0.0,0.0,0.0,6.840360223350791,0.0,0.0876529381888121,0.0183101226771386,0.0087661257014229,0,0.4839413546714262,-0.3962884164826141
2232,524500,197500,Outer,Non GLA,0.0,0.0058109570922809,0.0,0.0,0.0,0.0,0.0,0.0,26.897853789974494,0.0,0.0054849983318298,0.0,0.0,0.0,87.9053930478234,0.0,0.2677319820746236,0.0609965357027333,0.0228752106729732,0,0.5524778426552395,-0.28474586058061585
2233,524500,197500,Outer,Barnet,0.0,4.77244836865247,0.0,0.0,0.0,0.0,0.0,0.02108,3014.815638148059,0.0,4.5047986391042,0.0,0.0,0.0,1767.5845863841637,0.0,6.691977424940154,1.5008871515088775,0.9468238324344168,0,6.087443177836003,0.6045342471041506
2234,526500,197500,Outer,Enfield,0.0,1.14343736618341,0.0,0.0,0.0,18.30842335,0.0,0.03083,2297.224434680234,0.202973989,2.70880763905105,263.03210624,0.0,0.0,244.87639931889112,0.0,5.022768674821855,0.4906950876002294,0.3602862716528069,0,3.6798017872993327,1.3429668875225227
2235,526500,197500,Outer,Barnet,0.0,0.140676665299142,0.0,0.0,0.0,0.0,0.0,0.0,422.2044888961236,0.071194513,0.333263908264634,129.87663382,0.0,0.0,37.72479844661928,0.0,1.8212001393379484,0.191109267217495,0.1518673376363716,0,1.2955327484008876,0.5256673909370608
2236,528500,197500,Outer,Enfield,0.0,5.94583474336685,0.0,0.0,0.0,31.3735893,0.0,0.00108,937.8653979702648,0.0,0.235349819228655,0.0,0.0,0.0,49.32700116690303,0.0,2.0405842868375434,0.1736956690888269,0.1418889289746273,0,1.99501606035715,0.04556822648039338
2237,530500,197500,Outer,Enfield,0.0,8.86648970307189,0.0,0.0,0.0,31.3735893,0.0,0.0002,1718.7191893983777,0.0,0.941389224993427,0.0,0.0,0.0,128.63227299462406,0.0,3.010911171558193,0.3115799150505194,0.2468139794880681,0,2.9709213344162926,0.03998983714190052
2238,532500,197500,Outer,Enfield,0.0,0.521564189267288,0.0,0.0,0.0,122.4930192,0.0,0.0045,9425.468846479196,1.379514304,7.41352726347359,36.701235434,0.0,0.0,2527.168228872208,0.0,12.0370037306992,3.0877394242991256,2.349315430683368,0,12.893404498576286,-0.8564007678770871
2239,534500,197500,Outer,Enfield,0.0,1.66898599847685,0.0,0.0,0.0,70.22526701,0.0,0.02394,6433.938330772242,0.889156499,8.00180673712393,2.364932361,0.0,0.0,6829.209017670946,0.0,20.41853628547618,3.813672991369832,1.9137653868966265,0,18.409953299706583,2.0085829857695963
2240,536500,197500,Outer,Enfield,0.0,0.0,0.0,0.0,0.0,15.21404194,0.0,0.01098,8134.103602843223,645122.5569412,3.1772263290573,11.38154682,0.0,3.69427,3443.1486100703214,0.0,325.6333587399361,4.468198753932386,3.3247761444815422,1,700.0086662223234,-374.3753074823873
2241,518500,195500,Non GLA,Non GLA,0.0,5.21564487839264,0.0,0.0,0.0,0.0,0.0,7e-05,2911.003575310501,0.0,4.47165159130505,0.0,0.0,0.0,1634.8243056454696,0.0,6.848099537861786,1.1049900669099824,0.5904070806287289,0,5.918586062744638,0.9295134751171474
2242,520500,195500,Non GLA,Non GLA,0.0,1.56848069975348,0.0,0.0,0.0,0.0,0.0,0.0,4485.422652396145,14.96917813,3.42083547686748,0.0,0.0,0.0,2130.9877022991864,0.0,9.01168205346479,1.5509718661394332,0.8638591001517191,0,8.32800952554626,0.6836725279185298
2243,520500,195500,Outer,Barnet,0.0,0.266889757627554,0.0,0.0,0.0,0.0,0.0,0.1921,447.4136421668478,6.174831749,0.582083301893995,0.0,0.0,0.0,2626.464354333289,0.0,6.619489751771454,1.4193516027728577,0.5562336430889666,0,6.625472544992992,-0.005982793221538607
2244,522500,195500,Outer,Barnet,0.0,7.30190238189173,0.0,0.0,0.0,207.1516444,0.0,0.28188,2244.04346579232,1.568505891,3.41257614828595,0.0,0.0,0.0,1503.6884379028477,0.0,6.296122076660016,1.0944125824363016,0.5326389245643124,0,7.034769384659659,-0.738647307999643
2245,524500,195500,Outer,Barnet,0.0,2.71213527704978,0.0,0.0,0.0,156.4197251,0.0,0.02755,7686.266038989655,0.600749262,8.70795252572134,0.0,0.0,0.0,1454.4256392342256,0.0,8.337381233371708,2.4767154065954764,1.0644910247388075,0,9.133118126840102,-0.7957368934683942
2246,526500,195500,Outer,Barnet,0.0,0.0,0.0,0.0,0.0,235.4906723,0.0,0.0,8792.014222977667,3.867123561,10.3554037733022,419.35859737,0.0,0.0,3348.901181237557,0.0,18.11195497359787,2.923599094363412,1.6374898134909943,0,15.462740884707845,2.6492140888900266
2247,528500,195500,Outer,Enfield,0.0,0.859514823727499,0.0,0.0,0.0,31.3735893,0.0,0.0,4612.74929258849,0.846206911,4.65415594783362,0.0,0.0,0.0,3370.3448082072928,0.0,11.145316330634184,2.437387810313425,1.2650118273332756,0,10.439030547403569,0.7062857832306157
2248,528500,195500,Outer,Barnet,0.0,0.104830113802713,0.0,0.0,0.0,0.0,0.0,0.0,967.0432409651708,0.295523915,0.567639528797517,0.0,0.0,0.0,317.4083971360847,0.0,1.3423997377988826,0.3258841338731468,0.2075179271842293,0,1.6866836512320678,-0.3442839134331852
2249,530500,195500,Outer,Enfield,0.0,1.87760943489394,0.0,0.0,0.0,66.44324529,0.0,0.00138,6946.073334951624,0.938427934,9.29621692148989,0.0,0.0,0.0,1574.0104576985173,0.0,7.684108034006139,1.4816197777124518,0.9955581387984188,0,7.765131657052262,-0.08102362304612232
2250,532500,195500,Outer,Enfield,0.0,2.29488392563595,0.0,0.0,0.0,110.0224502,0.0,0.0006,5914.812061859987,0.0,7.884227739591,0.0,0.0,0.0,1985.1116295970169,0.0,8.451169586083058,1.7129417649590633,1.0195524622654193,0,8.238381026188058,0.21278855989499945
2251,534500,195500,Outer,Enfield,0.0,0.0,0.0,0.0,0.0,2.750561254,0.0,0.00189,8317.25949757157,7.508001663,4.3539243279345,10.03079754,0.0,0.0,5464.67118267806,0.0,19.03126029718935,4.040132300467447,2.35031869512115,0,18.087464865696095,0.9437954314932533
2252,536500,195500,Outer,Enfield,0.0,1.04312912496452,0.0,0.0,0.0,105.1971708,0.0,0.16683,7563.25857673924,13.14296216,0.823725623790443,7.499631881,0.0,11.8341,5536.551070299424,0.0,24.325974931992786,5.488709106452808,3.830477671144161,0,19.619455174476965,4.706519757515821
2253,538500,195500,Non GLA,Non GLA,0.0,0.527749854190054,0.0,0.0,0.0,0.0,0.0,0.0,204.8068674569876,0.029519474,0.219340459406125,0.0,0.0,0.0,1.5245946579919327,0.0,0.2941277082092359,0.0307325817405216,0.0215022769861138,0,0.18401776329849007,0.11010994491074583
2254,538500,195500,Outer,Waltham Forest,0.0,1.59889771985758,44.6662339165507,0.0,0.0,0.0,0.0,0.31984,1585.0377439694655,0.051381317,0.664524971231252,0.0,0.0,0.0,99.43974090533808,0.0,1.870024588656113,0.411101129931295,0.3661479215024719,0,2.59862665338143,-0.7286020647253171
2255,540500,195500,Non GLA,Non GLA,0.0,0.183541897532721,0.0,0.0,0.0,0.0,0.0,0.29177,916.2454680075216,0.0,0.414106484471857,0.0,0.0,0.0,1208.456427773015,0.0,3.6211881531373526,0.7377260712143647,0.3292831086516816,0,3.8800207118403502,-0.2588325587029976
2256,540500,195500,Outer,Waltham Forest,0.0,0.0008031586167365,0.0,0.0,0.0,0.0,0.0,0.27232,63.79674358109838,0.0,0.0018118587953188,0.0,0.0,0.0,0.0,0.0,0.1123888763706314,0.0211496683095035,0.0129140363316985,0,0.632311014787799,-0.5199221384171676
2257,510500,193500,Non GLA,Non GLA,0.0,3.85952275048205,10.8564118299961,0.0,0.0,0.0,0.0,0.00078,3257.728816532057,0.0,4.11856864508515,0.0,0.0,0.0,466.4589781093223,0.0,2.875980985867217,0.7252205430211235,0.5705593416638705,0,4.087714207509709,-1.211733221642492
2258,512500,193500,Non GLA,Non GLA,0.0,3.02500735834538,0.0,0.0,0.0,0.0,0.0,0.0,4506.182968631596,0.51727991,7.53103673521826,0.0,0.0,0.0,1310.659213290619,0.0,5.277110027525528,1.152549763645951,0.7221911591250382,0,5.776807177786816,-0.49969715026128814
2259,514500,193500,Non GLA,Non GLA,0.0,1.98341811834957,0.0,0.0,0.0,0.0,0.0,0.0,1565.323212676897,0.360619825,1.05772094663813,0.0,0.0,0.0,156.4597000888357,0.0,1.8603832954147024,0.2598807507366204,0.1983324594115668,0,2.407627349417897,-0.5472440540031946
2260,514500,193500,Outer,Harrow,0.0,0.973955223023226,0.0,0.0,0.0,159.8645758,0.0,0.12884,228.17016921144145,0.252703974,0.519392820043943,0.0,0.0,0.0,570.2301247865238,0.0,2.2673885316313256,0.9263897504324058,0.2344752242301314,0,3.0231341265606098,-0.7557455949292842
2261,516500,193500,Outer,Harrow,0.0,2.39914376696358,0.0,0.0,0.0,23.44860539,0.0,0.10251,2814.524097090398,0.306995098,4.11853597634127,0.0,0.0,0.0,850.2970970425687,0.0,4.6106223693328845,1.8442407818361748,0.4394120429540664,0,4.42149974533463,0.1891226239982542
2262,518500,193500,Outer,Barnet,0.0,9.05593959358925,0.0,0.0,0.0,0.0,0.0,0.0,1040.2897269983428,0.0,1.13510817493473,0.0,0.0,0.0,1890.1543119405,0.0,5.913673914771816,0.9127190011993596,0.4472804834381886,0,6.149425247992742,-0.235751333220926
2263,518500,193500,Outer,Harrow,0.0,0.0029901983444672,0.0,0.0,0.0,0.0,0.0,0.00305,58.07826686393045,0.0,0.0003744340644972,0.0,0.0,0.0,79.45799484411647,0.0,0.2594552531624549,0.0553992973290044,0.0227486760471443,0,0.7936026186516241,-0.5341473654891692
2264,520500,193500,Outer,Barnet,0.0,2.08622839273139,0.0,0.0,0.0,16.41741248,0.0,0.02258,4770.653606505942,1.74786182,7.41342339362125,968.3342876,0.0,0.0,10937.611489474391,0.0,35.90012970960624,5.526391858823776,2.260021887171494,1,30.202642562256713,5.697487147349527
2265,522500,193500,Outer,Barnet,0.0,8.13629162736833,0.0,0.0,0.0,0.0,0.0,0.52476,1596.4162323351036,0.0,1.76510060856218,0.0,0.0,0.0,1922.3987848476825,0.0,7.17369211575394,1.363989887612874,0.6105490925187423,0,7.564394504686327,-0.39070238893238685
2266,524500,193500,Outer,Barnet,0.0,8.13629162736833,0.0,0.0,0.0,31.3735893,0.0,0.36748,2062.157181346686,0.0,1.41208048684974,0.0,0.0,0.0,358.167161293538,0.0,3.1863940265971715,0.5097534760826168,0.3371822118747909,0,4.620554667322519,-1.4341606407253478
2267,526500,193500,Outer,Barnet,0.0,2.29485182914848,0.0,0.0,0.0,345.5038662,0.0,0.9482,7443.9728959121085,7.873261611,7.53109704674542,0.0,0.0,0.0,5644.685128961738,0.0,19.502876191682603,4.941865827013104,2.563681497485761,0,20.801445777371324,-1.2985695856887212
2268,528500,193500,Outer,Barnet,0.0,1.66898301275708,0.0,0.0,0.0,91.54211673,0.0,0.15802,5185.616483365766,4.744736037,8.47248459641865,113.474758781,0.0,0.0,1503.9193763695807,0.0,9.40021023880666,2.084956452912382,1.5070008576536025,0,7.24692574008251,2.1532844987241493
2269,530500,193500,Outer,Enfield,0.0,0.312931795690902,0.0,0.0,0.0,25.27078152,0.0,0.24985,9959.887491116286,0.283855363,10.1198311364871,0.0,0.0,0.0,2702.9221424544976,0.0,11.406373615661828,2.374792960601843,1.5665260534443546,0,12.985830680545273,-1.5794570648834458
2270,532500,193500,Outer,Enfield,0.0,3.96383409547562,0.0,0.0,0.0,15.47190705,0.0,0.0,6521.907932458455,0.036109815,2.94183462682366,0.0,0.0,0.0,4571.235136380132,0.0,15.01640679740717,3.470427017349078,1.8468870028110769,0,15.492154829697434,-0.4757480322902641
2271,534500,193500,Outer,Enfield,0.0,0.0,0.0,0.0,0.0,62.91908868,0.0,0.12166,11681.595132411398,7.437010736,0.706034379804174,10.60700205,0.0,0.0,4249.006011842294,0.0,17.743244074595083,3.6902314034619,2.256283580665265,0,20.543906748472338,-2.8006626738772553
2272,536500,193500,Outer,Enfield,0.0,0.282867836948988,0.0,0.0,0.0,31.3735893,0.0,0.36129,844.1418748899432,1.481629896,1.03708351476561,0.0,0.0,12.2168,4.106866381273955,0.0,5.861439306597274,0.1324091443344297,0.113957370513009,0,1.7077380812258731,4.1537012253714005
2273,536500,193500,Outer,Waltham Forest,0.0,0.013016991744674,0.0,0.0,0.0,0.0,0.0,0.45382,1392.2448577423047,0.317836239,0.0477248465115564,0.0,0.0,0.0,904.986016322566,0.0,3.1434700834341047,0.723704967918623,0.4399861982835315,0,4.325118446407647,-1.181648362973542
2274,538500,193500,Outer,Waltham Forest,0.0,0.312931795690902,0.0,0.0,0.0,47.96291187,0.0,0.38255,8922.77258286062,0.744758333,7.88405434395039,2.858563066,0.0,0.0,2529.1368718258286,0.0,10.408458233525566,2.4066816930473527,1.589866687223938,0,12.528549343828022,-2.1200911103024556
2275,540500,193500,Non GLA,Non GLA,0.0,0.0243059981754584,0.0,0.0,0.0,0.0,0.0,0.0,1605.3530700625115,0.264457388,0.429576391190279,0.0,0.0,0.0,957.3978515214584,0.0,3.1061402631980486,0.6553403901634421,0.3306453079779568,0,3.352714078017078,-0.2465738148190293
2276,540500,193500,Outer,Redbridge,0.0,0.162812791635517,0.0,0.0,0.0,19.25392878,0.0,0.37764,3603.834294447051,0.684450073,2.87747552605531,0.0,0.0,0.0,2542.711738195802,0.0,8.19385914381155,1.6147015265850415,0.7641956825690118,0,8.762378692209875,-0.5685195483983261
2277,522500,191500,Outer,Barnet,0.0,3.12938662846361,0.0,0.0,0.0,176.2046434,0.0,0.26583,4993.750638766823,1.22310483,6.94282762501628,0.0,0.0,0.0,2029.7115479439617,0.0,8.390484581967948,9.715879601610158,1.6432705072503926,0,9.071294295212343,-0.6808097132443951
2278,524500,191500,Outer,Barnet,0.0,3.23369946631707,12.2222679398077,0.0,0.0,283.2405564,0.0,0.32148,4714.633637724073,7.01913684,4.7070014105337,0.0,0.0,0.0,2367.9206041095645,0.0,10.010943512893435,1.911038729225009,0.8900299242447156,0,10.800012083401269,-0.7890685705078333
2279,526500,191500,Outer,Barnet,0.0,0.938764783445116,9.06059754003279,0.0,0.0,102.6303168,0.0,0.566275692897669,9155.38778788362,2.343420135,7.41331282248811,0.0,0.0,0.0,4836.688419778168,0.0,17.75029423242551,3.4905697911556546,2.0387966030685143,0,18.765565669653128,-1.015271437227618
2280,528500,191500,Outer,Enfield,0.0,0.0008875052000927,0.0,0.0,0.0,0.0,0.0,0.0,102.4889596034498,0.008727205,0.0028773624419418,104.772899021,0.0,0.0,134.49373866438785,0.0,1.428775212095624,0.1489089867971913,0.0734089880027428,0,1.184558566390038,0.2442166457055861
2281,528500,191500,Outer,Barnet,0.0,0.295548188790179,0.0,0.0,0.0,0.0,0.0,0.185220053750945,2973.3656012379715,0.288893248,1.73859620535243,0.0,0.0,0.0,4305.248429779185,0.0,11.51018130976066,2.4274460567800182,0.9008690335814448,0,11.975075954302255,-0.46489464454159624
2282,536500,191500,Outer,Waltham Forest,0.0,0.118086709558513,0.0,0.0,0.0,0.0,0.0,0.0374266244093631,1687.9147355365485,6.068088505,0.125675820055145,0.0,0.0,0.0,4219.67415468256,0.0,10.880945280905152,2.3195203202409287,0.8495484814330205,0,10.4834216181123,0.39752366279285134
2283,538500,191500,Outer,Waltham Forest,0.0,1.25173987207261,0.0,0.0,0.0,231.9314213,0.0,0.50237,9260.521158604994,11.41132534,2.35347222482347,2.838732347,0.0,0.0,2547.1185569585077,0.0,12.4441845412307,4.8470592597412905,2.2475049551484187,0,15.85130213977759,-3.4071175985468916
2284,540500,191500,Outer,Redbridge,0.0,0.208625675706915,44.6662339165507,0.0,0.0,94.12076791,0.0,0.50032,8964.335053231362,0.041957562,6.11910200122584,0.0,0.0,0.0,2652.654911513634,0.0,11.11852798952286,2.306619879400489,1.559433539465788,0,13.948473364214703,-2.8299453746918424
2285,542500,191500,Non GLA,Non GLA,0.0,0.0020153608412535,0.0,0.0,0.0,0.0,0.0,0.0,193.51009285172807,0.060877114,0.0040919695862841,0.0,0.0,0.0,83.76874066313346,0.0,0.2868012996861711,0.0628422454024347,0.0302624095782652,0,0.2950990868144068,-0.0082977871282357
2286,542500,191500,Outer,Redbridge,0.0,1.95858887278533,0.0,0.0,0.0,0.0,0.0,0.32451,5073.541857943146,1.897938726,3.97705937382838,0.0,0.0,0.0,4451.796087008413,0.0,12.961168289352615,2.5991750950104717,1.4163976358297987,0,13.739587792601098,-0.7784195032484824
2287,544500,191500,Non GLA,Non GLA,0.0,0.0711564198651315,0.0,0.0,0.0,0.0,0.0,0.0,2004.7795169001083,0.269242423,0.634875992007807,0.0,0.0,0.0,378.2659803924435,0.0,1.7518055193964428,0.4103081738324831,0.2805898006173423,0,2.405755377014845,-0.6539498576184024
2288,544500,191500,Outer,Redbridge,0.0,0.647112212518086,1.31188226268293,0.0,0.0,71.60054764,0.0,0.46947,6715.208930689569,0.811943189,5.77367610597589,0.0,0.0,0.0,2100.090794961472,0.0,8.380741661063865,1.916079884858059,1.2674104048177224,0,10.373057505752993,-1.9923158446891271
2289,546500,191500,Outer,Redbridge,0.0,8.65797002041662,0.0,0.0,0.0,0.0,0.0,0.07243,1440.9614496197412,2.019003741,1.29442526224775,0.0,0.0,0.0,2022.0579109244904,0.0,6.586889292456844,1.3643682362469134,0.7228274501441591,0,6.143789034748439,0.4431002577084051
2290,548500,191500,Outer,Redbridge,0.0,7.01145529531975,0.0,0.0,0.0,0.0,0.0,0.01417,673.8454993252956,0.0,0.363660080296874,0.0,0.0,0.0,1761.717954361332,0.0,5.6836388606431605,1.181245552973417,0.4629278244252862,0,4.775634586437608,0.9080042742055525
2291,548500,191500,Outer,Barking and Dagenham,0.0,0.0041777683809243,0.0,0.0,0.0,0.0,0.0,0.0,34.59153331249347,0.0,0.0002169539657825,0.0,0.0,0.0,6.743134045290701,0.0,0.1010031887718443,0.0205789439027262,0.0098222317122702,0,-0.17979607477468562,0.28079926354652995
2292,548500,191500,Outer,Havering,0.0,0.0899739186829095,0.0,0.0,0.0,31.3735893,0.0,0.0,383.5690001462028,0.0,0.0046666044145729,0.0,0.0,0.0,185.95470382626064,0.0,0.810028741355421,0.1836618096187517,0.1065957807927921,0,0.6721150324424272,0.13791370891299382
2293,550500,191500,Outer,Havering,0.0,0.0,0.0,0.0,0.0,0.687640313,0.0,0.40508,7186.32528467402,0.154368754,11.1791285594326,0.0,0.0,0.0,2290.3663006194383,0.0,8.731515511257331,2.388396962715551,1.5601435895042013,0,8.827505488060027,-0.09598997680269505
2294,552500,191500,Outer,Havering,0.0,7.19758954403828,0.0,0.0,0.0,22.26235515,0.0,0.11719,2789.708709355336,0.142910932,3.05955100061292,0.0,0.0,0.0,717.4215204303375,0.0,3.8471665384390152,0.9377550231630216,0.6660981577711824,0,4.077134066910448,-0.22996752847143265
2295,554500,191500,Outer,Havering,0.0,0.208625675706915,0.0,0.0,0.0,99.07850188,0.0,0.37076,6757.889961420287,20.27995038,10.0023786256292,0.0,0.0,0.0,4197.121324114871,0.0,14.7126259726506,3.643796563179806,2.196774975483616,0,12.993612501934209,1.7190134707163907
2296,556500,191500,Non GLA,Non GLA,0.0,0.704408174804982,0.0,0.0,0.0,0.0,0.0,0.0,275.63294999930133,0.0,0.198660306868523,111.9991329,0.0,0.0,35.14300530407351,0.0,1.0867441162968436,0.0800862794066281,0.0534619861669073,0,0.4336340837526649,0.6531100325441788
2297,556500,191500,Outer,Havering,0.0,2.48887733520542,0.0,0.0,0.0,41.34437385,0.0,0.02788,961.0938266789128,0.0,0.7019239816957,45.64358192,0.0,0.0,639.8762554681646,0.0,3.0250956057478464,0.4563782979057922,0.2297499712557713,0,2.3250882494449705,0.7000073563028759
2298,504500,190500,Non GLA,Non GLA,0.0,0.0748340801854485,0.0,0.0,0.0,0.0,0.0,0.0,35.31006336710828,0.165726306,0.0379032818443749,0.0,0.0,1.07259,2.186361951299792,0.0,0.115012059151888,0.024407189597242,0.0154923370089626,0,1.0380768355566872,-0.9230647764047992
2299,504500,190500,Outer,Hillingdon,0.0,3.94916674713094,0.0,0.0,0.0,49.32190454,0.0,0.17478,2404.7354090354293,1.20391033,2.00022342190386,0.0,0.0,4.51692,409.09184238682457,0.0,6.12511635957924,2.837037564608372,0.8300172828595249,0,4.655245178760108,1.4698711808191325
2300,506500,190500,Outer,Hillingdon,0.0,8.55353700734263,7.46719005986288,0.0,0.0,0.0,0.0,0.0144,2139.1281674489437,0.007675421,0.470693774836614,0.0,0.0,0.0,85.3690560911127,0.0,5.641670725550786,0.4763556881145006,0.3983752783299986,0,4.073851521976501,1.5678192035742855
2301,508500,190500,Outer,Hillingdon,0.0,2.81638616121812,0.0,0.0,0.0,203.0258026,0.0,0.08305,3210.444561275894,0.0,4.4715527474133,0.0,0.0,0.0,247.1739489810589,0.0,7.3894276470305,0.7202410493955224,0.4773838936873067,0,4.504031006899218,2.8853966401312814
2302,510500,189500,Outer,Harrow,0.0,0.0001246538001812,0.0,0.0,0.0,0.0,0.0,0.0,80.8829215592827,0.002505115,0.0003283627590221,0.0,0.0,0.0,3.2321295157196834,0.0,0.042430694699903,0.0142259848246715,0.0056497182798999,0,0.9261281019601153,-0.8836974072602123
2303,510500,189500,Outer,Hillingdon,0.0,3.08998856330693,0.0,0.0,0.0,159.6717762,0.0,0.259,6328.070398740874,0.394330902,8.13354721629979,28.100828942,0.0,0.0,1633.2104603618948,0.0,11.596241972837678,5.721886746521505,1.6798240989101747,0,9.565230633523502,2.031011339314176
2304,512500,189500,Outer,Harrow,0.0,1.04311643565552,0.0,0.0,0.0,314.228029,0.0,0.41655,7523.697043390094,1.474221002,9.29621692148989,106.41732352,0.0,0.0,3035.967780306658,0.0,11.698599582753843,2.435892325750002,1.6049323068982513,0,14.366151740992509,-2.6675521582386654
2305,514500,189500,Outer,Harrow,0.0,1.04312912496452,0.0,0.0,0.0,342.1881423,0.0,0.47933,8216.484985901727,18.85122161,8.47260270649269,249.42516664,0.0,0.0,2694.7223137551714,0.0,13.653359484826211,4.176089930694909,1.8400559749654608,0,15.489761864613108,-1.8364023797868967
2306,516500,189500,Outer,Harrow,0.0,1.87760943489394,0.0,0.0,0.0,160.3016863,0.0,0.49493,9164.839319097298,45.38471951,8.707848655869,74.70190221,0.0,0.0,1972.1312462593469,0.0,11.68825374301298,17.922029627940734,3.312694963049724,0,13.335624994711422,-1.6473712516984413
2307,518500,189500,Outer,Harrow,0.0,0.233320563881741,0.0,0.0,0.0,81.90517867,0.0,0.52293,9032.247699131944,4.354147746,6.93114310428771,0.0,0.0,0.0,4101.14486844233,0.0,14.258859938454206,3.2015724213975894,1.8936452867071965,0,17.228460020065448,-2.969600081611242
2308,518500,189500,Outer,Brent,0.0,0.005833349990517,0.0,0.0,0.0,97.95579931,0.0,0.0,1028.665650086933,0.688464745,0.173285069472964,0.0,0.0,0.0,1260.780552776956,0.0,4.153143923654088,0.9373127200848108,0.5325200109402194,0,4.587559493542885,-0.43441556988879704
2309,520500,189500,Outer,Barnet,0.0,0.0,3.34036902122215,0.0,0.0,102.4466096,0.0,0.0,1968.5956339534912,2.190460428,0.187977627619008,0.0,0.0,0.0,1581.6752917580034,0.0,6.126930062227637,1.0954050358388698,0.6116961168646977,0,6.127618132008178,-0.000688069780540701
2310,520500,189500,Outer,Brent,0.0,0.0,18.1237073354995,0.0,0.0,545.2068468,0.0,0.46566,8829.073327445327,10.66254378,4.45407580709637,0.0,0.0,0.0,2882.3371566717037,0.0,16.863902433414612,5.915623660097189,1.9389309454846415,0,17.18395085334876,-0.32004841993414956
2311,522500,189500,Outer,Barnet,0.0,0.521564189267288,0.0,0.0,0.0,819.3343063,0.0,0.36278,8188.750238079288,2.307427293,5.06002655820674,845.65620718,0.0,0.0,11399.3812717216,0.0,43.2809870563867,11.36710705465428,3.328728582950045,1,38.75421718649498,4.526769869891723
2312,524500,189500,Outer,Barnet,0.0,0.160003975766763,0.0,0.0,0.0,270.5252339,0.0,0.379878082677712,7373.570398912932,2.300573035,7.40460869639372,0.0,0.0,0.0,6258.295672459927,0.0,20.057504938945836,3.7617112738987104,1.736030209686066,0,20.23983785557757,-0.1823329166317329
2313,542500,189500,Outer,Redbridge,0.0,2.60782243919632,0.248189702692014,0.0,0.0,0.0,0.0,0.35956,8010.514457079322,0.32554359,6.11910200122584,0.0,0.0,0.0,3780.652456847734,0.0,12.946470353854576,2.9034791731395475,1.725373038207767,0,14.707709733622023,-1.7612393797674475
2314,544500,189500,Outer,Redbridge,0.0,2.81644811490324,0.0,0.0,0.0,62.74717861,0.0,0.38439,6431.552625325453,0.332899051,7.17817744424493,0.0,0.0,0.0,2776.0082731784487,0.0,10.545440438186748,3.067813767740945,2.246250909176936,0,11.087720200998305,-0.5422797628115568
2315,546500,189500,Outer,Redbridge,0.0,4.90270561840233,0.0,0.0,0.0,0.0,0.0,0.0576,1395.9021377807512,0.600234554,2.58885052449551,0.0,0.0,0.0,5014.68819631452,0.0,13.82096864544805,2.918673295207117,1.257050154180115,0,11.415495451051187,2.405473194396862
2316,548500,189500,Outer,Havering,0.0,0.0005725117649042,0.0,0.0,0.0,0.0,0.0,0.0,17.42634692812492,0.010413421,0.0003601938428049,0.0,0.0,0.0,223.24032318700665,0.0,0.5597979371145049,0.1379602829918198,0.049884386741231,0,0.2766178236558172,0.28318011345868765
2317,548500,189500,Outer,Barking and Dagenham,0.0,6.24293699929461,0.0,0.0,0.0,7.564043448,0.0,0.16776,3903.900705603338,1.087566247,3.92540422612975,0.0,0.0,0.0,5009.947289149125,0.0,17.252674570303892,3.1961987754050734,1.5229722067438871,0,13.799221701368962,3.4534528689349298
2318,550500,189500,Outer,Havering,0.0,1.25175480067143,0.0,0.0,0.0,33.15643505,0.0,0.41499,6904.754906713467,64.49563135,5.7660768535528,0.0,0.0,0.0,7522.007696273264,0.0,23.117097577635658,5.427347300943245,2.9556071134062787,0,21.418371530504338,1.69872604713132
2319,552500,189500,Outer,Havering,0.0,0.312938513560373,0.0,0.0,0.0,95.73486697,0.0,0.45581,7193.331587522454,0.925982476,10.9437787402039,104.0486165,0.0,0.0,3765.544797237753,0.0,13.877694910917288,2.9926659944491814,1.8085993253980213,0,12.975336295490008,0.9023586154272802
2320,554500,189500,Outer,Havering,0.0,1.46038047637835,0.0,0.0,0.0,11.08820005,0.0,0.3054,5450.811645807225,0.365239364,9.64935347795616,0.0,0.0,0.0,5872.251514156331,0.0,15.84465303653406,3.3793876590887497,1.5551441255322485,0,14.902075180636604,0.942577855897456
2321,556500,189500,Outer,Havering,0.0,7.71906117599286,0.0,0.0,0.0,31.3735893,0.0,0.00638,728.3011326861783,0.167368153,1.6474311437385,0.0,0.0,0.0,2430.3136844470955,0.0,7.339175847548684,1.186952106075985,0.4703231746702691,0,5.813758391028393,1.525417456520291
2322,504500,188500,Non GLA,Non GLA,0.0,0.258953714492662,0.0,0.0,0.0,0.0,0.0,0.0,1003.0227231328578,0.071915748,0.417321423933916,0.0,0.0,0.0,1003.3799406369316,0.0,2.8158489723375566,0.7224188964906912,0.350742122243161,0,3.9526486127339275,-1.136799640396371
2323,504500,188500,Outer,Hillingdon,0.0,0.48941022669,0.0,0.0,0.0,0.0,0.0,0.1066,1001.0525562018894,0.098866527,0.788717295250101,0.0,0.0,1.90288,244.174905725388,0.0,3.53902534069129,0.3768481717096051,0.2699177808443692,0,2.5661610724392183,0.9728642682520716
2324,506500,188500,Outer,Hillingdon,0.0,7.71904550096409,0.0,0.0,0.0,0.0,0.0,0.02088,1495.0635280612958,3.669988115,0.117673653124178,0.0,0.0,0.0,353.0045868185257,0.0,6.00579558438599,0.5595952833241753,0.3850509053902148,0,4.038871011384437,1.9669245730015534
2325,508500,188500,Outer,Hillingdon,0.0,0.312931795690902,0.0,0.0,0.0,62.74717861,0.0,0.2517,5303.9650525211255,0.560023333,8.59008872375457,0.0,0.0,0.0,1949.2295642839565,0.0,11.859859978592064,2.212485340035456,1.493677304840748,0,8.26026439483362,3.599595583758445
2326,558500,188500,Non GLA,Non GLA,0.0,1.56154935131945,0.0,0.0,0.0,0.0,0.0,0.0,259.1129988956287,4.845410199,0.1988881504156,0.0,0.0,0.0,2120.821144173736,0.0,5.727090922121142,1.0163819144078774,0.3358433897220287,0,4.278371750207661,1.4487191719134804
2327,558500,188500,Outer,Havering,0.0,1.67306598453548,0.0,0.0,0.0,0.0,0.0,0.05753,460.240823624323,5.01545199,0.213091515063508,0.0,0.0,0.0,17135.916516499306,0.0,32.392345048422,7.875949757711923,1.8614124148750897,1,35.519956459817195,-3.1276114113951934
2328,560500,188500,Non GLA,Non GLA,0.0,8.44915848365435,0.0,0.0,0.0,0.0,0.0,0.01677,856.1070768135098,4.136314683,0.823707195268253,0.0,0.0,0.0,92.1725039856076,0.0,1.4133993739869513,0.179398984921779,0.1392145606311958,0,1.2606046856855517,0.15279468830139953
2329,510500,187500,Outer,Hillingdon,0.0,0.41725135141383,0.0,0.0,0.0,252.6960181,0.0,0.41915,8596.974839935629,1.501810138,10.8261034117595,0.0,0.0,0.0,2293.034223480024,0.0,13.700821022870496,2.5886091696832567,1.88505710739338,0,12.645125251970637,1.0556957708998596
2330,512500,187500,Outer,Harrow,0.0,0.834492999238425,0.0,0.0,0.0,121.6263804,0.0,0.42729,8179.534329484074,0.055045258,10.119931655699,0.0,0.0,0.0,2417.743988656227,0.0,9.96940207285237,2.9880727322665845,2.327811538720613,0,12.154275475241752,-2.184873402389382
2331,514500,187500,Outer,Harrow,0.0,3.12938662846361,16.3043874768981,0.0,0.0,71.77245772,0.0,0.42267,8051.465857574353,0.466628426,6.94282762501628,0.0,0.0,0.0,3374.4683794228954,0.0,12.533304197663762,2.857485118657943,1.664683600346372,0,15.02602814424901,-2.4927239465852473
2332,516500,187500,Outer,Harrow,0.0,0.218651722677181,7.26578734528569,0.0,0.0,0.0,0.0,0.0,468.5546001176573,0.154725671,0.0548131262739181,4.349982202,0.0,0.0,1244.3331947583256,0.0,3.3866757243438075,0.7316989870660124,0.2455176095624606,0,3.7712976268964233,-0.38462190255261586
2333,516500,187500,Outer,Brent,0.0,4.39286858994131,40.711943842661,0.0,0.0,26.05400598,0.0,0.09029,6319.23622233866,0.693520749,1.10123990178987,164.64417616,0.0,0.0,2595.4190509642094,0.0,14.895667362623094,2.303734407425562,1.0058135367064271,0,13.538989323682738,1.3566780389403554
2334,518500,187500,Outer,Brent,0.0,0.834503449257602,0.0,0.0,0.0,92.31571209,0.0,0.47111,8164.823948835492,4.496918678,9.41400282106741,72.369362861,0.0,0.0,2833.9220139657973,0.0,12.86865131021934,2.6074870929405094,1.793870260233562,0,13.36852610601485,-0.49987479579550964
2335,520500,187500,Outer,Brent,0.0,0.730189864974203,0.0,0.0,0.0,18.22246831,0.0,0.4887,9688.327450031362,0.414649979,9.41400282106741,0.0,0.0,0.0,2532.594028569404,0.0,11.626942629277456,2.4894419697544072,1.6428345608692734,0,13.525128044939592,-1.8981854156621356
2336,522500,187500,Outer,Barnet,0.0,0.0,0.0,0.0,0.0,106.5842486,0.0,0.321068701554851,4025.75378939285,3.349098386,1.44664988149792,704.68413376,0.0,0.0,8846.76670475882,0.0,29.619461502643325,5.470545549838658,2.526648528773079,1,26.693196458237583,2.926265044405742
2337,522500,187500,Outer,Brent,0.0,0.0,0.0,0.0,0.0,39.37049793,0.0,0.0,617.3368124991732,1.188653701,0.118563248149897,0.0,0.0,0.0,1996.841230073951,0.0,5.67253870489538,3.1902258314018326,0.6293253137573359,0,5.383463920175446,0.28907478471993375
2338,542500,187500,Outer,Redbridge,0.0,0.560250906690002,0.0593173424908909,0.0,0.0,0.0,0.0,0.298911829073775,7372.414406487108,0.295488745,2.58712997065104,0.0,0.0,0.0,8573.58283523496,0.0,22.6367272386717,5.113270861707564,2.082215269378664,0,24.70869216578867,-2.0719649271169693
2339,544500,187500,Outer,Redbridge,0.0,0.208625675706915,0.0,0.0,0.0,74.09324378,0.0,0.55243,10830.83427764073,2.396905258,1.76512573836516,0.018545852,0.0,0.0,3267.393088165605,0.0,13.367930248416842,2.906826563673788,2.129808456985101,0,18.204637631337953,-4.8367073829211105
2340,546500,187500,Outer,Redbridge,0.0,0.104218041250925,0.0,0.0,0.0,339.2280357,0.0,0.55706,10775.32607021366,1.160357172,1.05811380922482,153.1861531,0.0,0.0,5261.878882681186,0.0,21.05480747318707,3.8101495061309674,1.966637305050689,0,24.29894369340385,-3.244136220216781
2341,546500,187500,Outer,Barking and Dagenham,0.0,0.0,0.0,0.0,0.0,0.0,0.0,0.0,3.942186647683681,0.000524511,0.0,0.0,0.0,0.0,0.0,0.0,0.0062411308942132,0.0099125794384088,0.0022926879236234,0,-0.11322083472414057,0.11946196561835377
2342,548500,187500,Outer,Barking and Dagenham,0.0,0.305721282458862,0.0,0.0,0.0,0.0,0.0,0.52808,8628.92838551906,843.1903894809091,2.1842590210944,146.9082477,0.0,0.0,2104.0227789164323,0.0,15.944820588555592,2.665435352947009,1.9152590141122663,0,14.653525081990457,1.2912955065651346
2343,548500,187500,Outer,Havering,0.0,4.180007670748e-05,0.0,0.0,0.0,0.0,0.0,0.0,92.35748218114604,0.939831648,0.0003007199757371,3.782441227,0.0,0.0,28.286675477631636,0.0,0.161742848415721,0.0288037697107878,0.0133018384483155,0,-0.00590870564946222,0.16765155406518323
2344,550500,187500,Outer,Havering,0.0,1.53021795453737,0.0,0.0,0.0,89.39414142,0.0,0.30352,3711.457544353215,11.93732714,2.62387476857774,0.0,0.0,0.0,3565.625334103307,0.0,11.55088706592402,2.347631345872113,1.1242747390462586,0,11.164800631365916,0.3860864345581039
2345,550500,187500,Outer,Barking and Dagenham,0.0,0.142772640574045,0.0,0.0,0.0,7.564043448,0.0,0.0,1898.735685461388,3.646304711,0.244812865373231,0.0,0.0,0.0,547.3595905845349,0.0,2.895720481634969,0.5832069028239758,0.4310450564656373,0,2.7094437953829917,0.18627668625197735
2346,552500,187500,Outer,Havering,0.0,0.208625675706915,0.0,0.0,0.0,67.90448096,0.0,0.47511,7923.484349737301,1.50216111,8.35492821570841,0.0,0.0,0.0,2895.9805020379176,0.0,12.0321835972168,2.4940631871138663,1.6041608741351785,0,12.151202201672413,-0.11901860445561319
2347,554500,187500,Outer,Havering,0.0,0.104312837853458,0.0,0.0,0.0,153.0859248,0.0,0.37612,6474.703587442185,2.756007988,10.5907535925309,1.646040035,0.0,0.0,1892.6216824544888,0.0,8.767268122770759,2.109348150685951,1.4855662259180724,0,8.075972320643505,0.6912958021272537
2348,556500,187500,Outer,Havering,0.0,4.27677708761564,0.0,0.0,0.0,26.21628695,0.0,0.21218,3890.990561867798,1.604479122,6.35437559338543,0.0,0.0,0.0,1243.2931456455838,0.0,5.810812449163095,1.2859796640356531,0.7834228504956848,0,5.044737326278501,0.7660751228845939
2349,504500,186500,Non GLA,Non GLA,0.0,6.36308609478068,0.0,0.0,0.0,0.0,0.0,0.08405,1989.2356164121763,0.0,3.29490081984157,0.0,0.0,0.0,1064.2463157652917,0.0,3.8810733914493256,0.8772721473477563,0.5015169037698874,0,5.058511984225456,-1.1774385927761304
2350,506500,186500,Outer,Hillingdon,0.0,5.42427055409956,0.0,0.0,0.0,194.4912713,0.0,0.13393,3066.6860380816806,0.3283517,5.17770188665112,0.0,0.0,0.0,2733.7957791213994,0.0,12.66850986242939,1.9492542514940276,1.052981268591951,0,9.755308643740765,2.9132012186886254
2351,508500,186500,Outer,Hillingdon,0.0,2.60779108913879,0.0,0.0,0.0,937.4392058,0.0,0.16478,5327.708037878181,0.470143255,7.41343847150304,798.61067348,0.0,0.0,2497.285104565261,0.0,16.53936844285923,2.313402031701896,1.502391698449206,0,17.43731498024962,-0.8979465373903892
2352,558500,186500,Outer,Havering,0.0,9.90972482108806,0.0,0.0,0.0,0.0,0.0,0.00715,288.2195173920058,1.579999364,0.117675328444377,0.0,0.0,0.0,14072.840300001635,0.0,26.918662530072854,5.659525555248489,1.1624376513093948,0,29.93405983020167,-3.0153973001288144
2353,560500,186500,Non GLA,Non GLA,0.0,0.145407538266499,0.0,0.0,0.0,0.0,0.0,0.0,16.111157080062657,0.0,0.0033137833538055,0.0,0.0,0.0,0.0,0.0,0.0238178972785717,0.0115728734610345,0.0039313165883706,0,-0.45544384115920344,0.47926173843777514
2354,560500,186500,Outer,Havering,0.0,8.021452634484,0.0,0.0,0.0,0.0,0.0,0.01004,253.9109612192528,0.0,0.182807589484608,0.0,0.0,0.0,49.02678437010943,0.0,1.123599988882777,0.1181623955052767,0.091119157127049,0,0.7490867653723079,0.3745132235104691
2355,510500,185500,Outer,Hillingdon,0.0,2.50347451913563,194.564955646607,0.0,0.0,277.3155462,0.0,0.25818,4850.645089428808,17.70464151,5.53064913193489,806.09464299,0.0,0.0,3491.0747079237567,0.0,19.169462302610825,2.697808772561912,1.4893520202557669,0,17.58505359328446,1.5844087093263646
2356,512500,185500,Outer,Hillingdon,0.0,0.0,10.4379312124859,0.0,0.0,208.8063288,0.0,0.0,2031.342359734504,3.407598942,1.69772258079506,387.746924193,0.0,0.0,1384.8905975494554,0.0,8.267123214652345,8.577238874680177,1.4365091828724867,0,7.889535534770741,0.37758767988160447
2357,512500,185500,Outer,Ealing,0.0,0.0,0.0,0.0,0.0,52.77639406,0.0,0.0,730.0921009112925,0.71877686,0.0755368371366959,0.0,0.0,0.0,238.60837875392056,0.0,1.2565249454355016,0.214819016231464,0.1331652023731321,0,2.247014652330842,-0.9904897068953402
2358,512500,185500,Outer,Harrow,0.0,0.0,0.0,0.0,0.0,218.1420923,0.0,0.44581,4260.443088251703,3.796802889,2.10769269969536,318.804668869,0.0,0.0,887.7330547887174,0.0,5.54745364040085,1.1542450534975153,0.8749870685217125,0,9.613620586083305,-4.066166945682456
2359,514500,185500,Outer,Harrow,0.0,0.162198479793905,0.0,0.0,0.0,33.43651024,0.0,0.0,1494.0443908096297,1.083603002,0.645228633178101,228.417657974,0.0,0.0,90.78585192451132,0.0,1.955550188377628,0.2520665888876172,0.2065026789463315,0,3.4479220700233864,-1.4923718816457583
2360,514500,185500,Outer,Ealing,0.0,1.01016080732137,0.0,0.0,0.0,273.6196153,0.0,0.39498,6794.49204255801,2.704221614,4.01844480870657,484.706015054,0.0,0.0,1946.218743028543,0.0,11.956784031783837,2.438321170823308,1.275498976936685,0,14.601508370743343,-2.644724338959506
2361,516500,185500,Outer,Brent,0.0,1.02618143314946,0.0,0.0,0.0,69.70953678,0.0,0.51559,8028.388781628213,0.689328005,6.67864386984104,720.3529681619999,0.0,0.0,3786.34875039546,0.0,15.972722100861136,2.9300710310082616,1.5078322564034847,0,19.18055015681183,-3.207828055950694
2362,516500,185500,Outer,Ealing,0.0,0.0229474956824653,0.0,0.0,0.0,0.0,0.0,0.0,1652.1865115978342,0.103081732,0.149348094468326,0.0,0.0,0.0,403.1927297920654,0.0,1.7629941592853442,0.4499266196892635,0.3008078611859616,0,3.1131694110397294,-1.3501752517543852
2363,518500,185500,Outer,Brent,0.0,1.35604823134642,0.0,0.0,0.0,682.4140519,0.0,0.6504,11606.645856436044,4.24147597,5.05995619475838,1051.2151363,0.0,0.0,6401.684481973994,0.0,29.89527264239623,6.480037210660217,4.242268047188551,1,33.05851235952354,-3.1632397171273112
2364,520500,185500,Outer,Brent,0.0,0.473238075583852,0.0,0.0,0.0,12.11966053,0.0,0.512854296035715,6373.925019502743,21.228981398,1.45717173000832,848.418401975,0.0,0.0,4770.68605887215,0.0,21.07818512496868,4.737716540660201,2.732603451482441,0,21.42587944998749,-0.3476943250188107
2365,544500,185500,Outer,Redbridge,0.0,0.841815476961646,0.0,0.0,0.0,0.0,0.0,0.52461,11277.475755743144,0.79581708,0.569789802273052,0.0,0.0,0.0,1681.9812102411022,0.0,9.940422242973924,2.297489317796197,1.7808757385530638,0,15.453979612452533,-5.51355736947861
2366,544500,185500,Outer,Barking and Dagenham,0.0,0.0107791947809414,0.0,0.0,0.0,0.0,0.0,0.0,426.18748385536577,0.090054301,0.0072960194670491,0.0,0.0,0.0,8.709682391466256,0.0,0.5775257733591255,0.109222058677078,0.0959960757547533,0,0.3938572756758507,0.18366849768327476
2367,546500,185500,Outer,Barking and Dagenham,0.0,1.10998984051801,0.0,0.0,0.0,15.1280869,0.0,0.32958,6038.032097251627,0.074328853,1.43105851406507,0.0,0.0,0.0,3010.155857163867,0.0,11.60453443318266,2.69592581005736,1.710653617513465,0,12.449788100139262,-0.8452536669566015
2368,546500,185500,Outer,Redbridge,0.0,0.0239917511702111,0.0,0.0,0.0,0.0,0.0,0.0,1080.9916543913191,0.01092776,0.0309314368358503,0.0,0.0,0.0,781.9533378710507,0.0,2.2698821933512106,0.5722889224950146,0.3023442081588998,0,2.5565396518736865,-0.2866574585224759
2369,548500,185500,Outer,Barking and Dagenham,0.0,1.56467166776351,0.0,0.0,0.0,7.564043448,0.0,0.41927,8703.763055273337,0.813294911,5.53064913193489,0.0,0.0,0.0015583148086,2398.552938379442,0.0,12.60805028976572,2.939807336205922,2.137841260420106,0,12.658909216003007,-0.050858926237287605
2370,550500,185500,Outer,Barking and Dagenham,0.0,3.96383409547562,0.0,0.0,0.0,157.5939348,0.0,0.1611,4223.702828809122,0.138525975,0.706040243424871,8.350097063,0.0,0.0,1589.9990071671482,0.0,9.387215098286385,51.25386835124518,6.024646113294602,0,8.492838233924218,0.894376864362167
2371,552500,185500,Outer,Havering,0.0,0.20862268998715,0.0,0.0,0.0,41.77414904,0.0,0.44987,8210.76934301222,0.915927462,6.0013429067715,10.86453367,0.0,0.0,3473.6773934397806,0.0,12.69570454506943,2.9297008793657127,1.906687436528824,0,14.25593389805489,-1.5602293529854592
2372,554500,185500,Outer,Havering,0.0,5.84143979821986,0.0,0.0,0.0,114.9729346,0.0,0.11066,2433.861534825418,0.147360946,2.94183462682366,0.0,0.0,0.0,933.974135364183,0.0,4.574455101425076,1.5947535470274818,0.7312698180781997,0,4.480688296385781,0.09376680503929524
2373,556500,185500,Outer,Havering,0.0,4.38104513967263,0.0,0.0,0.0,17.87864815,0.0,0.19482,3659.040832732043,0.666516656,6.11896713794981,0.0,0.0,0.0,656.2102290150964,0.0,4.113993321978388,1.0861903901806271,0.8392054473094877,0,3.647697664363376,0.4662956576150119
2374,504500,184500,Non GLA,Non GLA,0.0,5.77080140073392,0.0,0.0,0.0,0.0,0.0,0.03904,868.0537130737741,0.0,1.96334041006073,0.0,0.0,0.0,438.93145810776,0.0,1.9770759528756936,0.4322886886477234,0.2675401982844382,0,2.959534168411672,-0.9824582155359782
2375,504500,184500,Outer,Hillingdon,0.0,0.0260115905911118,0.0,0.0,0.0,0.0,0.0,0.0,385.4218976031663,0.0,0.0088498789517076,0.0,0.0,1.43427,5.489369202319567,0.0,0.598344050573107,0.0551275798654055,0.0429255310535112,0,1.4730275060082825,-0.8746834554351754
2376,506500,184500,Outer,Hillingdon,0.0,3.44232514202398,0.0,0.0,0.0,541.1622609,0.0,0.19892,5564.98613236659,0.273697306,7.29585277268931,0.0,0.0,0.0,2163.8817549593778,0.0,15.185973905645689,2.6064084365695317,1.1527984141432237,0,11.806209842771668,3.3797640628740204
2377,508500,184500,Outer,Hillingdon,0.0,5.73714039610534,95.3485421535831,0.0,0.0,137.037058,0.0,0.14411,4022.454683920676,0.0,3.53020875606525,0.0,0.0,0.0,8654.261251440625,0.0,26.118674326614137,5.024099235837238,2.066791252688134,0,23.47909574629164,2.639578580322496
2378,558500,184500,Non GLA,Non GLA,0.0,0.205701163197274,0.0,0.0,0.0,0.0,0.0,0.0,60.96455737297914,0.0,0.0161894567439332,1.426269958,0.0,0.0,1139.7628966012498,0.0,2.156916900948946,0.4585994227882236,0.0894009129287639,0,2.025953786079727,0.13096311486921897
2379,558500,184500,Outer,Havering,0.0,6.45972413997866,0.0,0.0,0.0,0.0,0.0,0.0041,300.3245250962703,0.0,0.508408583158591,7.608973983,0.0,0.0,11957.558911040236,0.0,22.769932651899182,4.768727050590107,0.9634569944528084,0,25.127467058983058,-2.3575344070838753
2380,560500,184500,Non GLA,Non GLA,0.0,7.49401553443931,0.0,0.0,0.0,0.0,0.0,1e-05,340.06982981461965,0.0,0.0,0.0,0.0,0.0,42.6073436915953,0.0,0.8280302502584412,0.0747357196075811,0.0545646638121454,0,0.8197521355510116,0.008278114707429673
2381,560500,184500,Outer,Havering,0.0,0.242272498166613,0.0,0.0,0.0,0.0,0.0,0.0,43.658859643974,0.0,0.0,0.0,0.0,0.0,0.0,0.0,0.125749024232197,0.0220649374205432,0.0135384098801172,0,-0.388851813804294,0.514600838036491
2382,510500,183500,Outer,Hillingdon,0.0,0.507613413666166,0.0,0.0,0.0,0.0,0.0,0.0,678.4278732585549,0.12923403,0.106346813258112,0.0,0.0,0.0,32.823165032316794,0.0,1.704105192713381,0.1409623228585928,0.1119483500088138,0,1.6726266275930897,0.031478565120291346
2383,510500,183500,Outer,Ealing,0.0,3.95901738306502,0.0,0.0,0.0,0.0,0.0,0.0525,1748.263175567149,0.360914731,0.829428413748155,0.0,0.0,0.0,123.94467972038416,0.0,2.670473754717437,0.4516564462146771,0.39279978673706,0,3.1870524498186548,-0.5165786951012179
2384,512500,183500,Outer,Ealing,0.0,4.48540052403273,0.0,0.0,0.0,66.01347009,0.0,0.26533,5175.06702482478,1.79120613,5.76600816542464,0.0,0.0,0.02797,13543.077467331086,0.0,32.97529966413188,5.68463325674713,2.311640092994268,1,33.36781156298926,-0.3925118988573786
2385,514500,183500,Outer,Ealing,0.0,0.938816287111059,0.0,0.0,0.0,0.171910078,0.0,0.36167,6705.760061891041,2.259560758,6.35445182045449,22.861318055,0.0,0.0,13493.702932110367,0.0,36.106599347107526,8.065746241687062,3.529345566483717,1,34.13913447910548,1.9674648680020468
2386,516500,183500,Outer,Ealing,0.0,1.77329808990037,0.0,0.0,0.0,225.9145685,0.0,0.37024,5702.565713890383,29.81050641,3.53020875606525,2.251968163,0.0,4.72606,2106.153922341399,0.0,11.58200600552081,2.4285993929932506,1.412380666799084,0,11.645956472261323,-0.06395046674051308
2387,518500,183500,Outer,Brent,0.0,0.0,0.0,0.0,0.0,518.7449441,0.0,0.72575,8904.297042428021,105.2491955,1.48371801622305,0.0,0.0,7.68653,3416.6957590113807,0.0,20.44696546741704,3.436819391986517,2.013848889887801,0,20.026598114528007,0.42036735288903415
2388,518500,183500,Outer,Ealing,0.0,0.0,0.0,0.0,0.0,0.0,0.0,0.0,2567.394114762748,27.30681274,0.073136103291396,0.0,0.0,0.0,2945.476408122216,0.0,10.7983651013246,1.9512156881016376,0.7830868608424418,0,9.252071360457832,1.5462937408667692
2389,544500,183500,Outer,Barking and Dagenham,0.0,0.26656506060313,0.0,0.0,0.0,57.73852808,0.0,0.44867,9089.43415723242,6.709012543,0.300710761476062,73.93767676,0.0,0.0226382582811,8196.800347729755,0.0,28.07250237899485,7.278281043584857,2.7283989813226763,1,27.225267000643726,0.847235378351126
2390,544500,183500,Outer,Newham,0.0,0.0018586105536004,0.0,0.0,0.0,103.1428601,0.0,0.0,180.63138263453436,0.560176988,0.0020966632291646,0.0,0.0,0.04756199133188,584.237799285483,0.0,2.178311382612008,5.614597855921022,0.6666985509463488,0,1.8238650363731495,0.35444634623885873
2391,546500,183500,Outer,Barking and Dagenham,0.0,0.312938513560373,0.0,0.0,0.0,0.0,0.0,0.25332,5838.138686922115,1.632430895,1.17675077146348,372.3244669,0.0,0.0,10275.663788291236,0.0,31.54432219273957,7.240935302814057,2.9691087369913496,1,28.721949321544958,2.822372871194613
2392,548500,183500,Outer,Barking and Dagenham,0.0,0.521564189267288,0.0,0.0,0.0,25.47502807,0.0,0.24854,4271.109786561879,0.130644479,1.76512573836516,155.349941,0.0,0.0023374722129,9549.478692468094,0.0,27.7910603675504,6.244597484436069,2.102764255557364,1,24.587026656174658,3.204033711375743
2393,550500,183500,Outer,Havering,0.0,1.2688674535035,0.0,0.0,0.0,214.0044533,0.0,0.1591,1834.9841961659797,0.348518523,0.195191556396302,0.0,0.0,0.0,632.6544836793549,0.0,3.904064914675253,0.9717617728715736,0.3454740552124897,0,4.298513311160722,-0.39444839648546903
2394,550500,183500,Outer,Barking and Dagenham,0.0,1.03211331189221,0.0,0.0,0.0,0.0,0.0,0.0,1796.4082831267424,0.314327175,0.158771770588223,0.0,0.0,0.0,542.3224656858347,0.0,3.60372111350622,0.7414104853919139,0.5054740821973109,0,2.7484348873560123,0.8552862261502079
2395,552500,183500,Outer,Havering,0.0,7.92777940901248,0.0,0.0,0.0,27.07583734,0.0,0.11163,2387.169960435629,0.611644764,1.29442526224775,0.0,0.0,0.0,1686.6766450546506,0.0,6.300420772525373,1.239469650588763,0.6673985483394225,0,6.438280322758578,-0.1378595502332045
2396,554500,183500,Outer,Havering,0.0,7.92777940901248,0.0,0.0,0.0,0.0,0.0,0.01942,964.992157791276,0.343349415,0.47070047611741,0.0,0.0,0.0,457.5955010007715,0.0,2.692164149991436,0.4600821337956811,0.2945369860382902,0,2.4040016786268126,0.2881624713646236
2397,556500,183500,Non GLA,Non GLA,0.0,0.137405809296781,0.0,0.0,0.0,0.0,0.0,0.0,173.10853500100774,0.18185445,0.005741322322291,0.0,0.0,0.0,234.3984070606429,0.0,0.7959109653565055,0.1303055689215222,0.0604561697067626,0,0.3283539278595171,0.4675570374969884
2398,556500,183500,Outer,Havering,0.0,6.43168076708759,0.0,0.0,0.0,0.0,0.0,0.00315,308.75444832421726,1.244180997,0.268724710574882,0.0,0.0,0.0,548.0282236495136,0.0,2.247313841705361,0.3766713808663883,0.2048390866355586,0,1.755839887974119,0.49147395373124203
2399,504500,182500,Non GLA,Non GLA,0.0,4.32195028122743,40.8884106119206,0.0,0.0,0.0,0.0,0.02421,602.4430687097088,4.06077386,0.457085148859383,0.0,0.0,0.0,13789.902772848458,0.0,27.8846300573718,6.19764123782496,1.7411558579237412,1,30.621334483249257,-2.7367044258774555
2400,504500,182500,Outer,Hillingdon,0.0,0.254875967723859,14.174137539874,0.0,0.0,0.0,0.0,0.0,1023.7691232685944,0.986128057,0.0269550643433035,0.0,0.0,0.71841,93.87604662521574,0.0,2.00017907111382,0.2083195003484902,0.1607193681119288,0,2.361314213663263,-0.36113514254944334
2401,506500,182500,Outer,Hillingdon,0.0,2.92071989910993,0.0,0.0,0.0,26.05400598,0.0,0.31523,6666.071210344426,2.306448765,7.29575057815717,0.0,0.0,0.0,3695.878803680006,0.0,19.327889366815967,3.5103702460072963,1.4778903408072797,0,14.000849359149253,5.327040007666714
2402,508500,182500,Outer,Hillingdon,0.0,4.58966633679989,0.0,0.0,0.0,62.74717861,0.0,0.20572,4756.081508585965,15.5079897,6.11896713794981,0.0,0.0,0.0,1844.83324344884,0.0,11.609025349843748,1.9165416750577229,1.2720135154903105,0,8.771988579624747,2.837036770219001
2403,510500,181500,Outer,Hillingdon,0.0,0.730189864974203,0.0,0.0,0.0,104.6072827,0.0,0.45776,9221.025598612196,1.034753226,8.82562785416572,0.0,0.0,0.0,3545.385702706516,0.0,16.715897532914685,3.303674711183365,2.1456253225290416,0,16.007647111111055,0.7082504218036298
2404,512500,181500,Outer,Hillingdon,0.0,0.795256909378984,0.0,0.0,0.0,0.0,0.0,0.33414,2271.668574041689,6.357881464,1.44181071910284,0.0,0.0,5.20937,196.8853898274825,0.0,3.792661961121613,0.4349108986148615,0.3432678392847662,0,3.974522515653991,-0.18186055453237815
2405,512500,181500,Outer,Ealing,0.0,0.667883864921939,0.0,0.0,0.0,0.0,0.0,0.0,4447.1835037018645,5.826517206,1.21088123221949,0.0,0.0,2.93896,1707.8585495692255,0.0,6.746833096770205,1.376577572606899,0.9035299341618812,0,8.439021106905628,-1.692188010135423
2406,514500,181500,Outer,Ealing,0.0,5.21564487839264,0.0,0.0,0.0,31.2476005,0.0,0.3322,6722.838338879276,3.24058592,4.35397626286067,0.0,0.0,0.0,2019.5315777139815,0.0,11.511872678951631,1.8800485797150996,1.085244653668362,0,11.645255452512995,-0.13338277356136352
2407,516500,181500,Outer,Ealing,0.0,0.417246872834183,0.0,0.0,0.0,222.7954616,0.0,0.6941,12054.787448329676,0.116903366,6.70739655275797,0.0,0.0,0.0,3125.022791591932,0.0,15.987172985207724,2.801645814522233,1.657856067368266,0,19.406721010050138,-3.4195480248424133
2408,518500,181500,Outer,Ealing,0.0,0.499802024331456,0.0,0.0,0.0,66.09942513,0.0,0.259124779425104,7885.041830684312,0.702252314,5.27935947867197,0.0,0.0,0.0,2904.928086768107,0.0,14.556735968024674,1.880006745718111,0.9719398811593822,0,13.627928340098503,0.9288076279261706
2409,544500,181500,Outer,Newham,0.0,0.0,0.0,0.0,0.0,0.0,0.0,0.17112,4099.019896121724,3.42098816,0.0,0.0,0.0,99.93406522642226,591.9609781812501,0.0,10.883041057594443,0.9232347462910228,0.6047703058616856,0,6.580452858425112,4.302588199169332
2410,544500,181500,Outer,Greenwich,0.0,0.0,0.0,0.0,0.0,0.0,0.0,0.0,0.6997927234117,0.00236332,0.0,0.0,0.0,0.04701,0.0,0.0,0.0038240181049872,0.0092396077683635,0.001633156019139,0,0.022381349554560614,-0.018557331449573413
2411,546500,181500,Outer,Barking and Dagenham,0.0,0.0885892911419742,0.0,0.0,0.0,0.0,0.0,0.08189,767.8607731243417,0.460544251,0.0,0.0,0.0,356.05268455640766,115.92484578800602,0.0,7.989309002551579,0.4109704245119724,0.3286155361346271,0,4.648149053681241,3.341159948870338
2412,546500,181500,Outer,Greenwich,0.0,0.0253174107457912,0.0,0.0,0.0,0.0,0.0,0.0,716.6340742476675,0.246201251,0.0,0.0,0.0,18.7655709454088,81.94643553945986,0.0,1.202661295727782,0.1112814239591727,0.0687190546487901,0,1.0143323646127094,0.18832893111507265
2413,548500,181500,Outer,Barking and Dagenham,0.0,0.0747460014523863,0.0,0.0,0.0,0.0,0.0,0.0,210.3916866764646,2685.330078125,0.0421602704702697,0.0,0.0,2691.8836834404983,16.365112307289337,0.0,45.552767906388425,3.4429150318633432,3.376148182514489,1,29.463189266337857,16.08957864005057
2414,548500,181500,Outer,Bexley,0.0,0.138794915417364,0.0,0.0,0.0,0.0,0.0,0.03033,1105.5499791341233,0.0,0.0782868752435068,0.0,0.0,191.59699928384208,48.59314378857099,0.0,4.82175234920414,0.1959346044918551,0.1649290183235755,0,3.0244556679079295,1.7972966812962108
2415,550500,181500,Outer,Bexley,0.0,9.554303247424e-05,0.0,0.0,0.0,0.0,0.0,0.0,3.96930266668264,0.54204393,1.50778817918352e-05,0.0,0.0,24.083973097073383,0.0,0.0,0.4720066948275259,0.0300909329615911,0.0215305048330278,0,0.09803599123080531,0.3739707035967206
2416,550500,181500,Outer,Havering,0.0,0.713563138033862,0.0,0.0,0.0,0.0,0.0,0.14346,1070.026782868391,60.000731650000006,0.114995653785929,0.0,0.0,64.50994452296607,122.53606086902056,0.0,4.275337023420192,0.3358868577000309,0.285823951012545,0,2.220518177867344,2.054818845552848
2417,552500,181500,Outer,Havering,0.0,5.42427055409956,0.0,0.0,0.0,54.06571965,0.0,0.13139,2922.1665068685606,0.443450314,2.70652585293989,147.3274775,0.0,0.0,7818.519494893142,0.0,19.56200466678931,3.89890958733808,1.227031333355023,0,19.726728992909756,-0.16472432612044585
2418,554500,181500,Non GLA,Non GLA,0.0,5.97143952964e-06,0.0,0.0,0.0,0.0,0.0,0.0,1.9713439198704896,0.000721222,0.0,0.0,0.0,0.0,0.0,0.0,0.0056951204334434,0.0093053812337437,0.001698878624755,0,-0.2508428789871857,0.2565379994206291
2419,554500,181500,Outer,Havering,0.0,4.57901552796884,0.0,0.0,0.0,0.0,0.0,0.00103,562.1613799672234,0.615743442,0.0,0.0,0.0,0.0,1419.887744788513,0.0,4.279406331020077,0.9120480172777946,0.3181887343419433,0,3.7424278004893985,0.5369785305306785
2420,556500,181500,Non GLA,Non GLA,0.0,5.52851695968825,0.0,0.0,0.0,0.0,0.0,0.09772,2902.172977485025,0.1489534,3.17718779669272,0.0,0.0,0.0,401.7070594993678,0.0,3.393271625201377,0.5918466041922281,0.4605780211537076,0,3.193339687513994,0.1999319376873827
2421,505500,180500,Non GLA,Non GLA,0.0,0.0019675893250163,0.0,0.0,0.0,0.0,0.0,0.0,23.00788163216996,0.199129223,0.0024660713330645,64.90397644,0.0,0.0,4.155642450168075,0.0,0.4658054792946852,0.0240541644673938,0.0129235385437167,0,1.4371246096407209,-0.9713191303460357
2422,505500,180500,Outer,Hillingdon,0.0,1.75800523326496,0.0,0.0,0.0,736.9936783,0.0,0.12021,4420.031549607596,19.152610847,2.20355535914755,342.7087166,0.0,3.26524,1598.3921199821102,0.0,15.454459839025487,2.492132890173456,1.1167390199790033,0,13.343599059574363,2.1108607794511247
2423,507500,180500,Outer,Hillingdon,0.0,5.94575188964337,0.0,0.0,0.0,206.2857201,0.0,0.06685,3145.598621560004,0.317235572,2.58881450511123,0.0,0.0,0.46415,3641.661540781523,0.0,15.388455093262056,39.98024983717692,4.869434219608856,0,12.523647011325853,2.8648080819362036
2424,509500,179500,Outer,Hillingdon,0.0,0.208625675706915,0.0,0.0,0.0,1042.219154,0.0,0.62636,10759.98282905318,66.32039756,1.52977591913651,358.2933054,0.0,2.37324,4945.232608675278,0.0,33.317640942854155,16.12511535541005,3.328972573326073,1,28.921661863550632,4.3959790793035225
2425,511500,179500,Outer,Ealing,0.0,0.420951404632383,0.0,0.0,0.0,208.1100783,0.0,0.3436,7080.905757398001,21.12674728,0.791456443775617,356.1355355,0.0,3.06372,1162.3209119046446,0.0,11.984985307753428,2.960069372438487,1.39554772998799,0,13.41084220562617,-1.425856897872741
2426,511500,179500,Outer,Hillingdon,0.0,0.0202536300246565,0.0,0.0,0.0,0.0,0.0,0.0,1213.618443056106,4.634118188,0.0380800281253792,0.0,0.0,2.69029,0.0,0.0,2.2622753374784703,0.1310036274695885,0.1150992849137746,0,2.1462064185076155,0.1160689189708548
2427,513500,179500,Outer,Ealing,0.0,1.35606763852489,0.0,0.0,0.0,891.9706327,0.0,0.95099,10023.088379522032,67.89471201,4.94235206742246,163.50707728999998,0.0,2.3329,1105.0545806675802,0.0,19.83502897599692,6.58729005070727,2.10529762661089,0,18.453719305106702,1.381309670890218
2428,515500,179500,Outer,Ealing,0.0,3.33801230417052,0.0,0.0,0.0,244.0582177,0.0,0.35931,8266.477490920553,7.014157643,2.00047555759382,15.80206458,0.0,1.97208,1562.5405746730964,0.0,10.983536028826896,2.011956466714405,1.464286956119323,0,13.807769033502755,-2.8242330046758592
2429,517500,179500,Outer,Ealing,0.0,0.730189864974203,0.0,0.0,0.0,215.8331034,0.0,0.70125,11744.502472295004,2.726300342,2.82420118138426,0.0,0.0,0.0,3240.6703471517403,0.0,16.234057841939066,3.858092963019839,2.7088142521387835,0,20.58196453092495,-4.3479066889858835
2430,519500,179500,Outer,Ealing,0.0,9.3303742650625e-05,0.0,0.0,0.0,0.0,0.0,0.0,125.27314453627088,15.53369076,0.0076855314133382,0.0,0.0,0.0,228.36482457983132,0.0,1.0028153266406643,0.1601393064464469,0.083780550238326,0,1.3390828516755509,-0.33626752503488655
2431,519500,179500,Outer,Hounslow,0.0,0.0078920037683604,0.0,0.0,0.0,0.0,0.0,0.222710474525943,551.0439515204223,7.131487972,0.0324065562711515,0.0,0.0,0.0,487.7247022300996,0.0,2.035305685134376,0.256148496046321,0.1398402118718795,0,2.7874729287593656,-0.7521672436249895
2432,543500,179500,Outer,Greenwich,0.0,0.0215457002528823,0.0,0.0,0.0,579.0338509,0.0,0.110361496419976,2855.115374818573,0.598832274,0.0297570373762862,2.646287669,0.0,323.42015160566217,3485.6442023209947,0.0,19.45011691202248,2.843373461189975,1.3137133054199912,0,15.99232817564217,3.4577887363803104
2433,543500,179500,Outer,Newham,0.0,0.0088952056093399,0.0,0.0,0.0,102.4466096,0.0,0.0,523.1284011478389,0.477433143,0.0152437384915453,0.0,0.0,609.0269750664128,186.72492809068015,0.0,11.485736444484235,0.4688767361606183,0.382838774537124,0,7.399809002175235,4.085927442309
2434,545500,179500,Outer,Greenwich,0.0,0.73018165424485,0.0,0.0,0.0,151.3334994,0.0,0.2083,4037.734142443982,29.30632462,0.117673653124178,0.0,0.0,0.0,4783.110784235679,0.0,18.081353659068867,5.801203439723008,1.908560874755688,0,14.991927146037817,3.08942651303105
2435,547500,179500,Outer,Greenwich,0.0,0.0,0.0,0.0,0.0,102.4466096,0.0,0.0,2314.7142762597755,2.253933394,0.276142190756366,10.64653857,0.0,0.0,1218.9987914794715,0.0,5.129414710868261,1.3922204397390177,0.6687936384668102,0,5.1254943129024895,0.003920397965771372
2436,547500,179500,Outer,Bexley,0.0,0.0,0.0,0.0,0.0,116.9730112,0.0,0.34402,6218.01275004837,4.326138036,1.01730803513552,18.49696044,0.0,0.0,2368.289658344645,0.0,10.242036290345697,1.9194790236380497,0.942903875296225,0,11.931561134290659,-1.6895248439449624
2437,549500,179500,Outer,Bexley,0.0,1.04311643565552,0.0,0.0,0.0,2.492696136,0.0,0.24109,4569.739918264241,68.68472395,0.588368265620892,29.21872454,0.0,0.0,4816.481691425068,0.0,18.307834378068645,3.2534230448092574,1.495880424623997,0,14.954634808666793,3.353199569401852
2438,551500,179500,Outer,Bexley,0.0,0.0,0.0,0.0,0.0,0.0,0.0,0.0,143.1632456227468,0.0,0.0,0.0,0.0,419.8972508838646,0.0,0.0,7.847719698017086,0.3318444682869971,0.3085306717275866,0,4.123522672216973,3.7241970258001125
2439,551500,179500,Outer,Havering,0.0,0.0,0.0,0.0,0.0,0.0,0.0,0.0,182.26051833575235,0.0,0.0,0.0,0.0,293.8148121444365,10.33037307682786,0.0,5.938597608831003,0.155949816279391,0.1375709749917332,0,2.9429720003599815,2.9956256084710216
2440,553500,179500,Non GLA,Non GLA,0.0,0.606666159723952,0.0,0.0,0.0,0.0,0.0,0.0,332.6931492121757,0.0,0.0,0.0,0.0,0.00019,37.66914035024443,0.0,0.5216421111430376,0.0472185597118296,0.0289060470711101,0,0.2709027088763296,0.250739402266708
2441,553500,179500,Outer,Havering,0.0,4.68089351135409,0.0,0.0,0.0,0.0,0.0,0.0,373.4746248727022,0.0,0.0,0.0,0.0,0.0125355510416,97.05828849355288,0.0,1.103662742532808,0.1138081403687162,0.0740589819882921,0,0.9016546862847239,0.20200805624808416
2442,555500,179500,Non GLA,Non GLA,0.0,5.52858339195302,0.0,0.0,0.0,0.0,0.0,0.01037,1554.422202635437,0.0,1.29442526224775,82.81118994,0.0,0.0,7853.208135023834,0.0,17.39314886738697,3.757505515235803,0.92054949546886,0,18.054990174455703,-0.6618413070687339
2443,557500,179500,Non GLA,Non GLA,0.0,5.42427055409956,0.0,0.0,0.0,0.0,0.0,0.04836,6973.683507715381,0.0,1.64745040992079,0.0,0.0,0.0,14930.265855782458,0.0,37.90322273652384,7.488169762606453,1.8016962334476443,1,37.376023270910196,0.5271994656136414
2444,505500,178500,Outer,Non GLA,0.0,3.732149706025e-06,0.0,0.0,0.0,0.0,0.0,0.0,0.8910125590557495,0.003330521,3.35064039818559e-06,0.0,0.0,0.0,0.0,0.0,0.0049653190127706,0.0093662397459789,0.0017473561576651,0,1.1323922696009685,-1.127426950588198
2445,505500,178500,Outer,Hillingdon,0.0,3.85228909792183,0.0,0.0,0.0,0.0,0.0,0.03616,3917.0486960210087,3.545712393,3.52358453999804,0.0,0.0,0.0,10487.75228378464,0.0,29.339772740198605,5.03570240790099,1.7738038542246684,1,25.930321866292587,3.4094508739060174
2446,507500,178500,Outer,Hillingdon,0.0,5.11133129410924,0.0,0.0,0.0,74.95279417,0.0,0.09569,3919.955268023288,0.087778242,2.70652585293989,0.140289276,0.0,0.0,18868.332495311264,0.0,49.39433360508992,10.147614581381829,4.3229151903101695,1,43.99244305589081,5.401890549199109
2447,509500,177500,Outer,Hillingdon,0.0,8.65784909876615,0.0,0.0,0.0,31.3735893,0.0,0.09461,4281.673487953016,0.0,1.6474277930981,0.0,0.0,0.0,346.56285951312003,0.0,9.125176014280036,0.6990555595875628,0.5090428817954559,0,6.72229267428094,2.4028833399990965
2448,511500,177500,Outer,Hounslow,0.0,1.66898301275708,0.0,0.0,0.0,165.8900387,0.0,0.20907,5556.691436836058,0.371138679,6.11901655989568,0.0,0.0,0.0,6830.331679007778,0.0,20.46242471186725,10.624279498527978,2.2593333377288447,0,19.901792048744234,0.5606326631230161
2449,513500,177500,Outer,Hounslow,0.0,5.73712845322628,0.0,0.0,0.0,24.06741097,0.0,0.17669,5489.750747392943,0.946609155,2.94183462682366,0.0,0.0,0.0,3850.993012790834,0.0,12.307312635265047,2.2994911973100383,1.1572507694042746,0,14.411812241904444,-2.104499606639397
2450,515500,177500,Outer,Hounslow,0.0,3.6509000604949,0.0,0.0,0.0,0.0,0.0,0.22539,5114.001284344042,0.644924002,5.88366925364733,0.0,0.0,0.0,4601.763732241083,0.0,14.62556280286196,2.885226504220649,1.3496240901551595,0,14.389396582955003,0.2361662199069574
2451,517500,177500,Outer,Hounslow,0.0,0.0,0.0,0.0,0.0,199.2420964,0.0,0.59997,7962.545211681606,34.88915116,1.05350751633741,18.650071414,0.0,3.98887,4527.908872965102,0.0,18.318278392009177,4.911141705739759,2.0900867828435565,0,19.9292864040942,-1.6110080120850228
2452,517500,177500,Outer,Richmond,0.0,0.0,0.0,0.0,0.0,0.0,0.0,0.0,0.4450617874311283,0.091838377,7.53894089591758e-06,0.0,0.0,0.1993,0.0,0.0,0.0071644535284616,0.0095266487450255,0.0019202285662677,0,0.8191395323609978,-0.8119750788325362
2453,519500,177500,Outer,Richmond,0.0,0.0,0.0,0.0,0.0,0.0,0.0,0.0820368610792711,1037.5675668669817,1.825944353,0.0428488270720969,0.120128752,0.0,0.580286606715519,422.14583910368174,0.0,1.6190151842267302,0.3270154991990032,0.1762638763719177,0,2.8181780227314146,-1.1991628385046844
2454,543500,177500,Outer,Greenwich,0.0,0.872787840942006,44.6662339165507,0.0,0.0,407.1454264,0.0,0.373242574887065,11666.249084312672,0.141451879,3.22914869032768,0.0,0.0,0.0041909113827893,3793.954111927529,0.0,18.24654108955234,4.154859357551648,2.450126909105387,0,21.07400962339308,-2.82746853384074
2455,545500,177500,Outer,Bexley,0.0,0.0066454657665481,0.0,0.0,0.0,0.0,0.0,0.0,182.0069308186751,0.052251243,0.0187426447273506,0.0,0.0,0.0,64.83850112112094,0.0,0.3516778047853294,0.0880021524645855,0.0638652710684652,0,0.353554632748013,-0.0018768279626836248
2456,545500,177500,Outer,Greenwich,0.0,1.66082378706977,44.6662339165507,0.0,0.0,35.88533665,0.0,0.25655,6946.038757600785,0.826008908,4.6839263877715,0.0,0.0,0.0,2092.008184694296,0.0,9.548957154277597,2.339363071782627,1.6897109130019126,0,10.695992125830388,-1.1470349715527917
2457,547500,177500,Outer,Greenwich,0.0,0.0530778866891464,0.0,0.0,0.0,0.0,0.0,0.0,293.6529801387443,0.0,0.419135795709533,0.0,0.0,0.0,1970.4342145607,0.0,5.439103229282094,1.0062509831038189,0.4245447713149691,0,4.209068852354365,1.2300343769277289
2458,547500,177500,Outer,Bexley,0.0,0.625592637313146,0.0,0.0,0.0,0.0,0.0,0.27405,6923.095230014247,0.0,4.94010378771528,0.0,0.0,0.0,2440.73512215773,0.0,9.457125540328112,2.258118806055042,1.5552522258755044,0,10.869360087111074,-1.4122345467829618
2459,549500,177500,Outer,Bexley,0.0,0.312931795690902,11.0153964713819,0.0,0.0,110.5629059,0.0,0.3097,9757.81096106868,0.421925031,10.2375031142911,0.0,0.0,0.0,1700.4752903464562,0.0,12.867684172860988,2.5589635865669127,1.7662090541563995,0,10.944355575422922,1.9233285974380667
2460,551500,177500,Outer,Bexley,0.0,0.20862268998715,0.0,0.0,0.0,139.4178506,0.0,0.29881,7069.1268309752095,0.386167057,4.11856864508515,36.24764835,0.0,0.0,5890.794371208486,0.0,20.812266811533444,4.885482337803509,2.118951171835993,0,19.049721064649816,1.762545746883628
2461,553500,177500,Non GLA,Non GLA,0.0,0.220479729603192,0.0,0.0,0.0,0.0,0.0,0.0,192.5640169217548,2.646492706,0.0085768017592555,0.0,0.0,0.0,0.0,0.0,0.4391545905796394,0.0397639918748472,0.0301917443819615,0,0.0416449364309468,0.3975096541486926
2462,553500,177500,Outer,Bexley,0.0,3.9605983216805,0.0,0.0,0.0,0.0,0.0,0.04571,701.816283077812,11.21677668,0.154066633809071,0.0,0.0,0.01929876942582,113.10083212593445,0.0,2.384245204874748,0.2594783644679726,0.203825669143364,0,1.2669710280719624,1.1172741768027854
2463,504500,176500,Non GLA,Non GLA,0.0,0.0007643442597939,0.0,0.0,0.0,0.0,0.0,0.0,35.833227852834824,0.0,0.0001985254435924,0.0,0.0,0.0,0.0,0.0,0.0817032080277852,0.0159209522259906,0.0076936829763255,0,1.2213568988307646,-1.1396536908029793
2464,504500,176500,Outer,Hillingdon,0.0,5.29625184774337,13311.3321415851,0.0,0.0,0.0,0.0,0.01433,2652.646489786295,0.0,1.37877344597158,0.0,0.0,0.0,12812.158545724777,0.0,134.29306055327154,6.797819374065823,2.533737056855688,1,75.24010305749181,59.05295749577974
2465,506500,176500,Outer,Hillingdon,0.0,1.35606763852489,63004.4508665362,0.0,0.0,103.1428601,0.0,0.00495,2639.293923550479,0.0,0.117675328444377,0.0,0.0,0.0,1490.3201716646129,0.0,200.15821010044365,10.24880937711843,4.557402095033435,1,219.89544395565318,-19.737233855209524
2466,508500,175500,Outer,Hillingdon,0.0,1.35605121706618,111308.254545041,0.0,0.0,0.0,0.0,0.0,2525.7337814389707,0.0,0.0,0.0,0.0,0.0,8.91496667445289,0.0,368.4184145007793,8.810927988146531,6.789502824939522,1,379.2359603897282,-10.817545888948871
2467,510500,175500,Outer,Hounslow,0.0,1.05911616144525,11658.4466635958,0.0,0.0,163.6189823,0.0,0.05571,2682.956496416571,3.016539711,1.10944394480482,0.0,0.0,0.0,4229.4220194325335,0.0,101.53422449786814,13.054901768248977,2.5456412069353616,1,52.291547072948276,49.24267742491986
2468,510500,175500,Outer,Hillingdon,0.0,0.0321576947269938,44.6105202611545,0.0,0.0,0.0,0.0,0.0,509.3882140265218,0.525631193,0.0336856632431588,0.0,0.0,0.0,1506.1343823624811,0.0,5.050050800932202,1.0000988581984696,0.3922856138515328,0,4.772086627501984,0.2779641734302176
2469,512500,175500,Outer,Hounslow,0.0,0.312934781410667,10495.8953987316,0.0,0.0,63.43481892,0.0,0.42696,10695.742850404797,4.170770418,3.76555606231361,0.0,0.0,0.0,4351.986301437197,0.0,91.68807752167172,3.702551486752182,2.240084687693208,1,55.81184890474432,35.87622861692739
2470,514500,175500,Outer,Hounslow,0.0,0.938816287111059,10437.8693503539,0.0,0.0,264.5374024,0.0,0.43632,9843.755451625411,11.05425134,6.00142667278146,31.316564861,0.0,0.0,3411.798887061092,0.0,124.02691743208274,9.95933426345932,2.735365973238016,1,53.23717009809168,70.78974733399106
2471,516500,175500,Outer,Richmond,0.0,0.137277423346894,3521.75656921651,0.0,0.0,8.509548879,0.0,0.0,1923.1170663383384,1.905690418,0.193577385384476,0.0,0.0,5.59134,382.5712097857364,0.0,25.809860169446537,0.6294723948428704,0.4679784748143532,0,15.446660035511421,10.363200133935116
2472,516500,175500,Outer,Hounslow,0.0,0.559956066863226,4756.81096796231,0.0,0.0,284.8754781,0.0,0.30041,6924.15851522427,3.848841826,0.789606052615719,0.0,0.0,2.52417,3093.099033049917,0.0,46.54546324408484,2.920331672059993,1.3902140429763,1,31.767599904328662,14.77786333975618
2473,518500,175500,Outer,Richmond,0.0,1.77331898993872,5716.97766911138,0.0,0.0,426.3134001,0.0,0.54682,10756.60654627636,3.438645793,0.823725623790443,18.58428579,0.0,0.0,7070.182839547143,0.0,55.483537702898886,5.959181692804489,3.319384969310378,1,48.22284405281427,7.260693650084619
2474,520500,175500,Outer,Richmond,0.0,0.0473669512089869,0.0,0.0,0.0,115.0078424,0.0,0.245273841395209,5572.220930642489,2.335948803,0.320470325564262,0.0,0.0,0.0,1481.0787027203037,0.0,6.333758824490286,1.5572043275457386,1.0654800217045115,0,10.173100144054532,-3.8393413195642454
2475,522500,175500,Outer,Wandsworth,0.0,0.193010361336907,0.0,0.0,0.0,328.6029278,0.0,0.0,5105.897935970588,1.158508193,0.611574801018725,0.0,0.0,0.0,1961.7062972776623,0.0,9.167437779275476,4.086713122159386,1.053594701801305,0,10.948311425823787,-1.7808736465483115
2476,524500,175500,Outer,Wandsworth,0.0,7.46429941205e-07,0.0,0.0,0.0,0.0,0.0,0.0011634937298653,17.309702016626254,1.307276085,0.0008828937449219,0.0,0.0,0.0056981213901194,129.488327080255,0.0,0.348605527635319,0.0794020045755596,0.0269937994756407,0,0.9397936438239398,-0.5911881161886208
2477,528500,175500,Outer,Wandsworth,0.0,0.0016063172334731,0.0,0.0,0.0,0.0,0.0,0.0292744134314049,194.28195646720852,1.315267122,0.0062221392194306,0.0,0.0,0.0,200.421186771376,0.0,0.660020971311917,0.1439271378308043,0.0646049671900718,0,1.2110115573221556,-0.5509905860102386
2478,542500,175500,Outer,Greenwich,0.0,0.266525499816246,0.0,0.0,0.0,0.0,0.0,0.231492099387562,5888.614791867776,0.908042775,4.30027722451915,3.227449128,0.0,0.0,4539.812667194416,0.0,14.42092341234957,4.878714497210916,3.3566296453990305,0,14.431329429544686,-0.010406017195116135
2479,544500,175500,Outer,Bexley,0.0,0.0836344891922554,0.0,0.0,0.0,102.4466096,0.0,0.0,2113.1848370002463,0.074883209,0.245304571851665,7.514409419,0.0,0.0,864.498473002126,0.0,3.6817531911418455,0.8079022601065733,0.547182942724654,0,4.341520454282254,-0.6597672631404081
2480,544500,175500,Outer,Greenwich,0.0,0.924825204293113,0.0,0.0,0.0,0.0,0.0,0.09163,1701.4916030796394,0.249013257,2.71255951863692,7.990699321,0.0,0.00032249339307,7202.192361062277,0.0,19.87499449872382,4.455225594410687,1.8230184909248943,0,16.082134509501437,3.792859989222382
2481,546500,175500,Outer,Bexley,0.0,1.04312912496452,0.0,0.0,0.0,460.4120405,0.0,0.33115,7857.313316327146,3.936079665,5.64840152510843,0.0,0.0,0.0,3335.624840800369,0.0,15.094988704016982,8.742993342827159,2.915660396876117,0,15.654651175228368,-0.5596624712113858
2482,548500,175500,Outer,Bexley,0.0,0.208625675706915,64.0069792716626,0.0,0.0,450.899136,0.0,0.37614,10382.903713297408,20.77713302,4.7070014105337,2.594937903,0.0,0.0,3551.5277596701494,0.0,19.678442016990854,4.750033497174939,3.423094215197469,0,18.988157002423083,0.6902850145677704
2483,550500,175500,Outer,Bexley,0.0,1.5646933142318,44.6662339165507,0.0,0.0,143.8855486,0.0,0.22097,5515.724766578638,2.12933459,8.47260270649269,0.0,0.0,0.0,1153.4034154002804,0.0,7.667210333774529,3.917150318829924,1.3219785363208736,0,6.474521060291765,1.192689273482764
2484,552500,175500,Outer,Bexley,0.0,1.35606763852489,44.6662339165507,0.0,0.0,12.7213458,0.0,0.15735,3636.861013244113,24.69093107,1.88280022914944,36.33179444,0.0,0.01802582350374,6092.505321163654,0.0,18.704627682596477,5.241885278827822,2.61306354409063,0,16.27338156665127,2.431246115945207
2485,504500,174500,Non GLA,Non GLA,0.0,2.60265789043312,0.0,0.0,0.0,0.0,0.0,0.08859,1679.1801241878366,13.87571267,2.30689664796849,0.0,0.0,0.0,1509.54091933077,0.0,5.9154504460037165,1.129962316568935,0.5354674682571402,0,5.743393381456979,0.17205706454673741
2486,504500,174500,Outer,Hillingdon,0.0,0.0091654132480562,0.0,0.0,0.0,0.0,0.0,0.0,143.2946968065933,0.823420824,0.0081236276454009,0.0,0.0,0.0,1457.665776137328,0.0,3.897343549797344,0.8107953702179896,0.2663527919971711,0,4.352483229980191,-0.4551396801828469
2487,506500,174500,Non GLA,Non GLA,0.0,0.0729187409563165,0.0,0.0,0.0,0.0,0.0,0.0,1371.9610041832384,0.11736463,0.137098990832659,0.0,0.0,0.0,295.3004455148367,0.0,2.022161115537069,0.4815008617593934,0.3539682106752505,0,3.057284947185993,-1.035123831648924
2488,506500,174500,Outer,Hillingdon,0.0,0.271528819712143,7770.98397842792,0.0,0.0,0.0,0.0,0.06701,1656.6654426796115,0.226477705,0.510517811289249,0.053859008,0.0,0.0,2141.7319900907755,0.0,24.24350387867023,1.8914529796490176,0.9364103151118144,0,33.41330794314782,-9.169804064477592
2489,508500,173500,Outer,Hillingdon,0.0,0.0020832859659031,0.0,0.0,0.0,0.0,0.0,0.0,88.84947999576173,0.663641643,0.006609138185421,0.0,0.0,0.0,368.9966141267609,0.0,1.0869926445792857,0.2101449542355863,0.0782045651078235,0,1.9630001822046612,-0.8760075376253755
2490,508500,173500,Outer,Hounslow,0.0,1.55314604304136,0.0,0.0,0.0,10.22864966,0.0,0.30814,4577.303327586517,18.12174068,4.92777929467065,0.0,0.0,0.0,5851.320402411959,0.0,17.71035222947551,3.4668925107532416,1.6439715852475267,0,17.00399359356756,0.7063586359079501
2491,510500,173500,Outer,Hounslow,0.0,2.19057034135255,0.0,0.0,0.0,261.2469407,0.0,0.2447,6946.596062193666,1.859464518,4.35397626286067,41.446422813,0.0,0.0,3446.4257696026475,0.0,14.112958026586377,3.0910432657153475,1.8947768523805943,0,15.668817095502416,-1.555859068916039
2492,512500,173500,Outer,Richmond,0.0,0.696678146333863,0.0,0.0,0.0,230.6915281,0.0,0.17535,3969.191750967502,0.42755033,1.92550497868442,14.33051945,0.0,0.0,1630.090757662102,0.0,6.555797737486801,1.4300113406398225,0.8485656678507357,0,9.163831301631129,-2.6080335641443284
2493,512500,173500,Outer,Hounslow,0.0,0.371743010758444,0.0,0.0,0.0,0.0,0.0,0.0,879.935092422992,0.312314858,1.02743702105923,25.298204505,0.0,0.0,236.88477631039075,0.0,2.4736961227134,0.5744189167578214,0.4876059631613624,0,2.186739229317574,0.28695689339582575
2494,514500,173500,Outer,Richmond,0.0,0.0,0.0,0.0,0.0,33.86628544,0.0,0.36364,9152.501895416215,2.021990889,8.9433031826101,16.713482305,0.0,0.0,4906.854733574314,0.0,16.692334251786885,3.987360782359797,2.393398000805682,0,18.17353906311793,-1.4812048113310432
2495,516500,173500,Outer,Richmond,0.0,0.834492999238425,0.0,0.0,0.0,254.2432088,0.0,0.42339,9009.825899064652,1.085664473,2.35347222482347,11.838573347,0.0,5.60182,5517.988526168687,0.0,19.938219249804973,4.532065212033147,2.830557885187334,0,22.529195518103762,-2.590976268298789
2496,518500,173500,Outer,Richmond,0.0,4.17251575342813,0.0,0.0,0.0,31.3735893,0.0,0.06881,2313.2662742644875,0.0,2.23582537682247,0.0,0.0,0.42241,3675.529338678248,0.0,11.402797277673386,2.0633902198383742,1.014067054419725,0,10.727711287015998,0.6750859906573883
2497,520500,173500,Outer,Richmond,0.0,7.30190238189173,0.0,0.0,0.0,0.0,0.0,0.00044,573.939510642677,0.0,0.235349819228655,0.0,0.0,0.0,417.1231124867857,0.0,1.9719332013469768,0.2838831247283823,0.1791416944262739,0,2.9707342470978055,-0.9988010457508287
2498,522500,173500,Outer,Richmond,0.0,0.0060386182243484,0.0,0.0,0.0,0.0,0.0,0.0,47.57255983906184,0.131613776,0.0323571343252782,0.0,0.0,0.0,0.0,0.0,0.0848819486554335,0.0179544842182979,0.0099056927424464,0,0.7719572541422366,-0.6870753054868031
2499,522500,173500,Outer,Wandsworth,0.0,0.698564374795288,0.0,0.0,0.0,178.0518581,0.0,0.33167,7332.004744007694,14.61558733,3.7432273947001,0.0,0.0,0.0,6836.369740872299,0.0,21.41514465658781,3.9715652742146137,1.7398303842320384,0,22.365559575281424,-0.9504149186936139
2500,524500,173500,Outer,Wandsworth,0.0,0.0,0.0,0.0,0.0,462.2426065,0.0,0.51652,12990.207448939287,1.936999645,3.1772263290573,0.0,0.0,0.0,1727.433200459749,0.0,12.0640568604295,2.04378126156746,1.4636731685617512,0,19.01751415355207,-6.95345729312257
2501,526500,173500,Outer,Wandsworth,0.0,0.521564189267288,0.0,0.0,0.0,367.7285861,0.0,0.41156,12328.559762038818,3.166439968,3.1772263290573,130.620415618,0.0,0.0,2759.599269105008,0.0,15.834035246321768,2.766106448402833,1.6002962737828452,0,20.459886586809912,-4.625851340488143
2502,528500,173500,Outer,Wandsworth,0.0,0.0,0.0,0.0,0.0,850.7428951,0.0,0.81731,18691.37317145321,3.796563264,0.23085325981429,117.32327949,0.0,0.0,3896.1934873283135,0.0,22.478363700882884,5.0931437272683295,3.405074401060437,0,32.75006069651657,-10.271696995633686
2503,528500,173500,Outer,Lambeth,0.0,0.0,0.0,0.0,0.0,0.0,0.0,0.0,80.95842100094727,0.036787907,2.17791625882063e-05,0.0,0.0,0.0,91.19589494261172,0.0,0.2604652456519722,0.0563694306997354,0.0283368531105589,0,0.836776090979626,-0.5763108453276538
2504,530500,173500,Outer,Lambeth,0.0,0.0,0.0,0.0,0.0,226.6398441,0.0,0.291399222675125,6609.810453046213,6.78223713,0.63904418866315,0.0,0.0,0.0,2358.6292340853524,0.0,10.140024602385992,1.7432486179111202,0.8114787211479838,0,13.232204100752302,-3.09217949836631
2505,532500,173500,Outer,Lambeth,0.0,0.0002000432242429,0.0,0.0,0.0,0.0,0.0,0.0,91.19344849613162,0.139953,0.0144663899191663,0.0,0.0,0.0,163.87246430071582,0.0,0.4310135909539447,0.0978698007339146,0.0370166438276675,0,0.8822707354673813,-0.4512571445134366
2506,532500,173500,Outer,Southwark,0.0,0.001922803528544,0.0,0.0,0.0,0.0,0.0,0.0113800888365378,158.06835813004113,0.169275167,0.0542912640319007,0.655085796,0.0,0.0,304.21589341028545,0.0,0.8499170006774899,0.1752904149088124,0.0685273337883212,0,1.2530736757752337,-0.4031566750977438
2507,534500,173500,Outer,Southwark,0.0,0.0488060681356301,0.0,0.0,0.0,0.0,0.0,0.0845150507820395,737.9696661301928,0.322266755,0.913857012841536,0.0,0.0,0.0,488.4103728946977,0.0,1.7858745135008238,0.3110215746329626,0.1611034005420918,0,2.041949564914699,-0.256075051413875
2508,534500,173500,Outer,Lewisham,0.0,0.0011345735106316,0.0,0.0,0.0,0.0,0.0,0.0,191.39169476766085,0.142212688,0.0614817383264069,0.0,0.0,0.0,697.0197390346525,0.0,1.7871103743214736,0.3699995571121842,0.1433728971366138,0,2.006956476287389,-0.21984610196591525
2509,536500,173500,Outer,Lewisham,0.0,0.0679094496208897,0.0,0.0,0.0,9.369099271,0.0,0.14732534668636,4400.61002733801,1.614078938,0.933049481042343,0.0,0.0,0.0,2168.410533803998,0.0,6.981860704314168,1.6021401242357505,0.7808795957084383,0,9.164713388797164,-2.182852684482996
2510,538500,173500,Outer,Lewisham,0.0,0.428664265214855,0.0,0.0,0.0,31.3735893,0.0,0.309023335285356,9118.645704863384,0.491048336,0.954181970033699,0.0,0.0,0.0,1808.4099353403824,0.0,8.129776722474304,2.148334618718398,1.484608288033357,0,13.429419596612734,-5.29964287413843
2511,540500,173500,Outer,Lewisham,0.0,0.299025805886253,0.0,0.0,0.0,105.4668331,0.0,0.310225334988395,6053.27792316427,0.162692148,4.15020958002531,0.0,0.0,0.0,3009.495243489296,0.0,10.15036160971806,2.091184857982929,1.1879578923099057,0,12.204628696990573,-2.054267087272514
2512,540500,173500,Outer,Greenwich,0.0,0.0424151349790329,0.0,0.0,0.0,0.0,0.0,0.0,1724.862620114113,0.057273555,0.550254731091531,0.0,0.0,0.0,144.56409484478456,0.0,1.4345525689038754,0.3319211142946012,0.2799692545201921,0,2.037483478718645,-0.6029309098147697
2513,540500,173500,Outer,Bromley,0.0,0.0,0.0,0.0,0.0,0.0,0.0,0.0,0.4222724132815266,4.24e-05,0.0,0.0,0.0,0.0,0.0,0.0,0.0034745781746391,0.0092326139700234,0.0016254990233735,0,0.24253665420567572,-0.23906207603103663
2514,542500,173500,Outer,Greenwich,0.0,4.60194361647283,0.0,0.0,0.0,19.0859437,0.0,0.12376,4084.037695450158,0.0,4.72997675174406,119.1871495,0.0,0.0,4278.485247497058,0.0,14.601294363550318,2.3872756006407982,1.1938617851044822,0,12.91784265474099,1.6834517088093275
2515,542500,173500,Outer,Bromley,0.0,0.0004560686940762,0.0,0.0,0.0,0.0,0.0,0.0,70.90524647480892,0.0,0.0004690896557459,0.0,0.0,0.0,4.357594569500304,0.0,0.047795108432752,0.014451822528647,0.0055411683791313,0,0.2646308685369796,-0.2168357601042276
2516,544500,173500,Outer,Greenwich,0.0,2.97230268662684,0.0,0.0,0.0,208.1100783,0.0,0.2007,4434.485640049139,2.79216491,4.29877529996066,31.03046357,0.0,0.0,1679.0963311779242,0.0,8.620633702458994,3.402961865759328,1.183444080435458,0,8.39903198892809,0.2216017135309034
2517,544500,173500,Outer,Bexley,0.0,0.0858125717606916,0.0,0.0,0.0,77.10167015,0.0,0.0,1290.8970438126312,0.474427731,0.124108558008894,0.0,0.0,0.0,225.5881206451404,0.0,1.4881378248880022,0.3508652322136166,0.2478516329755566,0,2.152880367457696,-0.6647425425696938
2518,546500,173500,Outer,Bexley,0.0,2.92076095275669,0.0,0.0,0.0,0.0,0.0,0.183,5264.335818333823,0.783722262,7.41352726347359,0.0,0.0,0.0,1398.485498801899,0.0,7.520082750946865,1.6378961106671628,1.260352206784297,0,6.487628496669552,1.0324542542773134
2519,548500,173500,Outer,Bexley,0.0,1.04312912496452,0.0,0.0,0.0,0.0,0.0,0.20645,5690.889443779817,0.299734754,8.9433031826101,79.09833659,0.0,0.0,1738.274544585961,0.0,8.27097819920562,1.8232121644967412,1.193615773414343,0,7.273908587566589,0.9970696116390316
2520,550500,173500,Non GLA,Non GLA,0.0,0.0313373682216095,0.0,0.0,0.0,0.0,0.0,0.0,292.7533827594687,0.056628515,0.0271301353041087,0.0,0.0,0.0,276.1615129915749,0.0,0.8524811026602308,0.1194202312728908,0.0471397243053256,0,0.814263340553941,0.0382177621062898
2521,550500,173500,Outer,Bexley,0.0,3.76694603059415,0.0,0.0,0.0,0.0,0.0,0.08021,2331.424418625448,0.620870541,3.26122855916001,70.83608476,0.0,0.0,7457.191616324386,0.0,20.737508656852956,3.0201404460563315,1.110589814183476,0,17.50148956913517,3.2360190877177857
2522,552500,173500,Non GLA,Non GLA,0.0,1.87763182779218,0.0,0.0,0.0,0.0,0.0,0.20526,4143.814877157269,1.361818897,6.00142667278146,0.0,0.0,0.0,3106.8248803429515,0.0,9.783193744226146,2.231887877897385,1.3202766678831224,0,9.131034216271132,0.6521595279550141
2523,508500,171500,Non GLA,Non GLA,0.0,1.12621872029969,0.0,0.0,0.0,0.0,0.0,0.19369,3901.9884537462754,1.047175842,1.62339616250221,0.0,0.0,0.0,546.9444867528457,0.0,3.620222608824177,0.9212737752698742,0.7133615673320901,0,6.114033085625029,-2.493810476800852
2524,508500,171500,Outer,Hounslow,0.0,0.768434695871724,0.0,0.0,0.0,0.0,0.0,0.0,807.568851370051,0.864991213,1.10766643007359,0.0,0.0,0.0,297.61225567838613,0.0,2.0793421676637447,0.2661442625215196,0.1415596698942954,0,2.282444548170327,-0.20310238050658214
2525,510500,171500,Non GLA,Non GLA,0.0,0.192940196922433,0.0,0.0,0.0,0.0,0.0,0.0,869.720373010025,0.080821157,0.0857428877895692,0.0,0.0,0.0,83.59733580520766,0.0,0.9926102459476098,0.1605312844044316,0.1268555060065878,0,2.0988194547654064,-1.1062092088177966
2526,510500,171500,Outer,Hounslow,0.0,4.77250733661782,0.0,0.0,0.0,0.0,0.0,0.04246,2867.3130528809056,0.40196295,2.1209109760662,0.0,0.0,0.0,1675.5176824155835,0.0,7.067704414115071,1.292515766072864,0.8270883660786419,0,7.2948154679893635,-0.22711105387429242
2527,512500,171500,Outer,Richmond,0.0,0.363180712902881,0.0,0.0,0.0,0.0,0.0,0.25788,3502.2180457438467,2.826220798,2.45821659431115,0.0,0.0,0.0,639.3570151785344,0.0,3.710380429298579,0.5796859873403024,0.360674557417447,0,5.61221202401152,-1.9018315947129412
2528,512500,171500,Outer,Hounslow,0.0,0.266428463923889,0.0,0.0,0.0,62.74717861,0.0,0.0,3702.01697200008,2.420667954,1.80334314274687,0.0,0.0,0.0,2753.880231247837,0.0,8.886757740904851,1.9034588955055969,1.1086157237379268,0,10.024057987495535,-1.1373002465906836
2529,514500,171500,Outer,Richmond,0.0,2.71213527704978,0.0,0.0,0.0,111.9519716,0.0,0.30638,6957.895945238135,1.917789362,4.94235206742246,0.623396938,0.0,0.0,2524.2632299089064,0.0,10.033388763391084,2.5451225039390004,1.681895236119363,0,12.874055778175245,-2.8406670147841613
2530,516500,171500,Outer,Richmond,0.0,1.56467465348327,0.0,0.0,0.0,299.0139871,0.0,0.36904,6643.752063872345,8.053690066,4.23625067481032,0.0,0.0,8.37337,2007.092546227237,0.0,9.985896416617276,2.2970145171619376,1.2712181670981006,0,12.593468559273925,-2.6075721426566485
2531,518500,171500,Outer,Richmond,0.0,0.202171296005315,0.0,0.0,0.0,204.8932192,0.0,0.1673,837.9794150014483,0.740113348,2.32630523247498,0.0,0.0,0.0,237.68144027982416,0.0,1.9639326592284423,0.4430529862008014,0.1761444282536268,0,2.759091264708088,-0.7951586054796458
2532,518500,171500,Outer,Kingston,0.0,0.0742876934684864,0.0,0.0,0.0,55.01242597,0.0,0.0,3703.578860188564,0.448639381,0.854798625183117,0.0,0.0,0.0,672.3814269781004,0.0,3.623220687442071,0.9945291339966708,0.6857693870057204,0,5.814639998547254,-2.191419311105183
2533,520500,171500,Outer,Kingston,0.0,0.480863603863203,0.0,0.0,0.0,220.3887205,0.0,0.18778,2674.324290839265,1.979543409,2.30545922323767,0.0,0.0,0.0,1410.841945352701,0.0,6.480780538553992,1.2694574221440815,0.5894175198135577,0,7.046761145448689,-0.5659806068946969
2534,520500,171500,Outer,Richmond,0.0,0.180942082047504,0.0,0.0,0.0,0.0,0.0,0.0,206.754484467994,1.214294317,0.867510117193733,0.0,0.0,0.0,68.00542900799418,0.0,0.5535999066116508,0.0743870372697502,0.0502691038402585,0,0.9089319979590069,-0.3553320913473561
2535,522500,171500,Outer,Wandsworth,0.0,0.0,0.0,0.0,0.0,0.0,0.0,0.0,0.5405298253827137,0.0,0.0,0.0,0.0,0.0,0.0,0.0,0.0036997099247218,0.0092202804065154,0.0016128367057146,0,0.7636523733331106,-0.7599526634083889
2536,522500,171500,Outer,Merton,0.0,2.81523665910866,0.0,0.0,0.0,0.0,0.0,0.019,1869.432324748665,0.0,0.588121993551625,0.0,0.0,0.0,170.5702975328552,0.0,3.320824586334405,0.2573849717004189,0.1907501478761227,0,3.103181285306274,0.21764330102813112
2537,524500,171500,Outer,Merton,0.0,1.46038047637835,0.0,0.0,0.0,753.6172797,0.0,0.34047,9038.812073836312,2.702591842,5.7660768535528,0.0,0.0,0.0,1589.4096329942097,0.0,12.905142090262531,2.971747569068948,1.487429747634481,0,15.17861879237385,-2.273476702111319
2538,526500,171500,Outer,Wandsworth,0.0,0.39938629720103,0.0,0.0,0.0,33.95224048,0.0,0.28287,10052.58806544217,1.885324032,1.50182236395455,0.0,0.0,0.0,2756.902560276225,0.0,16.927405081824407,2.3508304628798657,1.4005510038188906,0,16.417128819230612,0.5102762625937949
2539,526500,171500,Outer,Merton,0.0,0.113537219066869,0.0,0.0,0.0,121.7005384,0.0,0.0,1761.6286120677794,1.005215104,0.426936924216609,11.49528858,0.0,0.0,1211.1309133709092,0.0,5.118258087564421,1.2943326106590554,0.709668507675621,0,5.315466204760967,-0.19720811719654652
2540,528500,171500,Outer,Wandsworth,0.0,0.41725135141383,0.0,0.0,0.0,58.53538169,0.0,0.44573,12698.036130268914,2.169837146,1.0590754430191,0.0,0.0,0.0,2997.765136910029,0.0,13.767860220763952,3.023725601581347,2.095893310048845,0,20.039251626108722,-6.271391405344771
2541,530500,171500,Outer,Lambeth,0.0,0.312934781410667,0.0,0.0,0.0,312.9622977,0.0,0.53646,13389.792690937024,1.990918241,2.47114587794765,20.92253518,0.0,0.0,7390.997469721339,0.0,25.234694926030617,4.624242964855127,2.17437001758819,0,30.668413704306275,-5.433718778275658
2542,532500,171500,Outer,Croydon,0.0,7.315013423809e-05,0.0,0.0,0.0,0.0,0.0,0.0,49.93473954401202,0.086580123,0.0002546486702621,0.0,0.0,0.0,114.58592261171998,0.0,0.2939940002295393,0.0758470096008557,0.0260421980896639,0,0.7731969599776782,-0.4792029597481389
2543,532500,171500,Outer,Southwark,0.0,9.703589235665e-05,0.0,0.0,0.0,0.0,0.0,0.0,45.312418175868025,0.099659835,0.0003375770201171,0.0,0.0,0.0,44.34674959468284,0.0,0.1416228569040976,0.038072110488484,0.0139836447930905,0,0.6241578261425396,-0.48253496923844197
2544,532500,171500,Outer,Lambeth,0.0,1.10840442332289,0.0,0.0,0.0,159.3853682,0.0,0.43678,10891.37036008202,10.66977535,3.86483469965175,5.064422393999999,0.0,0.0,2836.442327251213,0.0,13.667492831868094,3.1867173712189474,1.859846560665788,0,17.51325311692642,-3.8457602850583275
2545,534500,171500,Outer,Lewisham,0.0,0.561336962254455,0.0,0.0,0.0,62.74717861,0.0,0.27097,5566.194110683715,0.057018422,2.62343164638508,5.951800234,0.0,0.0,1903.6954270541733,0.0,7.437162434847581,1.3413936943366047,0.654883753678787,0,9.90574616007136,-2.4685837252237786
2546,534500,171500,Outer,Southwark,0.0,0.0,0.0,0.0,0.0,0.0,0.0,0.0,0.5714769876569645,1.07e-05,0.0,0.0,0.0,0.0,45.23225467434148,0.0,0.1022393079039332,0.0289154591176817,0.0083428377788515,0,0.5279955784046511,-0.42575627050071785
2547,534500,171500,Outer,Bromley,0.0,0.210763451058526,0.0,0.0,0.0,71.81927966,0.0,0.0,1863.0489200102213,0.034938246,0.985011212337405,4.104392543,0.0,0.0,711.4491879795936,0.0,3.673039019961773,0.6041307394693731,0.2449065035631824,0,3.7481728260325813,-0.07513380607080844
2548,536500,171500,Outer,Lewisham,0.0,0.456777056090459,0.0,0.0,0.0,275.7072618,0.0,0.37535,6618.164531867089,11.56129459,1.08783231423653,0.543229248,0.0,0.0,3846.282907609266,0.0,13.139882422639376,4.42411736588904,1.858473333441206,0,16.497167407734654,-3.357284985095278
2549,536500,171500,Outer,Bromley,0.0,0.0858902004745769,0.0,0.0,0.0,212.4572626,0.0,0.0,1076.035759021477,5.013324024,0.204550732688533,0.351349308,0.0,0.0,357.88445968251244,0.0,2.6154953762601627,1.6233302598080237,1.4382418598667432,0,3.0407197468363627,-0.4252243705762
2550,538500,171500,Outer,Lewisham,0.0,2.29485630772812,0.0,0.0,0.0,26.38819703,0.0,0.30599,7083.926522251675,0.916689761,4.3539243279345,28.84916858,0.0,0.0,6069.398075518329,0.0,17.33933587031309,3.974893168310865,2.10532443186215,0,19.52436389934531,-2.185028029032221
2551,540500,171500,Outer,Lewisham,0.0,0.114103012962302,0.0,0.0,0.0,0.0,0.0,0.0,2407.2748672478137,0.813791882,0.722808523297591,2.823729657,0.0,0.0,1069.5978011618547,0.0,3.838347748672829,1.1260538183973483,0.7114249759956307,0,4.596198601649435,-0.7578508529766066
2552,540500,171500,Outer,Bromley,0.0,0.683448422055946,0.0,0.0,0.0,55.69886539,0.0,0.29366,4776.384165952473,1.991673677,4.32943952322476,5.402351598,0.0,0.0,1258.4041738220326,0.0,5.751152441486011,1.4487310223306078,0.8938078015529818,0,7.154357689986612,-1.4032052485006012
2553,542500,171500,Outer,Bromley,0.0,0.50268473676439,0.0,0.0,0.0,46.67358628,0.0,0.27159,7008.485442830878,2.197302693,7.71225109519353,0.0,0.0,0.0,1712.3809179840202,0.0,8.224071889281396,2.094797604003784,1.601173721237512,0,8.995798040452957,-0.7717261511715616
2554,542500,171500,Outer,Greenwich,0.0,0.0001739181763007,0.0,0.0,0.0,0.0,0.0,0.0,117.12362627178902,0.040877034,0.0026687850771548,0.0,0.0,0.0,441.6993993103407,0.0,1.1097414571409665,0.2563032127227977,0.115383562730868,0,1.2365359958145739,-0.12679453867360735
2555,544500,171500,Outer,Bromley,0.0,3.54434046851841,0.0,0.0,0.0,0.0,0.0,0.0886,3142.108617352873,0.618917639,4.11595765855486,0.0,0.0,0.0,406.4405757980804,0.0,3.1328994795167886,0.6561954913956987,0.4956534033402935,0,3.360489009704736,-0.22758953018794736
2556,544500,171500,Outer,Greenwich,0.0,0.0,0.0,0.0,0.0,0.0,0.0,0.0,2.921765122017529,0.000199388,8.37660099546397e-07,0.0,0.0,0.0,0.0,0.0,0.0048877180841145,0.0098701246079993,0.0022537679268684,0,0.16317649761741038,-0.15828877953329587
2557,546500,171500,Outer,Bexley,0.0,1.77331898993872,19.3460968758035,0.0,0.0,129.7803121,0.0,0.31667,6550.280840890871,2685.786532306,5.53072703432415,0.0,0.0,0.0,4935.50663609656,0.0,29.53214696116561,5.665556805217212,4.0642651993296735,1,19.293276728654504,10.238870232511104
2558,548500,171500,Outer,Bexley,0.0,5.42427055409956,0.0,0.0,0.0,31.3735893,0.0,0.08024,2691.419691942493,0.005489577,5.17770188665112,0.0,0.0,0.0,1911.25021205412,0.0,8.012367673995866,1.639314621626,0.9043410781346708,0,5.916108979452485,2.0962586945433817
2559,550500,171500,Non GLA,Non GLA,0.0,0.625877027120745,0.0,0.0,0.0,0.0,0.0,0.12165,2905.161533802885,4.484941351,4.7070014105337,0.0,0.0,0.0,496.5557161109216,0.0,3.498697232780606,0.6836895167181974,0.4959315990578462,0,2.7137606927307836,0.7849365400498223
2560,552500,171500,Non GLA,Non GLA,0.0,6.78033819262445,0.0,0.0,0.0,0.0,0.0,0.03586,1048.5550926305934,0.0,1.29442526224775,0.0,0.0,0.0,131.30205419438255,0.0,2.209970042104753,0.4033218692954828,0.3444476678360672,0,1.6837156826185335,0.5262543594862192
2561,512500,169500,Outer,Non GLA,0.0,0.163404710578893,0.0,0.0,0.0,0.0,0.0,0.0,538.2094345572967,3.840124915,0.122890600224153,0.0,0.0,10.19533,462.5586486478493,0.0,1.8076594178387009,0.399437057709324,0.236080426015084,0,2.6211697659203406,-0.8135103480816397
2562,512500,169500,Outer,Richmond,0.0,1.86255543583972,0.0,0.0,0.0,0.0,0.0,0.08792,1180.3247264796978,12.96484329,1.40076202358467,0.194062571,0.0,0.06488,1134.917304300674,0.0,4.103081028754223,1.00562407686244,0.590404381369919,0,4.537761908759853,-0.43468088000562943
2563,514500,169500,Non GLA,Non GLA,0.0,0.1680549691126,0.0,0.0,0.0,0.0,0.0,0.0,328.6113582569149,0.0223422,0.0829425900767856,0.0,0.0,6.40868,38.96906321570808,0.0,0.4139110139654364,0.0667289382412877,0.0472574901740779,0,1.4639679602046893,-1.0500569462392528
2564,514500,169500,Outer,Richmond,0.0,3.34039864069256,0.0,0.0,0.0,0.0,0.0,0.07151,2245.781909827223,0.09960895,1.64862816002075,0.0,0.0,16.0399,3425.455029871405,0.0,10.28724427037558,2.304700514927341,1.0546068341745192,0,10.422636579762479,-0.13539230938689784
2565,516500,169500,Outer,Richmond,0.0,9.28364327216342,0.0,0.0,0.0,0.0,0.0,0.00059,1555.9878386781688,0.0,0.117672815464079,0.0,0.0,0.0,299.9497932141813,0.0,3.0230010946647283,0.2976934486526551,0.1716327831564629,0,4.107692450382325,-1.084691355717597
2566,518500,169500,Outer,Kingston,0.0,0.0,0.0,0.0,0.0,894.4294982,0.0,0.50101,10765.660584656129,104.31322072,0.941387549673228,0.537642509,0.0,0.0,10991.969218947534,0.0,39.16458301723704,8.57803446142001,4.206306219418401,1,38.83032775209943,0.33425526513761383
2567,520500,169500,Outer,Kingston,0.0,0.104311344993575,0.0,0.0,0.0,113.1168316,0.0,0.33715,7836.090187062033,0.198797826,11.0612991015299,0.009725082,0.0,0.0,2132.811015951194,0.0,9.952994114663424,2.171252783575838,1.412607087247318,0,10.642481507163101,-0.6894873924996769
2568,522500,169500,Outer,Kingston,0.0,0.0003672435310728,0.0,0.0,0.0,0.0,0.0,0.0,52.30922531031537,0.38281367,0.0010085427598538,0.0,0.0,0.0,0.0,0.0,0.0576235546518274,0.0161110740317,0.0083778863618539,0,0.8415674243651505,-0.7839438697133231
2569,522500,169500,Outer,Merton,0.0,2.3401705765988,0.0,0.0,0.0,282.5370295,0.0,0.29429,7527.284382103821,30.56162434,6.42767671571644,76.531162907,0.0,0.0,5018.212588209824,0.0,18.03380359410109,3.307436372609592,1.7557244975434292,0,18.96499344000999,-0.9311898459089001
2570,524500,169500,Outer,Merton,0.0,0.0,0.0,0.0,0.0,94.12076791,0.0,0.40316,9929.992044686764,1.31874314,4.58926241992176,41.989354562,0.0,0.0,3523.681611121987,0.0,14.273880805978438,2.904883319955015,1.7650897554703902,0,17.690830922318355,-3.416950116339917
2571,526500,169500,Outer,Merton,0.0,0.20862268998715,0.0,0.0,0.0,292.1742932,0.0,0.53127,8279.953657378801,72.47193825,1.88277426168636,0.0,0.0,0.0,3880.21748501575,0.0,19.080130727887,3.509916315120268,2.388205908024659,0,18.694129312754615,0.38600141513238384
2572,528500,169500,Outer,Merton,0.0,0.814808148828966,0.0,0.0,0.0,265.8836618,0.0,0.37789,8936.990040485949,3.302930144,1.95326252140309,4.238238959,0.0,0.0,3358.863138332385,0.0,13.528998796276154,2.683378014838984,1.600432011644178,0,17.721144592052383,-4.192145795776229
2573,528500,169500,Outer,Lambeth,0.0,0.0001171895007691,0.0,0.0,0.0,0.0,0.0,0.0,72.03549215618432,0.039656291,0.0002814537934475,0.0,0.0,0.0,4.376114089342248,0.0,0.0554812433602866,0.0250278362760874,0.0160778775725825,0,0.7050509116884651,-0.6495696683281785
2574,530500,169500,Outer,Lambeth,0.0,0.0147054162716797,0.0,0.0,0.0,0.0,0.0,0.0,1266.411582911523,0.118567586,0.0207362757642711,30.92182551,0.0,0.0,131.3745706252965,0.0,0.9431413054333888,0.2389207905938591,0.1837480247137373,0,2.203966698077034,-1.260825392643645
2575,530500,169500,Outer,Merton,0.0,0.0113233422080799,0.0,0.0,0.0,0.0,0.0,0.0,393.4103091618283,0.104044206,0.0159674768175534,0.0,0.0,0.0,43.92409962326826,0.0,0.354510454274194,0.1166324770277108,0.0961196337866618,0,1.03824775062097,-0.683737296346776
2576,530500,169500,Outer,Croydon,0.0,1.1325409819017,0.0,0.0,0.0,187.8977157,0.0,0.4502,8982.24002826613,1.040532029,1.5970199212877,82.33140244,0.0,0.0,3213.82423679709,0.0,12.859025898836308,2.8781948516086886,1.804238362333004,0,17.747485252946433,-4.888459354110125
2577,532500,169500,Outer,Croydon,0.0,0.521557471397817,0.0,0.0,0.0,365.8432509,0.0,0.40793,10303.354265704593,5.719547346,6.11901655989568,0.0,0.0,0.0,2011.630182990176,0.0,10.953166040387323,3.086081332098653,1.872828156076747,0,15.315826081277196,-4.362660040889873
2578,534500,169500,Outer,Bromley,0.0,1.1528968728283,0.0,0.0,0.0,400.6128434,0.0,0.259,6576.656216348479,1.204815409,2.75416777110159,157.544511132,0.0,0.0,2601.1158303538214,0.0,11.96763133771389,2.4402485645314607,1.2788652934064049,0,14.536367264466854,-2.5687359267529644
2579,534500,169500,Outer,Croydon,0.0,0.0665203435003072,0.0,0.0,0.0,0.0,0.0,0.0,1286.6355811057324,0.289403025,0.158910822164748,40.936290942,0.0,0.0,79.54300050198108,0.0,1.005619699062166,0.1594096837235625,0.1211819532500035,0,2.0170014187746172,-1.0113817197124513
2580,536500,169500,Outer,Bromley,0.0,0.625868816391392,0.0,0.0,0.0,53.37807933,0.0,0.38668,9016.586065430149,16.26897176,4.11856864508515,9.711209041,0.0,0.0,3999.8119167846944,0.0,15.154738646386075,3.0754851647699364,1.768178973137862,0,17.327300278332157,-2.172561631946081
2581,538500,169500,Outer,Bromley,0.0,0.0,0.0,0.0,0.0,186.3159173,0.0,0.31281,7724.602938102876,1.206903757,10.8258655162913,32.30726311,0.0,0.0,2255.908569912356,0.0,10.304896405317889,1.8440859977374204,0.9634909213944266,0,10.77308599602567,-0.468189590707782
2582,540500,169500,Outer,Bromley,0.0,0.0,0.0,0.0,0.0,190.9920971,0.0,0.45458,8645.165257396302,2.613274992,3.76554852337271,0.127500779,0.0,0.0,6894.803073919377,0.0,23.810444346743196,6.383499302169201,4.270954956541615,0,23.559463034887294,0.25098131185590233
2583,542500,169500,Outer,Bromley,0.0,0.20862268998715,0.0,0.0,0.0,208.3432179,0.0,0.22512,4847.0982620206505,0.0,10.8259517952815,13.22112875,0.0,0.0,1121.8286649159672,0.0,6.26465415757935,0.9929261258690064,0.6006511910455375,0,5.378288591368464,0.8863655662108858
2584,544500,169500,Outer,Bromley,0.0,4.17245753189271,0.0,0.0,0.0,31.3735893,0.0,0.11816,2173.744576719614,1.29474377,4.70693607304594,0.0,0.0,0.0,1912.2849459116571,0.0,6.625214282154151,1.243401586925453,0.6539735991275363,0,5.64864618388015,0.9765680982740017
2585,546500,169500,Outer,Bromley,0.0,1.35604823134642,0.0,0.0,0.0,59.30897704,0.0,0.25117,7132.457685418473,4.142193963,9.76689143014422,0.0,0.0,0.0,1502.6836259181607,0.0,9.032537031242295,1.7027697438388043,1.1935206294897711,0,8.069309554263153,0.9632274769791422
2586,548500,169500,Outer,Bromley,0.0,9.70096329513184,0.0,0.0,0.0,0.0,0.0,3e-05,509.754740129977,0.0,0.235346468588257,0.0,0.0,0.0,1940.996609036534,0.0,6.033941591081036,0.7152480660965727,0.3349398083708044,0,5.609010910487526,0.42493068059351025
2587,550500,169500,Non GLA,Non GLA,0.0,2.19546692176686,0.0,0.0,0.0,0.0,0.0,0.15421,3750.853953903461,0.393095646,6.56863648194791,0.0,0.0,0.0,3067.170209541396,0.0,9.685916931930109,1.7408277611261609,0.9966204708600244,0,8.520207832820084,1.1657090991100247
2588,550500,169500,Outer,Bromley,0.0,0.0045173940041726,0.0,0.0,0.0,0.0,0.0,0.0,18.361537592745467,0.017831346,0.0135156457061811,0.0,0.0,0.0,4.493784703569966,0.0,0.0540823298860329,0.0156472640078151,0.0064863238110053,0,0.04707862901917004,0.007003700866862861
2589,552500,169500,Non GLA,Non GLA,0.0,6.78024264959197,0.0,0.0,0.0,0.0,0.0,0.03998,1051.7852995751955,0.60183096,4.11856864508515,4.114500206,0.0,0.0,350.32891106353946,0.0,1.8211661600193128,0.4453060115677652,0.3298768675970736,0,1.3139538958725474,0.5072122641467653
2590,512500,167500,Non GLA,Non GLA,0.0,2.71210243413237,0.0,0.0,0.0,0.0,0.0,0.08431,2045.9115563043251,16.55364688,1.88277844998685,0.0,0.0,0.0,717.3373363965717,0.0,3.596306246356843,0.7918129728080222,0.5718517050145963,0,4.482697912768334,-0.8863916664114906
2591,514500,167500,Non GLA,Non GLA,0.0,2.50350960134286,0.0,0.0,0.0,0.0,0.0,0.16179,3668.140370282471,0.0,5.88375218199718,0.0,0.0,0.0,1371.140963678525,0.0,5.160867485625925,1.086689828643283,0.6758733612920886,0,6.230092912391979,-1.069225426766054
2592,516500,167500,Non GLA,Non GLA,0.0,0.654197325520004,0.0,0.0,0.0,0.0,0.0,0.0,2230.42014659462,1.1056643,0.133081572995235,0.0,0.0,14.59796,673.8148946004967,0.0,2.903328794404422,0.6971493218305272,0.5008728160573437,0,4.700911813007867,-1.797583018603445
2593,516500,167500,Outer,Richmond,0.0,2.9366860355523,0.0,0.0,0.0,0.0,0.0,0.10221,424.0148000678598,2.342593988,0.5974024297945,0.0,0.0,16.12569,0.0,0.0,1.0100651332863486,0.086972306157196,0.0755027944282262,0,1.9434910368950096,-0.933425903608661
2594,518500,167500,Outer,Kingston,0.0,0.0,0.0,0.0,0.0,507.2528258,0.0,0.37465,10626.819930581563,1.35223903,7.76655241114662,135.988635501,0.0,0.0,3421.8165411747286,0.0,18.16678493455115,3.124166866361691,1.9157171714477803,0,19.54156853017357,-1.3747835956224215
2595,520500,167500,Outer,Kingston,0.0,3.23369946631707,0.0,0.0,0.0,99.19211522,0.0,0.22033,5528.070350425079,0.542743056,6.70747696812752,0.0,0.0,0.0,4522.898510036943,0.0,14.149913844054208,3.069734301456212,1.634190543596083,0,14.747514756107021,-0.5976009120528136
2596,522500,167500,Outer,Kingston,0.0,0.565628934416384,0.0,0.0,0.0,69.23287867,0.0,0.0,1596.7597749734944,0.048549448,0.592507144172751,3.645731155,0.0,0.0,716.8456189069598,0.0,2.935097861572534,23.06207627687097,2.623106269578459,0,4.03654458308068,-1.1014467215081458
2597,522500,167500,Outer,Merton,0.0,1.53011046862584,0.0,0.0,0.0,63.02785425,0.0,0.21559,3901.411139442975,0.079850831,1.60281904215686,6.272430918,0.0,0.0,1354.7236703220174,0.0,5.493574113759449,1.4551747657726746,0.9891531129999724,0,7.857215061856793,-2.363640948097344
2598,522500,167500,Outer,Sutton,0.0,0.0108269662971785,0.0,0.0,0.0,0.0,0.0,0.0,111.9115607159236,0.006716995,0.0113419177478582,0.0,0.0,0.0,0.0,0.0,0.1034045728080171,0.0428408023906801,0.0348072876600589,0,0.9244882779642793,-0.8210837051562623
2599,524500,167500,Outer,Merton,0.0,5.21564487839264,0.0,0.0,0.0,7.735953527,0.0,0.12567,4844.080665667617,0.0,4.58932691974943,0.0,0.0,0.0,2214.5413095739614,0.0,8.406495073269802,2.069917211356548,1.3618728280632757,0,9.492564721054562,-1.0860696477847593
2600,526500,167500,Outer,Merton,0.0,0.0828604413432259,0.0,0.0,0.0,62.74717861,0.0,0.31224,7716.38079675608,3.158270671,3.36509589852346,0.0,0.0,0.0,4082.086289849809,0.0,14.518570704210228,3.09890920027649,1.7683832871311338,0,16.524522444197604,-2.005951739987376
2601,526500,167500,Outer,Sutton,0.0,0.0012331022628706,0.0,0.0,0.0,0.0,0.0,0.0,705.3514845859277,0.38531663,0.0500878856523768,0.0,0.0,0.0,601.6533262069432,0.0,1.7422244322489462,0.3961048078190649,0.2281195169229052,0,2.6131287887533663,-0.8709043565044201
2602,528500,167500,Outer,Merton,0.0,3.7940795053869,0.0,0.0,0.0,0.0,0.0,0.01984,2229.9642023089987,6.952097961,0.664151374826854,3.819569945,0.0,0.0,3620.130353319997,0.0,12.467781156798756,2.0793497493372888,0.8407202683314872,0,10.558539174822622,1.909241981976134
2603,528500,167500,Outer,Sutton,0.0,0.261999148652779,0.0,0.0,0.0,0.0,0.0,0.0,461.3434886632511,1.826894086,0.0458627281102648,0.937336295,0.0,0.0,228.0417667623377,0.0,1.2392036001795628,0.2022900458219227,0.0920430335207751,0,1.5911242742722624,-0.35192067409269967
2604,530500,167500,Outer,Sutton,0.0,0.0030103519528797,0.0,0.0,0.0,0.0,0.0,0.0,121.69752271854622,0.506075001,0.0027667913088017,0.0,0.0,0.0,10.001624369793012,0.0,0.210720265908926,0.0230522252821805,0.0121970622266937,0,0.7376330790765362,-0.5269128131676102
2605,530500,167500,Outer,Merton,0.0,0.0453993618839705,0.0,0.0,0.0,0.0,0.0,0.0,677.7334617056065,1.965318735,0.0417305508392024,0.0,0.0,0.0,84.23544379076732,0.0,0.6486451996168698,0.1445150243759442,0.1078521069998033,0,1.4212811234357314,-0.7726359238188616
2606,530500,167500,Outer,Croydon,0.0,1.98888795695872,0.0,0.0,0.0,78.56290582,0.0,0.28689,6568.706295408688,13.00804487,1.82816636213683,0.0,0.0,0.0,3066.970638367084,0.0,12.757211660993992,3.1104917512036847,1.987395157330654,0,13.937721529298324,-1.1805098683043322
2607,532500,167500,Outer,Croydon,0.0,0.104312837853458,0.0,0.0,0.0,449.7147329,0.0,0.43923,14907.623846422232,12.23243917,3.76560129595898,49.83013873,0.0,0.0,3235.754736809176,0.0,20.478718119608413,3.437792660939384,2.2036021458205863,0,23.67336159182558,-3.194643472217166
2608,534500,167500,Outer,Croydon,0.0,0.312934781410667,0.0,0.0,0.0,475.0204268,0.0,0.44815,10675.148751454752,18.937891189,3.88322971543779,0.0,0.0,0.0,3762.0009720514654,0.0,15.738217565294486,4.020896141535919,2.1194411521538163,0,20.511108882230168,-4.772891316935683
2609,536500,167500,Outer,Croydon,0.0,0.138242557260872,0.0,0.0,0.0,20.28538925,0.0,0.0,3022.0723155423007,0.659804101,0.668361454487175,0.0,0.0,0.0,446.6450484293603,0.0,2.465452167972076,0.4686435407089623,0.3297274840637781,0,4.168048403898132,-1.7025962359260558
2610,536500,167500,Outer,Bromley,0.0,0.699983338113519,0.0,0.0,0.0,0.0,0.0,0.32048,4884.15643002732,1.4846953,3.38420878901481,0.379509569,0.0,0.0,1710.9621284033844,0.0,7.275264549301276,1.6117502435994833,1.0222594954121869,0,8.44576609761141,-1.170501548310133
2611,538500,167500,Outer,Bromley,0.0,2.81641452555588,0.0,0.0,0.0,4.383706998,0.0,0.21894,5508.074182060664,1.554854856,7.29576481837886,0.0,0.0,0.0,386.5940108971464,0.0,4.094764306081105,0.8043599073596347,0.6571649622546591,0,5.07139847474938,-0.9766341686682747
2612,540500,167500,Outer,Bromley,0.0,3.85957723986775,0.0,0.0,0.0,83.503596,0.0,0.1643,4712.129754563102,0.0,6.58980247734325,0.0,0.0,0.0,1805.434814730606,0.0,7.748783406971833,2.3488938163597544,1.13211966082219,0,7.727543067954278,0.021240339017555065
2613,542500,167500,Outer,Bromley,0.0,1.87763182779218,0.0,0.0,0.0,67.43000367,0.0,0.2982,7144.775166398441,0.574263294,8.82562785416572,0.0,0.0,0.0,2231.465099670372,0.0,8.648484655617322,2.001797254113093,1.2256051546898128,0,10.213851993272431,-1.5653673376551094
2614,544500,167500,Outer,Bromley,0.0,0.208625675706915,43.5196708989723,0.0,0.0,62.74717861,0.0,0.32174,7074.939749231747,1.326241776,10.1200531164135,52.90104698,0.0,0.0,2262.736027441636,0.0,9.527419168999897,2.245138930252866,1.5693880745511182,0,9.989025605769058,-0.461606436769161
2615,546500,167500,Outer,Bromley,0.0,1.14744196281797,0.0,0.0,0.0,129.608402,0.0,0.444,6029.62992884037,71.86496711,8.35492821570841,0.0,0.0,0.0,2677.24690718475,0.0,12.449651280335845,3.0199010474382937,2.000383210908589,0,10.697366494966587,1.7522847853692571
2616,548500,167500,Outer,Bromley,0.0,6.57171177048759,0.0,0.0,0.0,0.0,0.0,0.00406,537.4870095147377,0.469138017,1.41210059069213,0.0,0.0,0.0,405.7493391516472,0.0,2.1701739009296137,0.3480233426207813,0.2158960942974745,0,1.7862562026189845,0.38391769831062916
2617,550500,167500,Non GLA,Non GLA,0.0,6.15446041907376,0.0,0.0,0.0,0.0,0.0,0.04766,987.3292545810916,0.0,3.53025147673033,0.0,0.0,0.0,1519.738985965421,0.0,4.410827787699645,0.7392382936471168,0.3846461953504266,0,3.85084624698594,0.5599815407137054
2618,517500,165500,Non GLA,Non GLA,0.0,2.09088089055492,0.0,0.0,0.0,0.0,0.0,0.05842,1250.1705838825703,0.0,1.8459515613704,0.0,0.0,0.0,6111.64831792705,0.0,16.37035422719887,2.6493067296239725,1.088759323090738,0,14.57042380918105,1.799930418017821
2619,517500,165500,Outer,Kingston,0.0,0.554326492246658,0.0,0.0,0.0,0.0,0.0,0.0,1201.7424604846765,0.0,0.489392023578689,0.0,0.0,0.0,1209.0363177693162,0.0,3.954977695448355,0.8746075296657035,0.4708329845081544,0,4.542933679930012,-0.5879559844816575
2620,519500,165500,Outer,Kingston,0.0,2.71210243413237,0.0,0.0,0.0,231.4116288,0.0,0.21407,4968.071372947668,2.117388033,5.88368098088872,2.932160834,0.0,0.0,11364.27711864479,0.0,30.977497285219165,11.361546462252637,4.255916517726394,1,29.121960147759737,1.8555371374594287
2621,521500,165500,Non GLA,Non GLA,0.0,0.487219454812563,0.0,0.0,0.0,0.0,0.0,0.23197,5017.362475571719,0.0,7.87804580805635,0.0,0.0,0.0,617.0635178961129,0.0,3.7030143675317295,1.0889128440260034,0.8942924691503996,0,5.125525914823413,-1.4225115472916836
2622,521500,165500,Outer,Kingston,0.0,0.008669783767096,0.0,0.0,0.0,0.0,0.0,0.0,753.4346785747659,0.0,0.140184092979289,0.0,0.0,0.0,82.26096418974093,0.0,0.5925240554700836,0.1312618153075255,0.0992756352805823,0,1.7276526004559436,-1.13512854498586
2623,523500,165500,Outer,Sutton,0.0,0.312934781410667,0.0,0.0,0.0,167.0965962,0.0,0.34803,8133.210518750994,0.536029964,9.64923788086243,0.0,0.0,0.0,3609.5225210077615,0.0,13.244913880154767,3.0466497674383004,1.9137847063087008,0,14.66935198899789,-1.4244381088431233
2624,525500,165500,Outer,Sutton,0.0,0.938816287111059,0.0,0.0,0.0,156.4381713,0.0,0.28039,7542.934035771142,0.697521679,8.23725288726403,2.151927486,0.0,0.0,5083.0293767136245,0.0,17.279994400960714,3.589309830349859,1.938860024558109,0,17.395919738526395,-0.11592533756568102
2625,527500,165500,Outer,Sutton,0.0,0.0,0.0,0.0,0.0,128.3143461,0.0,0.30464,7585.158212996637,4.980019859,8.59017500274482,0.078860792,0.0,0.0,3491.598454634875,0.0,12.848426641853786,3.756008202734909,2.122737767890628,0,13.816059674213067,-0.9676330323592808
2626,529500,165500,Outer,Sutton,0.0,6.46739893263413,0.0,0.0,0.0,23.63763578,0.0,0.05667,3866.408622799413,0.755125011,2.00047555759382,0.0,0.0,0.0,1558.7362217980258,0.0,8.511383118338394,0.9948143115850612,0.5566813821393182,0,7.951504966758023,0.5598781515803708
2627,531500,165500,Outer,Croydon,0.0,0.625877027120745,0.0,0.0,0.0,220.8542821,0.0,0.3484,10470.999838566371,1803.01164007663,0.941400114574721,1.663036899,0.0,0.0,6739.60018958457,0.0,33.106500241250295,4.668706788352809,2.4596354411779475,1,28.06198763206492,5.044512609185375
2628,533500,165500,Outer,Croydon,0.0,0.104312837853458,0.0,0.0,0.0,448.6607582,0.0,0.38164,9488.142849507403,0.971729741,7.76655241114662,0.0,0.0,0.0,4040.228917868839,0.0,16.73243640917287,3.235375725293567,1.7093367050061796,0,18.468147517440833,-1.7357111082679637
2629,535500,165500,Outer,Croydon,0.0,3.33801230417052,0.0,0.0,0.0,101.1690811,0.0,0.20016,3905.766744848994,0.523786366,7.17817744424493,0.0,0.0,0.0,3879.3841914152345,0.0,12.123036769921624,2.701698547211694,1.4045138406145656,0,11.30110756694228,0.8219292029793444
2630,537500,165500,Outer,Bromley,0.0,0.0,0.0,0.0,0.0,0.0,0.0,0.0,3748.628353247148,0.124525684,1.47764079220084,0.0,0.0,0.0,238.3237003867115,0.0,2.268144912373519,0.4829411435964316,0.4033655277577754,0,4.08280587923009,-1.8146609668565712
2631,537500,165500,Outer,Croydon,0.0,0.0,0.0,0.0,0.0,85.69717407,0.0,0.32707,4016.9031032195367,0.206995411,4.08292453252925,0.0,0.0,0.0,745.0501088919664,0.0,3.969674628485713,0.981450507356636,0.710776740864409,0,5.71128680477465,-1.7416121762889367
2632,539500,165500,Outer,Bromley,0.0,0.938816287111059,0.0,0.0,0.0,0.0,0.0,0.25685,5335.246091243108,0.055132214,9.41400282106741,0.0,0.0,0.0,4076.422241841484,0.0,12.484984219957306,3.002133249969094,1.5149033160552683,0,11.69026424112771,0.7947199788295958
2633,541500,165500,Outer,Bromley,0.0,4.06815365119855,0.0,0.0,0.0,0.0,0.0,0.03376,1713.5232427402611,0.0,1.6474311437385,0.0,0.0,0.0,2493.488156222771,0.0,7.57296931204012,1.5642462406167228,0.6628654054082388,0,7.144977147219098,0.4279921648210214
2634,543500,165500,Outer,Bromley,0.0,0.834503449257602,43.5196708988933,0.0,0.0,126.9555929,0.0,0.2602,4451.948134765913,0.572031176,9.06097767339438,0.0,0.0,0.0,2424.8739514682884,0.0,8.964214728165926,2.004034099384879,1.0180589006265846,0,8.139888730768359,0.8243259973975672
2635,545500,165500,Outer,Bromley,0.0,0.0,0.0,0.0,0.0,31.3735893,0.0,0.25233,6788.646760753372,4.851669427,11.1789945338166,49.09182856,0.0,0.0,2900.180551131005,0.0,10.88366198959802,2.5694439429116844,1.4665224863089217,0,10.210304212866081,0.6733577767319385
2636,547500,165500,Outer,Bromley,0.0,3.6509508177309,0.0,0.0,0.0,125.4943572,0.0,0.18114,4070.737510963898,0.578501284,7.64887792036234,0.0,0.0,0.0,837.1747927062745,0.0,5.015190765474565,1.039404560360474,0.7068075506164005,0,4.821643522555462,0.1935472429191032
2637,549500,165500,Non GLA,Non GLA,0.0,0.648076600002123,0.0,0.0,0.0,0.0,0.0,0.0,69.8780434607455,0.0,0.027415777398054,0.0,0.0,0.0,29.3156084513979,0.0,0.2065710847247976,0.0432743696093908,0.0264705338251702,0,0.30066071163950525,-0.09408962691470765
2638,549500,165500,Outer,Bromley,0.0,4.34192026787443,0.0,0.0,0.0,0.0,0.0,0.0018,311.7770351303386,0.0,0.183678755988136,0.0,0.0,0.0,81.03533870961982,0.0,1.032388556405727,0.1192405701396653,0.0840899891329969,0,1.0212487491457765,0.011139807259950452
2639,517500,163500,Non GLA,Non GLA,0.0,0.0093878493705352,0.0,0.0,0.0,0.0,0.0,0.0,58.42972199451158,0.003123431,0.0150494013484506,0.0,0.0,0.0,2121.818029546996,0.0,5.249121121829525,0.6811406025836344,0.2380154072330669,0,5.431410820282457,-0.18228969845293186
2640,517500,163500,Outer,Kingston,0.0,3.58745276906253,0.0,0.0,0.0,122.4182819,0.0,0.1463,3380.8866501225684,0.061057865,5.75099143282007,0.054969077,0.0,0.0,2362.626048605415,0.0,8.48334139006121,1.640156708676077,0.8328754698252764,0,8.635119855472448,-0.15177846541123863
2641,519500,163500,Non GLA,Non GLA,0.0,2.72785882376126,0.0,0.0,0.0,0.0,0.0,0.08956,1974.8443751088744,0.0,2.50476955434344,0.0,0.0,0.0,1020.691283991694,0.0,3.31819457304776,0.5927584510699305,0.3298057503948774,0,4.704785228561295,-1.3865906555135354
2642,519500,163500,Outer,Kingston,0.0,0.217392495366368,0.0,0.0,0.0,13.83876131,0.0,0.0,1041.8620305637671,0.0,0.199613564061807,0.0,0.0,0.0,354.45495473414985,0.0,1.5631169827357223,0.3372432645217039,0.2398310743631422,0,2.715121025606308,-1.1520040428705858
2643,521500,163500,Non GLA,Non GLA,0.0,0.625877027120745,0.0,0.0,0.0,0.0,0.0,0.22559,5486.30094203076,0.0,9.53167814951179,0.796706807,0.0,0.0,2104.915222816276,0.0,7.352293494436608,2.0391741955960336,1.3384538067527505,0,8.157210613057718,-0.8049171186211099
2644,523500,163500,Non GLA,Non GLA,0.0,4.73068486701211,0.0,0.0,0.0,0.0,0.0,0.01368,845.1381949417641,0.0,1.14357189258054,0.644606228,0.0,0.0,88.94018717914368,0.0,0.919679981021051,0.1893216436250195,0.1543059812301996,0,2.0684551549445285,-1.1487751739234775
2645,523500,163500,Outer,Sutton,0.0,0.277911542139387,0.0,0.0,0.0,0.0,0.0,0.0,915.59731999205,0.0,0.0671811776437206,0.29775468,0.0,0.0,588.4309697276344,0.0,1.9896952916193111,0.4351756718665069,0.2820153061318186,0,2.9541462223418407,-0.9644509307225295
2646,525500,163500,Outer,Sutton,0.0,0.0,0.0,0.0,0.0,196.5673775,0.0,0.35102,10198.996612845967,3.01525576,9.41400282106741,5.137070395,0.0,0.0,2068.267222316507,0.0,12.274325397426006,2.0272174514930663,1.3132560641138062,0,13.663981601305455,-1.3896562038794489
2647,527500,163500,Outer,Sutton,0.0,0.312934781410667,2.17703538748797,0.0,0.0,165.1937882,0.0,0.36454,7993.456852750518,1.885071578,10.9436472275683,1.571855892,0.0,0.0,2358.63724372021,0.0,10.348659564300508,2.60381737152494,1.8638965526101996,0,11.520580481764013,-1.1719209174635044
2648,529500,163500,Outer,Sutton,0.0,0.312938513560373,3.38277686279026,0.0,0.0,171.3212299,0.0,0.35642,8607.717979942909,5.56000474,8.9433031826101,0.0,0.0,0.0,4708.601129132766,0.0,16.37042882631491,3.874263499338019,2.291002030591304,0,17.52794379017844,-1.1575149638635303
2649,531500,163500,Outer,Croydon,0.0,4.4755416773693,0.0,0.0,0.0,175.7702967,0.0,0.16303,4070.78265672588,2.522368559,3.14150263879194,0.0,0.0,0.0,3487.565931229164,0.0,12.910607111205348,3.40077770194207,1.1970801809594729,0,12.424637607073212,0.4859695041321359
2650,531500,163500,Outer,Sutton,0.0,0.0026042940648642,0.195209425654354,0.0,0.0,0.0,0.0,0.0,61.173033673766376,0.06084359,0.0018277743372102,0.0,0.0,0.0,0.0,0.0,0.0709148836454139,0.0120817037391665,0.0042731548507879,0,0.687319496317965,-0.6164046126725511
2651,533500,163500,Outer,Croydon,0.0,0.521564189267288,0.0,0.0,0.0,87.83108953,0.0,0.17108,5322.798299384396,0.203809526,7.41352726347359,0.0,0.0,0.0,1436.267734655399,0.0,6.651593430337617,1.305936114362494,0.7969321996443475,0,7.1982476681402785,-0.5466542378026613
2652,535500,163500,Outer,Croydon,0.0,3.23369946631707,0.0,0.0,0.0,14.35449154,0.0,0.08856,2608.4995228336857,1.356691263,5.88375218199718,0.0,0.0,0.0,1879.7992149621032,0.0,6.385828666775506,1.5400352952806198,0.7925735466422471,0,5.712496214871788,0.6733324519037183
2653,537500,163500,Outer,Croydon,0.0,5.42427055409956,0.0,0.0,0.0,0.0,0.0,0.15654,3706.6303307623625,0.0,5.64840152510843,0.0,0.0,0.0,3720.979996059984,0.0,11.122356698174938,2.3254086978237685,1.0360041620811,0,10.926669215621544,0.19568748255339408
2654,539500,163500,Outer,Croydon,0.0,0.0022982577889702,0.0,0.0,0.0,0.0,0.0,0.0,27.67252928500413,0.0,6.1149187266887e-05,0.0,0.0,0.0,1.0328278678301206,0.0,0.0316786332122758,0.0169182309828689,0.0089283815643252,0,0.4377191296756351,-0.40604049646335927
2655,539500,163500,Outer,Bromley,0.0,8.58337255852254,0.0,0.0,0.0,0.0,0.0,0.0,386.8932773740789,0.0,0.227832657495326,0.0,0.0,0.0,277.9975214519634,0.0,1.8705783241134923,0.2434139517721357,0.1545627774109179,0,2.2712627240611347,-0.4006843999476424
2656,541500,163500,Outer,Bromley,0.0,5.21558217827758,0.0,0.0,0.0,0.0,0.0,0.01702,1240.326935646632,0.0,0.470694612496713,0.0,0.0,0.0,1808.137168693964,0.0,5.782505973913531,1.1680837444763812,0.4986044619069408,0,5.765663837857606,0.01684213605592433
2657,543500,163500,Outer,Bromley,0.0,8.24071866900279,5.57757420361025,0.0,0.0,0.0,0.0,0.00092,561.4209745365343,0.0,0.117675328444377,0.0,0.0,0.0,352.7680533384267,0.0,2.088207772318676,0.320071951117835,0.2011875572447581,0,2.4998625467498776,-0.4116547744312018
2658,545500,163500,Outer,Bromley,0.0,3.33797274338364,0.0,0.0,0.0,31.3735893,0.0,0.14661,3028.968318524641,0.545231725,5.53066085917628,0.0,0.0,0.0,4084.5761747737447,0.0,11.485313219615309,2.366572897124568,1.149764838138493,0,10.713658561344028,0.7716546582712809
2659,547500,163500,Outer,Bromley,0.0,6.98896386833136,0.0,0.0,0.0,86.29885934,0.0,0.04255,1079.1755970319118,0.0,3.64792596751461,57.98190422,0.0,0.0,110.59714423499013,0.0,2.1927585372105143,0.3021816465509662,0.2017723666223358,0,1.8741173130033637,0.3186412242071506
2660,549500,163500,Non GLA,Non GLA,0.0,1.72926693409862,0.0,0.0,0.0,0.0,0.0,0.01212,179.2295385996228,0.0,1.47990247446962,0.0,0.0,0.0,952.790190969706,0.0,2.235685607782488,0.492520311743764,0.1789387876585844,0,2.0343967785034813,0.2012888292790067
2661,549500,163500,Outer,Bromley,0.0,0.17998590529282,0.0,0.0,0.0,0.0,0.0,0.0,107.3794772563059,0.0,0.15403145208489,0.0,0.0,0.0,164.77912946708375,0.0,0.5940103268790141,0.1534377306963839,0.0897144697271413,0,0.550105543459896,0.043904783419118076
2662,517500,161500,Outer,Kingston,0.0,7.92766893738118,0.0,0.0,0.0,31.3735893,0.0,0.02567,631.2145969586181,0.032090648,1.41208048684974,0.0,0.0,0.0,2509.134191322029,0.0,7.693594345021808,1.551638049157559,0.6552083594769929,0,7.482655775780036,0.21093856924177157
2663,519500,161500,Non GLA,Non GLA,0.0,3.44224975259992,0.0,0.0,0.0,0.0,0.0,0.14477,3687.850038686649,0.0,7.2956919419502,0.0,0.0,0.0,815.2890823336363,0.0,3.591760293491536,0.7557007266020946,0.4968001846026232,0,4.679445805282432,-1.0876855117908963
2664,521500,161500,Non GLA,Non GLA,0.0,0.0,0.0,0.0,0.0,0.0,0.0,0.28534,6255.014183207081,6.422760436,5.76599643818325,2.922843394,0.0,0.0,2531.7019208819984,0.0,9.325587042345328,1.910261964298724,1.080922984780383,0,11.063999146487134,-1.7384121041418066
2665,523500,161500,Non GLA,Non GLA,0.0,3.69496779136376,0.0,0.0,0.0,0.0,0.0,0.04556,1323.713303424638,0.0,1.55532874047317,0.0,0.0,0.0,468.07886741841145,0.0,1.927749848326598,0.3592567212791343,0.2318140711873997,0,3.162135360962088,-1.23438551263549
2666,523500,161500,Outer,Sutton,0.0,0.520424390747068,0.0,0.0,0.0,0.0,0.0,0.0,926.3198886427342,0.0,0.219063193913175,0.0,0.0,0.0,354.8338734317705,0.0,1.506054269551922,0.2682475609852548,0.1712135466629193,0,2.490668012323182,-0.98461374277126
2667,525500,161500,Non GLA,Non GLA,0.0,0.940052375093695,0.0,0.0,0.0,0.0,0.0,0.05741,1230.116151454539,0.0,1.69675257039979,0.480281567,0.0,0.0,2255.983102631096,0.0,7.302670268848914,1.3939852634672545,0.6191144031221013,0,6.365568141983322,0.9371021268655921
2668,525500,161500,Outer,Sutton,0.0,0.0791327702168481,0.0,0.0,0.0,31.3735893,0.0,0.0,1281.423510154965,0.0,0.142831098893855,0.084927236,0.0,0.0,1426.6714586881924,0.0,4.353170511116331,0.9078976684699702,0.4104236442501159,0,5.095819304680154,-0.7426487935638226
2669,527500,161500,Non GLA,Non GLA,0.0,0.0032813060215371,0.0,0.0,0.0,0.0,0.0,0.0,18.97026715917452,0.058292826,0.0003040706161353,0.0,0.0,0.0,3.13490934228875,0.0,0.0399703958550003,0.0154524702348641,0.0067303124436881,0,0.7903561406793624,-0.7503857448243622
2670,527500,161500,Outer,Sutton,0.0,7.30182475317785,0.0,0.0,0.0,0.0,0.0,0.00458,609.7031382974361,2.749956837,0.677027048216982,0.0,0.0,0.0,1827.774362250386,0.0,5.500419572619344,1.1664948244469364,0.5035980836231786,0,5.758652254836254,-0.2582326822169101
2671,529500,161500,Outer,Croydon,0.0,1.435844577781,0.0,0.0,0.0,107.6157091,0.0,0.11693,3073.38875385736,0.096853955,4.79452348837471,0.0,0.0,0.0,2320.2532202384573,0.0,8.005450803316009,1.707740006226242,0.7900628476620918,0,7.867130870443616,0.13831993287239275
2672,529500,161500,Outer,Sutton,0.0,0.173553918489457,0.0,0.0,0.0,0.0,0.0,0.0,285.27643759113937,0.0336729,0.579524250289881,0.0,0.0,0.0,604.0450825916878,0.0,1.916490293386512,0.3871537762753369,0.1631643425720483,0,2.0682611648671543,-0.15177087148064228
2673,531500,161500,Outer,Croydon,0.0,0.0,0.0,0.0,0.0,890.4777175,0.0,0.34376,7759.248134851055,4.449536166,7.53109704674542,84.028236693,0.0,0.0,9138.476902327591,0.0,29.180548066187374,6.983486952756489,4.046165141066057,1,29.713171805108367,-0.5326237389209929
2674,533500,161500,Outer,Croydon,0.0,1.56467166776351,0.0,0.0,0.0,91.79998185,0.0,0.21508,5423.451076701564,0.473752379,9.76689143014422,0.0,0.0,0.0,2041.242402604602,0.0,8.079915802903626,1.7343584717666485,1.031482744328783,0,8.07471024117707,0.005205561726555175
2675,535500,161500,Non GLA,Non GLA,0.0,0.0001425681187701,0.0,0.0,0.0,0.0,0.0,0.0,1.246417357469738,0.001034921,0.0002512980298639,0.0,0.0,0.0,4.000532319641707,0.0,0.0147328094366589,0.0113576472572247,0.0025996676136385,0,0.5554379244424634,-0.5407051150058045
2676,535500,161500,Outer,Croydon,0.0,3.2945140993468,18.0609807504634,0.0,0.0,62.74717861,0.0,0.14184,2155.0735130221333,0.157453861,5.8070794777655,0.0,0.0,0.0,1195.391738039521,0.0,4.62033433778124,0.7921305104427225,0.4213264608216708,0,4.321470195041881,0.298864142739359
2677,537500,161500,Non GLA,Non GLA,0.0,2.65498412217148,18.0609825565537,0.0,0.0,0.0,0.0,0.00061,134.7017831515971,0.0,0.0611240574639006,0.0,0.0,0.0,13.27100374036595,0.0,0.4006749448372625,0.0499255392637162,0.0362658728638343,0,0.9975085609840395,-0.596833616146777
2678,537500,161500,Outer,Croydon,0.0,0.398663753017943,0.0,0.0,0.0,0.0,0.0,0.0,171.7625691637546,0.0,0.0091782417107298,0.0,0.0,0.0,49.426271958492414,0.0,0.3691767050330512,0.0464831454966907,0.0233451538927355,0,0.8017805192794967,-0.43260381424644545
2679,539500,161500,Non GLA,Non GLA,0.0,0.0025192010515668,0.0,0.0,0.0,0.0,0.0,0.0,7.96035280311576,0.032923461,0.0024627206926664,0.0,0.0,0.0,0.0,0.0,0.0176664970022639,0.0102949212914399,0.0026147389328905,0,0.4437053171509895,-0.42603882014872557
2680,539500,161500,Outer,Croydon,0.0,0.906498856376647,0.0,0.0,0.0,41.53999512,0.0,0.0,2285.657816892376,0.624572097,0.886269515123075,0.0,0.0,0.0,978.1174855089316,0.0,4.2730451188834095,0.8570752639377502,0.517925024087279,0,4.666358876815224,-0.3933137579318142
2681,539500,161500,Outer,Bromley,0.0,1.35553991255646,0.0,0.0,0.0,0.0,0.0,0.10525,210.8783038405905,0.763756127,1.32528968627564,0.0,0.0,0.0,775.3679264846415,0.0,2.415816120901092,0.4356430603978505,0.2083627313330509,0,2.2247994263421056,0.19101669455898662
2682,541500,161500,Outer,Bromley,0.0,6.57156770950894,187.032094100312,0.0,0.0,31.3735893,0.0,0.02531,924.186440717285,0.0,2.2357767925367,0.0,0.0,0.0,1526.1967140702657,0.0,5.194188283893015,0.9991689102410743,0.46157730970188,0,5.30175580856772,-0.10756752467470498
2683,543500,161500,Outer,Bromley,0.0,7.19748877599622,0.0,0.0,0.0,15.29999698,0.0,0.01399,499.1959607575004,0.0,2.11812073027461,0.0,0.0,0.0,189.5790303870539,0.0,1.548863559584262,0.4232147843322679,0.323930344775958,0,1.4665038594933417,0.0823597000909202
2684,545500,161500,Outer,Bromley,0.0,8.44915848365435,0.0,0.0,0.0,0.0,0.0,4e-05,486.62828043973707,0.0,0.117672815464079,0.0,0.0,0.0,32.32040389643518,0.0,1.1709890666567282,0.1440826614272342,0.1210684924959856,0,1.7442799974162408,-0.5732909307595127
2685,547500,161500,Outer,Non GLA,0.0,0.282266214416377,0.0,0.0,0.0,0.0,0.0,0.0,124.40402977260187,0.021571146,0.094666480830037,0.0,0.0,0.0,20.799880697132863,0.0,0.186729731986672,0.0547267612018034,0.0396857681903333,0,0.38312674289017856,-0.19639701090350656
2686,547500,161500,Outer,Bromley,0.0,2.05429014840711,0.0,0.0,0.0,0.0,0.0,0.00835,418.123451238816,0.058193568,0.688967892936016,0.0,0.0,0.0,393.1785538806466,0.0,1.6349761558039804,0.2960586224794257,0.177746406347496,0,1.471144675441904,0.1638314803620764
2687,549500,161500,Non GLA,Non GLA,0.0,6.57156770950894,0.0,0.0,0.0,0.0,0.0,0.02694,911.2106005305164,0.0,1.88275918380456,35.14402463,0.0,0.0,1018.5456429772404,0.0,3.114829051440279,0.666233965194677,0.3029848547107807,0,3.5343537180961437,-0.41952466665586474
2688,517500,159500,Non GLA,Non GLA,0.0,2.71213527704978,0.0,0.0,0.0,0.0,0.0,0.01327,578.3984771108949,0.0,0.941400114574721,0.0,0.0,0.0,105.39058363617482,0.0,0.8628073633270898,0.1810359599458161,0.138237304235983,0,1.8916643694694955,-1.0288570061424056
2689,519500,159500,Non GLA,Non GLA,0.0,1.14742778064909,0.0,0.0,0.0,0.0,0.0,0.08553,2790.521471089876,0.218397478,3.88322971543779,2.596341714,0.0,0.0,1836.5850791588396,0.0,5.828636634889993,1.319633770674783,0.7370857366785093,0,6.617889764821603,-0.7892531299316099
2690,521500,159500,Non GLA,Non GLA,0.0,5.52858339195302,0.0,0.0,0.0,0.0,0.0,0.13487,3415.8741030543283,0.41557783,4.94235206742246,0.0,0.0,0.0,1039.8960912701789,0.0,4.8043527560792105,0.9619822779637172,0.6212516553476761,0,5.803942442294459,-0.9995896862152485
2691,523500,159500,Non GLA,Non GLA,0.0,1.87760943489394,0.0,0.0,0.0,0.0,0.0,0.19444,4919.631946755469,0.57525336,8.82552230899318,0.0,0.0,0.0,1179.08372094048,0.0,5.590957285311744,1.1868508887296632,0.7894697253623154,0,5.994252135037895,-0.4032948497261506
2692,525500,159500,Non GLA,Non GLA,0.0,2.50350960134286,0.0,0.0,0.0,0.0,0.0,0.32641,5974.399012530236,8.82466501,8.35492821570841,0.0,0.0,0.0,1593.4259561455794,0.0,7.984029988841793,2.166955766228486,1.6498230198141637,0,8.345553794387204,-0.36152380554541086
2693,527500,159500,Non GLA,Non GLA,0.0,6.2586986139331,0.0,0.0,0.0,0.0,0.0,0.11382,2576.4100414513464,0.0,4.23625067481032,0.0,0.0,0.0,493.81227213648936,0.0,2.9960323913891758,0.7013330158811312,0.5156909400761523,0,3.9602613591744955,-0.9642289677853197
2694,529500,159500,Outer,Croydon,0.0,1.85070138194344,0.0,0.0,0.0,647.2044242,0.0,0.21992,5235.825057726507,1.578296007,7.09841880020652,22.850661103,0.0,0.0,3134.835470821337,0.0,12.375289871992624,9.18792169371152,2.580746774370831,0,13.70578017963124,-1.330490307638616
2695,529500,159500,Outer,Sutton,0.0,0.007053016514446,0.0,0.0,0.0,0.0,0.0,0.0,165.85888317183012,0.097432199,0.0270513952547514,0.0,0.0,0.0,7.692726164488002,0.0,0.130474416642195,0.0365402609404004,0.0251924732573256,0,0.9066438965356429,-0.776169479893448
2696,531500,159500,Outer,Croydon,0.0,0.938816287111059,0.0,0.0,0.0,63.86459412,0.0,0.15851,4151.893314698035,0.054423186,7.76655241114662,0.0,0.0,0.0,543.8943692825699,0.0,3.856714117396444,0.8480869265377224,0.6357714668915532,0,4.145210621525779,-0.28849650412933503
2697,533500,159500,Non GLA,Non GLA,0.0,0.04609279529935,0.0,0.0,0.0,0.0,0.0,0.0,278.57823794874383,0.378266605,0.0742820223075754,78.604568759,0.0,0.0,350.8812022001875,0.0,1.12797510621463,0.2538825267268115,0.0981720495706679,0,1.969201325917167,-0.8412262197025371
2698,533500,159500,Outer,Croydon,0.0,2.23301309423941,0.0,0.0,0.0,41.25841881,0.0,0.07286,2349.8210594271973,2.632844445,3.59864977449869,245.611414215,0.0,0.0,1520.3278100744726,0.0,5.53575482757818,1.354030101659431,0.6405840217350499,0,6.660539392227094,-1.1247845646489143
2699,535500,159500,Non GLA,Non GLA,0.0,3.70928879621572,0.0,0.0,0.0,0.0,0.0,0.08936,1425.771304262535,0.0,1.84398892375716,0.0,0.0,0.0,743.2455569433621,0.0,2.623678986634837,0.6645675614431362,0.3996063525643555,0,3.5397810978493798,-0.9161021112145429
2700,535500,159500,Outer,Croydon,0.0,0.307872493549414,0.0,0.0,0.0,0.0,0.0,0.0,666.6517980483035,0.0,0.153051389768421,0.0,0.0,0.0,71.60764823591037,0.0,0.5670449827072289,0.1668870692566288,0.1368636763428385,0,1.3522967417639418,-0.7852517590567129
2701,537500,159500,Non GLA,Non GLA,0.0,3.7552644020143,0.0,0.0,0.0,0.0,0.0,0.04588,468.5190188411153,0.0,1.41210059069213,0.0,0.0,0.0,200.76949197774928,0.0,0.970708251981547,0.2127401744695669,0.1403701870052281,0,1.4832834381375264,-0.5125751861559794
2702,539500,159500,Non GLA,Non GLA,0.0,7.83015756915198,0.0,0.0,0.0,0.0,0.0,0.00089,134.2690353150964,0.0,0.0960126006100081,0.0,0.0,0.0,775.255106491126,0.0,2.40400472480065,0.3696418039398742,0.1786181769075309,0,3.0630845174986323,-0.6590797926979821
2703,539500,159500,Outer,Bromley,0.0,0.0897716361688429,0.0,0.0,0.0,0.0,0.0,0.0,44.2400335340062,0.0,0.0011006853708039,0.0,0.0,0.0,213.8144652623172,0.0,0.622411676521055,0.1283178630052889,0.0545193378523131,0,0.9570556156562287,-0.33464393913517365
2704,541500,159500,Outer,Bromley,0.0,1.87760943489394,217.512735475608,0.0,0.0,125.1473501,0.0,0.17922,3065.702250919805,8.309358977,7.29576481837886,0.0,0.0,0.0,1805.0098027158065,0.0,7.053288013503476,8.28919150860668,1.4342224201741594,0,6.733738438023855,0.3195495754796207
2705,543500,159500,Outer,Bromley,0.0,5.42427055409956,14.1731798615427,0.0,0.0,54.58144988,0.0,0.0308,691.7867107165052,0.0,2.58885052449551,0.0,0.0,0.0,215.579185081369,0.0,1.7751944903610115,0.3763207394366568,0.2573111304094339,0,1.642266554093128,0.13292793626788346
2706,545500,159500,Non GLA,Non GLA,0.0,1.7535714394142,6.34303988296154,0.0,0.0,0.0,0.0,0.00308,112.25953818212884,0.0,0.050722832007833,0.0,0.0,0.0,65.02643875388101,0.0,0.3886571795796503,0.069820996369032,0.0423823249506888,0,0.756707217124486,-0.3680500375448357
2707,545500,159500,Outer,Bromley,0.0,2.33538446781579,5.88485568033949,0.0,0.0,0.0,0.0,0.0,244.6244504733031,0.0,0.0675522610678197,0.0,0.0,0.0,27.25033659308552,0.0,0.5563206014531593,0.0671727391450128,0.0487085431885823,0,0.8596891958294837,-0.30336859437632435
2708,547500,159500,Non GLA,Non GLA,0.0,7.51052805759865,0.0,0.0,0.0,0.0,0.0,0.02224,666.5017217031424,0.0,1.64745040992079,0.0,0.0,0.0,131.36259779549653,0.0,0.9739209025479096,0.1914963600968645,0.1390150804667861,0,1.5612614376324583,-0.5873405350845486
2709,549500,159500,Non GLA,Non GLA,0.0,4.27677708761564,0.0,0.0,0.0,0.0,0.0,0.00396,462.4965855884472,0.0,4.3539243279345,0.0,0.0,0.0,179.82909690070207,0.0,1.0284414714401238,0.2198856809590351,0.155441503152458,0,0.15018422482124016,0.8782572466188836
2710,529500,157500,Non GLA,Non GLA,0.0,0.671242799657362,0.0,0.0,0.0,0.0,0.0,0.0,395.2065118406956,0.03759842,0.378613150733877,10.91783566,0.0,0.0,56.59710207940046,0.0,0.6547610603937598,0.0839791025512204,0.056672310400734,0,1.2741492758683126,-0.6193882154745528
2711,529500,157500,Outer,Croydon,0.0,2.97151818875863,0.0,0.0,0.0,10.7443799,0.0,0.0552,1277.7503434791668,0.079107724,1.67607995680308,39.518418123,0.0,0.0,1929.5072674933208,0.0,5.659606933529232,1.1622267624918503,0.5205262495177857,0,6.150299909183179,-0.4906929756539471
2712,531500,157500,Outer,Croydon,0.0,2.08625750349909,0.0,0.0,0.0,175.2694133,0.0,0.21817,4440.346126743472,0.0,8.47260270649269,0.0,0.0,0.0,1616.7696307960214,0.0,6.74054512542823,1.5018556716680798,0.9312659525238832,0,7.199871142896504,-0.4593260174682747
2713,533500,157500,Non GLA,Non GLA,0.0,1.57767597019918,0.0,0.0,0.0,0.0,0.0,0.07949,1692.3870534954028,0.0,3.65321495338314,0.0,0.0,0.0,418.9912223514133,0.0,2.283613240692057,0.4575985734932001,0.3328536796001731,0,2.3795082353021098,-0.09589499461005291
2714,533500,157500,Outer,Croydon,0.0,0.0230303494059391,0.0,0.0,0.0,0.0,0.0,0.0,91.0591153822482,0.0,0.0533279549174223,0.0,0.0,0.0,0.0,0.0,0.1057150259780139,0.0203026970641228,0.0121569219269151,0,0.7303949595705923,-0.6246799335925785
2715,535500,157500,Non GLA,Non GLA,0.0,4.4854542669885,0.0,0.0,0.0,0.0,0.0,0.08009,2241.0902327570257,0.291595397,5.53072703432415,88.833680812,0.0,0.0,467.4072742483815,0.0,2.575249985722872,0.4840353948707673,0.3269083476057606,0,3.119365607211101,-0.544115621488229
2716,537500,157500,Non GLA,Non GLA,0.0,5.73720906765993,0.0,0.0,0.0,0.0,0.0,0.0107,616.1394735025887,0.961933561,0.941400114574721,0.0,0.0,0.0,684.2410719718305,0.0,2.3810518850281848,0.4127387012385889,0.205957590451017,0,2.9426324083231226,-0.5615805232949378
2717,539500,157500,Non GLA,Non GLA,0.0,7.82346657115902,17.3171164953472,0.0,0.0,0.0,0.0,0.00042,149.4709997197084,0.0,0.0,0.0,0.0,0.0,24.716039059098303,0.0,0.6393653329867902,0.0731938138181749,0.0554474801417945,0,1.647293541252198,-1.0079282082654077
2718,541500,157500,Non GLA,Non GLA,0.0,3.20477306680555,0.0,0.0,0.0,0.0,0.0,0.06245,1303.9270126640572,0.329231991,2.64533729564832,0.0,0.0,0.0,300.89352370939383,0.0,1.42964310575966,0.2461078995884381,0.1489488413393929,0,2.00469595989407,-0.57505285413441
2719,541500,157500,Outer,Bromley,0.0,0.0771995166691271,0.0,0.0,0.0,0.0,0.0,0.0,107.56382557950286,0.051098938,0.0637233167527931,0.0,0.0,0.0,13.799124593847658,0.0,0.1727963843423781,0.0324106318088879,0.0200368081088826,0,0.5585814149597343,-0.38578503061735625
2720,543500,157500,Outer,Bromley,0.0,7.92777940901248,0.0,0.0,0.0,0.0,0.0,0.01724,424.5717907434055,0.330732233,2.00047555759382,0.0,0.0,0.0,910.7650129940298,0.0,3.084644979116105,0.6795129151567755,0.3461840463517568,0,2.996018564332136,0.08862641478396904
2721,545500,157500,Non GLA,Non GLA,0.0,0.85980667783451,0.0,0.0,0.0,0.0,0.0,0.0,75.63953930724836,0.0,0.128374760895884,0.0,0.0,0.0,38.31576306758456,0.0,0.2349679648677299,0.0495611409526276,0.0285876281671606,0,0.5385149636295257,-0.3035469987617958
2722,545500,157500,Outer,Bromley,0.0,3.01385942717349,0.0,0.0,0.0,29.91235364,0.0,0.00911,282.4314614990278,0.0,0.449990167816225,0.0,0.0,0.0,132.0709452596156,0.0,0.9958244510142664,0.1436033220948073,0.0807072553451163,0,1.2313240113362038,-0.23549956032193742
2723,547500,157500,Non GLA,Non GLA,0.0,9.59678630752768,0.0,0.0,0.0,0.0,0.0,0.00201,227.8372479782691,0.0,0.117675328444377,0.0,0.0,0.0,111.28451051829956,0.0,0.9528388865267462,0.1323148934594124,0.0901927709718967,0,1.794633071712548,-0.8417941851858018
2724,549500,157500,Non GLA,Non GLA,0.0,7.51043773957576,6.1796252322719,0.0,0.0,0.0,0.0,0.00434,221.0404154525782,1.803934259,0.353020959372535,0.0,0.0,0.0,10178.424105695252,0.0,20.69289130635854,4.187398005872022,1.009445088953448,0,22.168503961924323,-1.475612655565783
2725,529500,155500,Non GLA,Non GLA,0.0,7.82346657115902,0.0,0.0,0.0,0.0,0.0,0.00583,812.899521119822,0.0,0.353025147673033,0.951825395,0.0,0.0,210.0683102904408,0.0,2.0914844969840387,0.2327327880793282,0.1594892881480403,0,2.819334023651942,-0.7278495266679035
2726,531500,155500,Non GLA,Non GLA,0.0,4.59947666551715,0.0,0.0,0.0,0.0,0.0,0.03469,670.5296211433752,0.0,2.59432714622634,0.0,0.0,0.0,557.1733887733511,0.0,2.010108865977813,0.361786846215285,0.2143916097201069,0,2.3341384439908097,-0.3240295780129969
2727,531500,155500,Outer,Croydon,0.0,0.0086481372988011,0.0,0.0,0.0,0.0,0.0,0.0,34.23170598501448,0.0,0.0048776947596586,0.0,0.0,0.0,1.058175314809381,0.0,0.0467528880040529,0.0145091805065205,0.0064029971739651,0,0.7738124915622677,-0.7270596035582149
2728,533500,155500,Non GLA,Non GLA,0.0,2.39919676348941,0.0,0.0,0.0,0.0,0.0,0.19173,3942.0816587758327,2.558904326,7.76655241114662,0.194497129,0.0,0.0,1059.6784426315724,0.0,4.394468235192954,1.174533595931397,0.8276381680423742,0,4.973876835577414,-0.5794086003844603
2729,535500,155500,Non GLA,Non GLA,0.0,7.61484089545211,0.0,0.0,0.0,0.0,0.0,0.00065,448.9958375104853,0.0,0.117675328444377,0.0,0.0,0.0,35.9152000307235,0.0,0.8750125783344826,0.1065664844804017,0.0853757214930843,0,1.9781932704344563,-1.1031806920999736
2730,537500,155500,Non GLA,Non GLA,0.0,4.38114142913504,0.0,0.0,0.0,0.0,0.0,0.03286,868.7228126601985,0.0,3.76560129595898,0.0,0.0,0.0,271.0331262934181,0.0,1.457514456516598,0.2469977917059894,0.1571954364486414,0,1.3772883682282817,0.08022608828831634
2731,539500,155500,Non GLA,Non GLA,0.0,7.30190238189173,47.1627590690855,0.0,0.0,0.0,0.0,0.00099,365.6254128174363,0.0,0.117675328444377,0.0,0.0,0.0,1017.8069896093378,0.0,3.1427557558851373,0.5913168746666104,0.2686504967827204,0,3.9330022032510943,-0.790246447365957
2732,555500,192500,Outer,Havering,0.0,5.94583474336685,0.0,0.0,0.0,49.25223745,0.0,0.07106,2717.132712590248,0.0,3.05955100061292,0.0,0.0,0.0,453.5964332799685,0.0,3.661964640833776,0.6871305951564672,0.4951169911967581,0,3.234664961880327,0.4272996789534491
2733,508500,181500,Outer,Hillingdon,0.0,1.04311643565552,0.0,0.0,0.0,135.0989677,0.0,0.40521,8755.712713533154,3.129306637,9.17854326836571,0.0,0.0,0.0,4197.13749106248,0.0,18.56904741012973,3.664469145112681,2.054861520384917,0,16.8943980968574,1.6746493132723295
2734,554500,180500,Non GLA,Non GLA,0.0,0.522037425850012,0.0,0.0,0.0,0.0,0.0,0.0,397.4315661693088,0.099161986,0.0588908556385099,0.0,0.0,0.0,1596.3456448301674,0.0,3.8412895463481314,0.8826049798513801,0.237690396053517,0,3.47219216574136,0.36909738060677144
2735,554500,180500,Outer,Havering,0.0,3.16560639493064,0.0,0.0,0.0,0.0,0.0,0.02463,372.98334969100966,0.244187429,0.35711125363862,62.07034497,0.0,0.0,8120.798305556044,0.0,18.62666457959172,4.157800399221361,1.1306144476054918,0,17.436188224442994,1.190476355148725
2736,507500,177500,Outer,Hillingdon,0.0,3.44227737050774,0.0,0.0,0.0,51.74493359,0.0,0.11872,3868.5621915471775,2.875241443,3.76554852337271,0.142492056,0.0,0.0,4850.92820512708,0.0,17.689722138814414,3.172032758734457,1.5673818521745804,0,14.537785631766361,3.1519365070480525
2737,553500,176500,Non GLA,Non GLA,0.0,1.29478200820225,0.0,0.0,0.0,0.0,0.0,0.0,390.027449602576,0.0,0.0,0.0,0.0,0.0,50.48532095733589,0.0,0.8902209111305035,0.083427433479418,0.057546748880576,0,0.47356068871261314,0.41666022241789036
2738,553500,176500,Outer,Bexley,0.0,4.1070710154731,0.0,0.0,0.0,0.0,0.0,0.0,679.696547554434,0.0,0.0,0.0,0.0,0.03210778776675,43.56442401484443,0.0,1.5783791175584982,0.1597319622106237,0.1288972289602487,0,1.0629249165802896,0.5154542009782086
2739,553500,174500,Non GLA,Non GLA,0.0,0.312683980950422,44.6662339165507,0.0,0.0,0.0,0.0,0.33281,8207.99181420402,4.899244031,3.52737997790908,122.1655566,0.0,0.0,2533.4761510433395,0.0,12.135097970922624,2.6824209712292086,1.8358201219315624,0,13.445443845634378,-1.3103458747117536
2740,553500,174500,Outer,Bexley,0.0,0.0,0.0,0.0,0.0,0.0,0.0,0.0,0.9385197567731688,0.001938758,8.37660099546397e-07,0.0,0.0,0.0,0.0,0.0,0.0042623219209063,0.009387491274299,0.0017748845948945,0,-0.1270594554477995,0.13132177736870582
2741,553500,172500,Non GLA,Non GLA,0.0,3.23362855547265,0.0,0.0,0.0,0.0,0.0,0.15029,3180.005957965048,0.128062837,5.88362234468175,0.0,0.0,0.0,8966.762975248857,0.0,23.37956904085766,3.600474081946629,1.4535214281260276,0,20.31197753075404,3.0675915101036217
2742,553500,170500,Non GLA,Non GLA,0.0,9.70098270231031,0.0,0.0,0.0,0.0,0.0,0.00291,744.542517799002,0.0,0.823715571869249,0.0,0.0,0.0,504.8999114315912,0.0,2.7070524079975,0.4777258504472019,0.3140617542280139,0,2.552025058585164,0.15502734941233598
2743,529500,192500,Inner,Enfield,0.0,0.0282531197045505,0.0,0.0,0.0,0.0,0.0,0.063721402299175,1778.8611257809782,0.685504221,0.972040045695929,0.0,0.0,0.0,1027.7414744634425,0.0,3.3699439816973547,0.914062542545524,0.5318491567967188,0,3.9605408761554486,-0.5905968944580939
2744,531500,192500,Inner,Enfield,0.0,0.0663008930975929,0.0,0.0,0.0,0.0,0.0,0.158957636771712,3331.7464520323306,1.136309785,1.18729691211677,0.0,0.0,0.0,5373.841698707994,0.0,14.41431511498146,3.1653329588761334,1.230880069133748,0,14.509461693008259,-0.09514657802679949
2745,533500,192500,Inner,Enfield,0.0,0.106452106064951,0.0,0.0,0.0,5.157302351,0.0,0.194140904583225,4974.7663579425935,56.46236084,0.449306637174995,4.590115977,0.0,0.0,2026.5055860311636,0.0,10.08064806453067,1.593720051823322,0.9481893028643636,0,9.570348167554434,0.5102998969762371
2746,535500,192500,Inner,Enfield,0.0,0.0035888351573136,0.0,0.0,0.0,0.0,0.0,0.0574006959594395,541.7860139045328,70.43157495,0.065481565301741,1.979215097,0.0,2.31455053435932,5233.62094678254,0.0,14.31257784449613,3.19263137095152,1.1652982567240495,0,11.630438629404923,2.6821392150912065
2747,525500,190500,Inner,Barnet,0.0,0.0,0.0,0.0,0.0,0.0,0.0,0.0040101088352626,41.20999175640213,3.689055541,0.054866736520289,0.0,0.0,0.0,632.4032899350519,0.0,1.4999851799442043,0.3824953151645819,0.0983529411683507,0,1.7541826862536567,-0.25419750630945237
2748,527500,190500,Inner,Haringey,0.0,0.528296987336957,0.0,0.0,0.0,0.0,0.0,0.13594,3016.2861625722758,0.757101916,0.78559701137929,0.0,0.0,0.0,191.5869087565016,0.0,2.448022262964189,0.4299163942854194,0.3561836198297272,0,3.8005183773769566,-1.3524961144127676
2749,527500,190500,Inner,Barnet,0.0,0.620991643155559,0.0,0.0,0.0,0.0,0.0,0.0,2261.4999404913387,0.820840308,0.923437331400048,0.0,0.0,0.0,391.2628876432985,0.0,4.135715659296688,0.6804933478988054,0.5597972116552395,0,3.1338069277392275,1.0019087315574602
2750,529500,190500,Inner,Haringey,0.0,1.77329435775066,0.0,0.0,0.0,55.2690902,0.0,0.56797,9842.008622256772,2.10432922,2.00044791481053,139.39935376,0.0,0.0,2206.533620517376,0.0,12.103293276436364,1.930439457998893,1.2744251822945984,0,16.146808350825324,-4.04351507438896
2751,531500,190500,Inner,Haringey,0.0,0.312934034980725,0.0,0.0,0.0,77.96122054,0.0,0.87887,15027.549107582305,6.203920545,0.82371389654905,0.0,0.0,0.0,4565.709081234827,0.0,17.937078889914098,4.274256278559137,2.717041778969683,0,26.329196983411922,-8.392118093497825
2752,533500,190500,Inner,Haringey,0.0,0.312934034980725,0.0,0.0,0.0,262.1738829,0.0,0.71757,12422.26026720502,8.948965744,1.52975413997392,10.24639842,0.0,0.0,5589.242185539527,0.0,20.255728006018987,4.396916655812245,2.442449712513971,0,26.130328211885207,-5.874600205866219
2753,535500,190500,Inner,Haringey,0.0,0.0364310061403924,0.0,0.0,0.0,145.5076968,0.0,0.0,1520.817098328284,2.476141017,0.0359607480735268,0.0,0.0,10.91421,843.5686467570065,0.0,4.894012634688186,5.2527185757362,0.7914558943798365,0,4.0884851304370216,0.805527504251164
2754,535500,190500,Inner,Waltham Forest,0.0,0.522202386867018,0.0,0.0,0.0,46.31148105,0.0,0.20995,3647.926268695173,9.374744064,0.515458330556373,0.0,0.0,2.92112,1418.476562598035,0.0,6.595653461125961,1.309848441380408,0.7733331610356129,0,7.213568757689734,-0.6179152965637726
2755,537500,190500,Inner,Waltham Forest,0.0,2.05229941975391,0.0,0.0,0.0,42.10134641,0.0,0.38997004995229,8896.613967061292,0.990595645,1.93629739140697,0.0,0.0,0.0,5643.456651032559,0.0,18.496018405884293,4.209215848874326,2.280352937320844,0,21.016522759133316,-2.5205043532490237
2756,539500,190500,Inner,Redbridge,0.0,0.0249710672530721,0.0,0.0,0.0,0.0,0.0,0.155277475635939,2177.0384000287227,0.648257613,0.272364343707412,0.0,0.0,0.0,2649.350284054534,0.0,6.987286493979095,1.5110861365882764,0.6378751435444335,0,7.867665556224151,-0.8803790622450558
2757,539500,190500,Inner,Waltham Forest,0.0,0.0349680034556306,0.0,0.0,0.0,0.0,0.0,0.0,620.6059947285868,0.63869234,0.317549404797143,0.0,0.0,0.0,6676.832796371322,0.0,16.003330675895818,3.2748810467147247,1.1609368689588102,0,14.280119890966146,1.7232107849296714
2758,541500,190500,Inner,Redbridge,0.0,0.0041807541006892,0.0,0.0,0.0,0.0,0.0,0.0142685707200451,299.96632058477337,18.16671889,0.148549804393459,0.0,0.0,0.0,702.6035110510293,0.0,2.205622885811255,0.4849308680682304,0.2143560239530295,0,1.7205693457088813,0.48505354010237367
2759,523500,188500,Inner,Barnet,0.0,0.0045883048485871,0.0,0.0,0.0,0.0,0.0,0.0397898196041513,814.8535004475857,4.856960036,0.526502041308793,0.0,0.0,0.0,2287.4521682466334,0.0,6.174751459543855,1.3586778992616997,0.516809756667762,0,5.927969800635584,0.24678165890827142
2760,525500,188500,Inner,Barnet,0.0,0.521557471397817,0.0,0.0,0.0,0.0,0.0,0.5213,10581.775302771632,1.103409584,9.8845650832684,0.0,0.0,0.0,1404.8203875534796,0.0,10.261397444656836,1.9444164816789955,1.507242075383451,0,11.741102399680834,-1.4797049550239976
2761,527500,188500,Inner,Barnet,0.0,0.0942076693094243,0.0,0.0,0.0,94.12076791,0.0,0.0,1079.3113178518029,5.98301377,0.164555813575591,0.0,0.0,0.0,1071.8478416600888,0.0,3.9058886150511394,0.6976224818341765,0.3086257778656613,0,4.016567940994637,-0.11067932594349772
2762,527500,188500,Inner,Haringey,0.0,2.22396561692206,0.0,0.0,0.0,150.0774984,0.0,0.39036,6805.557706372989,29.06970921,3.88466881548881,0.0,0.0,0.0,3371.370631507958,0.0,14.731513353803706,2.7100061791308376,1.4362507724809594,0,14.540928951497595,0.1905844023061114
2763,529500,188500,Inner,Haringey,0.0,1.87760570274423,0.0,0.0,0.0,242.3932105,0.0,0.58249,10942.050273028755,2.314165405,4.47158876679758,0.0,0.0,0.0,2395.0095270087304,0.0,13.734191694168135,2.2277283605205462,1.388495328850743,0,17.070461826065205,-3.33627013189707
2764,531500,188500,Inner,Haringey,0.0,0.0,0.0,0.0,0.0,235.1698003,0.0,0.87243,15434.880494927496,3.696439807,0.706040243424871,703.0808167,0.0,0.0,4489.903754322859,0.0,24.607031855994588,7.210711625183779,3.3526169503593537,0,30.5497488288334,-5.942716972838813
2765,533500,188500,Inner,Hackney,0.0,0.0007583728202642,0.0,0.0,0.0,0.0,0.0,0.0,1210.4886656083677,0.863482599,0.001283295272505,0.26116176,0.0,0.0,285.3813912192716,0.0,1.3783613493155005,0.2534304288779919,0.1412698076427001,0,1.9825883838261387,-0.6042270345106382
2766,533500,188500,Inner,Haringey,0.0,0.184224880928924,0.0,0.0,0.0,431.8217744,0.0,0.76425,13535.04747744924,13.45823408,0.311735206046192,151.76595,0.0,0.0,7623.121121521319,0.0,26.265779536782027,5.411788572228228,2.4675812767065763,0,33.30277957824048,-7.037000041458455
2767,535500,188500,Inner,Waltham Forest,0.0,1.46036032276993,0.0,0.0,0.0,31.3735893,0.0,0.11995,2732.967253653523,10.67655186,0.470693774836614,1.661894152,0.0,0.0,213.96000164132403,0.0,3.3140790780732026,0.4994011308541077,0.4118730474954529,0,3.706132150167617,-0.39205307209441465
2768,537500,188500,Inner,Waltham Forest,0.0,0.0,0.0,0.0,0.0,706.8086569,0.0,0.82996,14506.64484465652,10.03467899,0.117673653124178,139.6499066,0.0,0.0,4658.031847544779,0.0,20.984203246162224,4.713092415674517,3.1329148602352417,0,29.36804899938428,-8.383845753222054
2769,539500,188500,Inner,Redbridge,0.0,0.0330952107331473,0.0,0.0,0.0,62.74717861,0.0,0.0,928.6847470230072,0.288650559,0.0497796267357438,0.0,0.0,0.0,1233.7676416736556,0.0,3.743039203804432,0.6256970051508198,0.2751392090193385,0,3.760615839086027,-0.01757663528159492
2770,539500,188500,Inner,Waltham Forest,0.0,0.877763542930079,0.0,0.0,0.0,0.0,0.0,0.20008,4391.825759119215,1.486550356,1.32026875163896,0.0,0.0,0.0,2578.5705234390743,0.0,9.706601458668136,1.8380209792015556,0.9281934237616662,0,9.763777376258757,-0.05717591759062124
2771,541500,188500,Inner,Redbridge,0.0,1.04358220793883,44.6662339165507,0.0,0.0,26.30224199,0.0,0.172216637638567,2523.951511023261,0.754644201,2.01782433591552,0.0,0.0,0.0,7745.677863255394,0.0,20.03798944230107,4.619674533073673,1.8001382267717392,0,18.543577164640354,1.4944122776607145
2772,521500,186500,Inner,Brent,0.0,0.412291324454523,0.0,0.0,0.0,25.87246679,0.0,0.283140239237011,7160.572827021228,0.505098454,1.54742876807435,0.0,0.0,0.0,6316.973713672363,0.0,18.886487412594068,4.720806184567771,2.1439432700953875,0,20.833058284512717,-1.9465708719186487
2773,523500,186500,Inner,Barnet,0.0,0.286464882835655,0.0,0.0,0.0,150.6541488,0.0,0.32684,4438.378222821637,2.80527395,1.35727071121622,1208.9129048999998,0.0,0.0,2252.306144553333,0.0,18.624664303243406,6.08191655393194,1.833780007474624,0,16.12609366334432,2.4985706398990857
2774,523500,186500,Inner,Brent,0.0,0.0349560605765714,0.0,0.0,0.0,74.78088409,0.0,0.0,2937.558392604268,0.979948135,0.165622992542413,27.78934313,0.0,0.0,1793.558340813262,0.0,6.572814802261275,1.3545961630314882,0.6118306632318937,0,7.464982377256816,-0.8921675749955407
2775,525500,186500,Inner,Camden,0.0,0.15284795192043,0.0,0.0,0.0,31.3735893,0.0,0.0,5529.591912175314,3.577398776,1.37941760658813,0.0,0.0,0.0,1334.940155858234,0.0,8.764503070551628,0.8861762032282283,0.5718298299203278,0,8.284899873291113,0.4796031972605146
2776,525500,186500,Inner,Barnet,0.0,0.160131615286709,0.0,0.0,0.0,548.6639436,0.0,0.45727,5742.152121918271,3.661651156,1.44515465822023,0.0,0.0,0.0,2772.241472280717,0.0,12.144173084072865,3.43094648365497,1.1003528604666155,0,14.767240314319869,-2.6230672302470044
2777,527500,186500,Inner,Camden,0.0,4.48540052403273,0.0,0.0,0.0,115.2657075,0.0,0.05472,4617.171393460098,0.0,0.823715571869249,0.0,0.0,0.0,84.85987866467738,0.0,7.954178381815129,0.4946683384689549,0.398158218449446,0,5.941042567810101,2.013135814005028
2778,529500,186500,Inner,Camden,0.0,5.97143952964e-06,0.0,0.0,0.0,0.0,0.0,0.0,147.68462375637313,0.143356338,1.92661822895671e-05,0.845215349,0.0,0.0,57.08884300365608,0.0,0.2317165504539569,0.0767101349295378,0.0551105463075796,0,0.6267782095208005,-0.39506165906684365
2779,529500,186500,Inner,Islington,0.0,0.102775938604516,0.0,0.0,0.0,322.6363358,0.0,1.44854,18289.72206926685,19.24946374,0.347824116114949,205.102833225,0.0,0.0,5214.164516895212,0.0,28.971380368506274,8.991124239409613,3.347717245083946,1,34.42125177902029,-5.449871410514014
2780,531500,186500,Inner,Hackney,0.0,0.0047278872475924,0.0,0.0,0.0,306.9553078,0.0,0.0,3847.713670556599,1.234841746,0.0160018208816348,0.0,0.0,0.0,1735.5366645582246,0.0,6.683839940023752,1.347453935702385,0.5885461063547979,0,8.9381335934721,-2.2542936534483484
2781,531500,186500,Inner,Haringey,0.0,0.0002276611320675,0.0,0.0,0.0,0.0,0.0,0.0,143.75557510957992,0.270769892,0.0007689719713835,55.153794744,0.0,0.0,214.85782998331197,0.0,1.1299598442965235,0.292956485938627,0.2081764737076679,0,1.1463735140868874,-0.01641366979036385
2782,531500,186500,Inner,Islington,0.0,0.0571854906555975,0.0,0.0,0.0,347.6372679,0.0,1.0054,11490.064877266434,4.294470492,0.1935329893992,440.00524078,0.0,0.0,4000.399496174148,0.0,20.6796827718668,6.449854852708127,2.631065715056357,0,25.50633212528147,-4.82664935341467
2783,533500,186500,Inner,Hackney,0.0,0.0,0.0,0.0,0.0,761.6723278,0.0,0.86653,16430.802367695884,12.12359336,0.353025147673033,4.569293882,0.0,0.0,6349.824951246071,0.0,25.48732863035792,6.291543249404673,4.000899251888543,0,34.46888224935471,-8.981553618996788
2784,535500,186500,Inner,Hackney,0.0,1.56214724170235,0.0,0.0,0.0,264.2866501,0.0,0.4098,6981.358832567001,19.25350078,0.916371668460374,0.46765549,0.0,5.8095,2246.083562774187,0.0,11.02329503954198,1.8275565118572037,1.0546557321809171,0,13.648646255990094,-2.6253512164481148
2785,535500,186500,Inner,Waltham Forest,0.0,0.133234758785328,0.0,0.0,0.0,0.0,0.0,0.0,1250.3017946571683,5.622848765,0.0781570379280771,0.0,0.0,2.53665,917.9621874429328,0.0,4.070809930447744,0.6462983805996236,0.2837732177358266,0,3.316089728652001,0.7547202017957435
2786,537500,186500,Inner,Waltham Forest,0.0,1.05757329075677,0.0,0.0,0.0,125.2357305,0.0,0.34526,6230.313393675239,15.60434272,0.216917108738137,20.52860844,0.0,0.0,2835.0119275289344,0.0,11.640244290195104,2.1210019369405684,1.180596135040242,0,13.512747987700013,-1.872503697504909
2787,537500,186500,Inner,Hackney,0.0,0.001831739075717,0.0,0.0,0.0,0.0,0.0,0.0,64.16045551127657,0.649455443,0.0003761093846963,0.0,0.0,0.0,0.0,0.0,0.1454841435428261,0.0170085861405699,0.0087820156912854,0,0.20617462374212003,-0.060690480199293934
2788,539500,186500,Inner,Waltham Forest,0.0,1.15485251927426,44.6662339165507,0.0,0.0,316.2049949,0.0,0.64762,11245.045673179844,5.70686333,0.40712039924164,166.0890769,0.0,0.0,3061.2532133796826,0.0,15.010376259128678,3.414806260847806,2.374695807843624,0,21.078391962179108,-6.068015703050429
2789,539500,186500,Inner,Redbridge,0.0,0.0472004973320982,0.0,0.0,0.0,0.0,0.0,0.0,188.84328210438773,1.15373851,0.0166392802173896,0.0,0.0,0.0,22.162536890238982,0.0,0.2792637993563843,0.0634681438717851,0.0489745596006812,0,0.31799898897848244,-0.038735189622098154
2790,541500,186500,Inner,Newham,0.0,0.176655334895164,0.0,0.0,0.0,0.0,0.0,0.0,505.0190687909351,0.070055905,0.159427658446168,0.0,0.0,0.0,512.0218082598716,0.0,2.2218197749566237,0.3804668257348702,0.1924338788140202,0,1.5457736188106281,0.6760461561459956
2791,541500,186500,Inner,Redbridge,0.0,3.04944398176055,0.213183992782186,0.0,0.0,75.46852441,0.0,0.22672,2933.0218825445154,0.291066729,2.75205435467043,0.0,0.0,0.0,958.0751252370534,0.0,4.069555360442747,0.9216781442445235,0.5374217342924725,0,5.1900956071894555,-1.1205402467467085
2792,543500,186500,Inner,Redbridge,0.0,0.0,0.0,0.0,0.0,0.0,0.0,0.0115954582006498,75.42580079335688,2.809938082,0.0,22.44711645,0.0,0.0,0.1440116003295937,0.0,0.2788024341270168,0.0624195617923861,0.0219591922511193,0,0.1869878849253066,0.09181454920171017
2793,543500,186500,Inner,Newham,0.0,0.0,0.0,0.0,0.0,0.0,0.0,0.0,832.097314404396,0.216607599,0.0,0.0,0.0,0.0,1717.9722723469656,0.0,4.213928570038874,0.8122741164827745,0.3076431567411899,0,4.31829971768186,-0.10437114764298627
2794,519500,184500,Inner,Brent,0.0,0.0004381543754873,0.0,0.0,0.0,0.0,0.0,0.0293851601685424,871.665579560725,4.960993008,0.267010020351111,1.124234416,0.0,0.0,1122.4065700760275,0.0,3.62242833762564,0.5584029993295704,0.213121217827245,0,3.8116469950770995,-0.18921865745145938
2795,521500,184500,Inner,Brent,0.0,0.730189864974203,0.0,0.0,0.0,236.7826999,0.0,0.69927,10834.573585963535,12.08463754,2.58885052449551,63.82535749,0.0,0.0,3902.956081615387,0.0,17.91582001298574,3.1449668977451597,1.6466635593560637,0,21.356583147125406,-3.440763134139665
2796,523500,184500,Inner,Brent,0.0,0.0,0.0,0.0,0.0,418.9909087,0.0,0.65703,12374.852679977064,1.35732144,3.17718779669272,860.171204571,0.0,0.0,3654.594638338233,0.0,20.223466403618765,3.221477408010796,1.619508317173988,0,26.417343263744023,-6.193876860125258
2797,525500,184500,Inner,Brent,0.0,0.0,0.0,0.0,0.0,31.3735893,0.0,0.0,234.86962474662815,0.077996489,0.0001147594336378,0.0,0.0,0.0,72.04362520960332,0.0,0.4130083240200529,0.1104355002897763,0.0794002139926391,0,1.012860252191075,-0.5998519281710222
2798,525500,184500,Inner,Camden,0.0,0.0,0.0,0.0,0.0,661.2060708,0.0,0.93602,19942.619041276917,6.530163485,0.804392428692912,2060.5574295,0.0,0.0,3877.575750124291,0.0,36.89229184878228,4.595107077793335,2.603826513962328,1,42.1884447561151,-5.296152907332825
2799,527500,184500,Inner,Camden,0.0,0.104311344993575,0.0,0.0,0.0,894.6811218,0.0,1.27052,25260.791416223128,20.79298152,0.588368265620892,784.4799742,0.0,0.0,3917.4892997678567,0.0,37.25392629333526,5.074247393151995,2.6475619965360018,1,43.29089671835277,-6.036970425017508
2800,529500,184500,Inner,Camden,0.0,0.0,0.0,0.0,0.0,697.1090189,0.0,1.1541,23833.1294001682,60.54868692,0.113281801222257,1286.8055884,0.0,3.32084,7840.032255293197,0.0,51.73337027343297,8.1141905486977,3.4703754737378176,1,51.34878749673132,0.38458277670164875
2801,529500,184500,Inner,Islington,0.0,0.0,0.0,0.0,0.0,0.0,0.0,0.0,261.8554072782672,1.16269893,4.18830049773199e-05,0.0,0.0,0.0,176.42877760713253,0.0,0.6946221235773176,0.164564591355263,0.0994661593371898,0,1.007538077384261,-0.3129159538069435
2802,531500,184500,Inner,Islington,0.0,0.0,0.0,0.0,0.0,279.0347828,0.0,1.01117,17991.283912373336,5.651118038,0.47070047611741,247.7965947,0.0,0.0,7663.729847969837,0.0,31.847451398804637,6.641486087571527,4.226701239909129,1,38.07117518112555,-6.22372378232091
2803,533500,184500,Inner,Hackney,0.0,0.0,0.0,0.0,0.0,729.4650262,0.0,0.74507,14307.35090890307,38.25743597,0.0,96.30882036,0.0,0.0,7169.04989672569,0.0,29.469030826072405,5.685608440230613,3.348108060289261,1,34.27515391885583,-4.806123092783423
2804,533500,184500,Inner,Islington,0.0,0.0,0.0,0.0,0.0,37.64830716,0.0,0.0,1490.486633146422,4.057068267,0.0,0.010966224,0.0,0.0,154.37855629211543,0.0,1.408206111871653,0.1654305617345164,0.1071690615585266,0,2.2066931047960843,-0.7984869929244314
2805,535500,184500,Inner,Hackney,0.0,0.312938513560373,0.0,0.0,0.0,646.4381372,0.0,0.81464,18945.88198123691,20.81085875,0.706050295346066,246.7849805,0.0,0.0,5677.787731334632,0.0,29.74680796476765,5.047034747315686,2.5782567073634723,1,35.92450845089549,-6.177700486127836
2806,537500,184500,Inner,Newham,0.0,0.0174806427930799,0.0,0.0,0.0,105.6634687,0.0,0.0,1313.1515447233078,21.6808813,0.0197193564034217,106.2983806,0.0,1.35061,150.6401144498605,0.0,4.70808033040153,1.896199345189464,0.3798467323897152,0,2.741060344829652,1.967019985571878
2807,537500,184500,Inner,Tower Hamlets,0.0,0.0116122105953262,44.6662339165507,0.0,0.0,805.4367916,0.0,0.19889,3116.3972584149965,3393.42438058727,0.0131001662968061,0.0,0.0,6.91278072443136,818.9281148162164,0.0,38.94595499781964,21.26185757019601,19.95090414519188,1,12.689240330563951,26.25671466725569
2808,537500,184500,Inner,Hackney,0.0,0.0068888019273809,0.0,0.0,0.0,420.5797639,0.0,0.0,653.719335084775,13.61057805,0.0077709727434919,159.3467365,0.0,2.97416,314.1980436958123,0.0,4.479872823773193,2.1876675518278565,0.6659615744670293,0,4.0820102604852675,0.3978625632879256
2809,539500,184500,Inner,Newham,0.0,0.625877027120745,0.491255142628554,0.0,0.0,258.7246679,0.0,0.78376,18031.985062143143,0.91756812,1.0590754430191,98.39819533,0.0,0.0,4910.963115467916,0.0,28.137617060827235,5.839124645371021,4.143318724986469,1,30.79349503435433,-2.655877973527094
2810,541500,184500,Inner,Newham,0.0,0.0,0.0,0.0,0.0,172.3398536,0.0,0.89654,17847.54745502522,20.93310776,0.588368265620892,0.792341786,0.0,0.00664555177062,2671.5630588791905,0.0,18.107380858421354,3.988622923282059,3.0663504465986984,0,25.473927379166554,-7.3665465207451994
2811,543500,184500,Inner,Newham,0.0,0.276500789550509,0.0,0.0,0.0,0.0,0.0,0.0,3888.937953402528,4.510385619,0.368631592987682,93.1518942,0.0,0.0,7976.041822351455,0.0,21.85211740670303,4.832983609723635,1.869753865763085,0,20.532904115252606,1.3192132914504242
2812,519500,182500,Inner,Brent,0.0,0.0,0.0,0.0,0.0,336.7944219,0.0,0.0,5762.817996055482,55.75885262,0.163211369115819,0.0,0.0,0.0,1117.8190343991491,0.0,13.667661034828948,22.690672439018623,2.7594228676515296,0,10.041802700622902,3.625858334206045
2813,519500,182500,Inner,Ealing,0.0,0.0,0.0,0.0,0.0,0.0,0.0,0.66263,4545.832038374475,69.5047466,0.253601595137672,0.495666729,0.0,0.0,6188.839869491703,0.0,22.951239108658527,4.246107993341588,1.853830418456368,0,19.359792583654553,3.591446525003974
2814,521500,182500,Inner,Hammersmith and Fulham,0.0,0.0,0.0,0.0,0.0,3771.415218,0.0,0.3089,3748.3406412840536,33.11679019,0.0251339912868897,377.1446078,0.0,3.9547,88.17425242165233,0.0,18.36569147015996,1.5009049448183154,1.4023622329434,0,23.54777249655958,-5.182081026399622
2815,521500,182500,Inner,Ealing,0.0,0.0,0.0,0.0,0.0,1475.256523,0.0,0.0,3832.830986467096,37.20424857,0.031720512649623,312.60713434,0.0,4.25915,2751.1416742864485,0.0,17.59281115223235,3.2220219238718717,2.206578407000554,0,18.009029678779417,-0.41621852654706615
2816,521500,182500,Inner,Brent,0.0,0.0,0.0,0.0,0.0,0.0,0.0,0.0,273.2265005636668,1.336174826,4.10453448777735e-05,37.33551597,0.0,0.0,1.149445311716876,0.0,0.4303876300027112,0.03686136330453,0.027117360469897,0,1.0792364506967296,-0.6488488206940184
2817,523500,182500,Inner,City of Westminster,0.0,0.0037717104929088,0.0,0.0,0.0,14.44044658,0.0,0.0,1491.8990318378164,1.256632126,0.005850218135232,0.0,0.0,0.39699,654.1333210344003,0.0,2.937687891803637,0.5607906789703033,0.3303072270588915,0,3.4360379332100237,-0.4983500414063866
2818,523500,182500,Inner,Hammersmith and Fulham,0.0,0.0017876997091859,0.0,0.0,0.0,0.0,0.0,0.0,397.1225918992592,0.865114323,0.0027726549294985,11.568425168,0.0,0.46876,4.685061132345173,0.0,0.7019008967367475,0.0423585512570485,0.0317760243697941,0,1.0344489520107558,-0.3325480552740083
2819,523500,182500,Inner,Kensington and Chelsea,0.0,0.277491302082488,0.0,0.0,0.0,103.3475571,0.0,0.53493,4327.305970018424,10.77853211,0.430425778531219,174.42121158,0.0,6.7612,2274.385253766221,0.0,12.26875453930066,3.6096242253879263,1.2234723195232269,0,11.931248377235985,0.33750616206467576
2820,523500,182500,Inner,Brent,0.0,0.0801068612901206,0.0,0.0,0.0,241.7184986,0.0,0.0,5706.702926026834,5.791211102,0.124256823846514,546.8516255000001,0.0,0.0,1767.8487437625215,0.0,10.727703970203644,2.5325014994758206,1.79209185498934,0,13.319530763418564,-2.5918267932149206
2821,525500,182500,Inner,City of Westminster,0.0,0.161961861502543,0.0,0.0,0.0,668.6701067,0.0,1.1578,22732.43440366973,6.409735714,1.00489558778044,0.0,0.0,0.90089,3680.610923584892,0.0,30.45788212854761,4.433761346817436,2.835332454388108,1,35.39858256662308,-4.940700438075467
2822,525500,182500,Inner,Brent,0.0,0.0029491446977009,0.0,0.0,0.0,103.2699122,0.0,0.0,1847.4422953121843,0.864965219,0.0182995225346906,0.0,0.0,0.0,383.39573020036767,0.0,2.9692814611563008,0.643325293726018,0.4644152163823679,0,3.548945210711354,-0.5796637495550532
2823,527500,182500,Inner,City of Westminster,0.0,1.35603778132724,0.0,0.0,0.0,431.7927518,0.0,0.9319,22473.127503656964,2.385209757,1.41206959726845,769.973418287,0.0,4.95444,6545.29790552928,0.0,48.0839882489942,5.696020106597887,3.4662214776344085,1,43.06303523926946,5.020953009724742
2824,535500,182500,Inner,Tower Hamlets,0.0,0.0,44.6662339165507,0.0,0.0,724.0279897,0.0,0.8081,19112.81158121828,3.090937467,0.470693774836614,2.353061173,0.0,0.96961522326392,5490.578226574753,0.0,32.42311310538732,5.902295301039356,2.844754621652112,1,35.09131308845247,-2.6681999830651506
2825,537500,182500,Inner,Tower Hamlets,0.0,0.0,0.0,0.0,0.0,442.4194543,0.0,0.83355,16184.07485000232,99.8670003,0.117673653124178,4.681687339,0.0,0.50077853334208,5350.123648794596,0.0,32.453578661559895,4.532799462200842,2.4387321638973187,1,30.812261151707112,1.641317509852783
2826,539500,182500,Inner,Newham,0.0,1.56467166776351,0.0,0.0,0.0,46.84549636,0.0,0.34677,8660.312188525908,10.12220818,1.52975413997392,1.08153464,0.0,0.0,2528.814636646512,0.0,15.29756934700729,2.506529679455428,1.580568419355039,0,14.43980727741165,0.8577620695956405
2827,541500,182500,Inner,Newham,0.0,0.52155299281817,0.0,0.0,0.0,158.1540851,0.0,0.61977,13206.509780915503,0.114054216,0.470689586536116,0.0,0.0,0.0,5744.6497657943255,0.0,25.52285799522132,24.236386675181382,4.985823826229868,0,26.71129410083912,-1.1884361056178
2828,543500,182500,Inner,Newham,0.0,0.780221571073292,0.0,0.0,0.0,57.42759529,0.0,0.330140237978109,6242.258056475685,0.388935903,0.643652156870755,0.0,0.0,0.0,12286.47867179898,0.0,35.63776535405737,8.634924505643042,3.132294968362933,1,32.258813694653014,3.3789516594043576
2829,518500,180500,Inner,Ealing,0.0,0.191872055676569,0.0,0.0,0.0,261.3892742,0.0,0.161789988140472,3607.9077368319768,0.576296173,1.27960454210648,146.74074455,0.0,0.0,2915.2631205619664,0.0,11.087645785623751,1.7144743737290762,0.8194135177708681,0,12.063471517728873,-0.9758257321051218
2830,520500,180500,Inner,Ealing,0.0,0.20862268998715,0.0,0.0,0.0,913.5567847,0.0,0.78518,15244.973435975606,3.783140261,2.11812073027461,34.12384713,0.0,0.0,5723.08961183662,0.0,27.287247085545715,6.787316018603961,2.7952789648296306,0,32.55409429178134,-5.266847206235624
2831,522500,180500,Inner,Hammersmith and Fulham,0.0,0.0,0.0,0.0,0.0,320.7724091,0.0,0.87576,17871.460371418627,3.908710309,0.0,0.0,0.0,0.0,8040.122409593733,0.0,31.522396950949236,6.364196317189117,3.844652341884403,1,37.88815938881431,-6.365762437865072
2832,524500,180500,Inner,Kensington and Chelsea,0.0,0.0,0.0,0.0,0.0,778.314382,0.0,1.18415,23746.700821503728,13.76090337,0.941387549673228,0.0,0.0,0.0,4794.540298100793,0.0,30.31231884107479,4.855654897985851,3.218502670502177,1,39.26846337216466,-8.956144531089869
2833,526500,180500,Inner,City of Westminster,0.0,2.98571976482e-06,0.0,0.0,0.0,0.0,0.0,0.0,13.59022306973566,0.009044751,8.37660099546397e-07,0.0,0.0,0.0,0.0,0.0,0.0205605524327367,0.0097500889330368,0.002135408009444,0,0.5414558310898379,-0.5208952786571012
2834,526500,180500,Inner,City of Westminster,0.0,3.74853682895422,0.0,0.0,0.0,456.337336,0.0,0.55388,28919.62777139248,10.16268491,0.704785428595751,0.0,0.0,0.0,4306.590217612853,0.0,53.31129148508168,5.176915550852923,3.282754419882371,1,40.818641882109276,12.492649602972406
2835,534500,180500,Inner,Southwark,0.0,0.0,0.0,0.0,0.0,0.0,0.0,0.0,57.6881801686346,0.236397678,0.0,0.0,0.0,55.1563312593043,0.0,0.0,0.8604565464397741,0.0356626176205587,0.0268305619069497,0,0.907315139678543,-0.04685859323876895
2836,534500,180500,Inner,Tower Hamlets,0.0,0.0,559.166971564234,0.0,0.0,1202.246169,0.0,0.69102,15300.930606184273,26.65944622,0.0,0.401412445,0.0,272.813812589531,6731.348869442469,0.0,42.75642242284324,5.691423313328269,2.844393339643917,1,40.42029099823034,2.336131424612894
2837,536500,180500,Inner,Tower Hamlets,0.0,0.0,1035.26058880426,0.0,0.0,97.88173562,0.0,0.0,5074.93919710686,0.611530763,0.0,0.0,0.0,788.662949792493,6926.89464674786,0.0,38.05085115927934,4.949071123514715,2.1703721124451567,1,31.085776320578894,6.9650748387004455
2838,536500,180500,Inner,Southwark,0.0,0.0,658.355511650572,0.0,0.0,94.12076791,0.0,0.25131,2284.245935821647,0.589568185,0.0,0.0,0.0,794.059654334349,391.9247197414925,0.0,17.844985963230414,0.8545088184230136,0.6563654446451852,0,14.29322092582905,3.5517650374013634
2839,538500,180500,Inner,Tower Hamlets,0.0,0.0,1693.60221283328,0.0,0.0,1481.515655,0.0,0.22121,9579.498238908109,160.348372918818,0.0835658091908482,0.0,0.0,1657.074032587577,15450.56898228778,0.0,84.87361655235709,31.291926857544723,6.379820221736614,1,70.41705666090124,14.456559891455854
2840,538500,180500,Inner,Greenwich,0.0,0.0,0.0,0.0,0.0,0.0,0.0,0.0,367.6830288164685,0.584697209,0.0029117065060232,0.0,0.0,32.750651775623304,1873.1963813506677,0.0,5.679266124218296,1.2457315873728243,0.4238742659084118,0,4.731549673054541,0.947716451163755
2841,540500,180500,Inner,Newham,0.0,0.0,2238.53602879423,0.0,0.0,588.0154715,0.0,0.55616,7412.406892372399,31.26607672,0.0,0.0,0.0,10.6753581056846,3162.5194766807763,0.0,33.29840681092622,5.460120808171661,3.636698469406977,1,25.377367888318666,7.921038922607551
2842,542500,180500,Inner,Newham,0.0,0.521557471397817,23192.8753531044,0.0,0.0,159.9489354,0.0,0.53938,4787.509543131813,89425.011336637,0.117673653124178,0.0,0.0,2.42741964040488,2018.3785914716605,0.0,102.8083278690693,111.92869408828602,14.698516510158576,1,184.1928045005786,-81.3844766315093
2843,518500,178500,Inner,Hounslow,0.0,4.47857964723e-06,0.0,0.0,0.0,0.0,0.0,0.0009724186158181,8.795104261336508,58.30585766,0.0036329318517327,0.0,0.0,0.0,362.4018249049265,0.0,2.241724424479511,0.2836715195199106,0.1899811018853084,0,1.5928669791999166,0.6488574452795945
2844,520500,178500,Inner,Hounslow,0.0,0.0,0.0,0.0,0.0,570.6566365,0.0,0.77343,10289.254772162896,2.62638451,0.347716057962108,0.259693371,0.0,0.0,4457.571525632861,0.0,19.946569811301657,6.38003940278062,3.0508257701118238,0,24.030339648786757,-4.0837698374851
2845,520500,178500,Inner,Ealing,0.0,0.0,0.0,0.0,0.0,31.3735893,0.0,0.0,3699.941176570169,1.116127244,0.0627960270225952,0.215583829,0.0,0.0,1176.5726186817371,0.0,5.183146314548595,0.9795220587644096,0.6234089132698211,0,6.83309617142352,-1.6499498568749251
2846,522500,178500,Inner,Richmond,0.0,0.018034493809454,0.0,0.0,0.0,103.1428601,0.0,0.0,425.19165271190246,2.017974594,0.0,0.0,0.0,2.67188,51.6591003589829,0.0,0.9289641215079124,36.803320524893614,3.737444607724265,0,1.6658890007877556,-0.7369248792798432
2847,522500,178500,Inner,Hounslow,0.0,4.47857964723e-06,0.0,0.0,0.0,0.0,0.0,0.0,7.35756250062594,0.030543624,0.0,0.0,0.0,0.0995,0.0,0.0,0.0073043901251983,0.0095264394909796,0.0019170666282383,0,0.6738611080399135,-0.6665567179147152
2848,522500,178500,Inner,Hammersmith and Fulham,0.0,0.515788314382244,0.0,0.0,0.0,347.2978357,0.0,0.85845,13113.075178383882,10.79185507,0.0,0.0,0.0,2.73855,9720.42986563151,0.0,34.57949591137896,7.971306782262671,3.5761656773984365,1,36.95232893623319,-2.3728330248542235
2849,524500,178500,Inner,Hammersmith and Fulham,0.0,0.0,0.0,0.0,0.0,522.0208362,0.0,1.38075,25378.056898957693,9.173315791,0.0897854354299802,95.05288618,0.0,0.0,10446.223663787769,0.0,48.704660215105264,7.630418754390536,3.9341919632387454,1,52.540494277009195,-3.835834061903931
2850,524500,178500,Inner,Kensington and Chelsea,0.0,0.0,0.0,0.0,0.0,677.4268361,0.0,0.0,3520.255882495622,1.328523915,0.0018830599037803,27.89396914,0.0,0.0,2077.9101750924965,0.0,10.560902304350456,1.3474230489204082,0.5587486459524739,0,11.391214859590585,-0.8303125552401287
2851,526500,178500,Inner,Kensington and Chelsea,0.0,0.0,0.0,0.0,0.0,715.6775395,0.0,1.64979,39655.34879706916,40.10611551,0.353025147673033,0.0,0.0,0.0,12065.207346424224,0.0,67.96940729643195,11.494755048269868,8.280769910288887,1,70.58075344052631,-2.6113461440943553
2852,528500,178500,Inner,Kensington and Chelsea,0.0,0.0,0.0,0.0,0.0,199.7842366,0.0,0.0,4729.047260612396,5.698120481,0.0051130772476312,0.0,0.0,0.0,2065.435151857718,0.0,10.241113162309604,1.830297008654257,1.0882013641862152,0,10.198025212983332,0.04308794932627258
2853,528500,178500,Inner,City of Westminster,0.0,0.0,0.0,0.0,0.0,984.5843376,0.0,1.38578,24432.004468180978,21.63661774,0.0737274913216757,64.3975536,0.0,0.0,6387.84026191871,0.0,46.35101396635209,8.347968815159481,4.889393675993566,1,45.083293520415445,1.2677204459366465
2854,534500,178500,Inner,Southwark,0.0,0.0,0.0,0.0,0.0,722.8698771,0.0,0.55411,10450.17468526251,17.76804361,0.117673653124178,222.205351115,0.0,0.0,5314.490589443712,0.0,23.27322367460751,3.648005203609774,2.007376660060496,0,26.846764705557305,-3.5735410309497944
2855,536500,178500,Inner,Tower Hamlets,0.0,0.0003493292124839,0.0,0.0,0.0,0.0,0.0,0.0,10.52789358660177,0.346195005,7.87400493573614e-05,0.0,0.0,1.5973334883841,0.0,0.0,0.0442761232219125,0.0118525375904862,0.0041910201963634,0,0.3084134491874426,-0.26413732596553013
2856,536500,178500,Inner,Lewisham,0.0,0.401466597447168,0.0,0.0,0.0,537.2805245,0.0,0.28755,8434.817903862988,11.74237681,0.0905786995442506,0.169922962,0.0,439.558239406114,2808.802402916496,0.0,21.829650350379847,3.489746588314099,1.268544588388889,0,21.586100522181386,0.24354982819846072
2857,536500,178500,Inner,Southwark,0.0,0.0048853839651867,0.0,0.0,0.0,93.46498902,0.0,0.0,917.5364223862272,1.295375931,0.001102360691003,0.0,0.0,0.25295674984674,108.0814731854349,0.0,1.2908671043168876,0.2461253722282385,0.1521619894273291,0,1.8046413007575044,-0.5137741964406168
2858,538500,178500,Inner,Greenwich,0.0,0.0718491068505697,0.0,0.0,0.0,0.0,0.0,0.0,1153.4020806453211,3200.83845931,0.0090056837302233,0.0,0.0,13.51110460536784,56.651039650210144,0.0,3.959036322689822,0.3443630165140496,0.3183395122696435,0,4.998286334323149,-1.0392500116333268
2859,538500,178500,Inner,Tower Hamlets,0.0,0.491221812157305,44.6662339165507,0.0,0.0,49.11823747,0.0,0.38872,4902.764481318695,2.192347736,0.0615713679570584,0.0,0.0,1186.909223351051,661.8647234871163,0.0,23.12208031389257,1.478454499925251,1.101258489889499,0,19.302338257473636,3.819742056418935
2860,540500,178500,Inner,Greenwich,0.0,0.0,44.6662339165507,0.0,0.0,380.9336086,0.0,2.50009,13628.434871694224,4298.6679829,0.117675328444377,35.47820111,0.0,0.01146519614673,9475.249802790424,0.0,61.882347184182606,28.34366622046905,11.255445862920366,1,45.18052915737633,16.70181802680628
2861,542500,178500,Inner,Greenwich,0.0,0.208625675706915,0.0,0.0,0.0,107.4987712,0.0,0.3778,9758.8639272539,5.481595735,2.23582537682247,29.59252794,0.0,0.00688356587277,2477.181576410745,0.0,14.174925709853234,2.2981617740282063,1.240642303146977,0,15.457730567631463,-1.2828048577782294
2862,519500,176500,Inner,Richmond,0.0,0.158225233216871,2097.82470873781,0.0,0.0,0.0,0.0,0.136240354024547,2553.2409216048404,1.080292975,0.980450153095375,0.0,0.0,0.408884743871384,990.0150292313596,0.0,12.474006092651978,0.7729798420767798,0.4188757491571824,0,12.390330722505874,0.08367537014610349
2863,519500,176500,Inner,Hounslow,0.0,0.0006867155459086,413.888480151916,0.0,0.0,0.0,0.0,0.0,156.5875363229062,0.027090221,0.0016200346325227,0.0,0.0,0.74644,2.1611628490358066,0.0,1.7411782611174371,0.0278442288480429,0.0195507370076654,0,2.33464857512209,-0.5934703140046529
2864,521500,176500,Inner,Hounslow,0.0,0.34626287828547,1357.38407116629,0.0,0.0,0.0,0.0,0.0,702.7419474518736,1.813336335,0.234370594572286,21.92471827,0.0,3.15374,117.0837292195286,0.0,4.574396582134763,0.2020705324212241,0.1544244735939245,0,6.3217074265320425,-1.7473108443972798
2865,521500,176500,Inner,Richmond,0.0,0.73264114090112,948.813956043407,0.0,0.0,118.0162688,0.0,0.29966,7017.340685533829,2.637672018,0.495893941271368,19.854577013,0.0,2.76739,2524.787142953663,0.0,12.49596783959999,2.242207237759867,1.4030393137355468,0,17.160114697739367,-4.664146858139377
2866,523500,176500,Inner,Hammersmith and Fulham,0.0,0.569011754909925,1577.48594664289,0.0,0.0,173.6259922,0.0,0.37377,5815.513529390557,0.45407408,0.139543283003136,0.0,0.0,3.19024,662.3057802146758,0.0,9.789967943742298,3.922221826919833,0.841548979195933,0,14.651684187480638,-4.861716243738341
2867,523500,176500,Inner,Richmond,0.0,0.267881763019415,728.692939167501,0.0,0.0,0.0,0.0,0.0,814.4551620996367,0.311557814,0.0656951686271253,0.0,0.0,1.84967,0.0,0.0,2.719370073065446,0.1085830713957375,0.0994052398677062,0,3.939465651192851,-1.2200955781274048
2868,523500,176500,Inner,Wandsworth,0.0,0.0767419551151685,0.0,0.0,0.0,31.3735893,0.0,0.0,1584.9877290932804,0.16675632,0.0188197094565089,0.0,0.0,1.08116,105.75980056273072,0.0,1.2523467168708182,0.2120763524995271,0.1691991821582333,0,2.56494606572522,-1.3125993488544017
2869,525500,176500,Inner,Hammersmith and Fulham,0.0,0.208625675706915,0.0,0.0,0.0,533.1791081,0.0,1.12535,23040.38631199529,21.204496,0.588374966901688,0.0,0.0,0.0,5147.932864214215,0.0,28.68942467902368,5.302060096262818,3.550520274777979,1,38.2707392268198,-9.581314547796119
2870,527500,176500,Inner,Wandsworth,0.0,0.312934781410667,0.0,0.0,0.0,601.3592051,0.0,0.73712,18151.006479159765,27.03446346,1.05906287811761,208.42953029,0.0,0.0,6573.709578534961,0.0,29.816467904047176,7.18189759517675,3.432089774539955,1,36.67060452376194,-6.854136619714762
2871,529500,176500,Inner,Lambeth,0.0,0.073062801934969,0.0,0.0,0.0,438.2414466,0.0,0.56655,9980.320207118164,5.682860276,0.0,82.89592579,0.0,0.0,3680.968859425372,0.0,16.432278287755388,2.880843255358727,1.503870816971836,0,21.356820640316528,-4.92454235256114
2872,529500,176500,Inner,Wandsworth,0.0,0.0347649745116229,0.0,0.0,0.0,349.7145776,0.0,0.0,5751.627276737268,3.920033091,0.0,124.88585385,0.0,0.0,249.13680317991845,0.0,8.236645875485971,1.7805345171292992,1.6571848142415808,0,8.692080994122906,-0.45543511863693453
2873,531500,176500,Inner,Lambeth,0.0,0.0,0.0,0.0,0.0,170.8173884,0.0,0.51662,16313.681834955907,3.704801923,0.588374966901688,1.327648134,0.0,0.0,3900.390919133708,0.0,21.76414255984897,3.3154558252126405,1.720388374607133,0,25.999564496382362,-4.235421936533392
2874,533500,176500,Inner,Southwark,0.0,0.0,0.0,0.0,0.0,709.4176941,0.0,0.62754,20241.909311832187,8.090782822,1.0590754430191,193.355041855,0.0,0.0,4401.508228540625,0.0,30.533493123508237,4.3828012010976245,2.2722648530016847,1,34.14550929003951,-3.6120161665312764
2875,535500,176500,Inner,Southwark,0.0,0.0,0.0,0.0,0.0,127.127503,0.0,0.0,5172.344454014611,5.268236737,0.174136969794203,81.856027712,0.0,0.0,1650.6143059081646,0.0,7.421734832789151,1.4751721992697886,0.8238909019985622,0,9.617876585345945,-2.1961417525567937
2876,535500,176500,Inner,Lewisham,0.0,0.0,0.0,0.0,0.0,228.1128769,0.0,0.57599,10698.10646041184,8.426738076,0.445532140766439,0.0,0.0,0.0,4829.522155739294,0.0,19.964121608225003,3.40622292316487,1.624767857877021,0,22.81676384205484,-2.8526422338298367
2877,537500,176500,Inner,Greenwich,0.0,0.0,0.0,0.0,0.0,137.037058,0.0,0.0,4052.261781308376,1.566183512,0.0443624788719772,0.0,0.0,0.0,2646.606857976349,0.0,9.36180441595016,2.371050838645952,0.8285014269886299,0,10.230122784112845,-0.8683183681626847
2878,537500,176500,Inner,Lewisham,0.0,0.0,0.0,0.0,0.0,130.5657045,0.0,0.45682,8750.392322412483,4.137572819,0.30961508833424,134.9211484,0.0,0.0,6254.605721088301,0.0,21.48337539504048,4.059884173382582,1.8636140984783367,0,23.776889802562998,-2.293514407522519
2879,539500,176500,Inner,Lewisham,0.0,2.75197896088136,0.0,0.0,0.0,0.0,0.0,0.24678,3805.205709092372,0.09074191,1.69868756522974,0.684295058,0.0,0.10950529031832,4236.550250298183,0.0,12.626376875668315,2.9838359537411985,1.4776061995188314,0,12.986579310138648,-0.36020243447033273
2880,539500,176500,Inner,Greenwich,0.0,0.479390151159264,0.0,0.0,0.0,0.0,0.0,0.0,1691.3255566450678,0.037873049,0.295908456125362,6.25423906,0.0,0.0,3064.007201318128,0.0,8.899546880073528,2.060303453095971,0.7283961504336145,0,8.158532184269351,0.7410146958041768
2881,541500,176500,Inner,Greenwich,0.0,2.29485630772812,0.0,0.0,0.0,0.0,0.0,0.26382,6753.93632631265,0.41274491,8.23715404337229,0.0,0.0,0.0,3354.746189796546,0.0,12.401336351265872,2.8970951516474948,1.655797061159194,0,11.905955852263707,0.49538049900216485
2882,525500,174500,Inner,Wandsworth,0.0,0.0519761560959278,0.0,0.0,0.0,514.4747617,0.0,0.242627911059959,4958.773970434077,4.085222963,0.0415320253956099,3.779831706,0.0,0.0,6881.455520326348,0.0,20.718667865854247,4.909241679876896,1.9655065546190984,0,22.42868417722722,-1.7100163113729714
2883,527500,174500,Inner,Wandsworth,0.0,2.3139328177355e-05,0.0,0.0,0.0,0.0,0.0,0.0019331184460474,21.164320280642563,0.960007021,0.0022549809879789,8.931163094,0.0,0.0,0.0,0.0,0.0698848347156663,0.0159055003962449,0.0077547339960138,0,0.651347984539278,-0.5814631498236117
2884,529500,174500,Inner,Lambeth,0.0,0.183502336745837,0.0,0.0,0.0,741.6266004,0.0,0.678214390022485,15194.210072186184,0.294377218,0.54205738935737,0.0,0.0,0.0,3458.0043898895647,0.0,18.833581034289324,6.097650893373451,2.1919453776212947,0,27.001014545071655,-8.167433510782331
2885,531500,174500,Inner,Lambeth,0.0,2.29485182914848,0.0,0.0,0.0,251.0614715,0.0,0.59547,13018.96420581581,7.363889634,0.941387549673228,11.06734688,0.0,0.0,3966.732614801365,0.0,17.149358977084976,3.838059596048104,2.151208393798289,0,23.724275955498708,-6.574916978413732
2886,533500,174500,Inner,Southwark,0.0,0.938802851372117,0.0,0.0,0.0,624.7523631,0.0,0.58329,13766.933617153967,3.586288164,1.6474277930981,5.575216336,0.0,0.0,3675.543254212974,0.0,17.79714298717245,6.357146806260184,2.86169210223715,0,24.99879022704903,-7.201647239876582
2887,535500,174500,Inner,Lewisham,0.0,0.0588798866221328,0.0,0.0,0.0,31.3735893,0.0,0.0,1575.1633345737357,0.082472596,0.0560436489601517,65.32792753300001,0.0,0.0,1387.5335619476643,0.0,3.9817571175775375,0.9175797300863936,0.4178480973848946,0,5.173291379523517,-1.1915342619459799
2888,535500,174500,Inner,Southwark,0.0,2.51019089574659,0.0,0.0,0.0,83.97807328,0.0,0.29195,5648.606920318001,0.53849278,2.38927968109878,0.0,0.0,0.0,833.2548012249817,0.0,6.104798710028549,1.0627422468906182,0.706368213011918,0,8.125220422985397,-2.020421712956848
2889,537500,174500,Inner,Lewisham,0.0,1.04311419636569,0.0,0.0,0.0,79.76627636,0.0,0.42981,12253.742493115698,0.352096464,1.88277426168636,31.00220871,0.0,0.0,3900.9299272791113,0.0,17.77830176574492,3.3489441558715347,1.896713008899583,0,21.195134036687925,-3.4168322709430043
2890,539500,174500,Inner,Greenwich,0.0,0.0,0.0,0.0,0.0,0.0,0.0,0.0,79.59102047322668,0.001921557,7.28764286605366e-05,0.0,0.0,0.0,317.90544098653214,0.0,0.7919446148139687,0.144393169267279,0.0509952298058595,0,0.9867286019029589,-0.19478398708899014
2891,539500,174500,Inner,Lewisham,0.0,0.0,0.0,0.0,0.0,168.4106473,0.0,0.44047,9936.329841631212,0.229171632,1.041521437973,132.6645797,0.0,0.13414663595736,2964.6302968806312,0.0,12.801740384342628,3.4217325186522927,2.0344743080307115,0,18.009186986464783,-5.207446602122156
2892,541500,174500,Inner,Greenwich,0.0,0.436408475854857,0.0,0.0,0.0,0.0,0.0,0.0806426779160771,2698.787815615979,0.361134214,1.78110242944381,0.0,0.0,1.81968005201587e-05,5132.590660527705,0.0,14.601362822131003,3.222564716278236,1.2735245590833166,0,13.05241330984384,1.5489495122871624
2893,531500,172500,Inner,Lambeth,0.0,0.0,0.0,0.0,0.0,0.0,0.0,0.0067012490412691,215.3300675062636,0.465309958,0.0333983458290144,0.068216349,0.0,0.0,471.4979533078426,0.0,1.1688829544836916,0.2416629551286356,0.103224382926469,0,1.6869076638719065,-0.5180247093882149
2894,535500,172500,Inner,Lewisham,0.0,0.0,0.0,0.0,0.0,0.0,0.0,0.0026383922701254,66.44198036885281,5.211711462,0.0195685775855034,0.0,0.0,0.0,198.6362601049557,0.0,0.6320535475158116,0.2001547834904505,0.1220323818532792,0,0.8715839586496017,-0.23953041113379014
2895,530500,192500,Inner,Enfield,0.0,0.0182599156516979,0.0,0.0,0.0,0.0,0.0,9.33569373102382e-05,1523.373728354238,0.502139486,0.298523630956146,5.633784810000001,0.0,0.0,2356.44607814818,0.0,5.994482990078629,1.3357514027839323,0.5423156721569496,0,6.508040316104505,-0.5135573260258752
2896,532500,192500,Inner,Enfield,0.0,0.388225676720133,0.0,0.0,0.0,0.0,0.0,0.0029695812366789,4737.905568675607,2372.2390526589097,1.63703578190313,0.0,0.0,0.0,6726.443785187763,0.0,30.425391727074786,4.152192654783907,1.8635923925399296,1,20.676799913188937,9.748591813885849
2897,534500,192500,Inner,Enfield,0.0,0.0393682079590341,0.0,0.0,0.0,10.22864966,0.0,0.0048202137816738,4127.484433885669,8.18300178,0.417374196520187,0.0,0.0,0.0,5015.292734964204,0.0,13.871948462460038,3.582271565041312,1.6100876959783432,0,14.387160864506207,-0.5152124020461688
2898,536500,192500,Inner,Enfield,0.0,0.0010756055452764,0.0,0.0,0.0,0.0,0.0,0.0003243452882987,114.80890936667066,0.089770995,0.0357806511521244,0.0,0.0,0.422291236676439,75.9542604344802,0.0,0.3798053812565659,0.0622705811801869,0.030181907507508,0,0.348494637824448,0.03131074343211787
2899,536500,192500,Inner,Waltham Forest,0.0,0.0020474573287253,0.0,0.0,0.0,0.0,0.0,0.0034711159139281,282.2629293548356,0.252884127,0.139077543987788,0.0,0.0,0.0,986.5597691627544,0.0,2.531463737326111,0.5645381411242832,0.2217276554717799,0,2.3555881327183545,0.1758756046077563
2900,526500,190500,Inner,Barnet,0.0,0.0372461076361883,0.0,0.0,0.0,4.985392273,0.0,0.191383295619236,3676.753713319615,5.959372495,4.99242068689255,0.0,0.0,0.0,4348.558134667468,0.0,12.838223136453168,2.235451280287961,0.9145422602380782,0,11.809273087271524,1.0289500491816437
2901,528500,190500,Inner,Barnet,0.0,0.142191918079788,0.0,0.0,0.0,31.3735893,0.0,0.0,3421.9299112698577,1.05343978,0.456541507454778,0.0,0.0,0.0,1013.8751674805922,0.0,4.072465804532973,0.9700411365193028,0.5716743885517307,0,5.736284780503194,-1.663818975970221
2902,528500,190500,Inner,Haringey,0.0,0.620016805652345,0.0,0.0,0.0,58.96515688,0.0,0.0,9610.484274331862,2.199750008,1.99071011615331,0.0,0.0,0.0,2238.21901209803,0.0,10.565598294986373,1.7849848019020524,1.0077941878399526,0,13.92713851271068,-3.3615402177243077
2903,530500,190500,Inner,Haringey,0.0,0.52155299281817,0.0,0.0,0.0,133.5623338,0.0,0.31696,9533.109562488216,67.19240644,1.52974157507243,476.62472207,0.0,0.0,5827.588582456019,0.0,26.57098799399678,4.227235422991266,2.4545022098303524,0,24.678963080686984,1.8920249133097968
2904,532500,190500,Inner,Haringey,0.0,2.08622839273139,0.0,0.0,0.0,182.7286162,0.0,0.0,10285.32456380301,3.172207668,2.94183462682366,0.0,0.0,0.0,4879.321025177499,0.0,17.441094499418913,4.049235956826587,2.391116220974638,0,20.321514594238586,-2.880420094819673
2905,534500,190500,Inner,Haringey,0.0,0.938795387072705,0.0,0.0,0.0,289.6282611,0.0,0.0026,13099.860565891751,6.97963462,0.470689586536116,11.92635252,0.0,2.46745,3055.3518630450963,0.0,18.049184253811298,2.892874162134797,1.833393527114692,0,20.4269001309329,-2.3777158771216023
2906,536500,190500,Inner,Waltham Forest,0.0,0.20862268998715,0.0,0.0,0.0,243.6725149,0.0,0.10376,9866.126544175802,1.162729777,2.00044791481053,0.0,0.0,0.0,2724.8980002447324,0.0,11.841262533899371,3.655612594914816,1.9463972733340336,0,15.958096925468565,-4.116834391569194
2907,538500,190500,Inner,Waltham Forest,0.0,0.0774906243461971,0.0,0.0,0.0,71.22953057,0.0,0.0060161176149663,9700.234742415225,3.616928521,2.12987812743185,2.670973742,0.0,0.0,3414.2584640630566,0.0,13.037827225320246,2.9633967080923296,1.8592845685249328,0,16.136340154430254,-3.098512929110008
2908,540500,190500,Inner,Redbridge,0.0,0.0253069607266143,44.6662339165507,0.0,0.0,255.6550121,0.0,0.0999047622788333,4155.716053904447,10.85205318,0.92736763258712,0.0,0.0,0.0,4390.153889103592,0.0,13.185522738701424,5.362260020397651,3.6674050555432327,0,14.283670512069072,-1.0981477733676481
2909,524500,188500,Inner,Barnet,0.0,0.0,0.0,0.0,0.0,736.7453664,0.0,0.575347869309793,14984.122977967958,3.224244779,7.50992518772939,0.0,0.0,0.0,5339.79381916336,0.0,22.675298875891617,4.758922520682364,2.692112150722653,0,28.160777159820945,-5.485478283929329
2910,526500,188500,Inner,Barnet,0.0,1.44582285323503,0.0,0.0,0.0,165.8900387,0.0,0.31491,8982.639124304445,1.411268531,9.20365715581021,0.0,0.0,0.0,3706.462535993686,0.0,15.598603826697,4.840908974060797,1.5873263124568402,0,15.47422153231934,0.12438229437765891
2911,526500,188500,Inner,Haringey,0.0,3.6575067119045e-05,0.0,0.0,0.0,0.0,0.0,0.39598,20.60206153966869,0.00707682,0.0002311941874748,0.0,0.0,0.0,0.0,0.0,0.0281936718028391,0.0108618774910756,0.0032055869270526,0,1.3604223284443613,-1.3322286566415222
2912,528500,188500,Inner,Haringey,0.0,0.312934034980725,0.0,0.0,0.0,197.6965901,0.0,0.00471,9510.14981696712,1.664392467,1.6474277930981,0.0,0.0,0.0,4012.314548605485,0.0,17.100371633395266,2.9021179699433937,1.566765928870926,0,18.201121703043103,-1.1007500696478374
2913,530500,188500,Inner,Haringey,0.0,0.0,0.0,0.0,0.0,594.6133668,0.0,0.0,16472.416680667768,11.13994588,0.588362402000195,6.035744989,0.0,0.0,4024.0271375467023,0.0,19.496053150178632,4.161443488604609,2.7577982181360547,0,26.953964001357434,-7.457910851178802
2914,532500,188500,Inner,Hackney,0.0,7.46429941205e-07,0.0,0.0,0.0,0.0,0.0,0.0,39.47940526129302,0.046461435,3.35064039818559e-06,0.0,0.0,0.0,0.0,0.0,0.0295306906679011,0.0104883629217131,0.0028570138689856,0,0.2907925030561618,-0.2612618123882607
2915,532500,188500,Inner,Haringey,0.0,0.311959197477512,0.0,0.0,0.0,355.3615744,0.0,0.04324,12068.293237910117,29.76001455,1.40768193366702,142.380319,0.0,0.0,3638.006265052613,0.0,18.276429595146112,11.711413899175254,2.719274643440188,0,21.34130046590949,-3.0648708707633787
2916,534500,188500,Inner,Hackney,0.0,0.0066141157090175,0.0,0.0,0.0,0.0,0.0,0.38501,2332.4288851480483,2.394306298,0.0018654690416898,0.0,0.0,2.47712,103.53993672001872,0.0,1.6612810948847057,0.2390033301444113,0.192808136742021,0,3.586828618076936,-1.9255475231922303
2917,534500,188500,Inner,Haringey,0.0,0.0597129024365176,0.0,0.0,0.0,89.09067355,0.0,0.14234,3859.2896786619344,7.194251641,0.0168403186412808,77.1503851,0.0,6.02534,221.75636401273596,0.0,3.774427796653898,0.6946723823366893,0.5043327809293573,0,5.5304731541099725,-1.7560453574560744
2918,534500,188500,Inner,Waltham Forest,0.0,0.102563206071273,0.0,0.0,0.0,0.0,0.0,0.33575,623.302149791964,9.428556227,0.0289252408974367,21.51499887,0.0,8.51569,2.729889126904559,0.0,1.4775583660982456,0.1601158721536819,0.1457289892797162,0,1.7850119197538792,-0.30745355365563354
2919,536500,188500,Inner,Waltham Forest,0.0,0.312934034980725,0.0,0.0,0.0,492.495756,0.0,0.00869,11701.061583369805,3.631399842,0.706040243424871,32.81762054,0.0,0.0,3307.8625346983813,0.0,15.580690147956094,3.531743243750124,2.278817214609859,0,20.399253009920407,-4.818562861964313
2920,538500,188500,Inner,Waltham Forest,0.0,0.0,0.0,0.0,0.0,205.4207465,0.0,0.0,13462.54330912265,0.859803798,0.470689586536116,0.0,0.0,0.0,6755.198169725635,0.0,25.49268445271669,4.9033682294074445,2.6867276483753764,0,27.73987989779407,-2.2471954450773772
2921,540500,188500,Inner,Redbridge,0.0,0.20862268998715,44.6662339165507,0.0,0.0,324.5840517,0.0,0.01938,9790.15606752312,1.377731805,2.23579438339879,0.0,0.0,0.0,8749.762889292122,0.0,25.95154591050032,6.839263624188094,3.592644526733589,0,28.43972803606036,-2.488182125560037
2922,522500,186500,Inner,Brent,0.0,0.301349442293224,0.0,0.0,0.0,540.1698607,0.0,0.85006,9343.743596961049,30.37031658,5.66586087456327,0.0,0.0,0.0,2645.947543012885,0.0,15.495204067032835,3.3083833595759726,1.7958622832590794,0,17.671929740630514,-2.1767256735976783
2923,522500,186500,Inner,Barnet,0.0,0.0001089787714159,0.0,0.0,0.0,0.0,0.0,0.58361,55.77222805908944,0.57840342,0.0020547802241873,0.0,0.0,0.0,394.5564365908816,0.0,1.0046261254898148,0.2322637109570843,0.0834467777203952,0,2.781538624498065,-1.7769124990082503
2924,524500,186500,Inner,Barnet,0.0,0.312938513560373,0.0,0.0,0.0,621.716932,0.0,0.53058,11275.432381769204,5.103815436,4.82467673897808,0.0,0.0,0.0,7716.190904567449,0.0,27.013349366320245,6.086093651092778,2.85277415678524,0,29.766916574788148,-2.753567208467903
2925,526500,186500,Inner,Camden,0.0,0.312938513560373,0.0,0.0,0.0,220.6347885,0.0,0.49977,6600.252377738707,0.297491986,2.70652585293989,0.0,0.0,0.0,4008.507395080837,0.0,18.1920786579553,2.550656931131801,1.4528947329156063,0,16.391400506729916,1.8006781512253838
2926,528500,186500,Inner,Islington,0.0,0.0009770767930373,0.0,0.0,0.0,0.0,0.0,0.29302,508.7898513396218,0.077767229,0.0055109657949157,0.0,0.0,0.0,334.8644967203039,0.0,1.2397167604474082,0.1898902082070428,0.0809489315030334,0,2.2521842655203823,-1.0124675050729741
2927,528500,186500,Inner,Camden,0.0,0.778366692669397,0.0,0.0,0.0,537.3317245,0.0,0.0,11611.297802015986,2.194915233,4.39036589290517,0.0,0.0,0.0,2222.3208612250937,0.0,16.38955563651935,9.471259683253011,2.183752879949457,0,17.251557213996094,-0.8620015774767431
2928,530500,186500,Inner,Islington,0.0,0.0,0.0,0.0,0.0,662.7488137,0.0,0.44492,18517.424293849024,26.04383916,0.353020959372535,5.027708816,0.0,0.0,5755.009494312577,0.0,27.523386738155025,5.524290441886073,3.5188282343298587,1,33.939534989043416,-6.416148250888391
2929,532500,186500,Inner,Islington,0.0,0.0461428061054107,0.0,0.0,0.0,0.0,0.0,0.39632,2849.6164239103,1.114202483,0.030619827278819,0.0,0.0,0.0,716.2737620190237,0.0,3.3881322409782526,0.6129771932545386,0.3817718437586044,0,5.425941459618368,-2.0378092186401155
2930,532500,186500,Inner,Hackney,0.0,1.24735161044826,0.0,0.0,0.0,259.2286011,0.0,0.41472,10296.192944429691,5.793033942,0.827725450765777,0.0,0.0,0.0,3150.1257208957886,0.0,14.377262295035004,2.428902403242028,1.3678133421694876,0,18.697490160046218,-4.320227865011214
2931,534500,186500,Inner,Hackney,0.0,0.0,0.0,0.0,0.0,1093.702426,0.0,0.33785,17423.9098215386,1.582176368,0.117673653124178,4.185158279,0.0,0.0,5837.425147054847,0.0,25.423991446450437,4.922017080608698,2.3411304660658074,0,34.63084121637787,-9.20684976992743
2932,536500,186500,Inner,Hackney,0.0,1.68994500479594,0.0,0.0,0.0,77.74715303,0.0,0.13994,1006.787386622776,3.596571881,0.0,0.0,0.0,2.16183,29.22223576386451,0.0,2.1122425689280804,0.15291102459946,0.1154520280748135,0,2.090066884113286,0.022175684814794483
2933,536500,186500,Inner,Waltham Forest,0.0,1.59656139414161,0.0,0.0,0.0,0.0,0.0,0.04532,2651.671400590406,3.49578885,0.0,21.085816,0.0,0.0,568.4352609796266,0.0,4.958913373098453,0.4674785212537111,0.2843112174201462,0,4.291394604233519,0.6675187688649347
2934,538500,186500,Inner,Waltham Forest,0.0,0.104311344993575,44.6662339165507,0.0,0.0,104.0915525,0.0,0.0,13995.384710231683,2.256654254,0.353020959372535,0.0,0.0,0.0,10848.07375610302,0.0,31.35702020410214,7.301812051247211,3.503436685243312,1,36.46188664848923,-5.104866444387085
2935,540500,186500,Inner,Redbridge,0.0,5.20095215142996,44.962841347667,0.0,0.0,0.0,0.0,0.00459,1693.7231935814802,0.117242471,1.99064980462614,0.0,0.0,0.0,2628.2631567449075,0.0,7.484819564150515,1.6396299585928586,0.7490967081045593,0,7.245660417798069,0.23915914635244562
2936,540500,186500,Inner,Newham,0.0,0.0033313168275979,0.0,0.0,0.0,0.0,0.0,0.24773,312.1137290143283,0.002967087,0.0012749186715096,0.0,0.0,0.0,37.18653445446506,0.0,0.2877871146931246,0.0675668492594669,0.0467374597533199,0,1.0167914688721744,-0.7290043541790499
2937,540500,186500,Inner,Waltham Forest,0.0,0.0061849184928246,0.0,0.0,0.0,0.0,0.0,0.0,507.1381919013448,0.00404313,0.0023672274413181,13.44567443,0.0,0.0,193.95044439779988,0.0,0.7093121125667403,0.2134908817828145,0.1421823880154986,0,1.0126157017980777,-0.3033035892313374
2938,542500,186500,Inner,Redbridge,0.0,0.363491974188364,0.0,0.0,0.0,0.0,0.0,0.0082704301284848,927.8457159793109,1.802195243,0.210886793681502,16.33184027,0.0,0.0,1108.462512049955,0.0,3.537625601193878,0.7059546500313982,0.304397640724901,0,3.256857309992652,0.28076829120122593
2939,542500,186500,Inner,Newham,0.0,1.88186781770852,0.0,0.0,0.0,204.8932192,0.0,0.00471,1735.451730689589,2.710941548,0.721795792237239,59.36367835,0.0,0.0,1046.9271215901335,0.0,7.181073291217222,1.1769899440625553,0.8114296052769695,0,5.018428797221894,2.1626444939953284
2940,520500,184500,Inner,Brent,0.0,0.117071564838475,0.0,0.0,0.0,56.04268555,0.0,0.549333448096423,10499.61760776843,2240.278783647,2.82081787224219,0.0,0.0,0.0,3501.343228575113,0.0,51.43908005535755,3.179808366936501,1.857586759394108,1,21.018614191385275,30.420465863972275
2941,522500,184500,Inner,Brent,0.0,0.521564189267288,0.0,0.0,0.0,577.176291,0.0,0.10813,14122.426142553004,4.555645212,2.35350070526685,198.199078532,0.0,0.0,4390.5779218903335,0.0,21.391297034352952,3.778676979700381,2.1680318486362617,0,26.290613107172444,-4.8993160728194916
2942,524500,184500,Inner,Camden,0.0,0.0,0.0,0.0,0.0,489.2572144,0.0,0.0,5108.248857262486,0.680103132,0.0966777027290479,546.94068273,0.0,0.0,797.3344702317394,0.0,10.471898889185685,1.4692427647290642,1.130824210647511,0,11.770806403898614,-1.2989075147129299
2943,524500,184500,Inner,Brent,0.0,0.0,0.0,0.0,0.0,513.6085118,0.0,0.0,11664.95541597217,2.025251512,0.85730490420096,739.8176835,0.0,0.0,3630.8297402937783,0.0,19.62165896847472,3.344350867448087,1.9783688700905853,0,24.701637934402196,-5.079978965927477
2944,526500,184500,Inner,Camden,0.0,0.0,0.0,0.0,0.0,1563.019437,0.0,0.0,27479.64483518642,16.70835433,0.47070047611741,2086.1360218,0.0,0.0,9977.73406887799,0.0,64.1168540186206,7.67433869190846,4.305565955697217,1,64.00196779121187,0.11488622740873211
2945,528500,184500,Inner,Camden,0.0,0.0,0.0,0.0,0.0,2017.849127,0.0,0.10872,21679.4674678789,65.98201309,0.235349819228655,448.5339963,0.0,4.19331,6612.053317105305,0.0,47.383503892757936,11.843727235375802,5.868493158394128,1,46.195924871025966,1.1875790217319704
2946,530500,184500,Inner,Camden,0.0,0.000659097638084,0.0,0.0,0.0,31.3735893,0.0,0.62156,1504.0866908648347,2.369688714,0.0014868466766948,25.65869416,0.0,0.0,244.10141963756996,0.0,2.70950754703532,0.2185455731497694,0.1331318922136222,0,4.026369860382776,-1.3168623133474555
2947,530500,184500,Inner,Islington,0.0,0.284876479920771,0.0,0.0,0.0,405.1190281,0.0,0.0,13654.316002522117,49.2753029,0.642735756721851,652.9818148,0.0,0.0,3957.7708790570778,0.0,28.682933596572127,3.867857719678802,2.369190908799099,1,26.39801270108065,2.284920895491478
2948,532500,184500,Inner,Islington,0.0,0.0,0.0,0.0,0.0,140.0089617,0.0,0.36572,17266.645469344363,6.404514741,0.0,73.29323691,0.0,0.0,5429.6501429361015,0.0,22.109958754184103,4.378922184545844,2.513982730918362,0,29.963182513417607,-7.853223759233504
2949,532500,184500,Inner,Hackney,0.0,0.0,0.0,0.0,0.0,0.0,0.0,0.43365,1177.6232762725526,0.411354118,0.0,0.0,0.0,0.0,1293.5508215604173,0.0,3.58724993299095,0.7138473670619094,0.290316299015857,0,5.119011731276096,-1.531761798285146
2950,534500,184500,Inner,Hackney,0.0,0.417246872834183,0.0,0.0,0.0,552.1574175,0.0,0.0,16412.25430546335,26.77792828,0.470694612496713,257.0539636,0.0,0.0,6506.16711561285,0.0,28.456897350968163,5.942426335045277,3.2581396122032484,1,33.037539323381864,-4.5806419724137015
2951,536500,184500,Inner,Hackney,0.0,0.727486295727158,0.0,0.0,0.0,88.73067369,0.0,0.21532,5819.903169308903,1.468948319,0.341947930516631,270.9142997,0.0,0.1558,7512.009851181455,0.0,23.547915454222213,5.390190985584808,3.0290842947517,0,23.41330868088808,0.1346067733341343
2952,536500,184500,Inner,Tower Hamlets,0.0,0.531902243952977,44.6662339165507,0.0,0.0,102.4466096,0.0,0.26262,5366.590439740991,1.256059718,0.250015572251514,0.0,0.0,1.75866837357952,2814.4373344339965,0.0,14.70935551228146,1.831582231554008,0.7413652709716836,0,12.385340677517876,2.3240148347635845
2953,538500,184500,Inner,Newham,0.0,0.0,44.6847701978206,0.0,0.0,1163.349705,0.0,0.35693,8579.553948473584,5479.91077707509,0.0,371.2800252,0.0,0.20362,5245.598449810522,0.0,57.203231278322406,31.97641760688805,7.850412160744692,1,32.8739441107889,24.329287167533508
2954,540500,184500,Inner,Newham,0.0,0.625877027120745,0.0,0.0,0.0,172.3398536,0.0,0.35638,18833.55153268656,2940.59321669545,0.706050295346066,0.023363617,0.0,0.0,3177.149173935983,0.0,37.77886535844081,3.9304268134036726,2.811157665786172,1,29.369340638369827,8.409524720070984
2955,542500,184500,Inner,Newham,0.0,0.0,0.0,0.0,0.0,295.5208858,0.0,0.02127,16522.818502030696,4.458343252,0.588374966901688,3.955751866,0.0,0.0,3079.9124580807093,0.0,18.858704337202838,4.312585094055707,2.8551331726229248,0,23.50540577506002,-4.646701437857182
2956,518500,182500,Inner,Brent,0.0,0.0031797915495333,0.0,0.0,0.0,0.0,0.0,0.0,623.1435807758477,0.536541073,0.0105327380916964,0.0,0.0,0.0,429.5432146735192,0.0,2.021526393732605,0.2832144628213919,0.1046503299700851,0,2.2027934869517054,-0.1812670932191005
2957,518500,182500,Inner,Ealing,0.0,0.216153421663968,0.0,0.0,0.0,199.7842366,0.0,0.374844978743938,8298.251769647628,9.913277752,1.60447342085346,1.048127546,0.0,0.0,6674.212513904313,0.0,26.4266592576398,4.906072646419148,1.6970771342479885,0,23.7562938734523,2.670365384187498
2958,520500,182500,Inner,Ealing,0.0,0.0,0.0,0.0,0.0,3096.747873,0.0,0.0,6084.239482358757,81.81102628,0.339170249626535,0.0,0.0,0.01067,4360.350675735503,0.0,30.4663612338232,5.701228400871235,3.3997274045808488,1,29.0932775076801,1.3730837261431006
2959,520500,182500,Inner,Brent,0.0,0.0,0.0,0.0,0.0,492.3882325,0.0,0.36225,1913.757576359323,14.56562619,0.010751367377678,0.0,0.0,0.0,381.4997415716261,0.0,5.719482683645207,6.295071653062028,0.7955891470158528,0,6.31653383669661,-0.5970511530514031
2960,522500,182500,Inner,Brent,0.0,0.0164908766910421,0.0,0.0,0.0,21.14493964,0.0,0.68111,1868.048094018028,2.43522785,0.0111618208264557,29.14148824,0.0,0.0,1669.4485093601304,0.0,5.117450531409968,1.4398822162032905,0.8203628080986882,0,7.667420790722257,-2.549970259312289
2961,522500,182500,Inner,Kensington and Chelsea,0.0,1.49285988241e-05,0.0,0.0,0.0,0.0,0.0,0.83253,18.160676020247013,0.073658289,1.00519211945568e-05,15.64367849,0.0,0.0,37.65579581462551,0.0,0.2022591381449662,0.0346905121860209,0.011496971270114,0,2.719988828278673,-2.5177296901337067
2962,522500,182500,Inner,Hammersmith and Fulham,0.0,1.25118975320594,0.0,0.0,0.0,160.2449186,0.0,0.81059,8154.755075640318,21.21167283,0.846877711281806,866.1601091,0.0,7.53055,1992.377899656116,0.0,22.098306734529423,2.2839080686138047,1.2032080835145122,0,19.194669762287838,2.9036369722415856
2963,524500,182500,Inner,City of Westminster,0.0,0.0,0.0,0.0,0.0,275.3139905,0.0,0.58328,19420.71200253159,10.18019083,0.0663686473471606,0.0,0.0,3.35566,3850.403318984998,0.0,26.35789897542853,4.628633575748968,3.219470591462319,0,29.814251465241817,-3.4563524898132876
2964,524500,182500,Inner,Kensington and Chelsea,0.0,0.0,0.0,0.0,0.0,199.7842366,0.0,0.0,3319.0610141029,3.125410685,0.0062556456234125,66.78145931899999,0.0,3.35633,404.69081667512296,0.0,4.511316758348289,0.949042717313474,0.3940663452525189,0,5.814771144394149,-1.3034543860458605
2965,524500,182500,Inner,Brent,0.0,0.0,0.0,0.0,0.0,0.0,0.0,0.29661,327.49607756874593,0.249867854,4.02076847782271e-05,19.437946014,0.0,0.0,10.319108328067871,0.0,0.3560328190623549,0.0576751236431298,0.0432201467954978,0,1.6753749939602578,-1.3193421748979028
2966,526500,182500,Inner,City of Westminster,0.0,0.0,0.0,0.0,0.0,813.0767469,0.0,0.32259,29139.681830256253,16.99298482,0.353020121712436,80.219873436,0.0,5.7023,6654.767983296763,0.0,49.88980056728118,6.542999653536397,4.08922832079514,1,46.97966524425329,2.9101353230278875
2967,534500,182500,Inner,Tower Hamlets,0.0,0.104310598563634,44.6662339165507,0.0,0.0,1041.11331,0.0,0.0,16746.71745076638,56.24327885,0.588362402000195,6.224399004,0.0,0.0,6097.516198257612,0.0,35.37841687694772,5.883538244639818,3.0527766684683235,1,33.63287509477705,1.745541782170669
2968,536500,182500,Inner,Tower Hamlets,0.0,0.312934034980725,44.6662339165507,0.0,0.0,428.7942991,0.0,0.26741,15548.117793512867,17.64851717,1.6474277930981,2.145676603,0.0,3.09082355867336,5935.55359625953,0.0,29.790027435811837,5.655053331939145,3.2770338128475123,1,29.68638207565285,0.10364536015898551
2969,538500,182500,Inner,Newham,0.0,0.113724572982111,0.0,0.0,0.0,0.0,0.0,0.34697,2670.3902219154597,19.25828185,0.0,2.416425313,0.0,4.17527204352228,281.7091564522455,0.0,6.165823599916461,0.5983703256793913,0.4268118693646008,0,4.223649085655573,1.9421745142608877
2970,538500,182500,Inner,Tower Hamlets,0.0,0.0142851762147813,0.0,0.0,0.0,279.8336158,0.0,0.0,3194.22562324758,6.825480154,0.0,1.093592724,0.0,4.68388010917168,5116.737444467798,0.0,17.59809764667539,4.446725268565461,2.394284312814732,0,15.074770814321498,2.5233268323538933
2971,540500,182500,Inner,Newham,0.0,0.0,0.0,0.0,0.0,366.0113087,0.0,0.0185,14483.749959834742,3.32480151,1.29440767138566,0.0,0.0,0.0,4610.283158348082,0.0,22.80343238602969,4.401540749642884,2.649182464078754,0,24.833409555433693,-2.0299771694040025
2972,542500,182500,Inner,Newham,0.0,0.312934034980725,0.0,0.0,0.0,133.8201989,0.0,0.23138,11826.530217414118,0.86008351,0.353020121712436,0.0,0.0,0.0044538089468,10790.824317350163,0.0,33.82775686745966,8.065012614205505,3.7479774443220304,1,34.73924966275569,-0.9114927952960272
2973,519500,180500,Inner,Ealing,0.0,1.35603778132724,0.0,0.0,0.0,465.0414876,0.0,0.0,11339.002979503211,2.359649526,1.29439678180437,198.07380751,0.0,0.0,4759.16337449737,0.0,21.933070311073443,3.657523158697937,2.013105242720851,0,24.17989047040475,-2.246820159331307
2974,521500,180500,Inner,Ealing,0.0,0.30173758586265,0.0,0.0,0.0,362.5980404,0.0,0.0,7383.365139970756,3.114331873,0.81693471336342,0.0,0.0,0.0,7561.142317250546,0.0,26.09300331487443,5.8716940730704,2.14926106508822,0,24.72877805152956,1.3642252633448706
2975,521500,180500,Inner,Hammersmith and Fulham,0.0,0.0298885477057306,0.0,0.0,0.0,126.841104,0.0,1.41622,2927.430744939346,0.980166476,0.0809204785964806,0.0,0.0,0.0,4303.58962997749,0.0,12.670142172536892,2.4638207953539326,1.1332048468859524,0,16.187608560007646,-3.517466387470755
2976,523500,180500,Inner,Hammersmith and Fulham,0.0,0.0,0.0,0.0,0.0,815.776291,0.0,0.80853,10321.735588332796,2.054272193,0.0631863766289839,160.4263289,0.0,0.0,3957.063363994013,0.0,23.235711372029407,21.0660448909971,4.003784009919043,0,24.91579877933779,-1.6800874073083847
2977,523500,180500,Inner,Kensington and Chelsea,0.0,0.0,0.0,0.0,0.0,523.2761263,0.0,0.84764,4654.790539833078,0.749110361,0.0084025684585499,0.0,0.0,0.0,2942.740075911019,0.0,12.159219214464327,8.633041150977562,1.6636371412228457,0,15.43274154365078,-3.273522329186452
2978,525500,180500,Inner,Kensington and Chelsea,0.0,0.328108209255482,0.0,0.0,0.0,651.3071888,0.0,0.24923,21103.458989395476,6.472733619,0.740275411693332,0.0,0.0,0.0,4643.751781695367,0.0,29.521713885919176,6.561874617100596,4.34246184618817,1,33.73433206109359,-4.212618175174413
2979,525500,180500,Inner,City of Westminster,0.0,0.0476595517459393,0.0,0.0,0.0,569.3225844,0.0,0.0,11977.855445532956,2.466916839,0.107529589318671,0.0,0.0,0.0,1469.8304426193015,0.0,19.34520632633951,4.388872831531177,3.286193461079693,0,17.61480004229367,1.7304062840458414
2980,535500,180500,Inner,Tower Hamlets,0.0,0.0,1408.80848932511,0.0,0.0,137.037058,0.0,0.64424,7041.221420189952,1.896639912,0.145770448183164,0.021515928,0.0,1534.545209307606,7729.229904462035,0.0,54.83339714028108,6.381419737342848,3.687467904611109,1,44.88581696685559,9.947580173425486
2981,535500,180500,Inner,Southwark,0.0,0.0,284.807611129714,0.0,0.0,0.0,0.0,0.41647,2080.9416274931746,1.054909778,0.0450954314590803,0.002698695,0.0,36.18867301754578,1508.0046423071346,0.0,6.783783284814361,0.7868295973086941,0.3989079299155791,0,7.6687956948974545,-0.8850124100830934
2982,537500,180500,Inner,Tower Hamlets,0.0,0.0,1693.61626981577,0.0,0.0,1667.570877,0.0,0.06534,23049.215565610608,232.9931305,0.235346468588257,0.0,0.0,403.0531631130595,11255.880624105686,0.0,82.70048739912049,47.37478030448423,9.328825225145858,1,62.964181579965526,19.736305819154964
2983,539500,180500,Inner,Newham,0.0,0.0,1008.91517470826,0.0,0.0,102.4466096,0.0,0.0,1542.1660440027676,1.140641209,0.0,0.0,0.0,68.66374529271589,2199.8774139658512,0.0,15.189056869946167,2.7592293382623403,1.801965038247184,0,10.718335742367094,4.470721127579074
2984,539500,180500,Inner,Greenwich,0.0,0.0,0.0,0.0,0.0,33.90998139,0.0,0.11296,843.865018010872,0.753725356,0.0,0.0,0.0,558.559339224854,680.3700103799523,0.0,11.42276869606622,5.321224439419104,2.182423582558031,0,8.291360713570246,3.1314079824959737
2985,539500,180500,Inner,Tower Hamlets,0.0,0.0,880.601215597711,0.0,0.0,102.4466096,0.0,0.10922,1302.295449393293,0.580213971,0.0,0.0,0.0,323.5648972139903,638.4816837846797,0.0,13.153080923165632,0.746556450675991,0.3805141307474399,0,9.600346924088909,3.5527339990767235
2986,541500,180500,Inner,Newham,0.0,0.208621197127268,4061.77764745962,0.0,0.0,311.2529384,0.0,0.0,5840.872425675589,7.07374639,0.117672815464079,0.0,0.0,5.81056807804374,4175.98093535872,0.0,38.30393680348208,34.31591253594808,4.775336342034377,1,29.471698291885318,8.832238511596763
2987,543500,180500,Inner,Newham,0.0,0.0,5056.22366530287,0.0,0.0,134.5164494,0.0,0.0440236257383271,4673.205170446805,1.902001729,0.0,0.0,0.0,21.19814374639999,1871.5232778268785,0.0,27.93312724185281,5.322703708880308,1.4457736672557708,1,26.386940873180656,1.5461863686721529
2988,519500,178500,Inner,Ealing,0.0,1.2689309000485e-05,0.0,0.0,0.0,0.0,0.0,0.12088,50.59166585415038,0.026253083,3.51817241809487e-05,0.0,0.0,0.0,0.0,0.0,0.0356016589549193,0.0149741498288256,0.0072709954103427,0,1.0787200887813793,-1.04311842982646
2989,519500,178500,Inner,Hounslow,0.0,0.337291536822127,0.0,0.0,0.0,495.281244,0.0,0.0,8862.605236945838,5.869929591,1.29000995586304,36.071156541,0.0,0.0,11002.632815638464,0.0,34.40407490721038,12.001903724624713,3.3454741559690926,1,33.932901317747366,0.4711735894630138
2990,521500,178500,Inner,Hammersmith and Fulham,0.0,0.0020780609563147,0.0,0.0,0.0,0.0,0.0,0.0,910.737117263424,0.465682274,0.0011718864792654,0.0,0.0,0.0,1415.8963213895695,0.0,3.928725968880429,0.9270643543562358,0.3704747768162931,0,4.486646637009974,-0.5579206681295452
2991,521500,178500,Inner,Ealing,0.0,0.0010017089810971,0.0,0.0,0.0,0.0,0.0,0.07738,490.6809709460523,0.323310032,0.0005645829070942,0.0,0.0,0.0,283.3440029234918,0.0,1.071947222796949,0.1990478352272775,0.0930815381230531,0,1.9306110915475738,-0.8586638687506247
2992,521500,178500,Inner,Hounslow,0.0,0.323443768552892,0.0,0.0,0.0,382.6103655,0.0,0.17694,16580.924588913796,5.810304115,0.182438181380708,0.0,0.0,0.0101,10287.819055686066,0.0,33.482301593165644,7.821110070818417,4.387630514402425,1,39.948462907350795,-6.46616131418515
2993,523500,178500,Inner,Richmond,0.0,0.0,0.0,0.0,0.0,0.0,0.0,0.13519,4.14634535390976,0.008675348,0.0,0.0,0.0,0.01806,0.0,0.0,0.0047231695231334,0.009312828917294,0.0017066278312338,0,0.9578489693357852,-0.9531257998126518
2994,523500,178500,Inner,Hammersmith and Fulham,0.0,0.0,0.0,0.0,0.0,427.6755072,0.0,0.0,19480.454297816927,24.34851762,0.470359548456895,0.0,0.0,0.19858,15445.192684174866,0.0,57.517821983988014,12.812494674551791,5.230709178335686,1,52.9866249739182,4.531197010069818
2995,525500,178500,Inner,Kensington and Chelsea,0.0,0.0,0.0,0.0,0.0,859.3684595,0.0,0.21484,31441.08100676568,9.200042515,0.210317184813811,75.53962658,0.0,0.0,14914.560307926507,0.0,61.901246141150544,11.013275154620498,6.382417326514639,1,66.19457253254157,-4.293326391391027
2996,525500,178500,Inner,Hammersmith and Fulham,0.0,0.0,0.0,0.0,0.0,102.4466096,0.0,0.01373,818.0235882265652,0.532119286,0.0007036344836189,6.964972631,0.0,0.0,107.74712159101048,0.0,1.5545063156529937,0.2703190969995416,0.1677091708145788,0,2.1095585099023406,-0.5550521942493469
2997,527500,178500,Inner,Kensington and Chelsea,0.0,0.312934781410667,0.0,0.0,0.0,1139.283228,0.0,0.0,39679.17904175333,40.31604383,0.235347306248357,0.0,0.0,0.0,6870.586527853491,0.0,56.5462454261158,7.619057279177988,5.111267582075358,1,57.97012961832175,-1.4238841922059464
2998,529500,178500,Inner,Lambeth,0.0,0.0,0.0,0.0,0.0,0.0,0.0,0.02346,0.0,0.000570745,0.0,0.0,0.0,0.00799,0.0,0.0,0.003296967717301,0.009200033610762,0.0015936042971308,0,0.5287541663717104,-0.5254571986544093
2999,533500,178500,Inner,Southwark,0.0,0.0,0.0,0.0,0.0,582.1101953,0.0,0.00552,17852.039204162003,8.934598226,0.823725623790443,0.0,0.0,0.0,9268.2937207758,0.0,40.39829006015247,13.076825781225637,4.417355333413714,1,38.99022996806938,1.4080600920830904
3000,535500,178500,Inner,Lewisham,0.0,0.0691656912119377,0.0,0.0,0.0,0.0,0.0,0.01633,3975.9878281750775,2.213752418,0.0780255252924483,90.149062565,0.0,26.6098784834614,701.1301388191323,0.0,5.930785604677804,0.6287322947730287,0.3391403976522678,0,6.296042916471262,-0.36525731179345833
3001,535500,178500,Inner,Southwark,0.0,0.146654822698252,0.0,0.0,0.0,486.0204079,0.0,0.0,6244.3764410156655,3.223530962,0.165440382640712,85.687598848,0.0,0.0,4621.450773294542,0.0,18.008228479606096,3.028832445620528,1.4207514774888714,0,18.35086596106865,-0.34263748146255324
3002,537500,178500,Inner,Tower Hamlets,0.0,0.125135993923253,44.6662339165507,0.0,0.0,102.4466096,0.0,0.04574,7507.37769121299,2.348287281,0.0,0.0,0.0,729.992085424375,1057.631227414336,0.0,20.17098246711254,1.696877788353056,1.132173907347713,0,17.577250114855172,2.593732352257369
3003,537500,178500,Inner,Greenwich,0.0,0.0021459860809643,0.0,0.0,0.0,105.6634687,0.0,0.0,258.8570725517103,0.307523284,0.0,0.0,0.0,830.9264430761909,20.082577293604132,0.0,10.671065566302492,0.4969001763761877,0.2579713320451803,0,9.179563899911223,1.4915016663912688
3004,537500,178500,Inner,Lewisham,0.0,0.0032133808968875,0.0,0.0,0.0,0.0,0.0,0.14858,309.3183122368818,0.376290478,0.0,0.0,0.0,248.01630699642695,0.0,0.0,3.765838681062268,0.1234846978053591,0.1105879269010122,0,3.338871892982862,0.4269667880794059
3005,539500,178500,Inner,Greenwich,0.0,0.0,44.6662339165507,0.0,0.0,944.3166736,0.0,0.30676,16006.316685907495,47.69916792,0.47070047611741,0.078549093,0.0,0.0,10310.61417871392,0.0,44.25804470451948,30.19588979029908,7.295057934107106,1,41.78587127558511,2.4721734289343686
3006,541500,178500,Inner,Greenwich,0.0,0.104311344993575,0.0,0.0,0.0,310.5566879,0.0,0.27636,9807.73336283377,42.56181813,0.70604191874507,32.58050877,0.0,0.03439558844019,4763.234151965282,0.0,21.353292862532854,3.7592064934222273,1.931062542446785,0,21.411620782945263,-0.05832792041240964
3007,543500,178500,Inner,Greenwich,0.0,0.0585133895210012,0.0,0.0,0.0,165.1937882,0.0,0.0,2452.0535612972744,1.266106115,0.199868212732069,5.998781748,0.0,0.0,739.5227634822207,0.0,4.964769433138804,0.5790318390427013,0.2779786996766451,0,4.678026770508664,0.28674266263014037
3008,520500,176500,Inner,Hounslow,0.0,2.72974430579275,2633.96217113764,0.0,0.0,0.0,0.0,0.0,2335.379548402728,0.0,0.699867526151314,23.641113172,0.0,3.32523,2252.19315293561,0.0,14.904815840937736,1.5793627511112251,0.7872495816093554,0,16.76308460423634,-1.8582687632986037
3009,520500,176500,Inner,Richmond,0.0,0.240272812354125,0.0,0.0,0.0,0.0,0.0,0.0,782.4145354123334,0.0,0.0616023613807416,0.0,0.0,2.97403,830.7078926338636,0.0,3.016898189647863,0.9042913641060798,0.599697027874833,0,3.2508901057675192,-0.2339919161196562
3010,522500,176500,Inner,Richmond,0.0,2.40275051643948,2306.19779659082,0.0,0.0,61.54380806,0.0,1.48423,6945.2559475807775,3.837624863,0.521256613765434,0.0,0.0,0.0,2307.525036174903,0.0,16.122519714527932,2.058698917785444,1.0857455583472877,0,23.776068385466743,-7.653548670938811
3011,522500,176500,Inner,Wandsworth,0.0,0.0093647100423579,0.0,0.0,0.0,0.0,0.0,0.32415,236.14103620836505,0.239583912,0.0020313257414,0.0,0.0,0.0,0.0,0.0,0.2430718560671857,0.0467160258624369,0.0386484618835197,0,1.6781804719418076,-1.435108615874622
3012,524500,176500,Inner,Hammersmith and Fulham,0.0,0.0,2102.75528177024,0.0,0.0,391.3532934,0.0,0.60941,22318.05541329411,14.31485684,0.47070047611741,0.0,0.0,0.0,4980.463900617394,0.0,29.79193326298919,4.970415501984466,3.382257630260948,1,42.52979754439125,-12.73786428140206
3013,526500,176500,Inner,Wandsworth,0.0,0.0,897.574601609635,0.0,0.0,220.2042205,0.0,0.4399,5190.783910845784,7.73993891,0.0,73.4107418,0.0,2.13578,2217.361570682829,0.0,12.928592003547978,3.213063672279633,1.3081498353227567,0,15.550328616313118,-2.6217366127651403
3014,526500,176500,Inner,Kensington and Chelsea,0.0,0.0,0.0,0.0,0.0,0.0,0.0,0.0,206.7089562146864,0.240276608,0.0,0.0,0.0,0.08107,15.50903895371444,0.0,0.2217682440781008,0.070208910089759,0.0555300759752019,0,0.8164275549473157,-0.5946593108692149
3015,526500,176500,Inner,Hammersmith and Fulham,0.0,0.0,0.0,0.0,0.0,573.5366312,0.0,0.19929,6510.235466248517,9.025657193,0.0,104.9147017,0.0,5.47317242777099,793.2320129108763,0.0,11.21716251091135,1.7211251879374734,0.7396419799832793,0,12.036075355915475,-0.8189128450041245
3016,528500,176500,Inner,Lambeth,0.0,0.0,0.0,0.0,0.0,0.0,0.0,0.3336,430.4226622508439,0.502548397,0.0002311941874748,0.0,0.0,0.0,263.5223013374824,0.0,0.942347605881453,0.1362987534941883,0.0647807622719363,0,2.2654679594345417,-1.3231203535530887
3017,528500,176500,Inner,Wandsworth,0.0,0.0,0.0,0.0,0.0,620.1947639,0.0,0.0832,15248.902055699464,15.53492145,0.220830656723218,427.0168063,0.0,0.0,5355.534044857898,0.0,27.709113467521224,6.625011454087762,3.916737283096552,1,31.12656769284912,-3.417454225327898
3018,530500,176500,Inner,Lambeth,0.0,0.0,0.0,0.0,0.0,668.9796147,0.0,0.0,19142.14852163689,5.373513742,0.117673653124178,0.0,0.0,0.0,5789.138769618465,0.0,28.22371753421264,6.71302734579948,2.5510629531914644,1,33.769387004423784,-5.545669470211145
3019,532500,176500,Inner,Lambeth,0.0,0.0,0.0,0.0,0.0,149.6724488,0.0,0.0,4354.525785681271,4.823859502,0.0,9.531726588,0.0,0.0,1999.94406724148,0.0,8.07599621227647,2.521457969051265,0.8214416594143646,0,9.44510896852035,-1.3691127562438794
3020,532500,176500,Inner,Southwark,0.0,0.0,0.0,0.0,0.0,286.663026,0.0,0.0,15886.2738935734,13.17409955,0.0,66.38007525,0.0,0.0,5572.137014604393,0.0,28.81603813540515,4.67695998843,2.830184969922952,1,28.801727721079104,0.014310414326047294
3021,534500,176500,Inner,Southwark,0.0,0.0,0.0,0.0,0.0,944.276129,0.0,0.00821,15252.153224359765,33.37421608,0.117673653124178,217.83807491,0.0,0.0,6409.72497511505,0.0,32.04444822449022,7.456772626253373,3.487229452818477,1,33.458203648916836,-1.4137554244266184
3022,536500,176500,Inner,Lewisham,0.0,0.0,0.0,0.0,0.0,370.6510574,0.0,0.15255,14239.204118583608,3.521664766,0.941400114574721,190.733280221,0.0,0.0,5392.771396377311,0.0,22.224776009020147,4.331000647588977,2.241319629763737,0,27.734797519374563,-5.510021510354417
3023,538500,176500,Inner,Greenwich,0.0,0.205235390913962,0.0,0.0,0.0,0.0,0.0,1.13534,2897.930420312985,0.588507864,0.428321576361159,0.0,0.0,0.02293039229346,3706.9192345286046,0.0,11.207316237405635,2.2986049275078426,0.889790668882019,0,13.2203392528398,-2.0130230154341646
3024,538500,176500,Inner,Lewisham,0.0,0.982775785638445,0.0,0.0,0.0,310.9617375,0.0,0.0,7025.257864598038,1.287815291,2.05103337056204,0.0,0.0,0.00062399959323,1384.653795009454,0.0,9.348733216170668,1.3234583938355344,0.6554031056972652,0,10.725064457964267,-1.376331241793599
3025,540500,176500,Inner,Lewisham,0.0,0.0011718950076918,0.0,0.0,0.0,0.0,0.0,0.00978,112.7765171660263,0.0212332,0.0136622362236017,0.0,0.0,0.0,881.0395900104318,0.0,2.192296677684088,0.5233605240875808,0.1660182512801054,0,2.1413250637153904,0.05097161396869776
3026,540500,176500,Inner,Greenwich,0.0,0.572879754865249,0.0,0.0,0.0,93.08252887,0.0,0.09884,7230.64371540986,0.46944375,6.67806253373195,8.497342026,0.0,0.0,7245.004739906844,0.0,22.34172957844913,5.427313015421573,2.02200712039418,0,20.752344288057763,1.5893852903913661
3027,542500,176500,Inner,Greenwich,0.0,0.755432632725874,0.0,0.0,0.0,0.0,0.0,0.208470494794626,5069.017507703759,0.184740938,5.26977245883266,0.0,0.0,0.0,2213.625465293509,0.0,9.47051000286884,1.6890136067462176,0.874141829160276,0,8.522970569086118,0.9475394337827225
3028,524500,174500,Inner,Wandsworth,0.0,0.0,0.0,0.0,0.0,169.233675,0.0,0.0,3044.8485687857687,2.850174703,0.352133039667016,41.267410964,0.0,0.0,1112.381709840503,0.0,5.030431850257342,1.2323854700925732,0.8180068574268736,0,6.723577038979939,-1.693145188722597
3029,526500,174500,Inner,Wandsworth,0.0,0.0258369259848699,0.0,0.0,0.0,248.8139157,0.0,0.0616137167575832,3145.450507314518,3.158259085,0.262995115493985,2.988953041,0.0,0.0,4021.828823371316,0.0,12.080931153324949,2.93483699264512,1.0556706113066383,0,13.099848873942506,-1.0189177206175568
3030,528500,174500,Inner,Lambeth,0.0,0.080374083209072,0.0,0.0,0.0,7.821908566,0.0,0.0,863.45720643985,0.144479303,0.0260143720515129,0.0,0.0,0.0,1262.2778027970066,0.0,3.468860315747262,0.6735409696743431,0.3029393753746253,0,4.023968491744503,-0.5551081759972409
3031,528500,174500,Inner,Wandsworth,0.0,0.117077536278004,0.0,0.0,0.0,0.0,0.0,0.0660958445696726,691.3386443817175,0.576770952,0.125338243035028,0.0,0.0,0.0,1151.422769322174,0.0,3.6779752317541536,0.7695811587408697,0.3537391634781632,0,3.7232121176449944,-0.04523688589084074
3032,530500,174500,Inner,Lambeth,0.0,0.0,0.0,0.0,0.0,369.6033439,0.0,0.24536,18843.42632732877,13.21900329,0.470689586536116,0.0,0.0,0.0,4596.73074571221,0.0,23.459839286747577,4.228022756876428,2.219619112994104,0,30.210283730728243,-6.7504444439806655
3033,532500,174500,Inner,Southwark,0.0,0.366632951380954,0.0,0.0,0.0,87.33031981,0.0,0.0,8963.03727498873,17.61757533,1.73711019633583,15.445156041,0.0,0.0,3337.6327065334044,0.0,12.70813037783338,2.871645858430857,1.7771616959014869,0,15.941210575377342,-3.2330801975439627
3034,532500,174500,Inner,Lambeth,0.0,0.0136156285575204,0.0,0.0,0.0,0.0,0.0,0.03708,2482.117153082136,0.851313049,0.0645115549064663,1.168366756,0.0,0.0,589.6058148465083,0.0,2.8518637880963884,0.55773760461257,0.3290705610837415,0,4.130512493586679,-1.2786487054902902
3035,534500,174500,Inner,Southwark,0.0,0.933349434221674,0.0,0.0,0.0,482.2937249,0.0,0.27733,11468.11268520546,3.288329129,1.75484681128363,0.0,0.0,0.0,2344.85870331196,0.0,12.995544984010404,2.7821584687453838,1.7771579191326017,0,18.61436495254882,-5.618819968538414
3036,534500,174500,Inner,Lewisham,0.0,8.210729353255e-06,0.0,0.0,0.0,0.0,0.0,0.31638,62.97137001216934,0.009579101,1.50778817918352e-05,0.0,0.0,0.0,24.637329023164515,0.0,0.0786280633223262,0.0226772661907921,0.0082274462403777,0,1.2420022008050609,-1.1633741374827347
3037,536500,174500,Inner,Lewisham,0.0,0.0,0.0,0.0,0.0,41.43032889,0.0,0.27404,10701.363011238096,2.003714099,3.04918411922093,180.50441135,0.0,0.0,3185.66463093937,0.0,12.542271245616764,3.275616751916262,2.1698934756002592,0,17.93634580208246,-5.3940745564656964
3038,536500,174500,Inner,Southwark,0.0,0.0,0.0,0.0,0.0,0.0,0.0,0.1022,121.4348720884394,0.079156152,0.004758747025523,0.0,0.0,0.0,18.11833244367318,0.0,1.3592586819117805,0.0864861420987889,0.07340133724618,0,0.7292560035166638,0.6300026783951167
3039,538500,174500,Inner,Lewisham,0.0,0.208621197127268,0.0,0.0,0.0,291.7078088,0.0,0.03465,15709.514790328967,1.674394987,1.05905198853631,101.5344901,0.0,0.0,2986.429277030634,0.0,19.751868908977844,2.6353631852893504,1.6896878543114,0,23.121084517141103,-3.369215608163259
3040,540500,174500,Inner,Lewisham,0.0,0.146686919185724,0.0,0.0,0.0,31.3735893,0.0,0.0,2465.563192643071,0.912927572,0.657703067380546,70.29313251,0.0,0.0,1426.263523381938,0.0,5.267542088807143,1.056289157713514,0.4942344625650725,0,5.8217470024183235,-0.5542049136111808
3041,540500,174500,Inner,Greenwich,0.0,0.575119791118805,0.0,0.0,0.0,0.0,0.0,0.0301233202675079,4921.732271244738,1.934237498,2.75922723810285,17.76328141,0.0,0.0,4135.750438481604,0.0,14.19798310775286,2.75969980995294,1.2502949020771017,0,12.850856038335658,1.3471270694172013
3042,532500,172500,Inner,Lambeth,0.0,0.0002239289823615,0.0,0.0,0.0,0.0,0.0,0.0150128451101462,605.9396524994157,3.327023159,0.146476595647081,0.0,0.0,0.0,480.2188409462375,0.0,1.5342359703525017,0.319238089241057,0.1363401452092343,0,2.041262167006799,-0.5070261966542975
3043,527500,191500,Inner,Haringey,0.0,0.0015742207460013,0.0,0.0,0.0,0.0,0.0,0.00123,272.6546598226958,0.033587193,0.0046934095377584,0.0,0.0,0.0,28.7247067036005,0.0,0.2182388061222567,0.0465188660294282,0.0300825117457689,0,0.6717637364925864,-0.45352493037032965
3044,527500,191500,Inner,Barnet,0.0,0.0473206725526322,0.0,0.0,0.0,0.0,0.0,0.0,491.70027008846256,0.989367536,0.758013701961327,0.0,0.0,0.0,1614.3118771008403,0.0,4.173595881648928,0.7800784061139917,0.2666874387621496,0,3.915093938984425,0.25850194266450277
3045,529500,191500,Inner,Haringey,0.0,0.806761634062777,0.0,0.0,0.0,228.6404042,0.0,0.0,5976.402979070684,14.0245518,3.33705271371085,436.40756154,0.0,0.0,3394.390391984971,0.0,17.798728653603998,2.664818224522181,1.5313006739434196,0,15.155200949960722,2.643527703643276
3046,529500,191500,Inner,Enfield,0.0,0.0328190316549014,0.0,0.0,0.0,0.0,0.0,0.0,2765.4214009664506,3.444736149,0.165318084266178,0.0,0.0,0.0,208.2331897645872,0.0,1.7427407004108666,0.4714231047838523,0.4038212363985882,0,3.3462304320840275,-1.603489731673161
3047,531500,191500,Inner,Haringey,0.0,0.930151728353552,0.0,0.0,0.0,66.35729025,0.0,0.03527,5780.748025983002,1.989136776,1.46902126977651,0.0,0.0,0.0,1275.633800361247,0.0,7.205119271773833,1.2130489154794493,0.8439968474348093,0,8.467008789413413,-1.2618895176395801
3048,531500,191500,Inner,Enfield,0.0,0.230344547706157,0.0,0.0,0.0,0.0,0.0,0.06172,3336.7473913816866,0.989866463,0.363790755272403,0.0,0.0,0.0,603.4891667181735,0.0,3.6169917373505465,0.6528790836749825,0.4768407326223056,0,4.758471770952536,-1.1414800336019892
3049,533500,191500,Inner,Enfield,0.0,0.0759216286097842,0.0,0.0,0.0,0.0,0.0,0.0,3143.021204196728,19.85471203,0.0685180831625967,2.657674181,0.0,0.0,352.09085345731734,0.0,4.283193988847617,0.5554576225840346,0.415621482068447,0,3.9621275050687323,0.3210664837788846
3050,533500,191500,Inner,Haringey,0.0,0.5562112278482,0.0,0.0,0.0,37.30448701,0.0,0.0,7147.140121668498,53.7402919,0.501967814653179,7.610053686,0.0,0.0,2873.781762688076,0.0,12.579265203285562,2.261619283393655,1.3486549268064447,0,13.159463950085325,-0.5801987467997627
3051,535500,191500,Inner,Enfield,0.0,0.39488905680527,0.0,0.0,0.0,102.4466096,0.0,0.43337,1151.2476093853809,25.15470027,0.044547601753977,3.850561687,0.0,7.58252,1457.3925044213474,0.0,6.416691116393144,3.072508923884207,2.099452904608781,0,5.850897504575328,0.5657936118178162
3052,535500,191500,Inner,Waltham Forest,0.0,0.0849049129521863,0.0,0.0,0.0,0.0,0.0,0.0,366.3447276297632,11.66400544,0.0095778055782135,0.0,0.0,1.4537,14.892195561512702,0.0,0.7707833187696309,0.1314814767645334,0.1164384735349343,0,0.5463717882335075,0.2244115305361234
3053,535500,191500,Inner,Haringey,0.0,0.275203494312695,0.0,0.0,0.0,0.0,0.0,0.0,3570.588892677476,20.99949001,0.0310453586093886,1.540023064,0.0,5.95244,1563.0913715489412,0.0,9.461972503303642,1.2166380773964074,0.689272010861845,0,6.9016211554856115,2.56035134781803
3054,537500,191500,Inner,Waltham Forest,0.0,0.0161930511445013,0.0,0.0,0.0,0.0,0.0,0.0003754925306808,150.9423738686817,2.042044449,0.126970842569044,0.0,0.0,0.0,188.65191753826056,0.0,0.6527015840808145,0.144549455748287,0.0884388603595308,0,0.5731736401792595,0.07952794390155493
3055,525500,189500,Inner,Barnet,0.0,0.0468586324190263,0.0,0.0,0.0,0.0,0.0,0.214594877200501,5784.840555937482,1.014939309,7.25597177534991,0.0,0.0,0.0,8458.780693752828,0.0,24.44997623328901,4.900714384210962,2.243843215683768,0,21.666748941167278,2.783227292121733
3056,527500,189500,Inner,Haringey,0.0,0.0651916982049623,0.0,0.0,0.0,0.0,0.0,0.0,4338.96661274479,0.699924706,0.919281699646198,0.0,0.0,0.0,613.5328122697553,0.0,3.756773204883696,0.7276396048237757,0.5259985143936786,0,5.547160368686434,-1.790387163802738
3057,527500,189500,Inner,Barnet,0.0,0.152583715721244,0.0,0.0,0.0,266.3477476,0.0,0.30553,8400.652559699749,1.070803519,2.15161373169488,0.0,0.0,0.0,2768.972775221357,0.0,12.004995565832786,2.2915543071947537,1.3693072606010697,0,15.411603692709486,-3.4066081268766997
3058,529500,189500,Inner,Haringey,0.0,1.66900615208526,0.0,0.0,0.0,210.4179359,0.0,0.0,9584.664815698445,1.805075086,4.23630177207639,0.0,0.0,0.0,3418.905505006449,0.0,14.255781316262762,2.868521479510638,1.7164358976652052,0,16.40392200834393,-2.148140692081167
3059,531500,189500,Inner,Haringey,0.0,0.208625675706915,0.0,0.0,0.0,107.0140238,0.0,0.24278,16273.60173451584,3.824633687,0.353025147673033,0.078755473,0.0,0.0,8157.772161775049,0.0,26.723005082079965,5.919638699936562,3.2451169698109315,0,33.71557671614107,-6.9925716340611075
3060,533500,189500,Inner,Haringey,0.0,0.0,0.0,0.0,0.0,539.9093664,0.0,0.00384,14620.989358276169,14.94552635,0.0,11.02057208,0.0,0.0,8519.650134572737,0.0,27.918384444700067,6.472806920971098,3.165521561040701,1,34.30384280327512,-6.38545835857505
3061,535500,189500,Inner,Waltham Forest,0.0,1.03495422424844,0.0,0.0,0.0,730.890823,0.0,0.35207,3597.6595118474847,30.52008175,0.116753064674777,130.7543814,0.0,0.08535,3730.436231938507,0.0,16.364562725746058,3.4779993029884664,1.389910032659166,0,16.064138898530132,0.3004238272159263
3062,535500,189500,Inner,Haringey,0.0,1.642145870651e-05,0.0,0.0,0.0,0.0,0.0,0.14608,16.02513618178447,0.120235016,1.67532019909279e-06,0.0,0.0,0.00048,0.0,0.0,0.0295417003101134,0.0119511579885577,0.004275472087181,0,0.5128456111232129,-0.48330391081309954
3063,537500,189500,Inner,Waltham Forest,0.0,0.104312837853458,0.0,0.0,0.0,258.6269158,0.0,0.37655,12752.875790930751,10.95166351,0.941400114574721,1.827986407,0.0,0.0,4459.811955821634,0.0,18.78742866910037,4.553761734875086,3.0428091408004927,0,23.340435750454866,-4.553007081354497
3064,539500,189500,Inner,Redbridge,0.0,0.219535495727567,0.0,0.0,0.0,0.0,0.0,0.00299,3284.35315530778,0.108631964,0.833028676856005,0.0,0.0,0.0,354.3678975884402,0.0,2.6610942859034945,0.4718356012484709,0.3556414962819084,0,3.718257951515847,-1.0571636656123524
3065,539500,189500,Inner,Waltham Forest,0.0,0.36317399503341,0.0,0.0,0.0,0.0,0.0,0.0,1945.9893866379268,0.139721405,1.37806478552736,0.0,0.0,0.0,2925.0899386406254,0.0,9.013393153481609,1.785782053161259,0.8147471887603316,0,7.557475280806932,1.4559178726746769
3066,541500,189500,Inner,Redbridge,0.0,0.320666302741668,0.0,0.0,0.0,62.87134397,0.0,0.117771736545905,2001.1491901618983,1.701770092,1.63477912559495,0.0,0.0,0.0,2866.0978609681088,0.0,7.9881702174704,1.5861741121320234,0.6716296039752084,0,7.90199415801249,0.08617605945790974
3067,521500,187500,Inner,Brent,0.0,0.0,0.0,0.0,0.0,0.0,0.0,0.0,0.1468320510313067,2.42524027,3.93700246786807e-05,0.0,0.0,0.0,0.0,0.0,0.0630004517091874,0.0149985064206782,0.007391488327321,0,0.5706523347199646,-0.5076518830107771
3068,523500,187500,Inner,Barnet,0.0,0.986171295440987,0.0,0.0,0.0,0.0,0.0,0.607259896217763,4193.049386020833,40.0720219,2.52235874111371,38.101456602000006,0.0,0.0,7010.867795242788,0.0,21.461441353223563,6.882848998346473,4.389804469765873,0,19.953076343991313,1.50836500923225
3069,525500,187500,Inner,Barnet,0.0,1.980772024208,0.0,0.0,0.0,132.3707603,0.0,0.0,10967.556555615793,48.8373841,5.17463772600697,0.0,0.0,0.0,3946.641289999367,0.0,18.06734293679129,3.3676469246675005,1.9708720949506395,0,18.412455857291675,-0.3451129205003838
3070,525500,187500,Inner,Camden,0.0,0.0,0.0,0.0,0.0,0.0,0.0,0.20233,1.286503117513306,0.01435546,8.37660099546397e-07,0.0,0.0,0.0,20.368329572875872,0.0,0.0569802443578848,0.0190434974372107,0.0050956718445174,0,0.9734324617871746,-0.9164522174292897
3071,527500,187500,Inner,Haringey,0.0,0.609727268912834,0.0,0.0,0.0,185.8347947,0.0,0.19146,2402.043659852871,0.11878858,1.14638559285492,0.0,0.0,0.0,1126.938374131077,0.0,5.998658049730879,0.8518991411925687,0.4132174412709065,0,6.01652528027747,-0.01786723054659145
3072,527500,187500,Inner,Camden,0.0,0.976433370428026,0.0,0.0,0.0,133.8201989,0.0,0.52542,2273.8028952067198,0.150324075,1.83585189355017,0.0,0.0,0.0,181.98740567356023,0.0,4.906861473828727,0.8431073257124637,0.3539791641304585,0,4.325470895166255,0.5813905786624716
3073,529500,187500,Inner,Islington,0.0,0.040689388954967,0.0,0.0,0.0,169.0181064,0.0,0.0717,12724.350413251585,0.789422458,0.780323941052646,0.0,0.0,0.0,2385.258611106694,0.0,15.72990777687556,2.415302644739688,1.4478921134066849,0,18.208986667057395,-2.4790788901818352
3074,529500,187500,Inner,Haringey,0.0,0.0147039234117973,0.0,0.0,0.0,1.203370549,0.0,0.0,5295.836847809844,0.474550186,0.281981519310304,0.0,0.0,0.0,2253.892843281671,0.0,8.583058476058067,1.4822509966986848,0.724317593924498,0,10.017866771665695,-1.4348082956076276
3075,531500,187500,Inner,Haringey,0.0,2.13375209422803,0.0,0.0,0.0,62.74717861,0.0,0.17411,6582.972808636003,3.716830212,1.29611984862914,566.3598703,0.0,0.0,2475.4708099403506,0.0,15.160522364234442,2.1793971506305687,1.378613572481408,0,14.912621700920388,0.24790066331405392
3076,531500,187500,Inner,Islington,0.0,0.0032618988430658,0.0,0.0,0.0,38.76572267,0.0,0.18092,929.9115979222116,0.145323703,0.0019810661354272,0.0,0.0,0.0,239.4289870733064,0.0,1.2858090526343098,0.4750974556693311,0.37857597931638,0,2.276274068880328,-0.9904650162460182
3077,531500,187500,Inner,Hackney,0.0,0.0166416555391655,0.0,0.0,0.0,274.074116,0.0,0.0,1381.707643724949,0.328245213,0.0101088820813259,0.0,0.0,0.0,1924.0135308692447,0.0,5.950871276372257,1.418767131732379,0.4103543811306361,0,6.7902653575632055,-0.8393940811909486
3078,533500,187500,Inner,Haringey,0.0,0.0,0.0,0.0,0.0,0.0,0.0,0.3734,17.146899791779596,0.013329061,0.0,0.0,0.0,0.0,1.1868719974270874,0.0,0.0146221580608524,0.0106424679968741,0.0026967913099081,0,1.129061026995073,-1.1144388689342206
3079,533500,187500,Inner,Hackney,0.0,0.0,0.0,0.0,0.0,427.2108873,0.0,0.40726,16647.306288509746,12.55242894,0.234849736149226,5.469900717,0.0,0.0,5846.991450334063,0.0,23.65910269909496,4.384060177520487,2.237769755686771,0,31.130319167646547,-7.471216468551589
3080,535500,187500,Inner,Hackney,0.0,0.0319598907925745,0.0,0.0,0.0,236.2668085,0.0,0.10151,618.1994801499416,5.351766202,0.0,0.855247659,0.0,3.36124,48.34771142998019,0.0,1.4857565247683342,0.1481297668906489,0.1064552093738029,0,2.20130042866667,-0.7155439038983358
3081,535500,187500,Inner,Waltham Forest,0.0,5.29938834635631,0.0,0.0,0.0,48.92363346,0.0,0.09721,3313.2278601086205,68.91385172,0.0,32.61574552,0.0,4.37669,120.2777040480171,0.0,7.151651744680254,1.8953631621308376,0.6311061831879459,0,4.949457919154268,2.2021938255259856
3082,537500,187500,Inner,Waltham Forest,0.0,0.0,0.0,0.0,0.0,397.5575476,0.0,0.02509,14630.982874613794,24.409978,0.353025147673033,68.36264014,0.0,0.0,3292.8720169302405,0.0,17.614658445040366,4.714045701558238,2.398174891485239,0,23.065708341277983,-5.451049896237617
3083,539500,187500,Inner,Redbridge,0.0,0.0011711485777506,0.0,0.0,0.0,0.0,0.0,0.10762,342.3513378781138,0.113250731,0.0022013707416079,0.0,0.0,0.0,245.420197314342,0.0,0.7233886314508222,0.1312883630283158,0.06817962036494,0,1.160848392251408,-0.4374597608005857
3084,539500,187500,Inner,Waltham Forest,0.0,0.275823777593836,44.6662339165507,0.0,0.0,238.5252337,0.0,0.14781,10655.844833149442,1.738159362,0.518592854648876,18.44241169,0.0,0.0,13564.51973350534,0.0,37.00909392971849,8.472879580463905,3.778087784973275,1,39.777823267108374,-2.7687293373898854
3085,541500,187500,Inner,Redbridge,0.0,2.69828900164043,45.101869078784,0.0,0.0,31.3735893,0.0,0.0048875058740558,2053.293353210366,0.0,1.99535075310479,0.0,0.0,0.0,244.7663841055657,0.0,2.349701794098128,0.4638234217486728,0.3738462602178541,0,2.4947725097577607,-0.14507071565963248
3086,521500,185500,Inner,Brent,0.0,0.383691861257253,0.0,0.0,0.0,263.7142633,0.0,0.514874225852907,7700.675727286334,10.64824556,1.71580263638367,755.1970423399999,0.0,0.0,9916.445456864983,0.0,31.813440544550865,10.017131076915296,6.142478191101217,1,33.84233967940411,-2.0288991348532477
3087,523500,185500,Inner,Barnet,0.0,0.0,0.0,0.0,0.0,9.712919428,0.0,0.09074,888.4821622378097,0.382626883,0.0163259953401593,132.72923415,0.0,0.0,1699.205365490298,0.0,5.160607108507143,1.3495697660408374,0.8580132089252519,0,5.764976796992767,-0.6043696884856233
3088,523500,185500,Inner,Camden,0.0,0.0,0.0,0.0,0.0,0.0,0.0,0.38477,48.63657347206375,0.008835942,8.37660099546397e-06,0.0,0.0,0.0,1.566437119412646,0.0,0.0382892925889027,0.0574067559843674,0.049257723967453,0,1.4885526676322396,-1.450263375043337
3089,523500,185500,Inner,Brent,0.0,0.0,0.0,0.0,0.0,559.6178688,0.0,0.66547,14051.08682759837,3.312370377,1.22346875053538,1.512997188,0.0,0.0,3639.2875517185175,0.0,17.578210672354395,3.0365795105698186,1.9216282385006271,0,25.22985239039864,-7.651641718044246
3090,525500,185500,Inner,Barnet,0.0,0.0,0.0,0.0,0.0,0.0,0.0,0.0,11.51656905362059,0.004375043,8.37660099546397e-07,0.0,0.0,0.0,0.0,0.0,0.0092155212469314,0.0095733331960389,0.0019639241192246,0,0.49729040856442985,-0.48807488731749843
3091,525500,185500,Inner,Camden,0.0,0.0,0.0,0.0,0.0,587.916885,0.0,0.5141,19354.15438309875,12.13533325,3.29248165747408,5.411127278,0.0,0.0,9252.667313711416,0.0,38.4475361252476,5.54533870845681,2.7963306146120424,1,40.999683330871505,-2.5521472056239034
3092,527500,185500,Inner,Camden,0.0,0.938795387072705,0.0,0.0,0.0,509.879795,0.0,0.21202,20292.638766594944,4.174382586,1.64741439053651,1207.5147361,0.0,0.0,3678.7246874776174,0.0,35.90845754058034,4.455765367634999,3.246032135235333,1,35.55528930438248,0.35316823619786675
3093,529500,185500,Inner,Camden,0.0,0.0,0.0,0.0,0.0,306.9996564,0.0,0.0,9421.623398827278,4.534002482,0.0235608656199415,333.80329716999995,0.0,0.0,2683.2163245397887,0.0,16.20505126025711,2.7129183708047058,1.8470623181039396,0,17.895375239461618,-1.690323979204507
3094,529500,185500,Inner,Islington,0.0,0.0,0.0,0.0,0.0,176.0606458,0.0,0.0,10167.97418410054,5.598744315,0.0359255663493459,0.284786524,0.0,0.0,2264.6823515003307,0.0,11.660034675565022,3.319456574633503,1.1723370330915748,0,15.61937503800374,-3.9593403624387182
3095,531500,185500,Inner,Islington,0.0,0.0,0.0,0.0,0.0,304.3055643,0.0,0.49569,16480.893284100483,4.413092267,0.82371389654905,232.04763431,0.0,0.0,5075.749329072249,0.0,27.603489679595707,5.171686702120756,3.089537693513844,1,29.99678497372927,-2.393295294133562
3096,533500,185500,Inner,Hackney,0.0,0.0,0.0,0.0,0.0,609.7661793,0.0,0.36163,17092.482921695897,15.97902233,0.0855066676414972,41.73080234,0.0,0.0,3895.984440595291,0.0,20.982849491254136,3.8542850915965263,2.5943815009853406,0,28.486968128446378,-7.504118637192242
3097,533500,185500,Inner,Islington,0.0,0.0,0.0,0.0,0.0,2.750561254,0.0,0.05733,2716.490007710191,2.766127429,0.0025624022445124,112.2018263,0.0,0.0,408.5147053071155,0.0,3.079203027528077,0.36253379951802,0.2670218913263165,0,4.400972702201399,-1.3217696746733218
3098,535500,185500,Inner,Hackney,0.0,0.0,0.0,0.0,0.0,763.9507914,0.0,0.0,17884.25664581952,9.661951937,0.0,0.0,0.0,0.0,5465.607446155698,0.0,25.63597163280472,5.292834121939625,2.8670736148098905,0,32.08579032401593,-6.449818691211213
3099,537500,185500,Inner,Hackney,0.0,0.517194588391474,0.0,0.0,0.0,0.0,0.0,0.00033,1086.3382500122111,6.389324245,0.116689402507211,0.0,0.0,0.16258,5417.245235532731,0.0,15.142059826312622,2.956839468385716,1.0566494946181255,0,12.388026232104696,2.7540335942079253
3100,537500,185500,Inner,Newham,0.0,0.152322465241822,44.6662339165507,0.0,0.0,167.2826831,0.0,0.33956,878.6715785965748,3.467447026,0.03436668090409,0.0,0.0,0.0,2374.553798288794,0.0,8.036476180999731,2.762468361096398,0.6195365812798537,0,7.58060690043717,0.4558692805625615
3101,537500,185500,Inner,Waltham Forest,0.0,0.112177970143935,0.0,0.0,0.0,0.0,0.0,0.27968,562.8636797007946,2.975642606,0.0253090622476949,9.406374644,0.0,0.0,2508.859143640523,0.0,6.987110081081525,1.328207846899654,0.5282521595348895,0,6.568804677610692,0.4183054034708329
3102,539500,185500,Inner,Waltham Forest,0.0,0.0,0.0,0.0,0.0,126.0100874,0.0,0.10276,5201.18735542158,0.813723973,0.152474241959833,0.0,0.0,0.0,823.393155893152,0.0,4.439371175130332,1.3009013033207797,1.0149391072220597,0,7.562943072135608,-3.1235718970052764
3103,539500,185500,Inner,Newham,0.0,0.0,44.8238032492861,0.0,0.0,283.0941809,0.0,0.00756,8885.78352575769,1.763721321,0.716313306885708,129.2404316,0.0,0.0,1424.2284522104137,0.0,11.557040804862591,2.243589694964002,1.7461546637659633,0,13.40285030171472,-1.8458094968521284
3104,541500,185500,Inner,Newham,0.0,0.304253054764511,0.0,0.0,0.0,94.12076791,0.0,0.07754,10466.81395685232,3.85165738,3.54668050426273,360.4341354,0.0,0.0,3196.563645210921,0.0,17.33838111521153,3.4202901551318523,2.249313332361541,0,17.937302848039664,-0.5989217328281349
3105,541500,185500,Inner,Redbridge,0.0,6.120725517881e-05,0.0,0.0,0.0,0.0,0.0,0.27493,31.856935639497586,0.054545409,0.0007111734245148,0.0,0.0,0.0,0.0,0.0,0.0310243427840501,0.0156047915750496,0.0078753667355892,0,0.7196090032181832,-0.6885846604341331
3106,543500,185500,Inner,Newham,0.0,0.0737413067515244,0.0,0.0,0.0,15.47190705,0.0,0.0,5316.704909924797,4.040986692,0.388206034193882,15.18470814,0.0,0.0,6498.736449288626,0.0,18.538676655420204,3.9595776923655337,1.5761100348539254,0,18.530175467643982,0.008501187776221997
3107,519500,183500,Inner,Ealing,0.0,0.0117264143763306,0.0,0.0,0.0,137.037058,0.0,0.542870730691667,3663.733221477292,45.80056656,0.0405662033008329,0.0,0.0,1.04307776669245,187.2847550348237,0.0,6.363783228045104,2.221885658289493,0.5040552600789499,0,6.515081943902816,-0.15129871585771149
3108,519500,183500,Inner,Brent,0.0,0.0872845316047479,0.0,0.0,0.0,149.6657899,0.0,0.330541449591483,6809.50220675586,159.9491216,0.386503908871604,249.71266050000003,0.0,5.38443903060977,4274.104365519716,0.0,25.622959490251606,5.083469328468151,1.6301341311285145,0,18.753255141798682,6.869704348452924
3109,521500,183500,Inner,Brent,0.0,0.0,0.0,0.0,0.0,327.2812809,0.0,0.0,15551.084564323295,2.414555573,0.586120823573809,615.7219427,0.0,0.0,6599.568172397852,0.0,28.6305021579273,5.440374618362245,3.0806774919869526,1,33.345610374271786,-4.715108216344486
3110,521500,183500,Inner,Hammersmith and Fulham,0.0,0.0,0.0,0.0,0.0,0.0,0.0,0.38212,0.0037870208677607,9.35e-07,0.0,0.0,0.0,0.0,0.0,0.0,0.0030843867580912,0.0091895170923369,0.0015835458154583,0,1.5148307268657728,-1.5117463401076816
3111,521500,183500,Inner,Ealing,0.0,0.0,0.0,0.0,0.0,0.0,0.0,0.41422,641.0389906138721,0.235532965,0.0055771409427799,520.6539168,0.0,0.79438,79.69648579308453,0.0,3.90121969003556,0.1691564416345041,0.1176956127109394,0,4.809242910693719,-0.9080232206581589
3112,523500,183500,Inner,Brent,0.0,0.312934781410667,0.0,0.0,0.0,398.1566699,0.0,0.0,14457.75973640942,4.077404885,2.58881953107182,276.9956193,0.0,0.0,2625.799108716921,0.0,16.867323898415755,3.209317959914464,2.3429952519662853,0,22.199837016044064,-5.332513117628309
3113,525500,183500,Inner,Camden,0.0,0.0,0.0,0.0,0.0,490.0802421,0.0,0.10623,9502.530849809373,15.01976426,0.11165003934834,526.1235509999999,0.0,0.0,2154.177561959823,0.0,19.09987668198137,2.428425288748585,1.5124161311820334,0,18.955328123663875,0.1445485583174957
3114,525500,183500,Inner,City of Westminster,0.0,0.0,0.0,0.0,0.0,369.4853221,0.0,0.35137,5070.28012512266,9.46995152,0.0443842580345654,0.0,0.0,0.0,1381.7714898695451,0.0,9.960172516676238,1.4939667194138644,0.8298866592808577,0,10.689422923062308,-0.7292504063860701
3115,525500,183500,Inner,Brent,0.0,0.0,0.0,0.0,0.0,545.1440417,0.0,0.0,7168.568139760798,16.3068196,0.131604778239735,350.59987779999994,0.0,0.0,2430.828838472604,0.0,14.34295068211911,3.5236773247406465,1.6298998179572135,0,16.44226827913876,-2.099317597019649
3116,527500,183500,Inner,Camden,0.0,0.55409883111459,0.0,0.0,0.0,53.54998941,0.0,0.001,6220.442199557278,16.8652521,0.294153558216812,0.0,0.0,0.01722,1292.4360266266883,0.0,11.426684298842114,0.9718275915067444,0.5395112957810312,0,9.349787292084237,2.0768970067578767
3117,527500,183500,Inner,City of Westminster,0.0,1.29700786228693,0.0,0.0,0.0,328.227687,0.0,0.00371,12953.946081216664,25.80306392,0.688541523945347,0.0,0.0,6.80588,2785.417002451033,0.0,25.550601881873447,2.576456150853878,1.503909198601676,0,20.172062146274094,5.378539735599354
3118,529500,183500,Inner,Camden,0.0,0.0,0.0,0.0,0.0,1274.174418,0.0,0.0,33457.47315535616,25.42788476,0.117675328444377,871.51664415,0.0,5.72395,7994.939382640926,0.0,68.99787224935764,8.54029338797925,4.9497618932301135,1,58.85806565903459,10.139806590323055
3119,533500,183500,Inner,Hackney,0.0,0.0,0.0,0.0,0.0,1457.917077,0.0,0.80594,19127.244117228787,61.44690004,0.0,0.079551333,0.0,6.28449,4240.784347636694,0.0,31.860908611973,14.45698415224778,3.878675134269012,1,35.89180024118427,-4.030891629211272
3120,533500,183500,Inner,Tower Hamlets,0.0,0.0,0.0,0.0,0.0,0.0,0.0,0.31464,652.4186836345082,1.275545471,0.0,0.0,0.0,0.0,435.655956207862,0.0,1.4824058106985794,0.3047451161380592,0.1339423255931769,0,2.556286787075326,-1.0738809763767465
3121,535500,183500,Inner,Tower Hamlets,0.0,0.429345755751175,44.6662339165507,0.0,0.0,254.6611869,0.0,0.01549,9190.440803450452,2.199710671,0.484343446158723,0.0,0.0,8.57751,3107.9710672589013,0.0,17.983122966216946,2.6213582054293423,1.5263679501180838,0,16.796144965271917,1.1869780009450288
3122,535500,183500,Inner,Hackney,0.0,0.0667009795460788,0.0,0.0,0.0,58.09985804,0.0,0.0,4942.231972202429,0.867017536,0.0752453314220538,0.0,0.0,0.51906,1590.2073287415828,0.0,6.891801597635088,1.5537745914888417,1.0184505999364342,0,8.527749455385353,-1.6359478577502644
3123,537500,183500,Inner,Tower Hamlets,0.0,0.0,44.6662339165507,0.0,0.0,316.6034753,0.0,0.01121,5725.860193127447,19.07678018,0.0371720045774709,2.421167292,0.0,4.82942211336968,10361.120000087005,0.0,31.696461981342573,7.746301676093231,3.5946218845924136,1,28.67127554829699,3.025186433045583
3124,537500,183500,Inner,Newham,0.0,0.0,0.0,0.0,0.0,52.97647884,0.0,0.00698,1548.494648073484,14.86528759,0.0225707513822777,19.90232279,0.0,4.81662421686708,861.4087780080772,0.0,5.834705499602741,1.651524347433364,0.5640406539561508,0,3.8504929009477333,1.9842125986550077
3125,539500,183500,Inner,Newham,0.0,0.312938513560373,0.0,0.0,0.0,330.3875764,0.0,0.0,12564.60807920043,4.1795748,0.706050295346066,2.522956881,0.0,0.0,4982.332857682757,0.0,21.697649427191724,3.885635266894025,2.3335462661155617,0,23.793311371303602,-2.0956619441118782
3126,541500,183500,Inner,Newham,0.0,0.0,0.0,0.0,0.0,377.2330727,0.0,0.0702,16075.009208713702,1.574745949,0.353020959372535,2.825493624,0.0,0.00145334818264,3702.1538374208353,0.0,20.63558731205058,4.698811923598904,3.2339031151158606,0,24.93339475600301,-4.297807443952433
3127,543500,183500,Inner,Newham,0.0,0.461831879652299,0.0,0.0,0.0,144.7730115,0.0,0.0,6380.468292759752,0.0,1.61372035069235,0.0,0.0,0.0013508843099505,8588.549251811468,0.0,25.572485975758845,7.735203814419599,2.576894795023379,0,24.041004619956723,1.5314813558021214
3128,519500,181500,Inner,Ealing,0.0,0.625869562821333,0.0,0.0,0.0,105.6634687,0.0,0.83373,7917.236569018701,40.38356832,5.88368098088872,200.29217767,0.0,0.0,1566.984046645949,0.0,12.822257114768329,2.11075087455234,1.3605921350280357,0,13.194948124966336,-0.37269101019800743
3129,521500,181500,Inner,Hammersmith and Fulham,0.0,0.509960935831256,0.0,0.0,0.0,0.0,0.0,0.0,6840.883420568976,26.64739002,0.270722529912301,67.541315378,0.0,0.0,1186.2891084460207,0.0,11.20028171379208,1.5200543539385332,1.0539685876960008,0,10.012495039596143,1.1877866741959373
3130,521500,181500,Inner,Ealing,0.0,0.381358521261047,0.0,0.0,0.0,94.12076791,0.0,0.59041,4824.449236156152,23.0437707,0.20245155647907,211.3481361,0.0,0.0,1436.6765583830847,0.0,9.795341938775668,3.03659514803961,2.4376162292490435,0,11.04639819033239,-1.2510562515567223
3131,523500,181500,Inner,Hammersmith and Fulham,0.0,0.0107717304815294,0.0,0.0,0.0,416.9164071,0.0,0.0,2812.574410896253,1.142690766,0.0486069025963788,131.0010462,0.0,0.0,5578.306133172759,0.0,18.271090148002425,8.80266161269309,1.7364520120489504,0,17.22225758884845,1.0488325591539756
3132,523500,181500,Inner,Kensington and Chelsea,0.0,0.124585128626644,0.0,0.0,0.0,124.0019709,0.0,0.25526,12815.536274280688,30.286127325,0.562174634308076,0.0,0.0,0.0,6746.477647259012,0.0,23.865760798588354,4.185297385914697,1.8431969195956224,0,27.86077516276391,-3.9950143641755567
3133,525500,181500,Inner,City of Westminster,0.0,0.0,0.0,0.0,0.0,1362.576847,0.0,0.0,27239.823845467567,20.32614466,0.0,163.786798567,0.0,7.36578,10755.239983112466,0.0,59.510560501737466,11.110264255093748,6.54546102446221,1,55.80854499111398,3.7020155106234824
3134,525500,181500,Inner,Kensington and Chelsea,0.0,0.0,0.0,0.0,0.0,0.0,0.0,0.73595,985.2443994218888,0.71551542,0.0,0.0,0.0,0.0,305.4164872488901,0.0,1.3845610143159583,0.4875586480555767,0.3737331079241311,0,3.838461156906483,-2.4539001425905247
3135,535500,181500,Inner,Tower Hamlets,0.0,0.0,44.6662339165507,0.0,0.0,464.5958544,0.0,0.84547,20049.470863351424,45.0424012,0.706050295346066,0.352731583,0.0,0.00268280983632,6294.835459884135,0.0,36.19585341390097,4.891833949494111,2.848101526680194,1,36.56452632746687,-0.36867291356590215
3136,537500,181500,Inner,Tower Hamlets,0.0,0.0,0.0,0.0,0.0,901.4477172,0.0,0.36905,18415.257916090846,8.178429683,0.235349819228655,0.0,0.0,4.762609075605599,3270.7693920870133,0.0,28.73705356072228,3.054847343449861,1.9446792630221328,1,29.518025023653863,-0.780971462931582
3137,539500,181500,Inner,Tower Hamlets,0.0,0.001715296004889,0.0,0.0,0.0,307.3398288,0.0,0.0,919.0491332093364,1.737683062,0.0,0.0,0.0,0.33440710401824,1471.7272763330325,0.0,5.880662327758497,1.3373486940937256,0.4079062299834687,0,5.429485173072896,0.4511771546856007
3138,539500,181500,Inner,Newham,0.0,0.0792760847655594,0.0,0.0,0.0,437.2329453,0.0,0.38274,7388.909673753405,11.81401962,0.0,0.0,0.0,0.2411965461296,14453.97534300668,0.0,44.30009738017195,23.597249303198076,5.183781795891203,1,39.87549501795819,4.424602362213761
3139,541500,181500,Inner,Newham,0.0,1.25173987207261,0.0,0.0,0.0,94.12076791,0.0,0.16189,12538.320064580445,0.872921529,1.17673653124178,0.0,0.0,0.0,8336.030668829397,0.0,31.9953339424084,5.501939271988173,2.362776278582491,1,29.929542717703455,2.0657912247049453
3140,543500,181500,Inner,Newham,0.0,0.0708712836275912,0.0,0.0,0.0,0.0,0.0,0.287817426015733,6162.975846174314,0.568054724,0.387980703627104,0.0,0.0,0.0012269290008267,2899.1350646775445,0.0,14.937826485946692,2.0653475225436804,0.8995041771945996,0,12.522132735807418,2.4156937501392743
3141,518500,179500,Inner,Ealing,0.0,0.0235222467371932,0.0,0.0,0.0,31.3735893,0.0,0.0395430175794271,800.526666856727,0.75291747,0.307273828356008,0.0,0.0,0.0,1211.746387620453,0.0,3.628460224887073,0.8281266090845342,0.3349008239595411,0,4.165698768968509,-0.5372385440814362
3142,520500,179500,Inner,Ealing,0.0,0.0,0.0,0.0,0.0,487.6855762,0.0,0.39179,17170.469374622444,15.74636904,0.941400114574721,35.59484899,0.0,0.0,1990.764891619326,0.0,18.40354609501136,3.141270216718415,2.1675662252583736,0,24.318754359683716,-5.915208264672355
3143,522500,179500,Inner,Hammersmith and Fulham,0.0,0.0,0.0,0.0,0.0,440.6302564,0.0,0.26275,20191.698081096987,5.39137204,0.588374966901688,0.0,0.0,0.0,5139.569824300444,0.0,24.98655970906759,5.068642166145634,3.174142367312699,0,33.08578684185263,-8.099227132785042
3144,524500,179500,Inner,Hammersmith and Fulham,0.0,0.0059483002014626,0.0,0.0,0.0,6.704493056,0.0,0.0,4075.96829428696,1.962790566,0.0201314851723986,20.06596548,0.0,0.0,229.50798754297008,0.0,3.5381329076018293,0.5015010461234248,0.4285443722895534,0,5.12238281072587,-1.5842499031240411
3145,524500,179500,Inner,Kensington and Chelsea,0.0,0.23259503397889,0.0,0.0,0.0,211.6095094,0.0,0.01432,17319.631855536896,12.27345406,0.787169299386139,100.1528815,0.0,0.0,6746.077740246842,0.0,33.40783095654941,4.6501542114361545,2.614869345724463,1,32.420336930177264,0.987494026372147
3146,526500,179500,Inner,Kensington and Chelsea,0.0,0.0838084073685562,0.0,0.0,0.0,442.6022163,0.0,0.0,17573.67777831404,1.901990044,0.236359199648609,0.0,0.0,0.0,3374.9502423395315,0.0,25.47502273106421,3.1195629617116354,2.080849814398439,0,26.32934393735664,-0.854321206292429
3147,526500,179500,Inner,City of Westminster,0.0,0.127058051021856,0.0,0.0,0.0,594.4784511,0.0,0.0,13336.86664070162,2.341885585,0.358335075044057,0.0,0.0,0.0,4347.5667238159285,0.0,32.81586792240293,4.545648053545709,1.901202289978264,1,24.87711130542354,7.93875661697939
3148,528500,179500,Inner,Kensington and Chelsea,0.0,0.000579229634375,0.0,0.0,0.0,38.67976763,0.0,0.0,1462.2216144848398,0.78312533,0.0002613499510584,0.0,0.0,0.0,167.51588203308395,0.0,1.926694566110031,0.1521552901918623,0.0895553793568846,0,2.4139922770604922,-0.48729771095046126
3149,534500,179500,Inner,Southwark,0.0,0.0,44.6662339165507,0.0,0.0,559.5566393,0.0,0.13004,10405.028798769634,13.98355774,0.609828279711171,122.392057415,0.0,64.6405832103361,4316.030959106652,0.0,22.67364564788605,3.814219214841168,1.608441539025918,0,23.190538435466607,-0.5168927875805558
3150,534500,179500,Inner,Tower Hamlets,0.0,0.0,0.0,0.0,0.0,0.0,0.0,0.05359,226.36763560123487,1.062722462,0.0035223607185926,0.0,0.0,307.552814988824,0.0,0.0,4.626436026907276,0.1491492878648744,0.1349240238970517,0,3.6901357027949633,0.9363003241123131
3151,536500,179500,Inner,Southwark,0.0,0.0749968019126312,44.6662339165507,0.0,0.0,133.8201989,0.0,0.0,5307.911425558369,3.964561113,0.0846036700541861,0.0,0.0,848.438946566381,719.2448582757382,0.0,18.456257581576097,1.3313246430794945,1.000234580011817,0,15.936894389788739,2.519363191787358
3152,536500,179500,Inner,Tower Hamlets,0.0,0.0023945472513856,0.0,0.0,0.0,0.0,0.0,0.0,435.7778811681759,0.708392183,0.0027014538210371,0.0,0.0,8.12441809128426,0.0,0.0,0.3459407094557869,0.0327200217610305,0.024210492500075,0,0.7688434484028672,-0.4229027389470803
3153,536500,179500,Inner,Lewisham,0.0,0.0,0.0,0.0,0.0,0.0,0.0,0.12046,1.31397094917492,0.002693754,0.0,0.0,0.0,0.03923,0.0,0.0,0.004070830958487,0.0092616147979317,0.0016547540896663,0,0.550865956371192,-0.5467951254127049
3154,538500,179500,Inner,Tower Hamlets,0.0,0.0483746316296136,0.0,0.0,0.0,442.6497259,0.0,0.01847,7572.965058637863,2.572686782,0.0,0.0,0.0,2402.490200794167,1369.1864838810206,0.0,45.51342583403568,2.380465203214749,1.668452114177224,1,35.95445427699585,9.558971557039833
3155,538500,179500,Inner,Greenwich,0.0,0.0106149801938763,0.0,0.0,0.0,105.6634687,0.0,0.00772,984.695494030444,1.205153742,0.0,0.0,0.0,123.59519785660804,793.2612876180782,0.0,6.429106656322448,2.038709877594997,0.4178289701865132,0,4.49610083233828,1.9330058239841676
3156,540500,179500,Inner,Newham,0.0,0.0288241386095723,0.0,0.0,0.0,572.0843042,0.0,0.0,974.9176637690724,10.2278715,0.0,0.0,0.0,688.673071807456,35.03463644803597,0.0,14.811302113695032,2.0453172573599905,1.7405086494714568,0,10.46887733036099,4.342424783334042
3157,540500,179500,Inner,Greenwich,0.0,0.0234699966413088,0.0,0.0,0.0,0.0,0.0,0.31904,1581.9988093235809,9.229156759,0.0,0.0,0.0,1648.242983040122,45.04694672244016,0.0,34.686934484221524,2.386087236351294,2.3099848364099067,1,18.738861046859437,15.948073437362087
3158,542500,179500,Inner,Newham,0.0,0.0,0.0,0.0,0.0,0.0,0.0,0.26363,892.0181499457292,7.076524673,0.0,0.0,0.0,1630.06268147118,165.35433407477302,0.0,24.90949586314511,0.7883669414204247,0.672135223407139,0,17.952887706052966,6.956608157092145
3159,542500,179500,Inner,Greenwich,0.0,0.0,0.0,0.0,0.0,102.4466096,0.0,0.331,3511.4788874857336,8.282883014,0.0,0.0,0.0,110.3861940418959,2889.96769241233,0.0,12.487696318366265,1.971314292189453,0.8717355510423929,0,11.756721790060281,0.7309745283059836
3160,518500,177500,Inner,Richmond,0.0,2.239289823615e-06,0.0,0.0,0.0,0.0,0.0,0.0003057751293112,4.530153752871666,0.279251123,0.0002873174141444,0.0,0.0,0.0069403299640853,0.0378637719696302,0.0,0.0128281913316019,0.0104254856246104,0.0028042348513413,0,0.7946950880379777,-0.7818668967063759
3161,518500,177500,Inner,Hounslow,0.0,8.95715929446e-06,0.0,0.0,0.0,0.0,0.0,0.0,7.291079525719722,0.147372928,0.0002931810348412,0.0,0.0,0.0208765411074364,255.250053596342,0.0,0.6574698436394523,0.1568965721305787,0.0525766048955842,0,1.3219308758276167,-0.6644610321881644
3162,520500,177500,Inner,Hounslow,0.0,0.730180161384967,0.0,0.0,0.0,108.8190796,0.0,0.0,8896.967751122273,0.796991894,1.6474277930981,37.151187872,0.0,0.0,8857.323861402754,0.0,26.659981013024076,5.907279816369539,2.8179301984369087,0,27.773029731451885,-1.1130487184278088
3163,522500,177500,Inner,Richmond,0.0,1.24896016697156,0.0,0.0,0.0,198.8137662,0.0,0.21846,8576.429464026594,2.189789081,1.40894847573754,0.0,0.0,0.3878,1693.8629015451456,0.0,10.152804270064117,2.2333526845059284,1.2877093304488023,0,13.535520842562459,-3.3827165724983423
3164,522500,177500,Inner,Richmond,0.0,1.49285988241e-06,0.0,0.0,0.0,0.0,0.0,0.0,3.42652520658836,0.002432476,1.67532019909279e-06,0.0,0.0,0.05626,0.0,0.0,0.0050369923016642,0.0093196675605217,0.0017121148236192,0,0.6835233328189094,-0.6784863405172452
3165,524500,177500,Inner,Hammersmith and Fulham,0.0,0.0,203.44251482057,0.0,0.0,305.3982542,0.0,0.0209,29599.922284997305,22.793825947,0.353020121712436,0.0,0.0,0.0,3918.0874966349584,0.0,32.34582661521412,5.053622919103224,3.728596518317372,1,39.24399496902043,-6.898168353806305
3166,526500,177500,Inner,Kensington and Chelsea,0.0,0.0,0.0,0.0,0.0,473.1486909,0.0,0.0,32362.6793617573,38.21388331,0.0,0.0,0.0,2.90686629149692,10502.435184688666,0.0,56.407068164465365,9.81448527412572,4.569715442268164,1,55.56421388057355,0.8428542838918176
3167,526500,177500,Inner,Hammersmith and Fulham,0.0,0.0,0.0,0.0,0.0,0.0,0.0,0.0,298.4954453837513,0.893192214,0.0,37.36426732,0.0,0.0,34.703075081527025,0.0,0.6260991769590744,0.0454095086566464,0.024828025569078,0,1.1049226186744487,-0.4788234417153744
3168,526500,177500,Inner,Wandsworth,0.0,0.0,0.0,0.0,0.0,0.0,0.0,0.13703,520.9547250448727,3.463233553,0.0,0.0,0.0,1.00507,96.64551105752908,0.0,0.5488228998643577,0.0747825821397034,0.0428633195996771,0,1.6048766026147874,-1.0560537027504298
3169,528500,177500,Inner,Wandsworth,0.0,0.243753415169964,0.0,0.0,0.0,2278.940471,0.0,0.0,5104.432717345693,14.89619707,0.137488502778948,68.21534679,0.0,3.23348917584521,3765.238747612146,0.0,22.52679035664641,20.794876908847645,2.911352426286069,0,23.551352119574148,-1.024561762927739
3170,528500,177500,Inner,City of Westminster,0.0,0.0031327664632373,0.0,0.0,0.0,0.0,0.0,0.32279,916.5281647256752,1.688749416,0.0017674628100429,13.665204919,0.0,39.4711917724739,1802.4428574439255,0.0,6.469452869935152,0.909982151195304,0.3628062863518276,0,6.3158991333606265,0.15355373657452542
3171,528500,177500,Inner,Kensington and Chelsea,0.0,0.0092661812901188,0.0,0.0,0.0,0.0,0.0,0.29307,1325.5709405029395,2.904345462,0.0052261613610699,0.0,0.0,7.59534736719062,2199.634642281037,0.0,6.94988613719937,1.034607489994295,0.3845073821695288,0,7.082577177378669,-0.13269104017929845
3172,530500,177500,Inner,Wandsworth,0.0,0.0,0.0,0.0,0.0,446.3672006,0.0,0.28685,479.9092730280502,0.071683279,0.0006944202225239,16.864006815,0.0,0.00698999524778,813.0321982128246,0.0,3.820479248938343,0.5404973687018266,0.1707482700987745,0,5.305163629489104,-1.4846843805507608
3173,530500,177500,Inner,Lambeth,0.0,0.0,0.0,0.0,0.0,1762.408628,0.0,0.17579,17937.232447521434,1.24798877,0.210472151932227,65.159756636,0.0,0.05033,8928.833237427556,0.0,40.299162617592295,14.061248092433726,3.85349990551174,1,44.538728102127855,-4.239565484535561
3174,532500,177500,Inner,Lambeth,0.0,1.49285988241e-06,0.0,0.0,0.0,0.0,0.0,1e-05,34.4237804243154,0.090091434,2.51298029863919e-06,0.0,0.0,0.0,0.7067489923401561,0.0,0.0304353761260337,0.0114722455993363,0.0035733172648794,0,0.4404657141420252,-0.4100303380159915
3175,532500,177500,Inner,Southwark,0.0,0.415536055408941,0.0,0.0,0.0,677.315043,0.0,0.0,18878.062683864,43.8437455,0.585955804534198,2.974171449,0.0,0.0,5043.880764538757,0.0,32.06370233089147,4.249641501635798,2.4847030143730677,1,31.90506651028214,0.15863582060933368
3176,534500,177500,Inner,Southwark,0.0,0.0,0.0,0.0,0.0,98.55295913,0.0,0.0,12917.691252655846,7.749656734,0.235344793268058,0.0,0.0,0.0,6434.0354755932085,0.0,25.162209658813552,4.562268995436336,2.3139538922431533,0,26.427053050105783,-1.2648433912922314
3177,536500,177500,Inner,Lewisham,0.0,0.0,0.0,0.0,0.0,621.383038,0.0,0.12866,10188.7469120145,10.33483,0.235346468588257,81.893614695,0.0,2.82351849984321,5903.789250450264,0.0,22.91953299982889,4.5447476878338975,2.449819132327174,0,25.65661414558381,-2.737081145754921
3178,538500,177500,Inner,Greenwich,0.0,1.56465897845451,0.0,0.0,0.0,307.8179238,0.0,0.01634,9643.610071590325,3.659098192,0.941380010732332,0.469619468,0.0,0.07796555789013,5352.061890047467,0.0,21.917867999417037,5.929218301601304,4.0468882295340745,0,21.846687530644083,0.0711804687729547
3179,540500,177500,Inner,Greenwich,0.0,0.0,44.6662339165507,0.0,0.0,134.7775014,0.0,0.0,11256.09205167138,4.350576728,1.41208048684974,3.551208819,0.0,0.0,10111.225784444656,0.0,30.11325909847946,6.381309949669225,2.9807962000290296,1,32.18344709063014,-2.0701879921506787
3180,542500,177500,Inner,Greenwich,0.0,5.25741808362224,44.6662339165507,0.0,0.0,52.17470879,0.0,0.183144178566301,5024.095701897222,0.516925008,1.93263849209215,0.0,0.0,0.0,2514.392929956073,0.0,12.844864396416792,2.1940347063588725,1.1785565319615663,0,10.965158700139874,1.8797056962769183
3181,519500,175500,Inner,Richmond,0.0,0.0101387578913875,962.077237133857,0.0,0.0,25.95842183,0.0,0.0,1869.949457933256,0.256586852,0.45938033753214,3.666399813,0.0,0.0,2829.5071129245093,0.0,11.544007073401929,1.2726301947038268,0.6145895028426599,0,11.653149971214283,-0.10914289781235453
3182,521500,175500,Inner,Richmond,0.0,0.470736042420933,2355.77075839241,0.0,0.0,227.8964089,0.0,0.0,6519.251231097116,2.273487463,0.614337404027029,34.078640793,0.0,0.0,2551.2799907924154,0.0,15.674581463373649,2.254648237589524,1.408359792785146,0,21.250100018474626,-5.575518555100977
3183,523500,175500,Inner,Hammersmith and Fulham,0.0,3.135005753061e-05,0.0,0.0,0.0,0.0,0.0,0.83172,5.959829443332748,0.018511102,6.19868473664334e-05,0.0,0.0,0.42139,0.0,0.0,0.0101717722639638,0.0097001843438914,0.0020875196590694,0,2.6298430330561935,-2.61967126079223
3184,523500,175500,Inner,Wandsworth,0.0,0.262374602913205,2355.75120554039,0.0,0.0,421.9414902,0.0,0.0,13879.670386175245,2.115251321,0.647526334831157,66.117724465,0.0,0.3519756311637886,3862.7702910809166,0.0,22.786345884287677,3.566375451330135,2.213094086220847,0,31.968251176240493,-9.181905291952816
3185,525500,175500,Inner,Wandsworth,0.0,0.10891084629128,0.0,0.0,0.0,547.9043892,0.0,0.81748,2190.752530187499,10.37897935,0.0982893607605752,58.54233856,0.0,2.71808,1538.5786456026706,0.0,8.264187984165583,2.778761111301724,2.127928108654788,0,10.512155510727855,-2.247967526562272
3186,525500,175500,Inner,Hammersmith and Fulham,0.0,0.15380188938529,2203.39264494355,0.0,0.0,283.1123048,0.0,0.83229,5022.300605142356,12.33388418,0.138802791475137,0.0,0.0,4.73582608789631,2480.6445982504024,0.0,16.03351978973827,3.009818149989685,2.16300516943445,0,21.230169322138174,-5.196649532399903
3187,527500,175500,Inner,Wandsworth,0.0,0.0,0.0,0.0,0.0,686.019347,0.0,0.31415600501947,14323.563834583598,1.210244918,0.833172754393127,348.42700119999995,0.0,0.0,8158.810970706691,0.0,29.35142996914926,6.731919087912638,3.8882660989129,1,36.29939476290678,-6.947964793757517
3188,529500,175500,Inner,Lambeth,0.0,0.521564189267288,0.0,0.0,0.0,850.6384479,0.0,0.54527,17697.88913043525,7.160633827,0.706050295346066,115.2994642,0.0,0.0,7751.814176821155,0.0,31.48925454888348,7.10898506292619,4.47763621527436,1,38.94291534443335,-7.453660795549872
3189,531500,175500,Inner,Lambeth,0.0,0.0,0.0,0.0,0.0,1856.07565,0.0,0.49933,15753.181369268475,12.63918477,0.235349819228655,257.7535884,0.0,0.0,6397.955875561976,0.0,34.15002880383458,9.72299815055598,4.489001630553495,1,39.29130593371204,-5.141277129877459
3190,533500,175500,Inner,Southwark,0.0,0.521564189267288,0.0,0.0,0.0,433.5787563,0.0,0.22718,15955.446993108862,0.94621203,1.52977591913651,12.594932292,0.0,0.0,4286.44873533077,0.0,20.90162687612144,8.676698596973225,3.295409657797723,0,26.702619129230133,-5.800992253108692
3191,535500,175500,Inner,Southwark,0.0,0.996181667382487,0.0,0.0,0.0,78.47695078,0.0,0.34587,7506.638943635402,1.4710257,1.12378887400956,38.03473096,0.0,0.0,1266.7347223233792,0.0,8.179772082858799,1.478215440164631,1.005313284851622,0,11.297140079332326,-3.1173679964735275
3192,535500,175500,Inner,Lewisham,0.0,0.0442558312140445,0.0,0.0,0.0,0.0,0.0,0.13816,2151.298717227788,0.310052805,0.0499245419329653,87.6999153,0.0,0.0,680.3110419871842,0.0,3.1308972022445136,0.5212637662408945,0.278479842403096,0,4.549068784086501,-1.418171581841987
3193,537500,175500,Inner,Lewisham,0.0,1.35606763852489,0.0,0.0,0.0,88.60921034,0.0,0.0,12258.87741812999,1.484222845,1.52977591913651,36.43739747,0.0,0.0,2088.7829934292768,0.0,13.107659069337949,2.2961137057718823,1.4833431922851,0,16.66542921300458,-3.5577701436666302
3194,539500,175500,Inner,Greenwich,0.0,0.0077039034231768,0.0,0.0,0.0,236.2668085,0.0,0.33503,2187.528852893105,0.668232287,0.330246656586068,0.017895908,0.0,0.0,166.7059177364899,0.0,2.805904606887024,0.4375118691033371,0.3730957613588974,0,4.413578128517965,-1.6076735216309412
3195,539500,175500,Inner,Lewisham,0.0,0.0553201622325262,0.0,0.0,0.0,240.1840532,0.0,0.37602,8764.994760046176,1.790671014,2.37145511184053,12.16677321,0.0,0.0,3679.513015304781,0.0,14.203279727823215,3.110539249626304,1.680288521620947,0,17.53057150499458,-3.3272917771713644
3196,541500,175500,Inner,Greenwich,0.0,0.310064011856792,0.0,0.0,0.0,334.8540515,0.0,0.129959788814292,6616.785849158598,0.255199428,5.62236872453472,16.7001947,0.0,0.0,9779.345199477644,0.0,28.11170071084776,8.743770367181849,2.8776339134456435,1,26.834345845120573,1.2773548657271867
3197,529500,173500,Inner,Lambeth,0.0,0.0,0.0,0.0,0.0,102.4466096,0.0,0.0495250724773128,1186.4407827215114,2.618363399,0.121700285222698,0.0,0.0,0.0,1902.7363542915891,0.0,5.7501433318156,3.298077489491805,0.6341149486992222,0,6.135018618012143,-0.384875286196543
3198,531500,173500,Inner,Lambeth,0.0,1.84266681005631,0.0,0.0,0.0,149.131993,0.0,0.22437521806921,11158.0736285783,0.352075374,2.04236610151204,10.187873534,0.0,0.0,4710.02807555375,0.0,17.222610550946726,3.282272083035799,1.5943398222585166,0,21.752038380280762,-4.529427829334036
3199,533500,173500,Inner,Southwark,0.0,2.49428298083963,0.0,0.0,0.0,49.68201265,0.0,0.183367422736724,3611.434623851062,0.095114114,4.05422378453849,0.0,0.0,0.0,2749.0386533487954,0.0,9.550850310962916,1.9745337407915096,1.0318020149713447,0,9.24564511068897,0.3052052002739458
3200,535500,173500,Inner,Lewisham,0.0,0.0,0.0,0.0,0.0,442.1409245,0.0,0.0,10162.652074455487,1.241605437,4.85618197298212,190.184498555,0.0,0.0,2158.78942101363,0.0,11.32124785952506,2.089103246379207,1.3337709718392177,0,15.945729701295738,-4.6244818417706774
3201,535500,173500,Inner,Southwark,0.0,0.0,0.0,0.0,0.0,0.0,0.0,0.33236,3.4243439944377254,0.000588752,8.37660099546397e-07,0.0,0.0,0.0,36.80539009959079,0.0,0.0905677265171797,0.0311114179135115,0.0091744372357328,0,1.233361217888568,-1.1427934913713882
3202,537500,173500,Inner,Lewisham,0.0,0.0517664092824492,0.0,0.0,0.0,78.56433109,0.0,0.0927970084864805,4938.9387303651465,0.153283179,0.526464346604313,27.92010361,0.0,0.0,2210.300814701922,0.0,8.58495391252765,1.7163568584838365,0.8940461143313421,0,10.173515488314496,-1.588561575786846
3203,539500,173500,Inner,Lewisham,0.0,0.0,0.0,0.0,0.0,0.0,0.0,0.0941288368190033,3218.8111209665967,0.484422269,0.563168099186138,19.77102473,0.0,0.0,3182.644341172968,0.0,9.070747154602524,1.8361574431876364,0.8191465813869184,0,10.063047407942669,-0.9923002533401455
3204,526500,191500,Inner,Barnet,0.0,0.0,0.0,0.0,0.0,0.0,0.0,1.43071023308875e-05,0.0774350921228733,2.343420135,0.0001876358622983,0.0,0.0,0.0,0.0,0.0,0.0609111121956243,0.0147766614586097,0.0071703369309822,0,0.37784520564494883,-0.31693409344932455
3205,528500,191500,Inner,Haringey,0.0,0.0762067648473245,0.0,0.0,0.0,9.712919428,0.0,0.0,730.7755533478262,0.08087844,0.24715998897216,12.876322186,0.0,0.0,64.62877244090032,0.0,1.2252012545225877,0.1807566799813793,0.1465364947358618,0,1.1932644156987777,0.03193683882380993
3206,528500,191500,Inner,Barnet,0.0,0.195727366322893,0.0,0.0,0.0,0.0,0.0,0.150729946249055,2928.116961169751,0.288893248,1.41484979113884,0.0,0.0,0.0,2329.328837468983,0.0,6.891753180626821,1.4609603295909888,0.6213266992585474,0,7.87354078605699,-0.9817876054301697
3207,530500,191500,Inner,Enfield,0.0,0.0134775390183975,0.0,0.0,0.0,17.96460319,0.0,0.0,5232.079053372553,1.594805899,0.136835965561402,32.188383109,0.0,0.0,1339.893867744595,0.0,5.441820531738713,1.257585768283698,0.8000926460763964,0,8.262270673270212,-2.8204501415314986
3208,530500,191500,Inner,Haringey,0.0,0.0427995463987535,0.0,0.0,0.0,360.9552827,0.0,0.81395,9447.113343463176,2.841980668,0.434537014299793,65.56798308,0.0,0.0,2781.287816158472,0.0,12.863878392290092,2.475485458788263,1.4203101323807137,0,18.769067994924217,-5.905189602634126
3209,532500,191500,Inner,Enfield,0.0,0.0697874673529615,0.0,0.0,0.0,0.0,0.0,0.0,2817.441808473019,0.563795608,0.551089878210779,0.0,0.0,0.0,1089.8226863204518,0.0,5.033729307236128,0.9033471176130294,0.5123256407570596,0,5.009616272928071,0.024113034308057557
3210,532500,191500,Inner,Haringey,0.0,0.421637373748351,0.0,0.0,0.0,102.4466096,0.0,0.42975,5811.49199560826,1.385808075,3.32953638963762,0.0,0.0,0.0,4997.024970343726,0.0,14.51561951360584,3.075059794928729,1.7096057461644727,0,16.56782927255832,-2.052209758952481
3211,534500,191500,Inner,Haringey,0.0,0.181666865520414,0.0,0.0,0.0,109.2370577,0.0,0.68771,11393.207061883531,35.17708416,0.136624875216316,6.511402466,0.0,0.0,1600.600804478608,0.0,15.418097257440506,2.238353779016164,1.0517647599793587,0,16.57493224602495,-1.1568349885844444
3212,534500,191500,Inner,Enfield,0.0,0.0177374146928544,0.0,0.0,0.0,0.0,0.0,0.0,2631.6798851009794,10.99173961,0.0133397370852764,0.0,0.0,0.0,463.82198761508494,0.0,2.879740085385908,0.6779310968238865,0.514365547234444,0,3.659933931573761,-0.7801938461878528
3213,536500,191500,Inner,Enfield,0.0,0.0078196000640635,0.0,0.0,0.0,0.0,0.0,0.0,150.97143537759882,0.376177863,0.0020045206182145,0.0,0.0,0.0,2.008001552600017,0.0,0.2517860390443652,0.0325165258076886,0.0216229707852337,0,0.25181277947897485,-2.6740434609651142e-05
3214,536500,191500,Inner,Waltham Forest,0.0,1.1724936445047,0.0,0.0,0.0,0.0,0.0,0.117933375590637,1528.815815499969,6.068088505,0.396010513341356,0.0,0.0,0.0,2300.4921116320397,0.0,7.132635996667957,1.5667631152637422,0.7677977635567838,0,6.604574036982805,0.5280619596851519
3215,524500,189500,Inner,Barnet,0.0,0.0254092216285594,0.0,0.0,0.0,62.74717861,0.0,0.151381917322288,2766.541279813669,2.300573035,2.95075319390353,0.0,0.0,0.0,7527.133722241389,0.0,19.80930748345682,3.973877003302277,1.532901324083564,0,18.333920124753977,1.475387358702843
3216,526500,189500,Inner,Barnet,0.0,0.0,0.0,0.0,0.0,113.3746967,0.0,0.72144,12207.021201602553,40.44196891,10.2377284448579,0.0,0.0,0.0,2714.7510092106445,0.0,14.922583984999868,2.7975462071705386,2.010771582033083,0,16.800683313770552,-1.8780993287706842
3217,528500,189500,Inner,Haringey,0.0,0.41725135141383,0.0,0.0,0.0,408.3723912,0.0,0.78292,13772.82392103246,3.812777746,3.1772263290573,0.0,0.0,0.0,4122.755126942908,0.0,18.83016845331713,3.7904437780721008,2.434576174172149,0,24.80548807349623,-5.9753196201791035
3218,530500,189500,Inner,Haringey,0.0,0.834492999238425,0.0,0.0,0.0,686.1056544,0.0,0.46504,10112.604115590784,6.956195265,1.17673653124178,536.75851753,0.0,0.0,4559.314786542568,0.0,24.6044352064723,7.245185278996518,2.688673063202299,0,25.776676046920933,-1.1722408404486337
3219,532500,189500,Inner,Haringey,0.0,1.14744196281797,0.0,0.0,0.0,369.7147079,0.0,0.65419,12246.475731641834,6.935692847,1.52977591913651,0.0,0.0,0.0,4015.643050021604,0.0,16.662192297784834,3.632380008277994,2.199160406485273,0,23.133745902695857,-6.471553604911023
3220,534500,189500,Inner,Haringey,0.0,0.361547524191525,0.0,0.0,0.0,330.4161133,0.0,0.43102,7929.944490208442,84.49319764,0.203930864214869,73.56433472,0.0,14.41381,6863.335061973984,0.0,26.338152894247617,4.609002380423592,2.088520438366814,0,24.972280081423087,1.3658728128245308
3221,534500,189500,Inner,Waltham Forest,0.0,0.0019944608028997,0.0,0.0,0.0,0.0,0.0,0.0,185.54301756776252,6.27531086,0.0011249775136908,20.10748176,0.0,0.64918,87.07715298315107,0.0,0.736205254745163,0.0913081021589775,0.0496140600314855,0,0.6490144597525163,0.0871907949926467
3222,536500,189500,Inner,Waltham Forest,0.0,0.0,0.0,0.0,0.0,259.8420835,0.0,0.77264,15133.0161435578,5.791372084,0.117675328444377,118.0098776,0.0,0.0,3343.242349606223,0.0,16.831369277206104,3.686843346824056,2.5761540816021835,0,25.077506895163694,-8.24613761795759
3223,538500,189500,Inner,Waltham Forest,0.0,0.0,0.0,0.0,0.0,493.6815795,0.0,0.56043,10948.135006570492,15.68147785,2.58881953107182,3.289477876,0.0,0.0,3389.750530329336,0.0,16.6650918804668,6.068448933692809,2.491430190387391,0,20.316192341955265,-3.651100461488465
3224,540500,189500,Inner,Redbridge,0.0,0.0,44.6662339165507,0.0,0.0,98.07469971,0.0,0.48634,10107.821400611962,4.842418385,6.23677732967021,0.0,0.0,0.0,4420.4393027851775,0.0,15.67729069344628,3.758010749581418,2.2707947562372395,0,18.647440433188667,-2.9701497397423875
3225,522500,187500,Inner,Barnet,0.0,0.0,0.0,0.0,0.0,0.0,0.0,0.0630412984451486,363.4307407454265,3.349098386,0.284047189115785,699.25329434,0.0,0.0,2621.6812310998416,0.0,11.901610090984342,1.7830712236567647,0.7837388384802616,0,9.613652853195479,2.287957237788863
3226,522500,187500,Inner,Brent,0.0,0.0,0.0,0.0,0.0,88.29413139,0.0,0.0,522.2983058697388,1.188653701,0.0994461693580488,0.0,0.0,0.0,3980.7251231413848,0.0,10.121612729850812,3.852190951336912,0.8940503272315209,0,9.595906128765364,0.5257066010854476
3227,524500,187500,Inner,Barnet,0.0,0.104312837853458,0.0,0.0,0.0,532.6881034,0.0,0.81861,14455.166327000456,2.768331045,5.17770188665112,0.0,0.0,0.0,5138.063119084817,0.0,22.4564428310254,4.824535140997871,2.7858951472682345,0,27.65920504063685,-5.20276220961145
3228,526500,187500,Inner,Camden,0.0,0.256371813326034,0.0,0.0,0.0,0.0,0.0,0.0,1278.7239126463037,0.0,0.489436419563965,0.0,0.0,0.0,488.9886267864067,0.0,3.4082808141321,0.3548577423667602,0.2033107239009745,0,2.548228724480607,0.8600520896514929
3229,526500,187500,Inner,Haringey,0.0,0.0037784283623797,0.0,0.0,0.0,0.0,0.0,0.0,153.5239329638846,0.0,0.007213091117194,0.0,0.0,0.0,174.19986565500145,0.0,0.6546978732070182,0.1138259126022886,0.047327638879566,0,0.9358331948687706,-0.28113532166175237
3230,526500,187500,Inner,Barnet,0.0,1.16435084027609,0.0,0.0,0.0,150.4213186,0.0,0.12489,3355.9056465410126,0.0,2.2228475089002,0.0,0.0,0.0,1612.7993257129249,0.0,7.870913816565623,1.0936111897597938,0.557121062392073,0,7.381561589711491,0.48935222685413216
3231,528500,187500,Inner,Haringey,0.0,0.0404736707019587,0.0,0.0,0.0,223.6797375,0.0,0.77833,8545.22700400581,1.927680855,2.00897110632342,0.0,0.0,0.0,3090.697141124768,0.0,13.782719235767598,3.036514195159042,1.690323892934856,0,17.161564314049215,-3.3788450782816177
3232,528500,187500,Inner,Islington,0.0,9.852875223906e-05,0.0,0.0,0.0,0.0,0.0,0.0,458.0919645165093,0.095135097,0.0048927726414505,0.0,0.0,0.0,323.2969815138254,0.0,1.2870155502600693,0.1940442399796347,0.098934659541512,0,1.4822259735817749,-0.19521042332170557
3233,528500,187500,Inner,Camden,0.0,0.0125138979643018,0.0,0.0,0.0,64.20841427,0.0,0.0,2615.064922382202,1.07186555,0.62113166509445,0.0,0.0,0.0,1775.1436831247468,0.0,7.482613810737295,1.1844923617248126,0.6700228297721448,0,6.644224635735431,0.8383891750018639
3234,530500,187500,Inner,Haringey,0.0,0.0287203848477448,0.0,0.0,0.0,69.19380654,0.0,0.0,4150.541326112456,3.694031222,0.118796117657571,57.097068324,0.0,0.0,730.7864527226903,0.0,4.521892310746392,0.7600617810446904,0.5200920405081961,0,6.371429073309117,-1.8495367625627246
3235,530500,187500,Inner,Islington,0.0,0.152050018313282,0.0,0.0,0.0,321.6319595,0.0,0.82035,11647.671055698624,8.499646893,0.628932793601526,134.272017737,0.0,0.0,2751.4055259785405,0.0,16.03698180005942,2.9399609001287885,2.009457973707523,0,21.007669841456618,-4.970688041397199
3236,532500,187500,Inner,Haringey,0.0,0.0,0.0,0.0,0.0,57.50392122,0.0,0.0,829.7339941413577,0.693250985,0.00976879208091,0.0,0.0,0.0,240.5656747064405,0.0,1.2784275329078632,0.1873815218870144,0.1068216041210912,0,1.812651302993407,-0.5342237700855439
3237,532500,187500,Inner,Hackney,0.0,0.0,0.0,0.0,0.0,887.3655645,0.0,0.60906,11801.720396864044,6.112067089,0.759367360682194,0.0,0.0,0.0,5873.742831416652,0.0,25.92485414989142,4.994761429992336,1.8323095968068197,0,28.832437074660255,-2.9075829247688354
3238,534500,187500,Inner,Hackney,0.0,1.40042871636064,0.0,0.0,0.0,250.2151191,0.0,0.59954,12425.24010759515,1.199189416,1.08092831969606,0.0,0.0,6.36544,2446.5853388305536,0.0,13.902925740320152,2.2715372719282767,1.286835301598847,0,19.623084676420056,-5.720158936099905
3239,534500,187500,Inner,Waltham Forest,0.0,0.050360135273219,0.0,0.0,0.0,0.0,0.0,0.0,134.2719587950967,0.227404442,0.038870779259351,0.850973074,0.0,5.28585,0.0,0.0,0.3359374856167206,0.0519484495242963,0.0426329399669762,0,0.39118668925651967,-0.05524920363979907
3240,536500,187500,Inner,Waltham Forest,0.0,0.730189864974203,0.0,0.0,0.0,332.7448851,0.0,0.93747,10969.744628133269,217.2669,0.117675328444377,10.01748674,0.0,0.0,4577.494594163775,0.0,25.584934557163287,4.012517960801328,2.123977766908336,0,24.137509941301992,1.4474246158612942
3241,538500,187500,Inner,Waltham Forest,0.0,0.0,0.0,0.0,0.0,490.5830626,0.0,0.76771,15663.307587894622,18.64741872,0.70604191874507,147.071346,0.0,0.0,3942.1037721881057,0.0,20.30017954985878,4.964449111891883,2.69120168253355,0,27.76260189017107,-7.4624223403122905
3242,540500,187500,Inner,Waltham Forest,0.0,0.0001686931667123,0.0,0.0,0.0,0.0,0.0,0.0,100.83777984841204,0.0,0.0004020768477822,0.0,0.0,0.0,98.4419120645382,0.0,0.2850149340560018,0.0734774382066015,0.0294583378393469,0,0.3471880117931665,-0.062173077737164684
3243,540500,187500,Inner,Redbridge,0.0,1.84216894128553,44.6662339165507,0.0,0.0,31.3735893,0.0,0.21933,4064.06241280448,0.0,4.38719451176828,0.0,0.0,0.0,4944.98615897779,0.0,13.43483983614576,3.0397054353435022,1.3280391802474392,0,13.790796710325539,-0.3559568741797783
3244,542500,187500,Inner,Newham,0.0,0.0,0.0,0.0,0.0,0.0,0.0,0.0,0.0464044331391074,5.94e-06,0.0,0.0,0.0,0.0,0.0,0.0,0.0031778799809957,0.009198241241963,0.0015915689464066,0,-0.007385625454864098,0.010563505435859797
3245,542500,187500,Inner,Redbridge,0.0,0.074428022297433,0.0148389701531103,0.0,0.0,0.0,0.0,0.108948170926225,659.050093228979,0.295488745,0.942964863640674,0.0,0.0,0.0,0.0,0.0,0.5400846423894357,0.1301737460134203,0.120063018888125,0,0.5974494350754647,-0.05736479268602901
3246,520500,185500,Inner,Brent,0.0,0.0011741342975154,0.0,0.0,0.0,0.0,0.0,0.0255457039642853,383.9939590662566,8.028981398,0.0725832476256953,0.0,0.0,0.0,1572.975391324592,0.0,4.270171882768342,0.9640991856519746,0.3692073169197905,0,4.276901991841521,-0.006730109073179058
3247,522500,185500,Inner,Brent,0.0,3.6509000604949,0.0,0.0,0.0,102.6303168,0.0,0.41268,10218.264060199152,0.83169877,3.2948547485361,723.58387397,0.0,0.0,1301.1045062761686,0.0,12.03868718454082,1.842163667585036,1.3891671661048028,0,17.291670674352083,-5.252983489811264
3248,524500,185500,Inner,Brent,0.0,0.0140507972132429,0.0,0.0,0.0,4.985392273,0.0,0.0,1351.2196889337415,0.234304993,0.0326913607049973,0.0,0.0,0.0,1036.6219652756924,0.0,3.1260140894808965,1.137759036880663,0.7102631822663074,0,3.9646961568116854,-0.8386820673307889
3249,524500,185500,Inner,Barnet,0.0,0.185641604957331,0.0,0.0,0.0,31.3735893,0.0,0.0,3253.7985627996013,0.851670961,0.431932729050303,241.7164479,0.0,0.0,551.8446518738599,0.0,5.63458888803813,0.6252668188007849,0.4180909073973248,0,5.94309410956111,-0.30850522152297977
3250,524500,185500,Inner,Camden,0.0,0.551297479545248,0.0,0.0,0.0,429.7516017,0.0,0.65907,10017.312785944903,1.467665151,1.2827038844748,949.67242072,0.0,0.0,1081.8480299723672,0.0,18.73099610320477,2.088396703000009,1.564386656832291,0,19.930033528537166,-1.1990374253323957
3251,526500,185500,Inner,Camden,0.0,0.0,0.0,0.0,0.0,996.88399,0.0,1.29475,25453.020040017906,5.734035912,1.76510060856218,677.6497608,0.0,0.0,3725.829515227306,0.0,38.03302533455504,4.30746760992851,3.0843819545360627,1,42.70699180059538,-4.673966466040341
3252,528500,185500,Inner,Camden,0.0,0.625868816391392,0.0,0.0,0.0,1047.649239,0.0,1.25631,14389.06695836816,121.2381517,0.706040243424871,1216.952211,0.0,0.0,3168.2220617956723,0.0,36.23344718176367,5.153743798402534,3.1803642777051166,1,34.003849940851204,2.2295972409124687
3253,530500,185500,Inner,Islington,0.0,0.0,0.0,0.0,0.0,806.9213621,0.0,0.99215,19178.395550052992,12.52468419,0.0,347.67548991,0.0,0.0,7495.608031701914,0.0,38.38957871294544,6.182443884087471,2.889117976654199,1,41.77875001416789,-3.389171301222447
3254,532500,185500,Inner,Islington,0.0,0.0,0.0,0.0,0.0,168.5578318,0.0,1.00004,13759.037602768698,4.736935958,0.0658116033809623,184.1622362,0.0,0.0,2432.2709229076986,0.0,14.781599965889544,2.4560927819009124,1.6226740793327308,0,22.49517401114509,-7.713574045255545
3255,532500,185500,Inner,Hackney,0.0,0.0,0.0,0.0,0.0,196.6651297,0.0,0.0,5594.332072211772,1.597187594,0.0074819800091484,0.0,0.0,0.0,1486.8386909294732,0.0,6.855089517775067,1.3330504657305684,0.8153898805228725,0,9.616365941693745,-2.7612764239186784
3256,534500,185500,Inner,Hackney,0.0,1.35603778132724,0.0,0.0,0.0,891.318365,0.0,0.76174,15470.43268623831,19.76522175,0.588362402000195,9.124271057,0.0,0.0,6251.901437085465,0.0,25.35351554285921,4.3497815994026405,2.1367945396888066,0,33.764174229483515,-8.410658686624306
3257,536500,185500,Inner,Hackney,0.0,3.96383409547562,0.0,0.0,0.0,0.0,0.0,0.38685,8391.680444507565,15.66826265,0.470693774836614,0.0,0.0,7.96798,4917.965587226766,0.0,17.11830473956494,3.326050908306885,1.552702563542549,0,19.71196789961064,-2.5936631600457005
3258,538500,185500,Inner,Newham,0.0,0.0,0.0,0.0,0.0,612.0914941,0.0,0.0,5121.434332723245,0.401892686,0.0841094505954538,11.34785824,0.0,0.0,1273.4703595784174,0.0,10.97800370754926,1.5276897480233227,0.9760990685681258,0,10.408835219131392,0.5691684884178674
3259,538500,185500,Inner,Waltham Forest,0.0,0.0,44.6662339165507,0.0,0.0,102.4466096,0.0,0.46599,5750.37401321794,0.421458676,0.0924986164924109,12.37238348,0.0,0.0,4727.684944983751,0.0,13.83966219252546,3.427896675005081,1.6860264146062296,0,17.126727802024075,-3.2870656094986153
3260,540500,185500,Inner,Redbridge,0.0,0.0011823450268687,0.0240524538496023,0.0,0.0,0.0,0.0,0.0,58.408501173999575,0.252202889,0.0010001661588584,0.0,0.0,0.0,0.0,0.0,0.0739940419320632,0.0262068300437409,0.0182208779344375,0,0.1317284628950457,-0.057734420962982494
3261,540500,185500,Inner,Waltham Forest,0.0,0.0004306900760752,0.0,0.0,0.0,0.0,0.0,0.0,531.9274778534096,0.152179489,0.0003643821433026,19.21316626,0.0,0.0,59.37358545399921,0.0,0.4824233463935747,0.1779686424994417,0.1515660732007138,0,0.8005015320236044,-0.3180781856300297
3262,540500,185500,Inner,Newham,0.0,0.3490567655554,0.328164590398042,0.0,0.0,553.3796736,0.0,0.84762,14056.534242902546,4.333179367,0.295327120016277,349.193321,0.0,0.0,3933.266123534727,0.0,22.848201656317396,4.005607891930499,2.4892465690452226,0,27.726833763258405,-4.878632106941009
3263,542500,185500,Inner,Newham,0.0,0.521557471397817,0.0,0.0,0.0,176.1466008,0.0,0.72046,14185.01616720873,9.481992797,0.353020121712436,297.1706323,0.0,0.0,5147.865566863819,0.0,22.733993997100946,4.402928496769155,2.5467530889796963,0,28.105924840602803,-5.371930843501858
3264,518500,183500,Inner,Ealing,0.0,0.0,0.0,0.0,0.0,0.0,0.0,0.0,1129.5317330511048,27.30681274,0.026738110377521,0.0,0.0,0.0,604.05492090901,0.0,3.3020817776559848,0.4724947693315512,0.2277482886217033,0,3.059778405477619,0.24230337217836562
3265,520500,183500,Inner,Ealing,0.0,0.0004665187132531,0.0,0.0,0.0,0.0,0.0,0.0,471.14070415342,9.597224933,0.0042075666800215,0.0,0.0,1.98452,589.529158169812,0.0,2.3184772801138003,0.4205944292911894,0.1820803295026425,0,2.3474940517597425,-0.029016771645942185
3266,520500,183500,Inner,Brent,0.0,0.0908308202554128,0.0,0.0,0.0,284.8087744,0.0,0.68064,15057.431282382153,139.64752073636365,0.819727472135308,1104.3591249,0.0,5.48136,2333.474311410336,0.0,34.15203771052437,9.248740390328788,2.247876488308335,1,27.935408248538366,6.2166294619860025
3267,522500,183500,Inner,Brent,0.0,1.45973406804926,0.0,0.0,0.0,205.2287703,0.0,0.55936,11390.490998604131,1.159322442,2.58770544313943,204.0741577,0.0,0.0,3401.5989326219665,0.0,17.083548526189915,3.705557313853297,1.7305702388406194,0,21.110197893321583,-4.026649367131668
3268,522500,183500,Inner,Hammersmith and Fulham,0.0,0.0,0.0,0.0,0.0,0.0,0.0,0.0,4.381576531462898,0.000254509,0.0,0.0,0.0,0.0,49.10532895724915,0.0,0.1205235274200328,0.0383193652854506,0.0111571358470962,0,0.7014912432479683,-0.5809677158279355
3269,524500,183500,Inner,Brent,0.0,0.575518384707409,0.0,0.0,0.0,446.0874012,0.0,0.6714,12659.285230243562,5.296953458,1.94772056218449,659.017509,0.0,0.0,2732.030100470898,0.0,19.475756548843457,3.53171272373213,2.4602415918985763,0,24.446908735799695,-4.971152186956239
3270,524500,183500,Inner,City of Westminster,0.0,0.0010554519368638,0.0,0.0,0.0,43.40729479,0.0,0.0,1001.9445158460376,0.226876868,0.0035734579846649,0.0,0.0,0.0,668.8877593604136,0.0,2.524806027049325,0.7560404655706155,0.477868007426935,0,3.0749090696893475,-0.5501030426400226
3271,526500,183500,Inner,City of Westminster,0.0,0.0,0.0,0.0,0.0,770.5397378,0.0,1.2175,19956.05309189911,8.473586882,0.0,903.327712136,0.0,0.0,3574.0889297289773,0.0,36.10996028627591,4.247071093086459,2.5169664873096926,1,37.550637555570205,-1.440677269294298
3272,526500,183500,Inner,Camden,0.0,0.0,0.0,0.0,0.0,164.9477202,0.0,0.0,4253.5213270213,2.063858516,0.0,272.03014617,0.0,0.0,1105.7308780427234,0.0,9.118859215256068,0.7993386346936847,0.4140574712137858,0,8.863726507248273,0.2551327080077943
3273,528500,183500,Inner,City of Westminster,0.0,0.0903053335768045,0.0,0.0,0.0,0.0,0.0,0.0,3250.6245677086567,3.64142965,0.0750643968405518,0.0,0.0,1.62069,625.8453637937383,0.0,7.212003431370324,0.6021020132027891,0.3817446524513004,0,4.8636088804165745,2.348394550953749
3274,528500,183500,Inner,Camden,0.0,1.22612239649045,0.0,0.0,0.0,1533.393682,0.0,0.93958,16201.820634855958,13.41779344,1.019188582059,419.868684543,0.0,3.36019,6772.797386846761,0.0,40.16848053511854,6.094916695306344,4.195193403122646,1,40.76356003451924,-0.5950794994006969
3275,530500,183500,Inner,Camden,0.0,0.0,0.0,0.0,0.0,638.3112197,0.0,0.0,13917.073495069062,7.526582143,0.0,327.51009870800004,0.0,2.67997,1656.0744756055285,0.0,28.78187125553882,54.30053317010058,7.138369643030153,1,21.58247898221272,7.199392273326101
3276,532500,183500,Inner,Hackney,0.0,0.0626045720287458,0.0,0.0,0.0,330.8865227,0.0,0.77387,10199.891870213782,17.60842779,0.0706239606528563,3.305479151,0.0,5.08902,2145.4889114513626,0.0,15.829373935483837,2.074487498084256,1.1570069650459427,0,17.908694534374163,-2.0793205988903267
3277,532500,183500,Inner,Islington,0.0,0.0426614568596306,0.0,0.0,0.0,174.3651425,0.0,0.0,8190.189166925596,14.53567561,0.0481260856992392,2.323030149,0.0,3.24732,1840.151557036944,0.0,10.445302886417345,1.9239200206270612,1.1678799991423536,0,12.827233943540696,-2.381931057123351
3278,534500,183500,Inner,Tower Hamlets,0.0,0.0,0.0,0.0,0.0,507.4229985,0.0,0.89649,7017.982807800994,20.73442843,0.106449007790257,1.323255907,0.0,1.92188,3659.609367356296,0.0,16.20454050283478,3.240068147726069,1.601595545272588,0,18.90565561644639,-2.701115113611607
3279,534500,183500,Inner,Hackney,0.0,0.0,0.0,0.0,0.0,206.2802969,0.0,0.0,7829.59104404259,32.66486912,0.264192969436337,1.345774241,0.0,4.83337,3139.1771315501696,0.0,13.989306627857252,2.59598062687853,1.6616485518795585,0,15.196334104241632,-1.207027476384381
3280,536500,183500,Inner,Tower Hamlets,0.0,1.66876206949449,44.6662339165507,0.0,0.0,575.2358478,0.0,0.664,15432.054622838576,2.351083624,0.352973212746861,0.614939289,0.0,6.2308040913466405,3734.3952514114094,0.0,24.82595112151785,3.6581026050694687,2.1755095320741598,0,27.165450472380595,-2.339499350862745
3281,536500,183500,Inner,Hackney,0.0,0.0,0.0,0.0,0.0,0.0,0.0,0.0,0.9559839713383314,0.000167437,0.0,0.0,0.0,0.0,0.1384453978151265,0.0,0.0039621759597573,0.009316625728764,0.0016713679603683,0,0.2138163518148648,-0.20985417585510752
3282,538500,183500,Inner,Tower Hamlets,0.0,2.239289823615e-06,0.0,0.0,0.0,0.0,0.0,0.0,37.77571615919332,0.894599821,2.51298029863919e-06,0.0,0.0,0.27403,0.0,0.0,0.0928320083510245,0.0138768824644095,0.0060597475439572,0,0.19790959423012566,-0.10507758587910117
3283,538500,183500,Inner,Newham,0.0,0.103375321847304,0.449589730194172,0.0,0.0,1152.544396,0.0,0.8085,6721.463408921505,198.0057683,0.11661736373865,15.25397633,0.0,3.08966,4912.922353042677,0.0,29.01082185055794,7.39982085567997,2.610351453667825,1,23.99295114612947,5.017870704428468
3284,540500,183500,Inner,Newham,0.0,0.0,0.0,0.0,0.0,96.53713812,0.0,0.71125,14456.306101404813,7.745986748,0.588374966901688,3.610183689,0.0,0.0,4369.692606403754,0.0,20.42677938906445,3.854094493475679,2.397576978571014,0,24.971801058196075,-4.545021669131625
3285,542500,183500,Inner,Newham,0.0,0.521564189267288,0.0,0.0,0.0,667.4778224,0.0,0.79792,15165.863935112038,2.180344991,0.588374966901688,0.0,0.0,0.00155883313138,5729.224010608387,0.0,25.485304125133474,4.913392576851844,2.973782098942974,0,31.147015824817075,-5.6617116996836
3286,518500,181500,Inner,Ealing,0.0,0.169620232699307,0.0,0.0,0.0,31.3735893,0.0,0.150955220574896,4672.8166391286695,0.702252314,3.07553523063246,0.0,0.0,0.0,1769.3429151077992,0.0,8.295228538582428,1.425510717906199,0.8212549923062304,0,8.435430154083303,-0.1402016155008745
3287,520500,181500,Inner,Ealing,0.0,0.834503449257602,0.0,0.0,0.0,604.369341,0.0,0.44528,10882.329467615837,15.30820101,0.823725623790443,470.3859516,0.0,0.0,13507.55467963068,0.0,47.84230554979868,10.338330431317727,4.723184974202667,1,44.72647923305636,3.1158263167423215
3288,522500,181500,Inner,Hammersmith and Fulham,0.0,5.00701845625579,0.0,0.0,0.0,0.0,0.0,0.13174,8961.91709454267,0.0,0.353025147673033,115.0558023,0.0,0.0,3949.420042471501,0.0,22.747368145760596,2.751512723136013,1.2262764552051464,0,18.711899206412614,4.035468939347982
3289,524500,181500,Inner,City of Westminster,0.0,0.0,0.0,0.0,0.0,45.64212581,0.0,0.0,2405.19744692404,5.512022946,0.0011811007403604,10.933815531,0.0,1.19454,1208.5555251355058,0.0,5.584357680194128,0.911144213062738,0.44993160420641,0,5.646497289580707,-0.0621396093865787
3290,524500,181500,Inner,Kensington and Chelsea,0.0,0.0,0.0,0.0,0.0,273.0673624,0.0,3.59051,21439.561148482488,49.51492241,0.0952804856830045,96.466260011,0.0,0.63723,8957.755031839972,0.0,36.78405745096165,8.271229710214072,4.909606328252779,1,49.748991703565494,-12.964934252603847
3291,526500,181500,Inner,City of Westminster,0.0,0.0,0.0,0.0,0.0,2033.738831,0.0,2.19927,35471.94496097027,160.5102316,0.47070047611741,90.290516587,0.0,9.6669,14389.787355446604,0.0,93.03310482537314,25.51319502346556,9.917805469639228,1,78.96496651558896,14.068138309784189
3292,534500,181500,Inner,Tower Hamlets,0.0,0.0,44.6662339165507,0.0,0.0,2612.819043,0.0,1.76657,28874.615889623063,110.2157136,0.0,0.100720345,0.0,0.010744262694,7564.333232757419,0.0,59.76029593847984,8.55776071851405,4.9372390434923865,1,59.59307800942237,0.1672179290574718
3293,536500,181500,Inner,Tower Hamlets,0.0,0.208625675706915,0.0,0.0,0.0,1181.907093,0.0,0.58249,13469.257001734351,16.1278528,0.47070047611741,1.199545869,0.0,5.3383169312556005,9129.026727939285,0.0,39.037056359174784,7.392264361875675,3.3965750926183405,1,38.53013287442833,0.5069234847464514
3294,538500,181500,Inner,Tower Hamlets,0.0,0.0,0.0,0.0,0.0,804.9107586,0.0,0.34542,10972.592092452964,219.053882,0.0769859891089112,0.0,0.0,0.72278663878752,14035.072321129232,0.0,51.10178988134998,9.557041993339965,3.386120382726225,1,44.21871343926487,6.8830764420851125
3295,538500,181500,Inner,Newham,0.0,0.0,0.0,0.0,0.0,0.0,0.0,0.0,819.0804447789092,4.503481624,0.0042997092909716,0.0,0.0,0.24169380479882,61.50630577628025,0.0,1.7102162223443405,1.3512133827701118,1.3203752249482237,0,1.1084719469694413,0.6017442753748992
3296,540500,181500,Inner,Newham,0.0,0.312938513560373,0.0,0.0,0.0,78.21908566,0.0,0.53347,15161.150959974711,0.566247964,0.235349819228655,0.0,0.0,0.0,8696.117304130124,0.0,33.55578187998775,6.217083161572743,2.6550392100546216,1,34.21120590992859,-0.6554240299408391
3297,542500,181500,Inner,Newham,0.0,1.35606763852489,0.0,0.0,0.0,0.0,0.0,0.3551,8340.985051569478,2.535812562,0.47070047611741,0.0,0.0,0.00148850983222,1231.3144545875873,0.0,12.52778405619489,1.1511175427612592,0.6830936834225659,0,11.499722181856631,1.028061874338258
3298,519500,179500,Inner,Ealing,0.0,0.379952247251816,0.0,0.0,0.0,528.1199055,0.0,0.0,9000.396979131188,15.53369076,0.489768132963385,4.804199198,0.0,0.0,2618.915709760377,0.0,16.763956221470483,5.494037939302398,1.515370984940127,0,17.059302801632494,-0.2953465801620112
3299,519500,179500,Inner,Hounslow,0.0,0.0394383723735074,0.0,0.0,0.0,0.0,0.0,0.497849525474057,2810.28309446925,7.131487972,0.0724425207289715,0.602248979,0.0,0.0,1150.1421028296509,0.0,5.348460494760763,0.8769755769275052,0.4950717041228186,0,6.966749579277726,-1.618289084516963
3300,521500,179500,Inner,Hammersmith and Fulham,0.0,0.0,0.0,0.0,0.0,114.4061572,0.0,0.92561,7826.62002668383,6.301504134,0.111028495554477,0.0,0.0,0.0,1636.574692283687,0.0,8.726331962283822,1.477951565733337,0.9230031347881742,0,14.2338521055223,-5.507520143238478
3301,521500,179500,Inner,Ealing,0.0,0.0,0.0,0.0,0.0,513.5201297,0.0,0.0,6461.569489751359,5.115932606,0.0731804992766719,0.0,0.0,0.0,781.8549417509996,0.0,7.648534243552756,1.0434992797569065,0.7446288349622129,0,10.761977034140013,-3.113442790587257
3302,521500,179500,Inner,Hounslow,0.0,0.0,0.0,0.0,0.0,0.0,0.0,0.0,2469.564937292515,1.557274122,0.006780858505828,0.0,0.0,0.0,165.9238945453548,0.0,1.837277776396517,0.2552890707465868,0.1952970102302436,0,3.4034416240609726,-1.5661638476644557
3303,523500,179500,Inner,Hammersmith and Fulham,0.0,0.0,0.0,0.0,0.0,289.9876907,0.0,1.28606,23328.937448784614,10.3853701,0.108614359147584,61.9496949,0.0,0.0,9334.156968658015,0.0,37.33241427356124,9.958045624538968,5.102042339070636,1,46.88858504871306,-9.55617077515182
3304,523500,179500,Inner,Kensington and Chelsea,0.0,0.0,0.0,0.0,0.0,23.63763578,0.0,0.0,1057.1234706723203,0.424421107,0.0001817722416015,3.637245458,0.0,0.0,3030.3153741581805,0.0,7.224986402868164,1.2159923864496012,0.5501445533202668,0,8.002892923753171,-0.7779065208850069
3305,525500,179500,Inner,Kensington and Chelsea,0.0,0.312938513560373,0.0,0.0,0.0,711.5465748,0.0,2.3051,34427.371387583975,21.41981265,0.47070047611741,0.0,0.0,0.0,6360.297233691037,0.0,47.52907154088735,6.9109193067629535,4.877678034635951,1,55.29681923691062,-7.767747696023271
3306,527500,179500,Inner,Kensington and Chelsea,0.0,0.0921325940728744,0.0,0.0,0.0,1029.384194,0.0,0.0,18273.26784724824,11.02756418,0.129918568459348,0.0,0.0,0.0,7832.918930696142,0.0,41.229528478654686,6.60437875967441,3.393681004833429,1,38.77368325666938,2.4558452219853066
3307,527500,179500,Inner,City of Westminster,0.0,0.117246229444717,0.0,0.0,0.0,698.6418929,0.0,2.04513,15785.477688146584,12.44004372,0.165331486827771,0.0,0.0,0.0,4702.013228161833,0.0,35.427996056543066,4.612510927058347,2.814683100387468,1,33.23943649833734,2.188559558205725
3308,535500,179500,Inner,Southwark,0.0,0.103623136587784,44.6662339165507,0.0,0.0,381.9291993,0.0,0.45972,8599.144444084526,31.66929854,0.233793446763698,0.169299159,0.0,0.56629260449986,5503.927460755761,0.0,22.19334469356423,17.762364516755767,3.2367066524103763,0,22.801732492693354,-0.6083877991291224
3309,535500,179500,Inner,Tower Hamlets,0.0,1.49285988241e-06,0.0,0.0,0.0,0.0,0.0,0.0,8.854738846370848,0.105217613,2.51298029863919e-06,0.0,0.0,0.16244,0.0,0.0,0.0104187497095545,0.0097932064129609,0.0021825066189099,0,0.3059068871406314,-0.29548813743107694
3310,537500,179500,Inner,Tower Hamlets,0.0,0.0,44.6662339165507,0.0,0.0,2235.455366,0.0,0.96317,22173.55931520919,19.04477803,0.235349819228655,0.0,0.0,304.1474644044846,1802.2161415313412,0.0,44.9966449292397,7.153282198677165,2.4526567070274576,1,40.50029152777561,4.496353401464091
3311,539500,179500,Inner,Greenwich,0.0,0.197780048661206,0.0,0.0,0.0,545.403724,0.0,0.145,5857.833952242526,1.03272917,0.0,0.0,0.0,187.4893854606962,8165.05066310787,0.0,32.18285728874768,16.176505279398814,4.816988859516499,1,27.245331959648823,4.937525329098854
3312,539500,179500,Inner,Newham,0.0,0.0001448074085937,0.0,0.0,0.0,0.0,0.0,0.0,18.6260834080512,0.027935257,0.0,0.0,0.0,37.9187339150909,0.0,0.0,0.5860802592114704,0.0269105601811022,0.0184651597514254,0,0.5768660868314743,0.00921417237999611
3313,541500,179500,Inner,Greenwich,0.0,0.12017223481424,0.0,0.0,0.0,0.0,0.0,0.0,2319.276915855985,2690.962930851,0.0,0.0,0.0,72.72198808923997,182.6628212313807,0.0,17.055749703651358,1.5172075430561287,1.4485086790286383,0,6.335032197465488,10.72071750618587
3314,541500,179500,Inner,Newham,0.0,0.141023008791861,0.0,0.0,0.0,25.26080784,0.0,0.13315,1204.896002342414,6.459555018,0.0,0.0,0.0,735.8210652009641,16.057681287080396,0.0,13.019209711509918,1.0094491865008466,0.4890077164750763,0,9.005656147404586,4.013553564105331
3315,543500,179500,Inner,Greenwich,0.0,0.0010838162746296,0.0,0.0,0.0,0.0,0.0,0.0247485035800239,561.9348093270542,0.598832274,0.0066728003529866,0.0,0.0,72.52678732630723,406.8241482387117,0.0,2.734993049189493,0.2554538365213097,0.1282203900754646,0,2.225506436023405,0.509486613166088
3316,543500,179500,Inner,Newham,0.0,0.0023967865412092,0.0,0.0,0.0,0.0,0.0,0.0,957.678546188922,0.477433143,0.0079125373003152,0.0,0.0,316.15001001353795,720.2904527557444,0.0,7.958936762600011,0.5873942163876451,0.3221169724880722,0,5.589615912769919,2.3693208498300917
3317,519500,177500,Inner,Richmond,0.0,0.0,0.0,0.0,0.0,26.21628695,0.0,0.364033138920729,3325.703928660501,1.825944353,0.190138790675838,0.510412839,0.0,2.57498339328448,1970.853069283872,0.0,6.848463942249017,1.4383647970019475,0.7321283546502938,0,8.9622104210971,-2.113746478848082
3318,519500,177500,Inner,Hounslow,0.0,0.0,0.0,0.0,0.0,0.0,0.0,0.0,5523.225110378321,1.844372094,0.237714533689675,34.665194105999994,0.0,3.33912,877.5997525192287,0.0,4.968797419679255,1.1479947798628345,0.888413956099984,0,8.020598527556343,-3.051801107877088
3319,521500,177500,Inner,Richmond,0.0,0.0480947204016618,0.0,0.0,0.0,31.3735893,0.0,0.0,1482.7820226880897,13.68779639,0.206170767321056,0.0,0.0,2.79319,188.49116612973685,0.0,1.9802243420683896,0.3260254240788815,0.2399733556684758,0,2.6469503004794213,-0.6667259584110317
3320,521500,177500,Inner,Hounslow,0.0,0.252891956940136,0.0,0.0,0.0,0.0,0.0,0.3631,5132.430557003557,31.38720526,1.08409048657185,0.0,0.0,2.86316,9494.10856815932,0.0,25.192136567676044,4.991921135892443,2.114698612232012,0,25.80042854259134,-0.6082919749152964
3321,523500,177500,Inner,Hammersmith and Fulham,0.0,0.0599741529159393,0.0,0.0,0.0,771.1314494,0.0,0.9607,16977.378190422198,3.006078103,0.744219953102096,0.0,0.0,2.12578,3960.757117572848,0.0,25.677450483215,3.209783992303358,1.8580602801216184,0,30.614173538788037,-4.936723055573037
3322,523500,177500,Inner,Richmond,0.0,0.0060960933298212,0.0,0.0,0.0,0.0,0.0,0.0,1316.0615332375658,0.958376834,0.0756432199693383,0.0,0.0,3.22574,80.6723723886462,0.0,1.0867444277053695,0.0971857276870214,0.0661086624793957,0,2.0981547620326655,-1.011410334327296
3323,525500,177500,Inner,Kensington and Chelsea,0.0,0.0,0.0,0.0,0.0,0.0,0.0,0.0,7399.884775897228,2.471115532,0.06947217801598,8.748155431,0.0,0.0,1438.2324817566332,0.0,10.6890205393936,1.0706915861162989,0.6122653716943163,0,10.720448667487968,-0.0314281280943689
3324,525500,177500,Inner,Hammersmith and Fulham,0.0,0.0,2217.98537461489,0.0,0.0,789.6550922,0.0,1.0268,17510.645702898684,8.195394075,0.764126945367817,145.9545781,0.0,0.0,4721.389055139403,0.0,34.58264707657193,19.66549126852941,5.092590406726946,1,41.01100732807858,-6.428360251506646
3325,527500,177500,Inner,Wandsworth,0.0,0.21686700868776,0.0,0.0,0.0,621.6903355,0.0,0.53028,3080.4846665049304,5.318021559,0.174747624006772,0.0,0.0,2.79327,2374.430422669889,0.0,9.870265803998263,2.7150009255503376,1.2792161077207225,0,12.373384615432208,-2.5031188114339447
3326,527500,177500,Inner,Kensington and Chelsea,0.0,0.15117520242219,0.0,0.0,0.0,370.2385467,0.0,0.0,13663.731049266164,4.440101993,0.121814206996236,0.0,0.0,10.62145025317628,4450.324873330948,0.0,24.16793143929982,3.428103661971217,1.9707211659387456,0,24.602799043500163,-0.4348676042003419
3327,529500,177500,Inner,Wandsworth,0.0,0.0,0.0,0.0,0.0,3231.734083,0.0,0.25282,6393.018089327466,6.626038507,0.0,119.75500656,0.0,8.91291252772957,2338.377141223485,0.0,23.30934585348809,7.021431083717965,2.633047020859083,0,26.907479079122943,-3.5981332256348537
3328,529500,177500,Inner,Lambeth,0.0,0.0,0.0,0.0,0.0,0.0,0.0,0.0,1386.6473205175955,0.610680999,0.0,0.0,0.0,0.03987,274.15356841670985,0.0,1.8091756166447297,0.2283935129614724,0.106270356655475,0,2.391312931484334,-0.5821373148396045
3329,529500,177500,Inner,City of Westminster,0.0,0.0,0.0,0.0,0.0,101.120799,0.0,0.0,2833.9742517684563,1.68039912,0.0,0.0,0.0,88.4269950866576,1847.288277136844,0.0,10.392089502595596,1.2715281166755663,0.5590834258849242,0,8.340108348760022,2.0519811538355732
3330,531500,177500,Inner,Southwark,0.0,0.0,0.0,0.0,0.0,40.26925483,0.0,0.0,6302.836265620945,1.60269296,0.126394532420556,0.0,0.0,0.0,1944.6235356225247,0.0,10.972383024083012,1.5634185221299155,0.9709377102101984,0,10.657016321790579,0.31536670229243313
3331,531500,177500,Inner,Lambeth,0.0,0.0,0.0,0.0,0.0,256.7475522,0.0,0.48854,10104.40865701159,3.287487311,0.531810293359619,0.0,0.0,0.0,6817.201033348162,0.0,23.215155122850305,5.088154251944348,2.1696565770875025,0,26.32007547659947,-3.104920353749165
3332,533500,177500,Inner,Southwark,0.0,1.35604823134642,0.0,0.0,0.0,73.47131093,0.0,0.64245,16470.839461111795,4.024623227,1.29440767138566,0.0,0.0,0.0,3458.433938429048,0.0,24.747858479743496,2.502070963506071,1.4116401632901203,0,24.968804856788587,-0.22094637704509168
3333,535500,177500,Inner,Southwark,0.0,0.0,0.0,0.0,0.0,31.3735893,0.0,0.0,2244.314280654625,5.548965337,0.0,4.298578021,0.0,0.0,1443.8573331368052,0.0,5.380993160114586,1.124018320335655,0.5926367099569567,0,5.62483173844376,-0.2438385783291741
3334,535500,177500,Inner,Lewisham,0.0,0.0,0.0,0.0,0.0,163.8688211,0.0,0.38202,7721.143735468829,361678.82281133,0.0,134.681296391,0.0,0.0,2696.709264789471,0.0,579.4077343533571,6.000317969353598,4.818827242546689,1,400.0841708010413,179.32356355231582
3335,537500,177500,Inner,Lewisham,0.0,0.0,0.0,0.0,0.0,154.8799351,0.0,0.44065,4537.830964945392,8.575263877,0.0238775011375701,0.27736313,0.0,0.0,2467.6425619014776,0.0,9.76594035827847,2.130917835339889,1.2665406265983457,0,11.437689710368513,-1.6717493520900426
3336,537500,177500,Inner,Greenwich,0.0,0.0,0.0,0.0,0.0,586.6849098,0.0,0.0,7454.342450460847,10.46143978,0.0355368920631564,0.140081513,0.0,19.0027675001841,2918.317411315108,0.0,16.556479099343356,6.274433407851891,2.593543405356103,0,16.233057913662773,0.32342118568058353
3337,539500,177500,Inner,Greenwich,0.0,2.08622839273139,44.6662339165507,0.0,0.0,155.910644,0.0,0.32827,9850.018169457237,0.757787475,2.70648815823541,0.336524068,0.0,0.0,1927.686362232458,0.0,13.36957662381213,1.8163660279142924,1.185928081370551,0,14.686281707185174,-1.3167050833730443
3338,541500,177500,Inner,Greenwich,0.0,1.35603778132724,44.6662339165507,0.0,0.0,110.734816,0.0,0.33822,8570.02962614346,1.986450116,3.17715596560893,0.0,0.0,0.0,4417.138007414274,0.0,16.545323815653962,3.8258162812628314,2.01480624150663,0,18.11382802234187,-1.5685042066879085
3339,543500,177500,Inner,Greenwich,0.0,0.0075859674924664,0.0,0.0,0.0,0.0,0.0,0.0347974251129346,437.982724729342,0.141451879,0.301053364456776,0.0,0.0,0.0003907188911706,338.01677042273934,0.0,1.516361426764666,0.2037694177493757,0.0910861611617691,0,1.210941710802464,0.30541971596220185
3340,520500,175500,Inner,Richmond,0.0,0.116806582209347,2852.3139710225,0.0,0.0,164.7497733,0.0,0.385166158604791,8137.463197775028,2.335948803,0.503251947585783,17.150478781,0.0,0.0,3680.693496382075,0.0,22.720147174990167,3.883971319692901,2.26943011347698,0,27.374883423314515,-4.6547362483243475
3341,522500,175500,Inner,Wandsworth,0.0,0.0147808056957414,458.691907221458,0.0,0.0,62.74717861,0.0,0.0,974.5648729628142,1.158508193,0.169241684172454,12.439761929,0.0,0.0,333.4763620551587,0.0,2.835847941145321,0.3142080519953272,0.1673025820934092,0,4.16566625763172,-1.3298183164863993
3342,522500,175500,Inner,Richmond,0.0,0.211986849732161,1897.07861559483,0.0,0.0,26.21628695,0.0,0.31689,1916.623862695964,0.95098217,0.526112529362504,51.869339453,0.0,0.0,2595.058544959586,0.0,12.465964705341507,1.481817721230673,0.5758319206990736,0,15.256377339955513,-2.7904126346140057
3343,524500,175500,Inner,Hammersmith and Fulham,0.0,0.0298042011223745,969.529642205229,0.0,0.0,0.0,0.0,0.0,2605.7507286747887,0.794346249,0.134488004302373,0.0,0.0,3.96977820927234,1682.992198193631,0.0,8.036687345706438,1.0216432176776962,0.4626773633582625,0,9.903629636353132,-1.8669422906466941
3344,524500,175500,Inner,Wandsworth,0.0,0.0803307902724821,1386.24088061106,0.0,0.0,671.6693907,0.0,0.478906506270135,7609.81513496293,1.307276085,0.363366061601933,20.980209805,0.0,2.345407918580932,4777.839507687735,0.0,20.639216182791312,3.815035308247267,2.0298426495940816,0,26.592375533248887,-5.953159350457575
3345,526500,175500,Inner,Wandsworth,0.0,0.0,0.0,0.0,0.0,1339.420898,0.0,0.4793,13735.481860176937,20.63854709,0.0943892153370872,66.399844007,0.0,0.99502,8589.946504213713,0.0,33.11422836411856,6.467653502976108,3.663768517327955,1,38.84591589861129,-5.731687534492728
3346,526500,175500,Inner,Hammersmith and Fulham,0.0,0.0,0.0,0.0,0.0,97.67512366,0.0,0.0,790.2418112031327,2.405501038,0.0012824576124055,0.0,0.0,4.25232219520631,136.43584098799715,0.0,1.5863021170018974,0.1541051085600535,0.0775336898708636,0,2.1142551687258333,-0.5279530517239359
3347,528500,175500,Inner,Wandsworth,0.0,0.547171961260208,0.0,0.0,0.0,898.133217,0.0,0.540245586568595,9638.14362429872,1.315267122,0.114831472406417,0.0,0.0,0.0,3002.5170497858617,0.0,13.680286740853177,3.6545973184487295,2.4385582610386414,0,21.25715859899433,-7.576871858141153
3348,528500,175500,Inner,Lambeth,0.0,0.304553866030817,0.0,0.0,0.0,197.4269279,0.0,0.0,5960.610278745424,0.9308204,0.0606290003450687,0.0,0.0,0.0,2409.489143485328,0.0,9.28314128568048,1.903560155761756,0.9959468822209236,0,12.138698190535424,-2.855556904854943
3349,530500,175500,Inner,Lambeth,0.0,0.0,0.0,0.0,0.0,1026.2343,0.0,0.92932,23081.12615188982,7.715186459,0.117673653124178,347.3886883,0.0,0.0,5897.047476069924,0.0,34.922570343930545,5.823519235880284,3.3287661942411613,1,43.167342356936715,-8.24477201300617
3350,532500,175500,Inner,Lambeth,0.0,0.416293681799264,0.0,0.0,0.0,132.2848053,0.0,0.46231,9160.362858741846,2.139480404,1.14795871852187,127.7263014,0.0,0.0,1846.2555669822063,0.0,12.565378673088755,1.674065047835779,1.0786564875681155,0,15.021017830492545,-2.4556391574037892
3351,532500,175500,Inner,Southwark,0.0,0.10479129944577,0.0,0.0,0.0,0.0,0.0,0.0,4043.126511710088,1.073424072,0.288970117520819,0.0,0.0,0.0,906.215038842052,0.0,4.604272030450163,0.8030372828575992,0.458573257455851,0,6.123425557133221,-1.5191535266830574
3352,534500,175500,Inner,Southwark,0.0,1.56467465348327,0.0,0.0,0.0,312.6328155,0.0,0.52758,14925.275438244424,11.6342741,0.470694612496713,0.0,0.0,0.0,5050.9626856619,0.0,21.803691291222425,4.2875941630110646,2.496674591760472,0,27.827107649319434,-6.023416358097009
3353,536500,175500,Inner,Lewisham,0.0,0.104312837853458,0.0,0.0,0.0,342.8016247,0.0,0.48717,12437.764700876902,1.068114374,1.17675077146348,346.68367290000003,0.0,0.0,4215.742373456565,0.0,17.656141731321323,4.317653075615559,2.160990755897856,0,24.909838073245602,-7.253696341924279
3354,538500,175500,Inner,Lewisham,0.0,0.0,0.0,0.0,0.0,662.715362,0.0,0.55697,17324.193575683967,3.411573309,1.29441018436596,144.8970366,0.0,0.0,8191.676895173219,0.0,37.000508224709534,6.662281361091628,2.8214733603448767,1,38.33358047042905,-1.3330722457195137
3355,540500,175500,Inner,Greenwich,0.0,2.29488392563595,0.0,0.0,0.0,6.079268063,0.0,0.13923,5611.367195307994,0.0,6.23677732967021,11.90641293,0.0,0.0,2087.3271663936653,0.0,10.760615487314794,2.1852671255879974,1.0286811390505308,0,8.651274557563388,2.109340929751406
3356,542500,175500,Inner,Greenwich,0.0,0.0755484136391817,0.0,0.0,0.0,0.0,0.0,0.123247900612438,2935.7733518226687,0.908042775,2.28949844770091,0.0,0.0,0.0,1375.3955579427309,0.0,5.022306967178221,1.172707360311081,0.7395681870098687,0,5.406392516099626,-0.384085548921405
3357,530500,173500,Inner,Lambeth,0.0,0.0,0.0,0.0,0.0,234.0714985,0.0,0.352500777324876,10221.084933269718,6.78223713,0.77303964882699,0.0,0.0,0.0,4469.691692250179,0.0,17.452053765406745,3.3543622806523548,1.760342111429665,0,21.195549444446264,-3.743495679039519
3358,532500,173500,Inner,Lambeth,0.0,0.618576942295761,0.0,0.0,0.0,0.0,0.0,0.0,4156.992893825855,0.139953,0.805067582733147,8.898333513,0.0,0.0,1693.784316631491,0.0,6.036388801286846,1.124418507577825,0.6106544305498439,0,7.820846372783806,-1.7844575714969597
3359,532500,173500,Inner,Southwark,0.0,0.854742897113375,0.0,0.0,0.0,49.68201265,0.0,0.239929911163462,2663.081406927792,0.169275167,1.14462985728627,10.567979697,0.0,0.0,1544.9030040047674,0.0,5.8357337822601885,1.0252399671212613,0.5558350442618886,0,6.779671478515028,-0.9439376962548396
3360,534500,173500,Inner,Southwark,0.0,0.344609535965701,0.0,0.0,0.0,86.29885934,0.0,0.22457494921796,5507.571104484352,0.322266755,2.42831715471794,0.0,0.0,0.0,3046.045413561828,0.0,10.169360541245648,1.9533642572889731,0.957248986185405,0,12.176227283051656,-2.0068667418060073
3361,534500,173500,Inner,Lewisham,0.0,0.104238941289278,0.0,0.0,0.0,45.55617077,0.0,0.0,1964.7705430626104,0.142212688,0.589359217518655,0.0,0.0,0.0,909.707961287124,0.0,3.144269084628202,0.576515727499605,0.3334217661239499,0,4.2033368406104294,-1.0590677559822272
3362,536500,173500,Inner,Lewisham,0.0,0.352735172305658,0.0,0.0,0.0,133.3162658,0.0,0.33576465331364,7480.670161212844,1.614078938,2.12648895466908,0.0,0.0,0.0,1555.1206452664956,0.0,7.721730507111559,1.6975659258668865,1.1462161737326222,0,11.519097953970068,-3.797367446858509
3363,538500,173500,Inner,Lewisham,0.0,0.0987183454441261,0.0,0.0,0.0,0.0,0.0,0.148296664714644,3211.064475201349,0.491048336,0.457901867456441,0.0,0.0,0.0,1750.6370857367424,0.0,5.615222309795676,1.2374801942190403,0.6085436458611815,0,7.213799547984421,-1.5985772381887449
3364,540500,173500,Inner,Lewisham,0.0,0.0014585241051145,0.0,0.0,0.0,0.0,0.0,0.0216646650116051,371.1288831159352,0.162692148,0.289831232103153,0.0,0.0,0.0,1896.2310916387664,0.0,4.62654558678015,0.9129648593381045,0.3381672129137182,0,4.463638521299114,0.16290706548103628
3365,529500,182500,Central,City of Westminster,0.0,0.0,0.0,0.0,0.0,0.0,0.0,0.0,299.1598238940433,0.147247355,4.18830049773199e-06,0.0,0.0,0.0,6.633882033115165,0.0,0.3759138741677048,0.0806881714350606,0.0709088775315543,0,0.7208131999739713,-0.34489932580626653
3366,531500,182500,Central,Camden,0.0,0.0,0.0,0.0,0.0,86.72626038,0.0,0.0,7763.820712029788,3.004149713,0.0,0.0,0.0,0.0,690.2987646562553,0.0,11.457743812807829,1.2669697852942907,0.7093478579973911,0,9.660574429754964,1.7971693830528643
3367,533500,182500,Central,Hackney,0.0,0.0,0.0,0.0,0.0,0.0,0.0,0.0,2.457035454404178,0.003412925,0.0,0.0,0.0,0.0,3.2282319730032687,0.0,0.0160528584965481,0.0102967295207643,0.0021343201941113,0,0.3177358485808206,-0.3016829900842725
3368,533500,182500,Central,City,0.0,0.0,0.0,0.0,0.0,0.0,0.0,0.0,630.5146855819148,0.556443045,0.0,0.291726636,0.0,0.0,155.91967715590025,0.0,1.3488900071088674,0.1070683484987181,0.0429467560811192,0,1.240043168514953,0.10884683859391431
3369,528500,180500,Inner,City of Westminster,0.0,0.0178456470343291,0.0,0.0,0.0,0.0,0.0,0.0,4418.855358988306,40.23742673,0.0161056907339786,0.0,0.0,0.0,6705.748494176913,0.0,25.69912846824382,3.621424782267292,1.3802717547307837,0,18.579642905034717,7.119485563209103
3370,528500,180500,Central,City of Westminster,0.0,0.346450232200712,0.0,0.0,0.0,7020.072437,0.0,1.87213,42778.03190216042,177.2881346,0.312663333436489,0.0,0.0,0.0,6396.728487361697,0.0,97.43802945346526,22.96233472731788,10.621754823112685,1,90.25057559655939,7.187453856905876
3371,530500,180500,Central,Lambeth,0.0,0.0,0.0,0.0,0.0,0.0,0.0,0.0,4861.441550785774,7.28448053,0.0,0.396411396,0.0,4.11652789731066,2822.557072854407,0.0,13.610682271278083,2.434118867332583,1.30969492403481,0,10.969646984173224,2.6410352871048595
3372,530500,180500,Central,Camden,0.0,0.0,0.0,0.0,0.0,0.0,0.0,0.0,115.14187782222464,0.063362526,0.0,0.0,0.0,0.0,24.268236141520603,0.0,0.1991262283284481,0.0222108346648989,0.0081071870320665,0,0.5798664760084655,-0.38074024768001746
3373,532500,180500,Central,City,0.0,0.0,88.2636792565877,0.0,0.0,599.7628829,0.0,0.0,18900.85912133393,19.47260248,0.0,0.115862654,0.0,2325.4823187513102,6759.202594813882,0.0,85.4784270631011,10.307500653478066,5.090123423116358,1,58.331036873449946,27.147390189651148
3374,530500,178500,Inner,City of Westminster,0.0,0.0,0.0,0.0,0.0,0.0,0.0,0.0,140.1260525537171,0.355017142,4.35583251764127e-05,0.0,0.0,61.693758097282405,606.6015028133995,0.0,2.7124644542786447,0.4080639441245139,0.1433885335410732,0,2.437203844889135,0.2752606093895098
3375,530500,178500,Central,City of Westminster,0.0,0.0,0.0,0.0,0.0,383.6774071,0.0,0.0,4626.539501334082,4.561597677,0.0072147664373931,0.0,0.0,1242.005730782506,2213.5129726329787,0.0,34.55817925429068,2.240443012176236,1.318988366581218,1,23.36530487282169,11.19287438146899
3376,532500,178500,Inner,Southwark,0.0,0.0,0.0,0.0,0.0,1622.799718,0.0,0.72066,20866.7592278359,9.311808924,0.11624795563475,3.101360006,0.0,0.0,7640.30280133426,0.0,41.6585799573641,8.19235799672285,3.192251477976753,1,45.050346078425,-3.391766121060904
3377,532500,178500,Central,Southwark,0.0,0.0,0.0,0.0,0.0,144.8213584,0.0,0.0,145.28974565871655,0.056959368,4.18830049773199e-06,0.0,0.0,0.0,10.41620554549125,0.0,0.6013489873091649,0.1031502125008391,0.0908037895533993,0,1.189529208106963,-0.5881802207977982
3378,532500,182500,Central,City,0.0,0.0,0.0,0.0,0.0,144.8213584,0.0,0.0,3008.293343988169,3.256113618,0.0001482658376197,0.0,0.0,0.0,143.87140498241789,0.0,4.301801943118271,0.2750794867729347,0.230306436468489,0,4.174746718825611,0.12705522429265947
3379,533500,180500,Inner,Tower Hamlets,0.0,0.0,105.285626173085,0.0,0.0,461.0035405,0.0,0.0,2300.813396484948,18.92665083,0.0,0.057150168,0.0,130.64178942610798,4354.055152067435,0.0,18.26750666758869,2.8663924152406057,1.4715384242130105,0,15.203273453282394,3.064233214306297
3380,533500,180500,Central,Tower Hamlets,0.0,0.0,185.48173483962,0.0,0.0,0.0,0.0,1.55343,1253.0000345034114,13.56932099,0.0,0.0,0.0,872.7293724096289,871.8439649723944,0.0,18.699583352531725,1.173253616409853,0.803730697471643,0,16.183488845451667,2.5160945070800587
3381,531500,178500,Inner,Lambeth,0.0,0.0,0.0,0.0,0.0,137.037058,0.0,0.68052,5318.845798421807,3.15178837,0.0223462584755992,0.0,0.0,0.0,3581.8727873544176,0.0,13.318752953170614,2.901422568204772,1.5203288668399249,0,15.10972467049885,-1.790971717328235
3382,531500,178500,Central,Lambeth,0.0,0.0,0.0,0.0,0.0,250.8983255,0.0,0.0,10093.892005213684,5.892177707,0.0780967264009097,0.0,0.0,0.0,1303.2614585308936,0.0,12.717202107328522,2.382713992152283,1.062996650780964,0,13.926148676133657,-1.2089465688051355
3383,531500,183500,Inner,Islington,0.0,0.0,0.0,0.0,0.0,1264.223168,0.0,1.41686,22312.13171970204,21.9018984,0.206296416335988,0.0,0.0,7.22391,9337.198806552664,0.0,43.10262823488432,11.398520209913237,6.670738183752693,1,49.98633945009614,-6.883711215211818
3384,531500,183500,Central,Islington,0.0,0.0,0.0,0.0,0.0,0.0,0.0,0.0,1947.8088933530228,1.491430657,0.0009566078336819,0.0,0.0,0.0,388.5117266508781,0.0,2.876353915472885,0.4406366248557249,0.3185265291960279,0,3.030194850721628,-0.1538409352487431
3385,531500,181500,Central,City of Westminster,0.0,0.0,0.0,0.0,0.0,399.7674226,0.0,0.0,1699.079594005892,7.451184565,0.0001390515765247,0.0,0.0,0.0,424.0196042515669,0.0,4.901156954252991,0.936329370868514,0.7759966012595888,0,4.653467086270888,0.24768986798210246
3386,530500,181500,Central,City,0.0,0.0,0.0,0.0,0.0,0.0,0.0,0.0,80.76222719963093,0.164958859,8.37660099546397e-07,0.0,0.0,0.0,41.38129419936932,0.0,0.2438931607471627,0.0428020808389302,0.0119992463487292,0,0.568108835094284,-0.3242156743471213
3387,532500,181500,Central,Hackney,0.0,0.0,0.0,0.0,0.0,144.8213584,0.0,0.0,98.15105883394274,0.804148581,0.0,0.0,0.0,0.0,10.236921580010048,0.0,0.580556648664953,0.0671101603722002,0.0456120191607786,0,1.102731928867616,-0.522175280202663
3388,529500,182500,Inner,Camden,0.0,0.0,0.0,0.0,0.0,12147.80898,0.0,1.73215,17163.0945319448,20.61530515,0.0831427908405772,86.723011434,0.0,0.0,13644.40297434363,0.0,85.97175378015852,19.08979851151189,6.532920986102993,1,102.85899962119302,-16.8872458410345
3389,529500,182500,Central,Camden,0.0,0.0,0.0,0.0,0.0,674.2845416,0.0,0.0,22454.998221099355,13.92169769,0.0379166844059677,0.0,0.0,0.0,3189.552005356427,0.0,38.836327308259605,6.454808560331791,3.147854937618064,1,31.616929730258676,7.21939757800093
3390,531500,182500,Inner,Islington,0.0,0.0,0.0,0.0,0.0,0.0,0.0,0.0,625.9446495162604,0.587342249,0.0,0.0,0.0,0.0,561.3179187819826,0.0,2.169950177381004,0.3326837880708587,0.1333176494552263,0,2.1235100288784885,0.046440148502515655
3391,531500,182500,Central,Islington,0.0,0.0,0.0,0.0,0.0,1051.333662,0.0,1.87148,50019.6819136703,42.81459668,0.0,1.135503269,0.0,0.0,6587.645641252759,0.0,78.06670312905588,8.810206335979414,5.112313342772,1,71.22521080060159,6.841492328454294
3392,533500,182500,Inner,Hackney,0.0,0.0,0.0,0.0,0.0,1379.560537,0.0,1.28516,10196.08424048817,19.78055521,0.0,0.429618164,0.0,0.0,6258.515549643398,0.0,29.256803711312934,9.383606333876031,4.864272547392776,1,32.109158358312676,-2.8523546469997427
3393,533500,182500,Central,Hackney,0.0,0.0,0.0,0.0,0.0,745.1570128,0.0,0.0,3215.891949054398,7.876621074,0.0,0.781463427,0.0,0.0,656.1560649884783,0.0,7.776518056585535,6.387816544401286,1.7396581171320853,0,8.04740240467946,-0.2708843480939249
3394,530500,180500,Central,City of Westminster,0.0,0.0,0.0,0.0,0.0,2168.957043,0.0,2.83931,32371.72059665885,22.83977045,0.0,0.200557671,0.0,1575.088024044624,13413.286023038443,0.0,109.94817094646456,29.924912557315903,15.421234404065943,1,90.92421294330416,19.023958003160402
3395,532500,180500,Central,Southwark,0.0,0.0,44.6662339165507,0.0,0.0,786.519953,0.0,1.83364,14186.155200180498,26.09002918,0.0,1.507007113,0.0,1103.7292489370525,4272.886884147598,0.0,49.316140364501024,8.205139283780575,4.475750392256882,1,41.615927685417695,7.700212679083329
3396,530500,178500,Inner,Lambeth,0.0,0.0,0.0,0.0,0.0,33.83098789,0.0,0.0,918.5902179460992,1.722394666,0.0010286466022429,5.261113203000001,0.0,13.821569571732509,3130.519136634541,0.0,9.023881818683394,1.8364251898716568,0.7021054437092354,0,8.086919737934672,0.9369620807487227
3397,530500,178500,Central,Lambeth,0.0,0.0,0.0,0.0,0.0,1560.520502,0.0,0.60991,10706.640541895238,11.78385642,0.0481436765613297,126.375752773,0.0,1.53186,3591.373912165868,0.0,25.15066998147446,2.9229073173112705,1.3486857622959434,0,27.049432204581617,-1.8987622231071555
3398,527500,180500,Inner,City of Westminster,0.0,3.44613939902354,0.0,0.0,0.0,18.22246831,0.0,0.36605,24909.89283672213,0.0,1.25774580180882,0.0,0.0,0.0,7693.613305952568,0.0,58.38292802988864,4.908066958937894,2.5711214235331514,1,41.31271609519506,17.07021193469358
3399,527500,180500,Central,City of Westminster,0.0,0.000721051323204,0.0,0.0,0.0,0.0,0.0,0.0,687.2674519712384,0.0,0.0002630252712575,0.0,0.0,0.0,39.94049721925315,0.0,0.9058585536643072,0.2254639370754256,0.200257318097509,0,1.2463601459753537,-0.3405015923110465
3400,531500,178500,Inner,Southwark,0.0,0.0,0.0,0.0,0.0,165.1937882,0.0,0.0,6647.014313050485,4.167270904,0.0390651164024458,0.0,0.0,0.0,2913.646156685085,0.0,12.85126431675772,2.157882392558252,1.068427604550378,0,13.548367648010116,-0.6971033312523964
3401,531500,178500,Central,Southwark,0.0,0.0,0.0,0.0,0.0,4.432692558,0.0,0.0,1815.0743929565435,1.254125119,0.0035382762604839,0.0,0.0,0.0,134.3431060180832,0.0,2.188239743697391,0.1558747310543212,0.111827959308612,0,2.4669327265025327,-0.27869298280514165
3402,533500,182500,Inner,Tower Hamlets,0.0,0.0,0.0,0.0,0.0,583.5621484,0.0,0.0,8781.530492850088,37.7867796781818,0.0,2.058562273,0.0,0.0,2176.73978331934,0.0,15.796855598531058,3.285019303027027,2.187300186265453,0,15.876053161309779,-0.07919756277872025
3403,533500,182500,Central,Tower Hamlets,0.0,0.0,0.0,0.0,0.0,85.68041184,0.0,0.0,466.6520077661373,0.82573128,0.0,0.0,0.0,0.0,16.34372413696077,0.0,0.8786863072281734,2.038830262175328,0.3054977781211435,0,1.1698702892220503,-0.29118398199387685
3404,528500,182500,Inner,City of Westminster,0.0,0.7381042616408,0.0,0.0,0.0,151.6811985,0.0,0.81027,11085.57015104044,4.271863434,0.756957412575799,0.0,0.0,0.0,7573.520188572244,0.0,36.73240835218374,4.035636303454036,1.8999568815356331,1,29.140949250088738,7.591459102095001
3405,528500,182500,Central,City of Westminster,0.0,0.0148323093616846,0.0,0.0,0.0,748.6640806,0.0,0.0,4300.04711319636,0.605568526,0.015211069747663,0.0,0.0,0.0,543.6924285158688,0.0,8.638692088464136,1.3327267336102826,0.6262842034595614,0,9.000125826041089,-0.3614337375769523
3406,530500,182500,Inner,Camden,0.0,0.0,0.0,0.0,0.0,227.7372353,0.0,0.0,4297.076064693152,18.74052103,0.0047101627397493,1.153358417,0.0,0.0,4670.308509882105,0.0,16.95704622049224,2.470842343030405,1.2513918366154342,0,15.174336657103321,1.78270956338892
3407,530500,182500,Central,Camden,0.0,0.0,0.0,0.0,0.0,1546.519829,0.0,2.12044,41819.31425791836,126.6206116,0.215023159253062,0.202577998,0.0,0.0,5490.450849011337,0.0,69.8782857048655,12.440373954126477,5.918823878243067,1,63.854101598341316,6.024184106524189
3408,532500,182500,Inner,Islington,0.0,0.0,0.0,0.0,0.0,144.8213584,0.0,0.0,1090.2601142262138,3.810187833,0.0002027137440902,0.597312362,0.0,0.0,2932.6932594939312,0.0,8.741412932004033,1.2527124521040875,0.5044032710630302,0,8.067263116253535,0.6741498157504981
3409,532500,182500,Central,Islington,0.0,0.0,0.0,0.0,0.0,2005.405584,0.0,1.78353,29309.199497197587,60.30835747,0.0507379098896248,2.123348157,0.0,0.0,3762.259516684576,0.0,51.884938463957646,11.06466964260059,4.033295787196144,1,49.38926554474135,2.4956729192162967
3410,529500,180500,Central,City of Westminster,0.0,0.0,0.0,0.0,0.0,3652.926975,0.0,3.81311,53526.66611662944,135.507424,0.470624249048352,0.0,0.0,0.0,12508.123512309174,0.0,120.88060571174287,42.01918372145767,26.88951411287725,1,102.77922173795162,18.101383973791258
3411,531500,180500,Central,Southwark,0.0,0.0,0.0,0.0,0.0,967.6379226,0.0,1.17023,8200.457277068223,7.530529151,0.0,2.671043178,0.0,55.54472800329712,2320.999268702251,0.0,20.12479491309684,4.445014798442137,1.9442669874726493,0,20.627881589132414,-0.5030866760355757
3412,531500,180500,Central,City of Westminster,0.0,0.0,0.0,0.0,0.0,0.0,0.0,0.0,1503.6576645128291,0.902264233,0.0,0.0,0.0,76.0370452959535,842.078688695927,0.0,5.784214231989283,0.4796478261508727,0.2706628909481516,0,4.324078804682859,1.4601354273064242
3413,533500,180500,Inner,City,0.0,0.0,0.0,0.0,0.0,0.0,0.0,0.0,1495.4480426008984,2.390309203,0.0,0.061619781,0.0,0.0,1008.1759849165272,0.0,4.69498391425762,0.5058701942674878,0.211683261877387,0,3.857561446999144,0.8374224672584765
3414,533500,180500,Central,City,0.0,0.0,177.834440701609,0.0,0.0,487.5430058,0.0,0.0,15028.380978098226,27.81981223,0.0,0.030860121,0.0,760.100849330578,3068.977233897784,0.0,46.05354239680244,6.240613054984381,4.107402579483233,1,31.399488900777285,14.654053496025156
3415,529500,178500,Inner,City of Westminster,0.0,0.0,0.0,0.0,0.0,567.3251264,0.0,1.52372,24123.63390884543,2.277170666,0.0,0.0,0.0,155.8142367243317,7027.195434369625,0.0,46.42283688885716,7.553892577684663,4.952819956978592,1,45.796991188898055,0.6258456999591075
3416,529500,178500,Central,City of Westminster,0.0,0.0,0.0,0.0,0.0,267.2082482,0.0,0.0,14468.057947028316,1.224891431,0.0,0.0,0.0,0.00355541325784,1191.400663104238,0.0,20.31262282841034,2.056255795431808,1.4767050961918389,0,18.062887281677177,2.249735546733163
3417,530500,179500,Central,Lambeth,0.0,0.0,0.0,0.0,0.0,755.7814316,0.0,0.88507,17248.109429584496,2.446465789,0.105367588601742,94.484287651,0.0,3.1733403625216,5311.727639026822,0.0,37.85849063603361,12.888300494084284,2.612977662929061,1,33.835795739422885,4.022694896610723
3418,533500,179500,Inner,Southwark,0.0,0.0,0.0,0.0,0.0,977.3278364,0.0,0.88981,18198.14759583149,20.9094916,0.151845159225074,129.81022192,0.0,0.02006331535208,6447.434252194403,0.0,38.206547819156775,6.414236229598531,2.670004826186333,1,38.13109827378984,0.07544954536693638
3419,533500,179500,Central,Southwark,0.0,0.0,0.0,0.0,0.0,791.5103258,0.0,0.0,13272.291842409422,10.97247731,0.0418143168491571,90.000160138,0.0,0.0,1168.9785283066617,0.0,20.14525911190521,1.84947914634848,1.4267356000085416,0,19.459503366153292,0.6857557457519192
3420,528500,182500,Inner,Camden,0.0,0.280852476107735,0.0,0.0,0.0,146.4142506,0.0,0.0,7068.046279348389,2.635098803,0.288026074588631,0.0,0.0,0.0,2870.9294953375365,0.0,15.189924300947874,1.6354990847153257,0.8488390483484407,0,13.763858665407295,1.4260656355405796
3421,528500,182500,Central,Camden,0.0,1.5675028765305e-05,0.0,0.0,0.0,0.0,0.0,0.0,182.2516381662638,0.019903659,1.67532019909279e-05,0.0,0.0,0.0,2.089960204342096,0.0,0.2287303957093683,0.0144014464596855,0.0061511085860086,0,0.6259045573343442,-0.397174161624976
3422,530500,182500,Inner,Islington,0.0,0.0,0.0,0.0,0.0,0.0,0.0,0.0,368.27219288026953,2.796005211,0.0001047075124433,0.0,0.0,0.0,610.4219193434096,0.0,1.973340057688686,0.3697884288891577,0.1890476158611535,0,2.0056360854729043,-0.03229602778421836
3423,530500,182500,Central,Islington,0.0,0.0,0.0,0.0,0.0,50.56039949,0.0,0.0,2769.726076109507,14.08346062,0.0026604084761593,0.380190474,0.0,0.0,177.7962079927939,0.0,3.624178432694361,0.2551770966207977,0.1933704056058515,0,3.6676534132985807,-0.04347498060421984
3424,532500,182500,Inner,Hackney,0.0,0.0,0.0,0.0,0.0,665.3008986,0.0,0.0,6001.419784233052,22.9374206,0.0073395777922255,2.227372478,0.0,0.0,4934.360022960012,0.0,19.70057299510593,3.705895668769979,1.5920554583895428,0,19.238187224606992,0.4623857704989369
3425,532500,182500,Central,Hackney,0.0,0.0,0.0,0.0,0.0,50.56039949,0.0,0.0,366.6661475596353,1.531951875,3.26687438823095e-05,0.0,0.0,0.0,25.72474718421694,0.0,0.6769542089544757,0.0563271051977997,0.0423182403890116,0,0.9665819145611358,-0.2896277056066602
3426,529500,180500,Central,Camden,0.0,0.0,0.0,0.0,0.0,0.0,0.0,0.0,3.8636514587753408,0.01004107,0.0,0.0,0.0,0.0,1.0201562023767194,0.0,0.0102064249759293,0.0097090852369134,0.0018439039961747,0,0.45197388997051924,-0.44176746499458996
3427,531500,180500,Central,Lambeth,0.0,0.0,0.0,0.0,0.0,144.8213584,0.0,0.0,10705.443802046297,5.509905882,0.0,0.422954182,0.0,4.06331136461381,1783.5939483986406,0.0,17.323880592772344,1.5431008721197714,1.0182372028678697,0,15.07710079790706,2.246779794865285
3428,533500,180500,Inner,Southwark,0.0,0.0,0.0,0.0,0.0,0.0,0.0,0.0,741.623843327972,7.355437136,0.0,0.0,0.0,219.52345302390208,717.7941307213483,0.0,5.890742723320637,0.8387019251267052,0.6064105776751225,0,4.695608806481397,1.1951339168392394
3429,533500,180500,Central,Southwark,0.0,0.0,0.0,0.0,0.0,179.1072719,0.0,0.0,3094.4535462912754,22.77904923,0.0,4.798167133,0.0,1708.171805351236,720.4246104692074,0.0,34.272191470740616,3.1694509729180784,2.003628239582369,1,22.432177959161372,11.840013511579244
3430,527500,181500,Inner,City of Westminster,0.0,0.0,0.0,0.0,0.0,815.5442923,0.0,0.0,24642.904464386927,19.82938628,0.0,0.0,0.0,0.37059,18237.42014091774,0.0,76.68199182606948,11.59472681822767,6.25336362635815,1,65.41134093699786,11.270650889071618
3431,527500,181500,Central,City of Westminster,0.0,0.0,0.0,0.0,0.0,2245.338963,0.0,2.68102,21934.825452883204,17.18098162,0.0,0.0,0.0,0.0,3774.59010026004,0.0,40.29419830301365,7.776405556616148,4.854634923824037,1,45.556335026531684,-5.262136723518033
3432,531500,181500,Central,Camden,0.0,0.0,0.0,0.0,0.0,747.8896567,0.0,0.0,21493.010692265358,50.11120358,0.0062732364855029,0.0,0.0,0.0,2179.0793385376373,0.0,35.97198417774801,3.695437852231824,2.323204220249366,1,28.93954142862482,7.032442749123192
3433,533500,181500,Inner,Tower Hamlets,0.0,0.0,0.0,0.0,0.0,592.0808869,0.0,0.0,7714.597408046056,22.0770394,0.0,0.0,0.0,0.09130669787592,4038.9073293406177,0.0,21.008554226126236,5.610958211514451,3.690945251835669,0,18.705159951923775,2.3033942742024607
3434,533500,181500,Central,Tower Hamlets,0.0,0.0,0.0,0.0,0.0,291.9874265,0.0,0.0,5151.727945045537,15.77209798,0.0,0.0,0.0,0.03752026766232,527.7114120369787,0.0,8.483494841739946,8.824107377691902,3.210291475495373,0,7.679812254994736,0.80368258674521
3435,528500,179500,Inner,City of Westminster,0.0,0.228657616039034,0.0,0.0,0.0,1484.33796,0.0,1.63371,21775.19668997428,15.56201955,0.103178782761628,0.0,0.0,0.0,17407.594444376617,0.0,77.75737642568983,14.391088521761771,6.8009101399976215,1,67.67013201115022,10.087244414539612
3436,528500,179500,Central,City of Westminster,0.0,0.0483768709194373,0.0,0.0,0.0,0.0,0.0,0.0,12510.56536344621,7.158006489,0.0218294221941791,0.0,0.0,0.0,1555.6843816581268,0.0,22.43106023986809,1.415929480073027,0.9374288311271493,0,15.768600963096343,6.662459276771745
3437,530500,179500,Central,City of Westminster,0.0,0.0,0.0,0.0,0.0,390.1899575,0.0,0.0,11036.59509489498,2.03156264,0.0726586370346545,0.0,0.0,1028.467425323157,4782.897580227927,0.0,45.847848905531166,3.195687461251191,1.8194733825820848,1,32.73173469066776,13.116114214863408
3438,531500,180500,Central,City,0.0,0.0,0.0,0.0,0.0,0.0,0.0,0.0,11064.483660626838,5.364683925,0.0,0.478315578,0.0,2133.90230118157,6377.834545127488,0.0,70.54152246213268,3.706168439601732,2.3094479913876644,1,45.18256931342018,25.358953148712494
3439,529500,181500,Central,Camden,0.0,0.0,0.0,0.0,0.0,1342.785918,0.0,0.0,24216.82315490201,114.4253884,0.0,0.0,0.0,0.0,5342.815916168849,0.0,49.818678929752735,13.57707855043136,6.917529557840722,1,40.81773272703381,9.000946202718929
3440,531500,181500,Central,Islington,0.0,0.0,0.0,0.0,0.0,282.6155237,0.0,0.0,6211.887216039912,24.87999857,0.0015463205437626,0.51061519,0.0,0.0,694.3568185228794,0.0,11.827761518304117,3.2585484010241084,1.4654465647220605,0,9.070723635193188,2.757037883110929
3441,533500,181500,Inner,City,0.0,0.0,0.0,0.0,0.0,0.0,0.0,0.0,151.88363385947454,0.216312931,0.0,0.0,0.0,0.0,164.4930543822915,0.0,0.5915387920442162,0.092479990540087,0.0309316603021563,0,0.807994082459718,-0.21645529041550182
3442,533500,181500,Central,City,0.0,0.0,44.6662339165507,0.0,0.0,1800.15923,0.0,2.54507,32264.411176648977,351.859661763637,0.0,1.085337665,0.0,0.0155783018887,5247.95073318196,0.0,70.31272180914783,40.71347597833555,11.916875952886675,1,56.632014432876844,13.680707376270988
3443,532500,179500,Inner,Southwark,0.0,0.0,0.0,0.0,0.0,0.0,0.0,0.0,546.668248370512,0.35754242,8.46036700541861e-05,0.182210594,0.0,0.0,1388.8372410553195,0.0,3.8563615280506256,0.7550068538359923,0.2718838781264117,0,3.765159871147686,0.09120165690293947
3444,532500,179500,Central,Southwark,0.0,0.0,0.0,0.0,0.0,887.9083755,0.0,1.03456,39745.18968436759,18.47377187,0.22649658963655,1.261582552,0.0,0.0,6388.367487992047,0.0,62.05199887940723,6.273507212863237,3.5542413669310795,1,58.14870374553276,3.9032951338744724
3445,530500,183500,Inner,Islington,0.0,0.0,0.0,0.0,0.0,501.9301848,0.0,0.90307,14148.786214398811,16.86621407,0.0,65.365247609,0.0,5.83837,5517.287503144298,0.0,28.970654676648635,6.235383910005336,4.318284636736531,1,30.07788267475714,-1.107227998108506
3446,530500,183500,Central,Islington,0.0,0.0,0.0,0.0,0.0,0.0,0.0,0.0,151.37099925933992,0.172128632,0.0,0.0,0.0,0.0,0.8043203957392833,0.0,0.1694182531353201,0.0139115849316842,0.0059115539864431,0,0.5249143851447187,-0.35549613200939856
3447,528500,181500,Inner,City of Westminster,0.0,0.0,0.0,0.0,0.0,0.0,0.0,0.0,44.36293331039298,0.651616731,0.0,0.0,0.0,0.0,144.26179136033574,0.0,0.4137658436791539,0.1000588835178643,0.0320508854586214,0,0.8000515958021097,-0.3862857521229558
3448,528500,181500,Central,City of Westminster,0.0,0.0,0.0,0.0,0.0,5678.352462,0.0,4.43048,49208.232986173294,357.7090817,0.0,0.0,0.0,0.0,11086.638532784043,0.0,113.91896898538585,22.57118261680389,13.813103523255704,1,106.4183585224116,7.500610462974251
3449,530500,181500,Central,City of Westminster,0.0,0.0,0.0,0.0,0.0,1123.991754,0.0,0.0,10720.40072351631,21.1384972,0.0178455107607365,0.0,0.0,0.0,2058.5597185409088,0.0,23.26025111042981,8.689340320915736,3.319417567750428,0,19.94066453609196,3.319586574337851
3450,529500,179500,Inner,City of Westminster,0.0,0.0,0.0,0.0,0.0,469.3115533,0.0,0.0,698.4352109081959,0.175335488,0.0002571616505607,0.0,0.0,0.0,1100.305431981933,0.0,5.0812192376861285,5.963786894482271,0.8031399229962611,0,5.46008748447081,-0.37886824678468134
3451,529500,179500,Central,City of Westminster,0.0,0.0,0.0,0.0,0.0,2764.929148,0.0,1.99019,39703.4564767347,7.325216652,0.448948956312489,0.0,0.0,0.0,5229.648448846504,0.0,76.36791951760146,7.823264235668477,5.6422941571233,1,66.19140440581656,10.176515111784909
3452,531500,179500,Central,Lambeth,0.0,0.0,0.0,0.0,0.0,825.1780715,0.0,0.0,16852.87052943009,7.511587412,0.0487082594684239,20.692430893,0.0,0.0,3752.863564382579,0.0,30.729342037411115,13.193399459621396,3.646817923364489,1,28.10634613232773,2.6229959050833855
3453,529500,181500,Central,City of Westminster,0.0,0.0,0.0,0.0,0.0,3668.190092,0.0,4.24929,34669.550237980846,153.493769,0.0,0.0,0.0,0.0,5044.733134752616,0.0,72.06452318057742,26.00085152766772,17.83490114652876,1,70.45683467235807,1.6076885082193542
3454,531500,181500,Central,City,0.0,0.0,0.0,0.0,0.0,1012.690788,0.0,3.04775,37137.73024903177,134.5951308,0.0452554245380937,1.067662037,0.0,0.0,6991.5064199662775,0.0,81.76292403234474,27.454342185182867,9.359731977579816,1,62.29605806998814,19.4668659623566
3455,533500,181500,Central,Hackney,0.0,0.0,0.0,0.0,0.0,0.0,0.0,0.0,543.5266082735194,2.114330256,0.0,0.0,0.0,0.0,107.33542128946102,0.0,1.0204112991668268,0.1174662548350354,0.0856634090085283,0,1.0703066121365872,-0.04989531296976035
3456,531500,179500,Inner,Southwark,0.0,0.0,0.0,0.0,0.0,0.0,0.0,0.0,214.51495962835355,0.239642604,4.94219458732375e-05,0.0,0.0,0.0,1134.9883082398756,0.0,2.720846489258412,0.5231450058801622,0.1488103222816085,0,2.948579799070524,-0.22773330981211215
3457,531500,179500,Central,Southwark,0.0,0.0,0.0,0.0,0.0,1074.527677,0.0,1.01244,13753.95669908758,12.47115968,0.134261836075496,1.642099288,0.0,0.0,5020.151720232112,0.0,28.584440354435177,5.594900384316865,2.239950425702925,1,31.070424425348023,-2.4859840709128456
3458,530500,181500,Central,Camden,0.0,0.0,0.0,0.0,0.0,1928.645058,0.0,2.85651,40711.93712206497,87.25846338,0.304088206997433,0.0,0.0,0.0,9289.70926012162,0.0,80.18601801081782,14.513341926101484,9.798167349271289,1,73.943692698507,6.242325312310825
3459,532500,181500,Central,Islington,0.0,0.0,0.0,0.0,0.0,0.0,0.0,0.0,3425.405888938696,15.05378914,0.0,1.135984643,0.0,0.0,1033.277655519126,0.0,7.878987943040006,0.8325134866768865,0.5255878934851498,0,5.803619406599773,2.075368536440233
3460,532500,181500,Central,City,0.0,0.0,0.0,0.0,0.0,1602.101545,0.0,3.29977,52945.82315609997,151.6601043,0.0,0.564902003,0.0,0.0,7747.175209797914,0.0,111.43735001747336,37.51375786368851,11.859779011029309,1,82.2853958816576,29.151954135815757
